file_id,file_name,total_edge_pixels,edge_density
18XtBM0f71JDSm1q53DItGTcq3E_sjegY,Yellow_Walking_Iris_152_aug_00361.jpg,11974,0.23863998724489796
1EXJn1VObSYBYV-6RO9fg7qpMHfmSNo8O,Yellow_Walking_Iris_307_aug_00359.jpg,5605,0.11170679209183673
15YhS7XsqrYZ2MpfstAn6ppwiWYFDhCRT,Yellow_Walking_Iris_24_aug_00360.jpg,11285,0.22490832270408162
1vt-DyVKjl-3UJktDI98IY5Pd0oHnp_sd,Yellow_Walking_Iris_82_aug_00358.jpg,9572,0.1907684948979592
1sMI0MpPgeRUs50QDV4R3Doq-MLYqlFYJ,Yellow_Walking_Iris_106_aug_00357.jpg,9044,0.18024553571428573
1o_f-B3r_JUQC7MhkxQejyOYteiW1z4Pb,Yellow_Walking_Iris_455_aug_00356.jpg,9597,0.19126674107142858
1S8BG5WECgKTe-p4ZinyX7k3MASUVzuR5,Yellow_Walking_Iris_555_aug_00355.jpg,10139,0.2020687181122449
16_P2V5MJW-gnHQtYIC4wVwuDWCk0FR49,Yellow_Walking_Iris_518_aug_00354.jpg,13827,0.275569993622449
1AY3uo-fusjq6JGlCucZ9v8VuX2PUDM04,Yellow_Walking_Iris_353_aug_00353.jpg,10954,0.21831154336734693
1lv9HFVdPvVCSHomhMagIvftsfe9doasm,Yellow_Walking_Iris_328_aug_00352.jpg,11121,0.22163982780612246
13pQ0GmHmykHUIBiKGCbOC1R-ZhE8RAGd,Yellow_Walking_Iris_513_aug_00351.jpg,8826,0.17590082908163265
1pUmiChzDEFZBkAmDFn_KQiEshAFK2pVj,Yellow_Walking_Iris_563_aug_00349.jpg,12096,0.24107142857142858
1VB1K5CKC8JWTMmArDfEwOOSJQ1IOQE_R,Yellow_Walking_Iris_14_aug_00350.jpg,11687,0.23292012117346939
1-R95gojM7UBV_yr6RNCrFWzRIwbc1j4h,Yellow_Walking_Iris_132_aug_00348.jpg,11016,0.21954719387755103
1Xlh5GKEY-jzerZYpvj-_26SfgudElXxG,Yellow_Walking_Iris_475_aug_00346.jpg,12275,0.24463887117346939
1Sy3mKsTVJ5aeVw7BBBq3XVAkmlo8zzkE,Yellow_Walking_Iris_293_aug_00345.jpg,12609,0.2512954400510204
1cUOnyA-0zcL9s767LY5J0rVDkl0KBFGg,Yellow_Walking_Iris_404_aug_00344.jpg,12285,0.24483816964285715
1fWb8wQ4E6U0h4qhu5QWRdPpCJ4Bqx8Qy,Yellow_Walking_Iris_462_aug_00343.jpg,12111,0.2413703762755102
1tJOa-Yha4YfcTLrd9JAdZFU8QNzTO2-2,Yellow_Walking_Iris_136_aug_00342.jpg,11626,0.23170440051020408
1GgmFtX9HVVf1yjnKf20lOe6SSxvU8ejO,Yellow_Walking_Iris_467_aug_00341.jpg,12453,0.24818638392857142
1xbuHohdP9zW4jfyeeLdzhJ-GNrZREq9w,Yellow_Walking_Iris_423_aug_00340.jpg,11859,0.23634805484693877
1YhWe4vWu_Ar75EQ2oWloVNMPf4jfRvc4,Yellow_Walking_Iris_71_aug_00338.jpg,11622,0.23162468112244897
1aWaNsel8Xjzrbc1KWa6ZmFKLWWYvUW9z,Yellow_Walking_Iris_351_aug_00334.jpg,13435,0.267757493622449
15c0uhaWqYQVKD__LYFJaeru--kQSqcBL,Yellow_Walking_Iris_518_aug_00335.jpg,12357,0.24627311862244897
1g0ZnmCot2EW7WGADd3jzMp7q-s-e65eW,Yellow_Walking_Iris_272_aug_00336.jpg,13845,0.2759287308673469
1emunA7cY09SQFc4JCahI2qTdNMe3z137,Yellow_Walking_Iris_238_aug_00333.jpg,12213,0.2434032206632653
1608fNYgFoj03xf8RZACmxXD7I_eFhcxB,Yellow_Walking_Iris_475_aug_00332.jpg,10155,0.2023875956632653
1MjvKEGs4qOwkXeU2yWky42za83VSCudx,Yellow_Walking_Iris_504_aug_00331.jpg,12431,0.24774792729591838
1mSoZBzZcqcB4mjUVNRiSEeh4BGahj7hk,Yellow_Walking_Iris_272_aug_00330.jpg,9934,0.19798309948979592
1SWejou61U6kncSJRqvtnP0t_aqOUknZO,Yellow_Walking_Iris_79_aug_00327.jpg,11692,0.23301977040816327
1RUly7Cnbt2St8k398ncO9TE--WNLaK2W,Yellow_Walking_Iris_86_aug_00329.jpg,14477,0.2885243941326531
1b8qFmkb0FnLKPLMDPFWddJilgnkHPqC2,Yellow_Walking_Iris_383_aug_00328.jpg,13654,0.27212213010204084
10e0gJBMFdJegsoAQvCtItXsQlnm6yW0g,Yellow_Walking_Iris_461_aug_00326.jpg,12656,0.25223214285714285
1x5gEZTIQsr2Mx_Fatve-c12cPma-P1ca,Yellow_Walking_Iris_448_aug_00324.jpg,12122,0.24158960459183673
18ipfOCA_1zgCjPzd-xZlYA_eiJSAgGGE,Yellow_Walking_Iris_475_aug_00322.jpg,11083,0.22088249362244897
1KpZHrXpajN54geD4Za1_8v8IOFVrKhRG,Yellow_Walking_Iris_45_aug_00323.jpg,13627,0.27158402423469385
1j2an-dQIV99i4NN0o8Po4UxgMTdkVtJp,Yellow_Walking_Iris_357_aug_00321.jpg,12798,0.255062181122449
1QUbtbzMk7jVr9DciLah9FhZu_-8tlp9Z,Yellow_Walking_Iris_374_aug_00320.jpg,12507,0.2492625956632653
1SpJkW08OdKtNsFTL6dPgOBhhNZyvBf5H,Yellow_Walking_Iris_10_aug_00319.jpg,11115,0.2215202487244898
1iA2EleLVSfwl7yvwn1XAfpwZ1tFq4PEz,Yellow_Walking_Iris_112_aug_00316.jpg,13751,0.27405532525510207
1Sr6HVWAPN-RPhDublOp9ps01wzSF2uvl,Yellow_Walking_Iris_136_aug_00318.jpg,13597,0.2709861288265306
13KHOn9Jor8thiDTDdaJdpXYITTdrkVC7,Yellow_Walking_Iris_561_aug_00315.jpg,12800,0.25510204081632654
1iYIt0gz8_wlllEHuQISPU7Wt-IiAU4Iv,Yellow_Walking_Iris_134_aug_00317.jpg,11283,0.22486846301020408
1iRiGYrgCqPmv707f8WLoX3JE2s8PWuWg,Yellow_Walking_Iris_7_aug_00313.jpg,10800,0.2152423469387755
17fRrFVkekpmRwne5nQdyuMpVo8xbER0q,Yellow_Walking_Iris_132_aug_00312.jpg,9101,0.18138153698979592
1H1A8bC76xw3Xvv_bN262sZXi9njpI95L,Yellow_Walking_Iris_563_aug_00311.jpg,14419,0.2873684630102041
18NN7xQqtsvbnRVIkdDZcPPHm0qNCH3DJ,Yellow_Walking_Iris_408_aug_00309.jpg,12361,0.24635283801020408
1BIReDBpAn5e5eDn7B_Y4oUYZUM0y80oI,Yellow_Walking_Iris_477_aug_00310.jpg,7431,0.1480986926020408
1OqIIvbicck9Uax6NhLmrYEleyU8bqwvS,Yellow_Walking_Iris_132_aug_00308.jpg,11644,0.23206313775510204
1-Sf7bJS4VDGfq5KBz3h2sepd9EsrdqsL,Yellow_Walking_Iris_66_aug_00307.jpg,11526,0.22971141581632654
1H-JbTfzpgrIY_jgZVl6YDDZF2cx7TXac,Yellow_Walking_Iris_272_aug_00304.jpg,11991,0.23897879464285715
198dLRMLjinlCmfTfeJ29COBCidTFnYP-,Yellow_Walking_Iris_3_aug_00305.jpg,11944,0.2380420918367347
1CZ38kZVqLamPhHZP1qr6syv3Cta8gmaX,Yellow_Walking_Iris_169_aug_00303.jpg,10618,0.21161511479591838
1r2QGYM7APh49qI37iONSa97vgAl6UzQi,Yellow_Walking_Iris_80_aug_00302.jpg,14068,0.28037308673469385
1Vv0rhVrm6Euz7UH6EWG6KJxWpLJwEF8t,Yellow_Walking_Iris_576_aug_00301.jpg,8140,0.16222895408163265
1l6vqa_8uEtQeZQ6bDqpsjs6rC_1uJFU-,Yellow_Walking_Iris_567_aug_00299.jpg,13391,0.26688058035714285
19-Ha_J0NzCbvPc9SG4yL4A_Jf2sTM92x,Yellow_Walking_Iris_390_aug_00300.jpg,11853,0.23622847576530612
1wdTFCO9A75O34qFVvuKdmxVa3PSmT8PW,Yellow_Walking_Iris_374_aug_00295.jpg,12451,0.24814652423469388
1v2w_btzc0UqjtXrbwsBrlmLxqk-4rX4w,Yellow_Walking_Iris_268_aug_00298.jpg,9914,0.19758450255102042
1BM1j4rkFs_vhv0Etcq5qQ76MGK3VsrdM,Yellow_Walking_Iris_286_aug_00296.jpg,11409,0.2273796237244898
16xTgkAhix56xJB44vKNUDqCfcOXKaHWU,Yellow_Walking_Iris_391_aug_00294.jpg,13486,0.26877391581632654
1MzD6Feh8ZE5typFAN1fSqwNOXywgQZhZ,Yellow_Walking_Iris_391_aug_00293.jpg,12163,0.24240672831632654
1sccI3orq6ZUFX_MpXMQH3ulOFMq_Cjc6,Yellow_Walking_Iris_7_aug_00292.jpg,12688,0.2528698979591837
1YsTmXTGtyBqug9wBrClCTzZ_f1zuh-f6,Yellow_Walking_Iris_477_aug_00290.jpg,6201,0.12358498086734694
1GzG8tk_oSL1yGnhn_Q0CVRe6UUFUpGTQ,Yellow_Walking_Iris_455_aug_00288.jpg,12578,0.2506776147959184
1OyfjJL_juS98JP1qsPMiL567Njb62bRr,Yellow_Walking_Iris_223_aug_00291.jpg,10522,0.20970184948979592
1EnFw_wHscQA9q2R9NnvX49NV_dWxLTz2,Yellow_Walking_Iris_272_aug_00287.jpg,8777,0.17492426658163265
1JQqpGAlyg-XUIwwD8ch8i4nD1S0Ry2-T,Yellow_Walking_Iris_408_aug_00289.jpg,12161,0.24236686862244897
1cHJUsAQSDf1qP1H-ze-6Nh2pPTDdnAZx,Yellow_Walking_Iris_470_aug_00284.jpg,10788,0.2150031887755102
1Bl3BlWmatJoIkGQhfrtT9mMpD8fIGuGP,Yellow_Walking_Iris_112_aug_00286.jpg,13289,0.26484773596938777
1vjOxdOJxwCqGmqERFGW_ug--J2dmBhlR,Yellow_Walking_Iris_142_aug_00285.jpg,14175,0.28250558035714285
1CgSbmLLef-kiwIxbN6Y2AD5p6kqQYmpE,Yellow_Walking_Iris_98_aug_00283.jpg,11216,0.22353316326530612
1XUxNRQ2jvQZVg2BK-S_CByTWCQO3YlVk,Yellow_Walking_Iris_537_aug_00282.jpg,6241,0.12438217474489796
1Vgw7H12icdmZMEQzz8ufLsXTyOBYIDub,Yellow_Walking_Iris_572_aug_00280.jpg,10358,0.20643335459183673
1EbLlZ7XrJEdUzAMS9YwmemVQCAwHU-LJ,Yellow_Walking_Iris_309_aug_00279.jpg,6673,0.13299186862244897
1leJmfPg0Z3kjnM1fiTKSClDRCQ_OG6Pn,Yellow_Walking_Iris_174_aug_00277.jpg,11240,0.22401147959183673
1byiRgxGs_ylLTXttz6xhSj-eubjbTOrL,Yellow_Walking_Iris_182_aug_00278.jpg,7635,0.15216438137755103
1VKtLDOOEX23lUZXdyiaYmAHZpQi0vQjt,Yellow_Walking_Iris_423_aug_00275.jpg,12042,0.2399952168367347
1u3-0X7UKSPoj2T_Z-12VZxECyqJRsHL1,Yellow_Walking_Iris_29_aug_00276.jpg,12008,0.2393176020408163
1IOswpzO2HEspgefatzVMnif7d4Q7MC1_,Yellow_Walking_Iris_182_aug_00274.jpg,12502,0.24916294642857142
1Biun35NE53ioO96SUDXHYnfXiCXJp0Ss,Yellow_Walking_Iris_104_aug_00270.jpg,12026,0.23967633928571427
18mC8GCm84c40ZHc88DXTsG_2oUXM6Hxk,Yellow_Walking_Iris_112_aug_00272.jpg,12942,0.2579320790816326
19IkthqZiY_qWl_GBi-ssqWNYnvEZ6kmI,Yellow_Walking_Iris_112_aug_00271.jpg,10251,0.20430086096938777
1kcZo413slOgjzgoWvns7T9yUgz4VcdPi,Yellow_Walking_Iris_118_aug_00269.jpg,9790,0.19511320153061223
16Ch6Q4B53sUk5QpjDocNAE9kS86U6dv1,Yellow_Walking_Iris_115_aug_00268.jpg,11519,0.2295719068877551
1RwFBTIwlRRPa5uRGS3VjiAkWXEoT5qyg,Yellow_Walking_Iris_29_aug_00265.jpg,11722,0.23361766581632654
1etaA3Q36mJRt8EYWSNgildW07hLthe8k,Yellow_Walking_Iris_383_aug_00266.jpg,13425,0.26755819515306123
1UQMCCslUcqe6ex6T7nPfMQkK4RoL5eMV,Yellow_Walking_Iris_555_aug_00264.jpg,13164,0.26235650510204084
1Er6-yjiG9Tf85nMM7YB9uNrN25NpMf_r,Yellow_Walking_Iris_423_aug_00263.jpg,11304,0.22528698979591838
1bMnSu8ZOcM1ibL0JdmGbNjBW4tiD10t2,Yellow_Walking_Iris_174_aug_00262.jpg,5524,0.11009247448979592
1thCEJNUyvjS9n3n-l-Nf01GGstbYlnAH,Yellow_Walking_Iris_525_aug_00261.jpg,10741,0.21406648596938777
1eiyqWR_kViUCzYCTNtJhKJn3VCROrGfd,Yellow_Walking_Iris_166_aug_00260.jpg,10767,0.21458466198979592
1Dxsue-9c1I-ygIE7hsnQBfCxpQ65qofr,Yellow_Walking_Iris_54_aug_00259.jpg,8576,0.17091836734693877
1ZqWjBfSUG1ap0AQGE9s8zy3IoXdR-KaW,Yellow_Walking_Iris_268_aug_00258.jpg,11225,0.2237125318877551
1szczwkCIwAcL7d8LGeJYs83ODDYy3Dsw,Yellow_Walking_Iris_79_aug_00257.jpg,9191,0.18317522321428573
1jN9A3_6ulEY0WFUf-WX2B6cj7ehsN8_D,Yellow_Walking_Iris_189_aug_00256.jpg,10284,0.20495854591836735
1lw9MNH8eMyTEleXghFSYO5I5yoaB-Pmf,Yellow_Walking_Iris_253_aug_00254.jpg,12691,0.2529296875
1dTGXmIl6970tBBT2qXM9qx2E6RfNg4dJ,Yellow_Walking_Iris_325_aug_00253.jpg,9716,0.19363839285714285
1Lp3SAGsjngeaMj9N9ciBhvVRkCGbMhwn,Yellow_Walking_Iris_528_aug_00251.jpg,12216,0.24346301020408162
1dRgYS8LlSgW72i6YywzfiOYBMOIXHbNe,Yellow_Walking_Iris_576_aug_00252.jpg,11868,0.23652742346938777
1jdzmB4dBJBQ1YT29itgXPcn25MI7CYTO,widliczka_kraussa_880_aug_00434.jpg,9776,0.19483418367346939
1oXDuxOvDHtAll5ClHVwXRcut4FU3q4gL,widliczka_kraussa_588_aug_00435.jpg,7297,0.1454280931122449
1vV0vUFt1cHpW_Phgl0dbUfCv15IbbmEn,widliczka_kraussa_245_aug_00433.jpg,16409,0.3270288584183674
1RMQVGWInfDtTpiZSyh0fCFN1JHwnSAPG,widliczka_kraussa_245_aug_00432.jpg,14066,0.2803332270408163
1SUDsF-oPGcQjA8GynTikTnp2ZtEk3Vtf,widliczka_kraussa_438_aug_00431.jpg,15424,0.30739795918367346
1-ELuA56CVhXP1AmouaFrZf_GoMlsK4XT,widliczka_kraussa_833_aug_00429.jpg,14592,0.29081632653061223
1PUpJNtKGhDTLFk1QLOHj1rKAi1A50cUK,widliczka_kraussa_55_aug_00427.jpg,3392,0.06760204081632654
1nFNpcEwGGkcUd5isffztbfUXJWC2qg72,widliczka_kraussa_833_aug_00425.jpg,14322,0.28543526785714285
1xU7Qz3bjz6m7ZSKUGDymNBLRSKsGaqnR,widliczka_kraussa_564_aug_00424.jpg,10933,0.21789301658163265
1whEN2I6jnOJR2wCAztmjqeRLimSytTbM,widliczka_kraussa_912_aug_00422.jpg,15030,0.2995455994897959
1uf93kSOALRau7mzvpjvy9iajzeiBan8p,widliczka_kraussa_546_aug_00421.jpg,15051,0.2999641262755102
1aGkOp5E47N1mJ1aAVr1bhsLLk4pZz7gW,widliczka_kraussa_483_aug_00420.jpg,1787,0.03561463647959184
124g-_tGpYbDMXZoduw2n9sxpTbmyX1Q4,widliczka_kraussa_503_aug_00417.jpg,13992,0.2788584183673469
1d6bxn4ILtYxFNHM54pTtXUjVvHhjTzSy,widliczka_kraussa_776_aug_00418.jpg,16039,0.3196548150510204
1klgsjjW-DwtTKWZN_6txX-FNyutp9wKb,widliczka_kraussa_715_aug_00419.jpg,16104,0.32095025510204084
1SgIVPnwJpYAN6Z4JMJKic6b7hExeW2DE,widliczka_kraussa_489_aug_00415.jpg,12965,0.25839046556122447
1yUzLmAGmfE09qQ3AYeJTlzE060NtlTNP,widliczka_kraussa_564_aug_00413.jpg,8235,0.1641222895408163
1ZtK9PkYMgOxqOBOViFl5iKVmkd_-Rfxm,widliczka_kraussa_841_aug_00414.jpg,15534,0.30959024234693877
13sjjhp0N6YoodUyerovRS1jT-mh-ars_,widliczka_kraussa_400_aug_00416.jpg,16114,0.32114955357142855
14qkoRjJcFUeU0la3YpS02iXpmfCbRlZ0,widliczka_kraussa_767_aug_00412.jpg,15023,0.29940609056122447
1gf9QXKNTZhEiu7CKgp_gsBLOThbHsKHC,widliczka_kraussa_81_aug_00411.jpg,13460,0.2682557397959184
17bXAdwNR7OkQpvKgO3unLtztJxQy9eUh,widliczka_kraussa_744_aug_00409.jpg,15541,0.3097297512755102
1Zh1TAloJUUDl-grj6bo_xrPtv2-j3Gdj,widliczka_kraussa_643_aug_00410.jpg,15733,0.3135562818877551
1QSRtJUOd3M0rM__1TYgbeQkC49Ue5irn,widliczka_kraussa_347_aug_00408.jpg,14194,0.2828842474489796
1Cj_C32aBYhj1VDxSr74Hfb524Q-qZnya,widliczka_kraussa_400_aug_00407.jpg,13873,0.2764867665816326
1UdtT8cSt0-dAivky_W38U7ljuauw_aRL,widliczka_kraussa_503_aug_00404.jpg,10915,0.2175342793367347
13Py7JwDXtmG9awyyyNrpfb0N8NDCjqlF,widliczka_kraussa_400_aug_00406.jpg,15014,0.29922672193877553
18-1e78Szlk2hku1uhcj1-Zyii4Q-cVxa,widliczka_kraussa_676_aug_00403.jpg,15792,0.31473214285714285
1Qn1fbNuJ7zzuNcFgW_pJsPEWBoi3C__X,widliczka_kraussa_32_aug_00402.jpg,16459,0.32802535076530615
1fMM67FTDAFiHZdkhxFOew2lecTTN0aaO,widliczka_kraussa_81_aug_00401.jpg,13266,0.2643893494897959
13IeI5rD_xRCnqUXya59Kt9Jp6aaF0Qdq,widliczka_kraussa_335_aug_00399.jpg,14242,0.28384088010204084
1v5Cdd025HpT5VUhrCHGOxWh3qHu_IJGk,widliczka_kraussa_503_aug_00398.jpg,11290,0.2250079719387755
1Z5rY90y6hcy9mogOM441cqyTDnJ7GBvP,widliczka_kraussa_335_aug_00396.jpg,9295,0.18524792729591838
1mD7UmNJES6oV-puia0p7gDrq1uTVQCE9,widliczka_kraussa_564_aug_00395.jpg,16593,0.33069595025510207
1ehIrAPSm5zkpSrKPdYzmUBfQjLimrhw4,widliczka_kraussa_380_aug_00393.jpg,15433,0.30757732780612246
1fCQRGr7aC6D1I7_0UfvtyYre5tHjNI5d,widliczka_kraussa_26_aug_00391.jpg,16211,0.3230827487244898
1ZdU1C5yDyXuVEIvTC8niC-WUK4mBbaAi,widliczka_kraussa_197_aug_00390.jpg,15925,0.3173828125
18VPZGeQNZUokQrwO8RmSbWuztrZvFV_y,widliczka_kraussa_546_aug_00389.jpg,16208,0.32302295918367346
1PL7KG--LRqHc6FLSH1xVKGtUR6UMBJpE,widliczka_kraussa_527_aug_00388.jpg,10682,0.212890625
1VJBHaAQrCfrAB8OK9YT79m-UloVZxZBf,widliczka_kraussa_197_aug_00387.jpg,9832,0.1959502551020408
1aBLjB95qNM07qAFwDUhqIX_Mk2rs7Cne,widliczka_kraussa_369_aug_00386.jpg,16129,0.3214485012755102
1zr2lfQ5i7TtdCujGsCsGYiOtVEyS_RpU,widliczka_kraussa_347_aug_00384.jpg,15628,0.3114636479591837
1rKqZjbn76by5DfYDUTUM_uZHVLTgTuEp,widliczka_kraussa_546_aug_00385.jpg,16798,0.334781568877551
1BSIgqvoNWsuko0a1l2qhWCmUFnzT6Q1C,widliczka_kraussa_55_aug_00381.jpg,15671,0.312320631377551
1-p24-W83ZRvN8kDh1zJdKXYuwkkKNxld,widliczka_kraussa_369_aug_00382.jpg,15767,0.31423389668367346
1m1fqmlRyqEd21fNqra3H3PT1WEReUU0F,widliczka_kraussa_470_aug_00383.jpg,16900,0.33681441326530615
1X67SDd1u2DH5i5upuLYg8oVplLn4GKea,widliczka_kraussa_802_aug_00379.jpg,15835,0.3155891262755102
154hj9tiPPH2iJuv3cBJuRVbMKNx2ql64,widliczka_kraussa_335_aug_00378.jpg,11411,0.22741948341836735
1tdFKh50GaT3Tt-cl4w_An_TpDrLXjD4O,widliczka_kraussa_919_aug_00376.jpg,12350,0.24613360969387754
1ySOWSGd3ewAJgaSJtKoAntd223HV63Ml,widliczka_kraussa_103_aug_00377.jpg,17309,0.3449657206632653
1I0A1JN_Ad_EZ7A3lMJ8d59QKJnc0J2zA,widliczka_kraussa_55_aug_00375.jpg,13697,0.27297911352040816
1nuSWRVG1WPwX9EoX_3Ii5zSwDgryw3e6,widliczka_kraussa_347_aug_00373.jpg,7619,0.15184550382653061
1Sms79_XAV5CTd23xydv-Bsgk8KasU8j8,widliczka_kraussa_546_aug_00372.jpg,11285,0.22490832270408162
1oPmbNRzSOcV5wcPfKbKk-Xup75iksuO4,widliczka_kraussa_554_aug_00371.jpg,16118,0.3212292729591837
1tAnziDeb94YCXELLXWL0V1tL94drdM8P,widliczka_kraussa_579_aug_00370.jpg,14133,0.2816685267857143
1sj5d4X7Ap3ndvAsFoJEbgZZjiQpJ4N61,widliczka_kraussa_81_aug_00369.jpg,16672,0.3322704081632653
1y1TDMHEb2SfSzlDS494Pdi3ViW9E91Ze,widliczka_kraussa_802_aug_00368.jpg,14270,0.28439891581632654
1o8zo6xc3MESES7Bl07imsgE8qU3uK0wG,widliczka_kraussa_380_aug_00367.jpg,7233,0.14415258290816327
1vV0tiPd_I6Vb3WzEJQRKydYxoOW0j23c,widliczka_kraussa_704_aug_00366.jpg,12374,0.24661192602040816
1puaCfDaTKqd4BZOnYEFmDZDxfv3DpSC-,widliczka_kraussa_833_aug_00361.jpg,10197,0.20322464923469388
1roPoApLEpI-EQh_iDSgBZzL5m6Yh8EQS,widliczka_kraussa_588_aug_00365.jpg,17490,0.3485730229591837
1tkOPYzbIZskAbDbJ7wJuXdEiPOrXq3DK,widliczka_kraussa_515_aug_00362.jpg,16738,0.33358577806122447
1WrNBztE4JVplZf59UALQ4a7_AE4dHThc,widliczka_kraussa_483_aug_00364.jpg,8076,0.16095344387755103
1Jk9VdVQPSzYtMh_dbmfoyhu55KLWj6cI,widliczka_kraussa_245_aug_00360.jpg,10160,0.2024872448979592
1XOHx_ke9HB1hs7cB41oVHUJOok5ZzXNb,widliczka_kraussa_776_aug_00363.jpg,9426,0.18785873724489796
1IanVUcN6o4QFPLyspOW-OVpoIwwc-kZg,widliczka_kraussa_483_aug_00357.jpg,14951,0.2979711415816326
1-Km3tvPJr3eP04z588tZeURCZROWQiEf,widliczka_kraussa_554_aug_00356.jpg,16665,0.33213089923469385
1qpFALFbLTK05rFky57r4P9CwORKRF63N,widliczka_kraussa_103_aug_00355.jpg,13015,0.25938695790816324
1suwo_0ALH4AnNKKHFJvH_7ZDWypCTCcx,widliczka_kraussa_459_aug_00352.jpg,16022,0.31931600765306123
10qRtgr2sWMY8ZOfeGzKWkgQ0AtfKc5bL,widliczka_kraussa_369_aug_00351.jpg,14823,0.2954201211734694
1tFm7i9tBpIFYgpd1Wf1YiQg5ppQBjw1R,widliczka_kraussa_515_aug_00350.jpg,13637,0.2717833227040816
1sJz3rObEwC610O6uN4MRACI1uhCGOSwa,widliczka_kraussa_900_aug_00349.jpg,14930,0.2975526147959184
1iTKjACpnr7OgR3Gk3LnWg4_l-oqXYLM-,widliczka_kraussa_134_aug_00348.jpg,15366,0.30624202806122447
1S9l8Nz8fvZ3eJ_WUmX1JgYmd-NIoDvX0,widliczka_kraussa_32_aug_00347.jpg,15491,0.30873325892857145
1eedwjB7Ecn8MrGBhOjjmvsmEjgHaIXL2,widliczka_kraussa_657_aug_00344.jpg,13799,0.27501195790816324
1f_atnEUzjKxeYiFWpWumruIH5SITDOLm,widliczka_kraussa_459_aug_00345.jpg,14784,0.29464285714285715
1I0-M9x4gZNpsOk9B2-cnA4gXS3BfR8lK,widliczka_kraussa_265_aug_00343.jpg,16596,0.3307557397959184
13JdHbczsBtrs9iM5ZAuIyKCAkKL4QY5D,widliczka_kraussa_546_aug_00342.jpg,13479,0.2686344068877551
1yEjXfg6XDmPUg6Q28X7bC41yPnj6KPyj,widliczka_kraussa_438_aug_00341.jpg,12694,0.2529894770408163
154BXEPGaEcygC4bPEnycclTWWKlmHbHn,widliczka_kraussa_32_aug_00339.jpg,9735,0.19401705994897958
1D87eXEFCw1422BrXRex6SeH6X8ok16bc,widliczka_kraussa_551_aug_00340.jpg,16524,0.32932079081632654
17N4hRM31X_KYVPq8CKLihc_N1jDxt0N6,widliczka_kraussa_900_aug_00336.jpg,17487,0.3485132334183674
1lkSLYxOj-C44tSrlwfGnEwkxOiB9jfsc,widliczka_kraussa_197_aug_00335.jpg,16132,0.32150829081632654
1Prt65ZhK-au3EcUShOcKU-x2I68xcawV,widliczka_kraussa_905_aug_00334.jpg,15625,0.3114038584183674
1Vk7_ytMbJN0IuScp-apoYvhp6mVYgM0d,widliczka_kraussa_32_aug_00333.jpg,7402,0.1475207270408163
1YmIaxdiGW3MIQ-sNz072QJH45sGk7v0E,widliczka_kraussa_103_aug_00332.jpg,7594,0.15134725765306123
1K7aGmsKL-gzFnPm5aU0FxZGooXzyPM0F,widliczka_kraussa_319_aug_00331.jpg,6495,0.12944435586734693
1HlM0Xn7KYTJ2gGzbmeIt2qx0RDzdaRBt,widliczka_kraussa_380_aug_00329.jpg,5327,0.10616629464285714
1ppvmZ9zXPoGvb-DC0l_GE-gWxnrYcX5J,widliczka_kraussa_238_aug_00328.jpg,12576,0.25063775510204084
1nk6XUKNr_FpVzRcbxVMeberBJq3IKI4E,widliczka_kraussa_554_aug_00327.jpg,12786,0.2548230229591837
1EYOuTXEX4EtVccUXq5mTJVjezrbdBfou,widliczka_kraussa_657_aug_00326.jpg,9745,0.19421635841836735
1RbQ1KGqC58obQSaSs33Ita61MXqIwP9F,widliczka_kraussa_279_aug_00325.jpg,10701,0.21326929209183673
18WuEuz9ojYKp6QcoxDbEdNswePhRsDok,widliczka_kraussa_812_aug_00324.jpg,15604,0.3109853316326531
1JMWskoT-RnR__0xHv_apFhOlq2K03NKT,widliczka_kraussa_61_aug_00323.jpg,9228,0.18391262755102042
1AdoIELDb1jYLtyYhO6p2WC1X1MvvAeXP,widliczka_kraussa_197_aug_00322.jpg,16986,0.33852838010204084
1hwL87A7aodaZzWjEkDnBLlZtIENvU3jt,widliczka_kraussa_802_aug_00321.jpg,13678,0.27260044642857145
10RFaFdi8hmGkTACyFr63_2OyHnuWx1H4,widliczka_kraussa_265_aug_00317.jpg,15305,0.30502630739795916
1k3uKeeS3SPa1MnCdEag017LohdcfkMx3,widliczka_kraussa_319_aug_00320.jpg,16708,0.33298788265306123
1otN8RB9i3UqZwNDvVKEdZpcRkDiPX_ug,widliczka_kraussa_592_aug_00318.jpg,16733,0.3334861288265306
1pzbT7-JCGUJj-DsnpisLd6HUGyTD6Jlu,widliczka_kraussa_592_aug_00319.jpg,16484,0.32852359693877553
1gpTVYA0qJAypSGJdIg4g2GkQkQg8Aa3a,weigela_290_aug_00455.jpg,13967,0.27836017219387754
156LbRMClaxSGI4o4UkXqu05M11eC-A_x,weigela_433_aug_00456.jpg,17563,0.3500279017857143
1w3To_TKP5QAeZkOQ3-vBEbsGW2RNhi0F,weigela_181_aug_00454.jpg,14784,0.29464285714285715
19YhnGAaf4fbfNQaj_bVdlGZ5iH4eM1-s,weigela_360_aug_00453.jpg,15132,0.301578443877551
1xMC9u1gVP-KT1-yT3oDcMVnxGTgstRGW,weigela_583_aug_00452.jpg,13931,0.2776426977040816
1CppYTuFbLwQaBFFryCxK-CGVlpjNK7A9,weigela_11_aug_00451.jpg,15378,0.3064811862244898
11JjchkOr8lArwFWRy1IK1s8sAzRf3QPC,weigela_211_aug_00450.jpg,15316,0.3052455357142857
1jh3mLrKf1o809iWfED9SNxFXHnqQthO7,weigela_587_aug_00446.jpg,18036,0.3594547193877551
1zLIdlz3SPjOg6WAJ2LS4QELOWhCFu_2g,weigela_843_aug_00448.jpg,14475,0.28848453443877553
1UecPvEKc371sXKnb7Sn6ZBRexo8I8PLq,weigela_310_aug_00449.jpg,11357,0.22634327168367346
1noMke7r1Ettn7CppiMwSXeqUnQ9mIUY7,weigela_253_aug_00447.jpg,13931,0.2776426977040816
1iOp_6xZdkFcqBaOKsaLaMGJ9ZgdnrCgX,weigela_310_aug_00443.jpg,11684,0.23286033163265307
1_qPTVWT75QdpQhkrGCyCJjcNeJq7JZX8,weigela_253_aug_00440.jpg,11306,0.22532684948979592
1-KrBEVuMFKeLxAG98XKWy1Ykt-iCywkH,weigela_11_aug_00442.jpg,13597,0.2709861288265306
1wla3pw0EUuQ-XTCJE5OJvYgxthrreYCO,weigela_253_aug_00441.jpg,15436,0.30763711734693877
1DZSpjootFzAY7KWdrKcNuE2NNFnzaP3r,weigela_264_aug_00439.jpg,10047,0.20023517219387754
1aFnsBgkZTCP8UtwuVVvuEp-SOgHankX7,weigela_662_aug_00436.jpg,12414,0.2474091198979592
1TLejamNGCiWHHDctPh8bmYogpJwyPZzS,weigela_515_aug_00437.jpg,14832,0.2955994897959184
18BtsfIvzg1f0j-WozDl-Wm5o91Kdqfgb,weigela_676_aug_00434.jpg,16801,0.3348413584183674
1xt1h7OfdovwfSxr13Oav9zehwzjBeehE,weigela_465_aug_00435.jpg,17540,0.34956951530612246
1pMYejxpGZeyui8mtbFQjg6nZNhggMT0f,weigela_529_aug_00425.jpg,15673,0.31236049107142855
1cr9ZBJ0adchNHDrPhFHJt_0UjUDGtZAy,weigela_404_aug_00429.jpg,18359,0.3658920599489796
1lVznRs919fU3zhoz7us7jIjf6fOd9dQ_,weigela_433_aug_00428.jpg,15184,0.3026147959183674
1LdxfaqPNIFTuLpiC38DyJXDd7LssvZZ5,weigela_338_aug_00433.jpg,16413,0.32710857780612246
1gZNtXgirhBhX0L61SdTPUPYEzCnEdA3l,weigela_393_aug_00424.jpg,15361,0.3061423788265306
1iDQEUcLoQNIV57duiHgsRWmUVjH-IhIL,weigela_557_aug_00426.jpg,14426,0.28750797193877553
1C9MiGhxXmVNNuGv4SbuTjH1fCKRR63_P,weigela_338_aug_00431.jpg,13438,0.2678172831632653
1H7Sz71sdHmrocvhc1-QW-8vaoJE3dJbE,weigela_472_aug_00432.jpg,17602,0.35080516581632654
1nzC3enD7cwBePagxcT90caJZg-zUEjX2,weigela_695_aug_00430.jpg,17054,0.33988360969387754
1fE7OgLIrLXBEVJcmFeUEn2lK3Uv0QPPL,weigela_404_aug_00427.jpg,15536,0.3096301020408163
1Zx981oJbRwmfq7Cg1WdG5ROwhsYOx4Mk,weigela_281_aug_00417.jpg,15010,0.2991470025510204
1tnYDYstuOrxBXLO1S_tAHiiKh2MTBIN8,weigela_439_aug_00418.jpg,17111,0.34101961096938777
1YWL5JUzejiZsREVqaJobn51uLVkYd_LZ,weigela_662_aug_00423.jpg,14679,0.2925502232142857
1zgjCJa8rPfcvmw6Lh7fbPOGIbWQdPLxi,weigela_132_aug_00414.jpg,13758,0.27419483418367346
1iAe6U0X_r_IG6eIVS3OP6Xw4kYbUErz2,weigela_472_aug_00415.jpg,16817,0.33516023596938777
1cNzLYG-rr2z9dpsNBR0PEqsoXa5jU-hH,weigela_529_aug_00422.jpg,16825,0.33531967474489793
1QuUNJnbSgBjB3ykKlM7MJ-_Vakjqvgxx,weigela_587_aug_00421.jpg,15140,0.30173788265306123
1jJzqfgarZ-etCWUdE0R2amyk0a2q3h9J,weigela_404_aug_00419.jpg,16665,0.33213089923469385
1HQPxBRjcYiiM-s5izQNiVIYsWTRtbKPK,weigela_587_aug_00420.jpg,15194,0.3028140943877551
1VUH4G9RDIKVdu1xoX8QKre16_LVOijgw,weigela_583_aug_00413.jpg,16572,0.33027742346938777
1Pe5mFjXiY6RgH_2ZoH7hVkp7Yrjk9HSj,weigela_550_aug_00412.jpg,16128,0.32142857142857145
1mEFhyvGp0ihir8C3gxfKPEjUhbcrLnmi,weigela_211_aug_00407.jpg,14812,0.29520089285714285
1wkAfELA_2zfdZXG80gDbgOSOhsDwingj,weigela_557_aug_00410.jpg,16949,0.33779097576530615
1u3cuK7L4ALcmaIkoixXP4TLkiWwuTquL,weigela_529_aug_00409.jpg,16960,0.3380102040816326
13H7Q9EhFGx7aUmPtSSi2pUQo9sX6Cujp,weigela_557_aug_00408.jpg,11524,0.22967155612244897
18pUn9b48vCzf0mJbNISAliHq9mUGF9qM,weigela_310_aug_00411.jpg,15470,0.30831473214285715
1jRByMFJI_mleCiv7cowBULrJBtIF8uy8,weigela_465_aug_00406.jpg,18206,0.3628427933673469
1g2d_UXZQQH5PUE1N_-RyMLUppcrua9QE,weigela_240_aug_00405.jpg,12622,0.25155452806122447
1cpuOQEewHCijHRGyIaRM6squucKS4zc4,weigela_873_aug_00404.jpg,15807,0.31503109056122447
18nNchbhTudNh9Ixb1KBAENq-4e8QdQjG,weigela_583_aug_00403.jpg,12593,0.2509765625
1HzkOC5OLvdFgBPFL61XwIftM58CRNWGU,weigela_404_aug_00400.jpg,14230,0.28360172193877553
1aVN_Cs18WItN-K5sz_unFPjW33QFjzFi,weigela_439_aug_00398.jpg,15807,0.31503109056122447
1fEZophzsRbVpurdCwwHmxYJLK09T6gje,weigela_472_aug_00397.jpg,17416,0.3470982142857143
17ne31E8EAmcAyTbIGYEjnX8mgeHWrtpj,weigela_550_aug_00395.jpg,15760,0.31409438775510207
1KCk1d_AINytKvg6UV2kFXMQOsLmdQE9p,weigela_656_aug_00396.jpg,17928,0.3573022959183674
1DIs63k4m_Z8aIGTK4jAk8a_sj541EF-_,weigela_529_aug_00394.jpg,16505,0.3289421237244898
1ga9TrN2GDBTEYcT_8LsW72uu8zWRCGGc,weigela_510_aug_00392.jpg,16467,0.3281847895408163
1vtYnZfYmuVoydetM0WcK01AkcjnekH80,weigela_608_aug_00391.jpg,16894,0.33669483418367346
1gE6P8WUYH8tEAdXplTSTYWTxIszAkqay,weigela_636_aug_00390.jpg,14421,0.2874083227040816
17WCy7tZ6VjvOaWlZV9Znz_E4AcoZG3wz,weigela_264_aug_00389.jpg,14886,0.29667570153061223
1QBzUUnMwlZ0F-el3xiiUHrmfy64OfL7o,weigela_310_aug_00388.jpg,9721,0.19373804209183673
1ZobGE9UHLfNKLeHdJ4ow6GW0qHA76X03,weigela_404_aug_00386.jpg,14959,0.29813058035714285
1sVJfQF7XohYPah3UhuSecOeAHGfwk_kQ,weigela_398_aug_00384.jpg,14994,0.298828125
1U1Ow8TFMrKhXvY3vpx_ih6i2mK5yd7uN,weigela_310_aug_00382.jpg,14455,0.2880859375
1LpQJW4T52smH2otCGr65iBqJn2YNIxvj,weigela_64_aug_00383.jpg,13534,0.26973054846938777
1hkv_j3CRzfrIuDEfKBgnPe7p4lp1VUdI,weigela_264_aug_00381.jpg,15514,0.30919164540816324
1pa6-nyoDelaS_N4KPQv517rss6pGJa1a,weigela_415_aug_00380.jpg,17154,0.3418765943877551
1Mdo5jlU3gQEgeTZhmt2kzueacIGQCnAk,weigela_439_aug_00379.jpg,18351,0.3657326211734694
1ZSAWxuzuHWSk86oMKmql7FnlIB7I-pDb,weigela_211_aug_00377.jpg,11858,0.236328125
1vALNUjfkKn5m0Ji17odR6eLUmQH3CRFo,weigela_662_aug_00378.jpg,16349,0.32583306760204084
1mMknSQ0sYA5vrdSYgld1_pQ2XDvoqzJ9,weigela_529_aug_00376.jpg,14043,0.27987484056122447
19gkV22xqq4orh4cb8j3hlqC3DxOIwSND,weigela_587_aug_00375.jpg,18323,0.3651745854591837
1pSmcmAh20xiF-NzejHRS1iiwsB0AXoNa,weigela_439_aug_00374.jpg,16467,0.3281847895408163
1iL8GQSEpSLCjd_uBsntIfzt4MzwiREtN,weigela_608_aug_00373.jpg,17555,0.3498684630102041
1heWyG05kAvx5lG1mD1PeO_Po0IAdaTwY,weigela_557_aug_00369.jpg,15170,0.30233577806122447
1FH5EGP8fB4njm8jrjZ5sqXGVS0LcRQrb,weigela_425_aug_00371.jpg,16187,0.32260443239795916
18D5jLD92TTbGmC95YhP9WNP3V6m4AHx6,weigela_404_aug_00366.jpg,14984,0.29862882653061223
1UcNYK54_x0JRrGiczcn0oDmV8LtP1eCD,weigela_624_aug_00363.jpg,17312,0.3450255102040816
1MdAcF8RMSYq6i9U_iYcan_qSoAQtpjcI,weigela_676_aug_00365.jpg,12681,0.25273038903061223
1yo01IrJrT0rSPQgFa9ZDtUc6-9Mpyxnc,weigela_873_aug_00361.jpg,12923,0.2575534119897959
10MApUithyvWm5CZANcI3Wae7WWvX_wic,weigela_310_aug_00360.jpg,15498,0.30887276785714285
1EuwUE0-LbNP4Cn7niUz0FBJsFMs1JYwt,weigela_662_aug_00362.jpg,16658,0.33199139030612246
1U5g91DvEv5-XSKQId_n-XSsONkkvvQy8,weigela_624_aug_00359.jpg,15737,0.3136360012755102
1MI8DknfeZ65aP-4nIq3TlhL9-tHcisfb,weigela_465_aug_00358.jpg,17497,0.3487125318877551
1xxGvbfu2cdj0NcmWoS9sZd5z0RYBgjs-,weigela_873_aug_00357.jpg,17076,0.3403220663265306
12ioLQCnF3ODlWNvF_4NPlgw6sh9HqtUT,weigela_825_aug_00356.jpg,16389,0.32663026147959184
1Sppd1bv-j5cdXPLc90aDFZXhgAVEWIH8,weigela_472_aug_00355.jpg,17334,0.3454639668367347
16k_1hct8d8BncBcT8EArmcg9-fVKJscn,weigela_64_aug_00354.jpg,13065,0.26038345025510207
1BfiDaAfax3C1BY7u7HvaFR4yjw1AzylF,weigela_64_aug_00353.jpg,15576,0.3104272959183674
1SoYhroOkY3A97fuPl-_8_3hVvmxUw2pi,weigela_656_aug_00352.jpg,15498,0.30887276785714285
1uRzDqYwR9EInHy0XAHbu9Qq-UEYbCtu0,weigela_415_aug_00351.jpg,14148,0.2819674744897959
1GtH5LFMSRjMxl9fg7XYV_Zn1Iu6KJ0wO,weigela_583_aug_00350.jpg,13955,0.27812101403061223
1fRaBE-UDm58qy1QwODP3TCzZ9ekgo4mG,weigela_695_aug_00348.jpg,17628,0.3513233418367347
1KDxCFBaQZ11njrMEY91hv571LsX9YNie,weigela_510_aug_00349.jpg,17149,0.34177694515306123
13-kjOycZ-PATtUBtEkC02TP4JR9DAJ5y,weigela_571_aug_00346.jpg,17120,0.34119897959183676
15DCCsuAGAxYpt1siZ956HNapH9TQOiPH,weigela_253_aug_00344.jpg,13040,0.2598852040816326
1Y_KeyltFrFF1gcsLe70Xk5o2ZofiEw8_,weigela_873_aug_00345.jpg,16683,0.33248963647959184
1HjM6NDVoFwiRSkbL_8794rvz7UxsWwAH,weigela_281_aug_00343.jpg,12707,0.2532485650510204
1kAY-uubJbxY6BhMFYpCIhcMNJqsMpKW8,weigela_338_aug_00341.jpg,15448,0.3078762755102041
1ueDyo3LZQpY7yAnqXgd3EwjH7SI2F1Zm,weigela_571_aug_00340.jpg,12767,0.2544443558673469
1gBta75UDaHWDc3Qo7sPP-UwnU8GQqaiH,tree_of_haven_912_aug_00349.jpg,7764,0.15473533163265307
1YGBeQU0851hY2niR3GnlKI_M2hORdq0g,tree_of_haven_448_aug_00346.jpg,8240,0.1642219387755102
1onccskyuMLk-lEEiBZmf5XwJLnoQicRe,tree_of_haven_169_aug_00344.jpg,12563,0.25037866709183676
1FfOPmGqggq56d_5Rs4Yod4LWLQ8e7IiA,tree_of_haven_1191_aug_00348.jpg,9830,0.19591039540816327
1SR5IAj76nQEfHCMBcAcYkBE8SlPmwjax,tree_of_haven_855_aug_00342.jpg,14902,0.2969945790816326
1VDi_yYI1QauEO9wBLF7xGbPMEBR1Z8Je,tree_of_haven_399_aug_00343.jpg,10511,0.20948262117346939
1XwKgMhiIzoZRcjlKP4ZrV-lJMvK8tdUG,tree_of_haven_187_aug_00341.jpg,14228,0.28356186224489793
1-tFrLqOWuJYFnH2_Hh-X2Og9sA497c8H,tree_of_haven_503_aug_00338.jpg,8231,0.16404257015306123
1iBL0PZLj_ocRHsamyCs85QxEZUtd4DYY,tree_of_haven_1142_aug_00339.jpg,8098,0.16139190051020408
1NGS8COHPSkxsW8Wb3RO_c7kKfFPCbqps,tree_of_haven_203_aug_00336.jpg,12133,0.24180883290816327
1PcHB5ovMe4fvTXHirQfhG9XMh1cIBbfT,tree_of_haven_649_aug_00335.jpg,14270,0.28439891581632654
1uHruUB9JMpcPmcnKHwErLdKeyN_KSIof,tree_of_haven_751_aug_00334.jpg,11099,0.22120137117346939
1giIFWjQf4R8eQKpphC5LkCsDyK52NH3g,tree_of_haven_604_aug_00333.jpg,14017,0.2793566645408163
19FZ_84HI8c2wZ4624sl4W4kwzR_LyREI,tree_of_haven_649_aug_00329.jpg,11687,0.23292012117346939
1IVsxhLxZ7TLnGgXJEvDxgNJTtqkqurv3,tree_of_haven_1015_aug_00330.jpg,11989,0.23893893494897958
1TB7y2lV5RmGyNE7kPpf_ZrIDkPUEx7jL,tree_of_haven_1189_aug_00331.jpg,10624,0.21173469387755103
1uPt_DD7sqqiENG6Xvl2akOb2eYlPFrsk,tree_of_haven_1120_aug_00332.jpg,11702,0.23321906887755103
1NTKq2hH7vY1qUVtmCB8KUndDpRN2HOQ7,tree_of_haven_377_aug_00326.jpg,8356,0.16653380102040816
17VuJSRLUcsQC-oixEOepUzzfcNorg03i,tree_of_haven_140_aug_00327.jpg,11829,0.2357501594387755
1d977selSCOovDfVwsLIoH1ivSl2k7GBi,tree_of_haven_559_aug_00328.jpg,13638,0.2718032525510204
19LIL0TZNalgAz8rlwWJcXb2LZLzYlU4r,tree_of_haven_826_aug_00324.jpg,11735,0.23387675382653061
18H55kQ5OHVaYHuKL3lR1F5qRpBOd1fxx,tree_of_haven_831_aug_00325.jpg,14194,0.2828842474489796
1oP-GcEEI5Hedzna0Jvcj8mQptLTd3ByR,tree_of_haven_1191_aug_00323.jpg,13686,0.2727598852040816
15XBxF1d6WvD1ruiH9Gh0quC_j7AfHUar,tree_of_haven_169_aug_00322.jpg,13316,0.2653858418367347
1yXuBFORcOh44TjHJSdsClFhNdarSBPbS,tree_of_haven_296_aug_00320.jpg,15133,0.3015983737244898
10dJGHMacPr4ii3y07-zUDXtfGrdcqiuc,tree_of_haven_768_aug_00321.jpg,8108,0.16159119897959184
1NUUfRemiEY8FboLWMR1pqIpA9QyDN41o,tree_of_haven_617_aug_00319.jpg,12916,0.25741390306122447
16yuM3vA22Bprvy0BgfrUEUSvKKE4Vn8Y,tree_of_haven_118_aug_00316.jpg,13210,0.26327327806122447
1onfXO9ZPkolee3I6jyRrdfeUjRXh2ZRk,tree_of_haven_181_aug_00315.jpg,13187,0.2628148915816326
1GSbE05BoZKw70p_QTTJ4LE7j87r9V2YL,tree_of_haven_1015_aug_00317.jpg,13685,0.27273995535714285
1tahpdkhotmkglRCnqkSD-3Uf3AhhworA,tree_of_haven_569_aug_00318.jpg,12031,0.23977598852040816
1I3gruLFr6-B42RnBYEwuWguL-FcaW747,tree_of_haven_846_aug_00314.jpg,14481,0.28860411352040816
12fcuQ0sczpZnXqC0fFx1FeJg7kSyZKpP,tree_of_haven_34_aug_00313.jpg,14034,0.27969547193877553
1etXlG-q7UPy8QTQ3buQTQmo7m_NUSkoV,tree_of_haven_203_aug_00310.jpg,13881,0.27664620535714285
14G7FdhxTzsUkFlZRwLgUpYWlty8d1rrQ,tree_of_haven_936_aug_00311.jpg,15673,0.31236049107142855
1umshjTIoq_ZMhnw1nwZGIYQuv8LVx6JN,tree_of_haven_638_aug_00307.jpg,15095,0.3008410395408163
11KtvVdievW2Ip7eMM5q1mnl-EfgXu8tx,tree_of_haven_604_aug_00308.jpg,7456,0.1485969387755102
1YTJdnTUxHND_9z2tMczzJhGq9sp6DPI5,tree_of_haven_169_aug_00305.jpg,8818,0.17574139030612246
1hk1EEp4owZHl5TG-l7ll5DjKbewIxxgK,tree_of_haven_65_aug_00306.jpg,13258,0.2642299107142857
1McFD6LnudJtj5IkyqMmXyjPNfluydR7_,tree_of_haven_174_aug_00304.jpg,10204,0.2033641581632653
1OALP7dhEKKHlHXI9sx1WkPEC8OwwLmOI,tree_of_haven_425_aug_00302.jpg,14636,0.2916932397959184
1QGpoSF5qJJ4xcyf9ZB4qJyOsuEhyyrQQ,tree_of_haven_181_aug_00303.jpg,11644,0.23206313775510204
1NBwdccHe0ZBtshYHXpX7gFtjuKNgr9dY,tree_of_haven_218_aug_00300.jpg,14341,0.2858139349489796
11Rzd2aNVQm5fh5VNZXuw0vEtnSkDCFom,tree_of_haven_114_aug_00296.jpg,15233,0.3035913584183674
1EGA8cn3IeZqvhCCLhRlOiiVifC-Qxfhu,tree_of_haven_735_aug_00299.jpg,3120,0.062181122448979595
1C60jKTGivz6xC3TammDGQ3zdhx5As1gA,tree_of_haven_65_aug_00298.jpg,12541,0.2499402104591837
1qfy_dXwnVxBK2rmmLnPW49H5Ovl6zcIL,tree_of_haven_1064_aug_00294.jpg,2517,0.05016342474489796
1B2dgAhUIMxdZq30E3DBOUL-URoTovG8r,tree_of_haven_1052_aug_00290.jpg,4428,0.08824936224489796
1Z_gcTIqKzsWcSn4H4oPH8ALS_fnPW8X5,tree_of_haven_686_aug_00292.jpg,11215,0.22351323341836735
1rkXPmnCCNKLKnSAzRaaHCZMbZbyX9pkz,tree_of_haven_912_aug_00291.jpg,7368,0.14684311224489796
1Is_HtVWgEIIFnYzlEZbuMlZGL9JXSkMb,tree_of_haven_421_aug_00288.jpg,10166,0.20260682397959184
1LuTVL9HPcM3H56Nud1a1wU0W69tM4ai2,tree_of_haven_936_aug_00285.jpg,3681,0.07336176658163265
1_PBWytho2WdhdwkCuNsRoghN_5Ys2yRf,tree_of_haven_70_aug_00287.jpg,11648,0.23214285714285715
1htliFXpLZ4jJ7YabpIVDcxw3SnLuLzZb,tree_of_haven_756_aug_00286.jpg,10823,0.21570073341836735
1Xb7MEgGatYrfnZHCBDwwFrB6uP24ZaIl,tree_of_haven_797_aug_00283.jpg,15024,0.29942602040816324
1hK1Nz72wOh2MQq3BhlJ4AWmuW8yJC32Q,tree_of_haven_1132_aug_00284.jpg,10259,0.20446029974489796
1H3lU-Cy-lC6NCjma7tNqKgHnHS8ScZhi,tree_of_haven_203_aug_00281.jpg,9996,0.19921875
1Mx_nSjcKXF_OWAN4rO7WiWCOPNJDFmGK,tree_of_haven_551_aug_00280.jpg,12822,0.2555404974489796
17M7I5w2XS0D3K9o3WC_JZPhHIJKAgVkJ,tree_of_haven_569_aug_00279.jpg,11206,0.22333386479591838
1pQAwYcQtOKNuWubZJ14u9WvtelHtKoAj,tree_of_haven_218_aug_00277.jpg,11641,0.23200334821428573
1tSl7tGNRpFR235bVFuOzjlm-CKt-Z6Zp,tree_of_haven_1133_aug_00278.jpg,7419,0.1478595344387755
1RDGVYdCtmIWCYnA9zRVSlvO39y8k4w6J,tree_of_haven_1084_aug_00276.jpg,9619,0.19170519770408162
1GQYLlNnGjPU6i5okWasL_SdRPDR1jIdD,tree_of_haven_1052_aug_00274.jpg,11404,0.22727997448979592
14tN5G0bmM6Fs-r1gbysDielnyqmPRgy4,tree_of_haven_855_aug_00275.jpg,6973,0.13897082270408162
1f8-4zvDVe7v_-45HkxLslZENJKM11sHk,tree_of_haven_1055_aug_00273.jpg,14604,0.29105548469387754
1ul4ADSwndC1PQGbjCx1qZfemNMf3AS1F,tree_of_haven_807_aug_00272.jpg,6686,0.13325095663265307
1conetdsH3BgzEmGNUCFSZbnZ4E1L9TK-,tree_of_haven_768_aug_00271.jpg,13108,0.2612404336734694
1ntBQDc5PyqsNaub4ia3QWcW0aOrp2O2G,tree_of_haven_296_aug_00265.jpg,13512,0.2692920918367347
1_QrAbPNg6kqWIjPdFhH_7K4A90Taw8eY,tree_of_haven_341_aug_00270.jpg,12971,0.25851004464285715
1A9IjIDAUjcFGLgY5xBhzHdF7RSvjO77e,tree_of_haven_12_aug_00268.jpg,8370,0.16681281887755103
1rmBefQT1JsCmlGkFIWpxRk1lj19PpKzC,tree_of_haven_1142_aug_00266.jpg,12118,0.24150988520408162
18Gm681YpllHbDawgjIgMJNYKmto_VH9d,tree_of_haven_1174_aug_00267.jpg,9983,0.19895966198979592
17q4PEomG3XCw-jW1jkIk-4vwhBvaqWdd,tree_of_haven_425_aug_00263.jpg,12556,0.2502391581632653
1ImW90C6kSLllHfmc0zjCKPAKx5QXupl4,tree_of_haven_377_aug_00264.jpg,14719,0.29334741709183676
1PWFWlpHsjxC0UZe4RCVJSuqSNJ8pE1wA,tree_of_haven_47_aug_00262.jpg,6340,0.12635522959183673
1qbbtpvxpJzrem-M29QUoFV776kuU6M1M,tree_of_haven_630_aug_00260.jpg,14119,0.28138950892857145
1K8eYatuQIW6c2AwLZlY24qnRf1ct9BqD,tree_of_haven_1133_aug_00261.jpg,14306,0.28511639030612246
1-ufvMTBDzB7dnUUnI_TDAoRdnYB3VK0P,tree_of_haven_651_aug_00258.jpg,13406,0.26717952806122447
1f8sYVsStVoZgN7yCJH97DTP8xlVZu5G_,tree_of_haven_421_aug_00257.jpg,11482,0.22883450255102042
1KhEA8cP4B6MzAfv0Vajn9AZ0LcdpUtyB,tree_of_haven_503_aug_00259.jpg,13675,0.2725406568877551
1WKZf48yqpkaAVh22NmQe5tUFcEDlUj9x,tree_of_haven_1055_aug_00256.jpg,10658,0.21241230867346939
1f0H1BHq-pjPDrn51sgLxGEosN0vdPddy,tree_of_haven_203_aug_00255.jpg,11775,0.23467394770408162
1MuO-bf1Wn-HEZFoGALdkbjAmjl47xpXe,tree_of_haven_128_aug_00254.jpg,12182,0.24278539540816327
1wDe8KqetTgk-bAGpN4XStFITNgteETAO,tree_of_haven_408_aug_00253.jpg,14836,0.29567920918367346
1oEgZciAVMBoIB3S_mBaFXdbKcMXYWGJn,tree_of_haven_590_aug_00252.jpg,12481,0.24874441964285715
1bx_xsSqABVvmhq9MGQurH5yghdTUri66,tree_of_haven_218_aug_00250.jpg,9641,0.1921436543367347
14CwDj-V4YCo-_QBkpoyhLnXtmVoW-OJU,tree_of_haven_617_aug_00248.jpg,15215,0.3032326211734694
1lqTk09dbsrbK3-5ePaJV5HfDpM6TJFkW,tree_of_haven_945_aug_00246.jpg,10249,0.2042610012755102
1sCtE31IEYpgyhGdT_mmSLqFUuMuACIOm,tree_of_haven_831_aug_00249.jpg,12415,0.24742904974489796
1etCRHuCWen05_Dux1YkE2nSxEGdgwROe,tree_of_haven_448_aug_00245.jpg,12680,0.25271045918367346
1YGL1AUSIlwIp0S9vG9TocVtb4R9Z4EZA,tree_of_haven_512_aug_00244.jpg,11467,0.22853555484693877
1i1SQ-msIzrBoSuNlnR4CWRgOVN-p8_2D,tree_of_haven_191_aug_00242.jpg,10515,0.2095623405612245
1MNWuNPtFSVxJ7DV4vzxSyQO5PbCE2zeh,tree_of_haven_945_aug_00241.jpg,12178,0.24270567602040816
12SbqnNzNU2wqtmR8YOblYfVDBDgKvdkW,tree_of_haven_936_aug_00243.jpg,10283,0.20493861607142858
1sZZUxn60zauRta3gn4B4vNXNd5sGguyw,tree_of_haven_826_aug_00240.jpg,13753,0.2740951849489796
14qnBzvtSo7Ac-XRF_wG8zX4GYppJqpCC,tree_of_haven_390_aug_00236.jpg,12411,0.24734933035714285
1VbSGQ-RmeJ7Vm8KB-aP8Tx1F4P3baeTe,tree_of_haven_1209_aug_00239.jpg,13034,0.259765625
1kV7QrWm-_5i9hypvEIRqqluBcPchHimX,tree_of_haven_1084_aug_00238.jpg,12372,0.24657206632653061
1quDLe56ksocyMH22MjMsd6lg6g19O_ng,tree_of_haven_1_aug_00237.jpg,12083,0.2408123405612245
1nmZSLsuSR1iEOvip1AApnP_jVagY4khT,tree_of_haven_83_aug_00234.jpg,9590,0.19112723214285715
1ZIj_UpEAUjiG83m2wicyBD_KzXCWxeNk,Ti_plant_503_aug_00188.jpg,5796,0.11551339285714286
1I-Gx_7pHS3ag9aDW6eQqV2fdUEqsRN7p,Ti_plant_261_aug_00186.jpg,6754,0.1346061862244898
1r2wXse-KZSkY74Rfmp0m67MCOn5UG9s8,Ti_plant_238_aug_00187.jpg,3423,0.06821986607142858
11v045Chzm3BtbpJYyG0iVRqseCcvKdBb,Ti_plant_506_aug_00189.jpg,7244,0.1443718112244898
1tv8uwz2ysTsp_MDFxgWcnKBbbecCtLDT,Ti_plant_359_aug_00183.jpg,7919,0.15782445790816327
1RrBCaXhfPT0Nvke5UFGCK7vHEVuDwXW7,Ti_plant_283_aug_00184.jpg,6017,0.11991788903061225
1fFYurpr3xE7aZZ6IUXuMGGSry3GXUysz,Ti_plant_507_aug_00185.jpg,7131,0.14211973852040816
13tN-bllF5V34aAIK6hVOD_vTYPU0q_Qh,Ti_plant_203_aug_00182.jpg,5954,0.11866230867346939
1zFWSfrXLXxEyd_TZWsrYpyi0sC5LQrgO,Ti_plant_34_aug_00181.jpg,5978,0.119140625
1E5J_Kdxds9HhjJ5b-PASEpwsReq0GbUX,Ti_plant_102_aug_00180.jpg,6116,0.12189094387755102
1UkLXGRQwWT3Fry6CMdAnDWjjj0rihKe7,Ti_plant_555_aug_00179.jpg,8084,0.16111288265306123
1hgXmZSUHrlSdgGlRiw-l12XujnXOH5px,Ti_plant_551_aug_00176.jpg,5918,0.11794483418367346
1m6d-5p1315UcKZUSsNSKIQoE01NBXoH5,Ti_plant_76_aug_00178.jpg,5618,0.11196588010204081
1Cmi2QbiwbW7VwSmh1oaQ9rAgVAzOXt1I,Ti_plant_309_aug_00177.jpg,3593,0.0716079400510204
1MpzNu0Ss6h1qSNb6_6FoyEQSLXTRC7XM,Ti_plant_535_aug_00173.jpg,7148,0.14245854591836735
1jvSFdURRhZaiZ1K_qJIm-SJqPW3L-vcS,Ti_plant_180_aug_00175.jpg,5392,0.10746173469387756
1rYLChyM7-SIBC_2cVf1z7vozm-DelIRq,Ti_plant_106_aug_00174.jpg,6457,0.12868702168367346
1OccJqJnB2xTSn2NBQ8T_UVeyovXrujuy,Ti_plant_146_aug_00172.jpg,3365,0.0670639349489796
1E3SVZpzVrTGoUzvfbPx8BpeRpTXY0N3l,Ti_plant_103_aug_00170.jpg,5739,0.11437739158163265
19uStz9jXNR5t6V6qUXSPtb2eRAAxuZ6p,Ti_plant_425_aug_00169.jpg,6448,0.1285076530612245
1J4wr3-iNgEVEHvOJ2lOckWZAV_Pwnh3e,Ti_plant_41_aug_00171.jpg,5664,0.11288265306122448
1Hw-T_Cbi8forJIhR8z-jAQCKtujkGo_5,Ti_plant_337_aug_00167.jpg,7291,0.14530851403061223
1OWPLC4t1bjAtgeEgPZyY8j4KEMfqjif0,Ti_plant_249_aug_00165.jpg,4524,0.0901626275510204
1Bq-nsQpvoHV4VYqd2_IZg3Ug0cHvkcjM,Ti_plant_209_aug_00166.jpg,2493,0.049685108418367346
1h0ZmRy4gEcYuPVe-mNciFtXZZVdeNOZQ,Ti_plant_20_aug_00168.jpg,7050,0.14050542091836735
10R1Z2mdWy5gsA6rFNhIUiMGPIcelM62M,Ti_plant_134_aug_00163.jpg,3316,0.0660873724489796
1XJcr_uBXXs4Xj8CPrnYgbKGauWw6belN,Ti_plant_276_aug_00164.jpg,7352,0.14652423469387754
1V521j2GSMqEiuE14IKu4W5XbJPcxta3Y,Ti_plant_589_aug_00162.jpg,9114,0.181640625
1U5MXDcc-We3XBMpGYlYTMcEFq_2W1Ucm,Ti_plant_236_aug_00158.jpg,3678,0.07330197704081633
1nau6bFs-8wpbwRJGRcaQ7pY6JpbaiQOf,Ti_plant_75_aug_00159.jpg,6636,0.13225446428571427
1njTNNA8WM4-gqkiQXqT0Vv2y-dKbCmmj,Ti_plant_185_aug_00161.jpg,7547,0.15041055484693877
1tlFwEpohThu_hwpO7hwGV_xYWm6xfxiw,Ti_plant_506_aug_00156.jpg,5873,0.11704799107142858
1TuNf1qKtn7o2V6q5bv06-pSF4q3Y_HnI,Ti_plant_306_aug_00155.jpg,5220,0.10403380102040816
1fDbmY-Ld2vFVPNUki7q4fA0KbUBJZ9KQ,Ti_plant_588_aug_00154.jpg,8549,0.17038026147959184
1w5NtcRDNq6Yd1zQZVu5UvohoXDXJefa1,Ti_plant_577_aug_00152.jpg,7345,0.14638472576530612
1avkeEd78GB2soxIG_n-pPz1ayEed4kvB,Ti_plant_237_aug_00149.jpg,4557,0.0908203125
1dKekFmgoSKl4cdxPg4F7lm7znwDBi7f8,Ti_plant_412_aug_00153.jpg,5123,0.10210060586734694
1-OdwEIGBMNiUS9b-KpJbrfd_mj9hgRHU,Ti_plant_65_aug_00148.jpg,5954,0.11866230867346939
1oUbo9KCPXCrwRIR3uy4V6sBg5H51uEqf,Ti_plant_244_aug_00150.jpg,5055,0.10074537627551021
1ZxH52xGRyeNGo43iXM2uFk_7cdqAooZE,Ti_plant_163_aug_00147.jpg,5923,0.11804448341836735
12CxaFivJ73PhPn5nf_WSRGz1eLgR2HIJ,Ti_plant_219_aug_00146.jpg,3106,0.06190210459183673
1F6HP-eFEcZzI5i57LyhKEM1jLrx5G9FT,Ti_plant_121_aug_00145.jpg,5227,0.1041733099489796
11nrRmcbFY2b-dzEm8tPcGsoGgxhwJ7zL,Ti_plant_187_aug_00144.jpg,3756,0.07485650510204081
1KZ2X1x3IuTQ228lIPXg0UyHT-rILspOM,Ti_plant_531_aug_00141.jpg,8360,0.16661352040816327
1vPQo2stZITBzMGWFIJv2YYVwtAbOXhJY,Ti_plant_283_aug_00142.jpg,4946,0.09857302295918367
1zC0jVLhWpZ7ioEmxtjlMu-Cj1WdWvk_N,Ti_plant_438_aug_00140.jpg,5058,0.10080516581632654
1aYEwGt2MQ9JlzPmf56XwbRMzDk4Bg903,Ti_plant_203_aug_00143.jpg,5205,0.10373485331632654
1Htvy5wXas5hIiPAPUwc3qGfzJVPt4lWi,Ti_plant_503_aug_00139.jpg,6848,0.1364795918367347
1KrAUvbYbg7LHC3XvbAcS-6qZ4Ggo_FiW,Ti_plant_306_aug_00137.jpg,7999,0.1594188456632653
1ScNZ1VC9gMgMymwDvliWjXhPS9aCz2pj,Ti_plant_15_aug_00135.jpg,4540,0.09048150510204081
13t7TCN8uuvofxGytUUoHGTK9KWcI8Y8L,Ti_plant_401_aug_00138.jpg,7563,0.1507294323979592
1MdhF2BeKCh-ZMw33q1qiqJ7fTwTwHLNi,Ti_plant_163_aug_00136.jpg,5851,0.11660953443877552
1ejb3P1ycViMQ6Lq8txgM4HwT9sPzWFb0,Ti_plant_455_aug_00133.jpg,6105,0.12167171556122448
1BsIQ8wLR7_PN5KMedws-83pj86CA4e_I,Ti_plant_150_aug_00134.jpg,5658,0.11276307397959184
1kww164D2eOQgvsj2-jqINVLN3WhKMJ7z,Ti_plant_319_aug_00130.jpg,7438,0.14823820153061223
1v-HGLONi4TCuOjGqSQNyfLq8yZhJjZ-F,Ti_plant_588_aug_00132.jpg,5557,0.11075015943877552
1Al6BxJBqGlBE2KjAplb8fUVlGKSGr7qO,Ti_plant_468_aug_00131.jpg,5905,0.11768574617346939
12XrCznKb9fncnIgS1-wgOPjgOIGMPz0P,Ti_plant_502_aug_00128.jpg,5343,0.10648517219387756
1WnVO_Klu2_-FnvES82Qm7E1DQ4K0MmUA,Ti_plant_131_aug_00129.jpg,4823,0.09612165178571429
1ii6HtahBsl0Q9kzqfneFBI9iShr9JTnB,Ti_plant_453_aug_00127.jpg,8273,0.1648796237244898
1WTrLH5wXDlxOAYZ_7LYrsvN2Fxt_t84S,Ti_plant_571_aug_00125.jpg,7283,0.14514907525510204
1xAvBN4HFgycmAn4K0yDtYewcNaL_pY2y,Ti_plant_406_aug_00124.jpg,6176,0.12308673469387756
1JsXKZRDtTW1SnpWo0eNroD1aI590BQCY,Ti_plant_551_aug_00123.jpg,7270,0.14488998724489796
1xeB_mfk7fuaIWNNVNDVf9RKObi9dlcP2,Ti_plant_118_aug_00122.jpg,4787,0.09540417729591837
1q8uhTYKz1TC-6QYwIqq1_WZq-Iyy04KD,Ti_plant_405_aug_00120.jpg,6649,0.13251355229591838
12tuXChHCYQnSEK8whx7r6aa5XNQXnsCv,Ti_plant_461_aug_00121.jpg,7567,0.15080915178571427
1HGV0Osh3zlYq9SVg5L71jLKEK39HmbSk,Ti_plant_523_aug_00119.jpg,6759,0.1347058354591837
1XGMQ5gaQC2gpVS5f-xae4rbPzyF8Huq1,Ti_plant_121_aug_00117.jpg,4770,0.09506536989795919
1WPjaKEGm8rXUDG3wfBslG54SyU8zY-i7,Ti_plant_469_aug_00118.jpg,9165,0.18265704719387754
1qRVhZO8O7CS3r6SYGwG64Jalk0Wo1vYW,Ti_plant_6_aug_00116.jpg,5494,0.10949457908163265
1BXAVqF2rqkeafd_Ajpbo5hdcNCO7x8vJ,Ti_plant_94_aug_00115.jpg,7482,0.14911511479591838
1A3_RZ9wofY_OdxU20F9sl1yQDO76BuL6,Ti_plant_199_aug_00114.jpg,4953,0.0987125318877551
1shxU8Y-32qYHQixoh7CK_LFcwcRc-0nQ,Ti_plant_220_aug_00112.jpg,4609,0.09185666454081633
1J-Cy6zh0BQbgHsgNTqY6jiyhgEdPnqZ9,Ti_plant_204_aug_00113.jpg,2539,0.05060188137755102
1tXZzEb1ob6WqP-aoTK0-B_z2BywxvWuv,Ti_plant_170_aug_00111.jpg,2487,0.04956552933673469
1CIrg36WCzxdAXgDE4QlQ5rny0iB_tfUe,Ti_plant_185_aug_00110.jpg,5750,0.11459661989795919
18dlHCElIYJ4tCovVjXW7wG8sgCRWY_te,Ti_plant_273_aug_00108.jpg,5421,0.10803970025510204
1axrmz4O-ztdfkQ1fiEvlFO70dRRV-HzX,Ti_plant_474_aug_00109.jpg,6199,0.12354512117346939
1iND6rFYI95Kus1GkuFTRWsRGC7fjWkJC,Ti_plant_521_aug_00107.jpg,4154,0.08278858418367346
17EAjD7-AmVKk4gpv9yu4_NhtFF_Y3SFg,Ti_plant_380_aug_00105.jpg,8136,0.16214923469387754
1thNp3fTng86Au4LNt_mLMkucskHBeqwI,Ti_plant_235_aug_00103.jpg,4771,0.09508529974489796
1ZZ7r2nYmq_WhScykh7oD4WY1oGUTUfU2,Ti_plant_75_aug_00106.jpg,7454,0.14855707908163265
1h92HNtmiVVuNptZSTE7IrsoBWqfepH_W,Ti_plant_268_aug_00104.jpg,6304,0.1256377551020408
1d35PdrzREkBbmzaSG3wxS4vXoMx5hj5H,Ti_plant_338_aug_00102.jpg,9129,0.18193957270408162
1B6w9JNFqIIv4JrIW5nsIFq0rJAruC9Mf,Ti_plant_413_aug_00100.jpg,7034,0.14018654336734693
1o_apWGuYzbyqgwJV9Fm8K9mnqiBT3_9T,Ti_plant_137_aug_00101.jpg,4907,0.09779575892857142
1pqdC-2vwBS72dmtsE7IWIzKGc4v3sYEB,Ti_plant_289_aug_00096.jpg,4386,0.08741230867346939
1hXC1ae6slgNTTcBokzkktlFBVCxkireo,Ti_plant_42_aug_00098.jpg,6031,0.1201969068877551
1-3aUvMFAhS_K8j3dvLpW9GSW4h79e3O0,Ti_plant_23_aug_00099.jpg,6644,0.1324139030612245
1thN2YFnpdVXgvW_fpxHGk7ArHBS7g3OU,Ti_plant_245_aug_00093.jpg,4782,0.09530452806122448
1UN4q2Ec0oCYmqCerIJSM2lNKFDD1KYNZ,Ti_plant_509_aug_00094.jpg,5233,0.10429288903061225
15RzUmdB_IeB_ugtNo5iMZadHBHg3rsD_,Ti_plant_514_aug_00095.jpg,7719,0.15383848852040816
1Ib3rEuUop2d0TMerTNW-whdQX0LyrEfq,Ti_plant_215_aug_00091.jpg,3590,0.07154815051020408
10RnwYLUZEdv84hQlpgNW3MV29npIpUm6,Ti_plant_87_aug_00087.jpg,6888,0.13727678571428573
18vKd5-ABwsPQeF0x2Dw9rt5yY4DyC9-Y,Ti_plant_458_aug_00089.jpg,6024,0.12005739795918367
1VFeXfsfSeNRiBSRY8fkP9EiNpikQIUPl,Ti_plant_178_aug_00090.jpg,5610,0.11180644132653061
1GIoC4cX7xS0vNKs7LcyVhJSO4jUCEhAI,Ti_plant_371_aug_00088.jpg,9449,0.1883171237244898
13UrBM7VBWGQD4-BcOk59dbSq0GVOC1zc,Ti_plant_157_aug_00092.jpg,2683,0.05347177933673469
1ScOcCU2Mbk0-ytfnmpWTswGGmVJJy0sT,Ti_plant_327_aug_00086.jpg,8587,0.1711375956632653
144hf4Kw7I4k1KEw_bLj1mBlBFSwGwG0r,Ti_plant_542_aug_00079.jpg,7684,0.15314094387755103
1-M6R1ASjXfUarsRe1DuCY0NfEK_ZyB1Y,suger_apple_1105_aug_00338.jpg,12975,0.25858976403061223
1VUeSc7Fh-3Ksmcxv5akomVgZh8HLkor2,suger_apple_307_aug_00337.jpg,13187,0.2628148915816326
1yU7_3EzJkP09zTBE6Vi1z-CQGggXp2dn,suger_apple_448_aug_00334.jpg,13547,0.26998963647959184
1YiAnauz2VNmXzvJEBoOoIjmzyN98g3Zc,suger_apple_344_aug_00336.jpg,11511,0.2294124681122449
13CEaY6-PbfMM0I0wLX-8NEdkMuNGKkDg,suger_apple_184_aug_00335.jpg,15029,0.29952566964285715
1m8nnRaGIALzcFhKJ2bsmnVsODd_tooSm,suger_apple_1031_aug_00333.jpg,11739,0.23395647321428573
1F1HB4FjkpqBG81G2NU3QuRtF_k0Lfpbi,suger_apple_1008_aug_00332.jpg,11433,0.22785794005102042
14_peMlIFlrxPgDiaZYSjZW1p39h_H9Tb,suger_apple_895_aug_00328.jpg,11890,0.2369658801020408
140paXdfqs1sajRM0QwthaYzSFCWzrvSM,suger_apple_311_aug_00330.jpg,11199,0.22319435586734693
1thAiNrq7UKgXQmpo9Y0s2w9693v7Ft_0,suger_apple_1021_aug_00331.jpg,12611,0.25133529974489793
1iGARxW1ebz2IUEsttxVaqLKTAyeRARKU,suger_apple_1140_aug_00329.jpg,15691,0.31271922831632654
1_5xDROpZGixa3fI_H1tE08CY1r0HaMCR,suger_apple_463_aug_00326.jpg,7601,0.15148676658163265
17H8lWqlaislS8M-8KZbsu89r9Oi3G7gL,suger_apple_469_aug_00323.jpg,11450,0.22819674744897958
1AgWbCO418UXlAkZevTxmclvm82GpfiWO,suger_apple_381_aug_00324.jpg,10363,0.20653300382653061
1PjEoyhhv8VVq_JW9Eed9oyBbsS3oUaxt,suger_apple_1105_aug_00322.jpg,13482,0.26869419642857145
1thqo81M5jjYYdY7GuUxreisn91_yvUXl,suger_apple_226_aug_00321.jpg,10724,0.21372767857142858
1IBw8cCnNjCRRGfCu1_K2_yGUMUmSiUAH,suger_apple_813_aug_00320.jpg,13489,0.26883370535714285
1UBoyqYxj6yEwHPMtNTVdqo64ieKkb4eu,suger_apple_134_aug_00319.jpg,14051,0.2800342793367347
1IKKUJTnR5hSlF-Cy1CQDUpOzQXRm0PCF,suger_apple_842_aug_00318.jpg,15333,0.3055843431122449
1imEyT65mr49fZtiAbDX6xqXTgdEzZl5f,suger_apple_311_aug_00316.jpg,12832,0.2557397959183674
1G8yraW-bu73kf8o8BMGux8g8cDigCPpn,suger_apple_10_aug_00317.jpg,9618,0.19168526785714285
12MePsYoVNx-SBhHDkTxf6LiOLEz0MZrJ,suger_apple_244_aug_00315.jpg,12922,0.25753348214285715
1M6molN8Au6D8BTFHpD0i_-aH935hsyP1,suger_apple_763_aug_00314.jpg,11225,0.2237125318877551
1kGDyqWwRwppS9O_aRvfO-ck8FMO-ZK6t,suger_apple_364_aug_00313.jpg,13688,0.27279974489795916
1w6XrxezCe56Uc0W7kKpC5DualHCYUViW,suger_apple_134_aug_00312.jpg,12099,0.2411312181122449
1W77xieqDSenXLUGZwhtd8c9KmLdNKyOH,suger_apple_944_aug_00309.jpg,10652,0.21229272959183673
1pEWbTq_siDm_Jt3ee5qEMwoygaJA1isB,suger_apple_667_aug_00311.jpg,11985,0.2388592155612245
10GMEj7aPzrdDYixYQMZM1695XXtJIhTE,suger_apple_512_aug_00310.jpg,14717,0.29330755739795916
1t0ABCUgTMV32yBYSeqtCFPQU0k3DPcRa,suger_apple_360_aug_00308.jpg,11822,0.23561065051020408
1nKO7dgwdUAgWrYRWdeReZQh8SQa10ANv,suger_apple_596_aug_00307.jpg,12558,0.25027901785714285
1iMl-kMKf-RZ8UgeyCKZLOxWCNXvi4kim,suger_apple_860_aug_00306.jpg,9592,0.1911670918367347
1ICoNZ9M64ZNZQEa_l3qQyv4o0aOASLtO,suger_apple_566_aug_00303.jpg,11512,0.2294323979591837
1p0mVhkvRcn_rhZYVy889tSbq8ecWH2Hz,suger_apple_157_aug_00301.jpg,13933,0.27768255739795916
1n3P3uds9O_3FmqFdblDDbtJGm2Yf-pu7,suger_apple_486_aug_00302.jpg,10294,0.2051578443877551
1D-h2i910kkYtLpZ9VXjIIMOw3boRMiwU,suger_apple_805_aug_00300.jpg,14961,0.2981704400510204
1YbkY83dWGvAaNfmHupndYwxAbVdPhkZx,suger_apple_370_aug_00298.jpg,11698,0.23313934948979592
1XwurC-rFze4koRBhNNCyc6UpTl1rFzff,suger_apple_265_aug_00297.jpg,14040,0.27981505102040816
1ZGFk47jHsUMgJK1B4Ma3MNFeXh7kvzLe,suger_apple_490_aug_00299.jpg,11981,0.23877949617346939
1W0GnmJlLsZzQRhSbFK6jeF59Fd_41VJ1,suger_apple_401_aug_00295.jpg,12841,0.2559191645408163
1iPRF1PsSWjVbn0UOUCon5I37kY34f7ed,suger_apple_91_aug_00296.jpg,9612,0.1915656887755102
1H_eThWtEi56SymG3moyJT5hA8jLeHWZ9,suger_apple_100_aug_00294.jpg,11538,0.22995057397959184
1HDw-m2sawQsfzigXsUozfu6a899SMxa_,suger_apple_944_aug_00293.jpg,9156,0.18247767857142858
1YtOX_hD3kXn7cAWyQGFE3DZnpA3afM2u,suger_apple_860_aug_00291.jpg,12345,0.2460339604591837
1_pfm1zy_266MLxqLQn6wQ1yI2x99DIIb,suger_apple_1060_aug_00290.jpg,11130,0.22181919642857142
1qee2Dw8H_2NWpil3HCYIbFPvtDrPEOzc,suger_apple_126_aug_00292.jpg,12187,0.24288504464285715
1d1TTyleMYvcHf49xzncIKZwVP5box9tC,suger_apple_826_aug_00288.jpg,5417,0.10795998086734694
1e7T00eXnueniS1Qlm7aK-XOruK9ny8bM,suger_apple_1114_aug_00285.jpg,13076,0.26060267857142855
17kpiUpEbEA1g7OLigwy9_xYC-DYmXs3u,suger_apple_902_aug_00289.jpg,8452,0.16844706632653061
1ETEPTOmREayMtDpNWtqmomMzVXO6g6f9,suger_apple_147_aug_00287.jpg,10713,0.21350845025510204
1Pdtkeb7bJXyhkEYJKZUDzTnPEw1xWH0r,suger_apple_62_aug_00284.jpg,9760,0.19451530612244897
1w2wrvS67rH9fezsvEE2Rw-rg8XXCoXWU,suger_apple_703_aug_00286.jpg,13063,0.26034359056122447
1P-ROw9EwIZiQb7N4F3BfCuwM17RkTxH-,suger_apple_217_aug_00282.jpg,12294,0.24501753826530612
1soJxaRgmJPKaIJBJFXoQUz3NScbCU_vA,suger_apple_941_aug_00281.jpg,11770,0.23457429846938777
1zSb2QSCBlrWi7c4ixEuU-7LiEd0Ap8gV,suger_apple_339_aug_00283.jpg,6561,0.13075972576530612
1HQp-qqHFDiRfj5n72QDnkcVIOJ-fIe4R,suger_apple_967_aug_00277.jpg,11765,0.23447464923469388
1oMk2s5m6n-BXlHPh7ZmFfV1eZzQEFKPu,suger_apple_247_aug_00280.jpg,12818,0.25546077806122447
19yM1EftvY3EH44uBDiW5jnJGaSulYJOy,suger_apple_232_aug_00276.jpg,12880,0.25669642857142855
1qgvZwGHjazr2oJJaagIw8x4Q-mF912B4,suger_apple_842_aug_00274.jpg,13049,0.2600645727040816
1B_pwvn0o87Ggi-hvi_IMaW8UVDLBpR_n,suger_apple_503_aug_00273.jpg,9973,0.19876036352040816
18MVbBs_YOe0GblpdC-RYCcEkyzLDaitz,suger_apple_996_aug_00275.jpg,10380,0.2068718112244898
1xV9HelB4dlthb4nFM68-vOSyyG1DGtm-,suger_apple_895_aug_00270.jpg,1883,0.03752790178571429
1iTjb8PyVbUKiwSkhDhEgFpNJ7lWxLyEd,suger_apple_757_aug_00269.jpg,12806,0.25522161989795916
1tirQdgqt3sKHXEvfKkHU_l1CamI1o_7y,suger_apple_528_aug_00267.jpg,4936,0.09837372448979592
1qsrsBKZIoUDkdYt4NMs7JtcmqGrLUGR1,suger_apple_776_aug_00268.jpg,13589,0.2708266900510204
1WW9Dmf0VkmNNEU1sIKhuYur6dvQtDJC8,suger_apple_490_aug_00266.jpg,13051,0.26010443239795916
1DO_Rn_xFypBYoSVLzOlHYHHjE6TDAgAq,suger_apple_217_aug_00265.jpg,11717,0.23351801658163265
1464NWRKwCIlAzscaTQz9WEuyLi9ZIFpf,suger_apple_969_aug_00263.jpg,10804,0.21532206632653061
10ps972q22M4if1dvt93rSZvRw-JczRgt,suger_apple_394_aug_00264.jpg,12669,0.2524912308673469
1hoig_oIJC7kMjT2H4AR9In-ystK0-L-F,suger_apple_1129_aug_00262.jpg,12048,0.24011479591836735
1nbp-d2JzwgEs84n1NZmqvXCeAGp1vYjM,suger_apple_667_aug_00259.jpg,9735,0.19401705994897958
1D3-c1iIm0vvuddXbWGFI7Rkm0Nk4j9l_,suger_apple_538_aug_00260.jpg,12418,0.24748883928571427
16jzL8E5hW1hjJ6t_cEtxnQIrld8ekJH7,suger_apple_813_aug_00257.jpg,3122,0.062220982142857144
13h3Ky3BUG2KMl4mfCf8-GSLvu_BOuxJy,suger_apple_731_aug_00261.jpg,13092,0.260921556122449
1EZFE8-yaw-Z7iTSwZG6esIkcNjKlGvpz,suger_apple_895_aug_00258.jpg,11339,0.2259845344387755
1ZXqCpODDRhg1H6X5uDQcXuLua0f1pR0c,suger_apple_232_aug_00256.jpg,15119,0.3013193558673469
1mQeFdQ2hlteeXoFX_HzagvoLqgvE8EBK,suger_apple_442_aug_00255.jpg,8513,0.16966278698979592
14Rqe1ycMkgBhSPkuH_b4MCQ2Q4BoQRmf,suger_apple_506_aug_00254.jpg,12374,0.24661192602040816
1EWVaESeN5-UOHznXJb0b_XkXDBFJ30Wx,suger_apple_566_aug_00252.jpg,11742,0.23401626275510204
1zB7ZXAASB-7uMF1hHihwQViyM8RnDHYz,suger_apple_948_aug_00250.jpg,7567,0.15080915178571427
16DAZ6EJytSOsP1gQ8N97I66z_kKj0nqR,suger_apple_624_aug_00251.jpg,14169,0.2823860012755102
1zOyP0cigc9kSlJKsHk3pwN1Q6C-D5ZRF,suger_apple_286_aug_00249.jpg,13957,0.2781608737244898
1Un0Ravev-iVf2zseDEbaYQWU9S7rN_y-,suger_apple_667_aug_00248.jpg,11796,0.23509247448979592
1augur0JKMhB8y_CyjqCLcVZlFXl4_8tW,suger_apple_506_aug_00247.jpg,11869,0.23654735331632654
1Kahg00Uw48i4hmSuoFMxKyDaOPdNOEXG,suger_apple_483_aug_00246.jpg,7089,0.14128268494897958
1wxfl4D6UrC-jTWxhP7FyoCfwprVdmTQd,suger_apple_895_aug_00244.jpg,13451,0.2680763711734694
1qldxqYfzjoAmaKTb0YfpFcvW_P2b-LYf,suger_apple_232_aug_00245.jpg,13551,0.2700693558673469
1HqvlRxCgSoCQrBdd0V3Z6yrNHdm7N-RZ,suger_apple_566_aug_00242.jpg,13976,0.27853954081632654
1C7FiA2e8DDNezbt6n5kmx22KEtAm0X4r,suger_apple_912_aug_00243.jpg,11382,0.22684151785714285
1rh73CUonN4rUtZXDeKBHH8mTImHGuMn1,suger_apple_254_aug_00240.jpg,12655,0.2522122130102041
1p1btwRBFPnVjI2LWsiaVYjfWMxeYC6O7,suger_apple_566_aug_00241.jpg,11527,0.2297313456632653
14I_gP-XYl_UjUE411z4Zq04ypvBWHxUc,suger_apple_902_aug_00239.jpg,9465,0.1886360012755102
1G--i5N5OaPqYtwBZj5njyWWZhCksIkHj,suger_apple_785_aug_00238.jpg,13058,0.2602439413265306
1gHjyaqcbrH29gFV7UYcgPXB1I-CsvvGP,suger_apple_763_aug_00237.jpg,13811,0.27525111607142855
1gGujyTh73jv1l3kY1HZ6pSXxC7AeoJJ5,suger_apple_560_aug_00236.jpg,12874,0.2565768494897959
17Nt2kv9Mit-Zq7N5Zay8ROl0fYRMfwFR,suger_apple_437_aug_00232.jpg,11193,0.22307477678571427
1BOnCeSYA7zNmOYpCNySdr332FAhIN47J,suger_apple_967_aug_00235.jpg,12455,0.24822624362244897
1dY2E-BtUL-OAfwdc6JZlRWvHYt8sZ-7K,suger_apple_546_aug_00233.jpg,12917,0.25743383290816324
1aDbXjAiIQRI0XRWnz7H5lnWKax75uXfW,suger_apple_1071_aug_00231.jpg,6506,0.12966358418367346
1BYNaFgyO3QP2uGoArNVbCRARrn0x7XDi,suger_apple_927_aug_00228.jpg,11807,0.23531170280612246
1UayDf8GUVj0ZitqyhKeIS2UvViY6otLv,suger_apple_805_aug_00229.jpg,12155,0.2422472895408163
14j7PfnCvGPsOxCDryQ3TQBan07WhxJ4Q,Selaginella_kraussiana_499_aug_00436.jpg,14805,0.29506138392857145
1gYJP90btWIMqzfL57S7OQYs52FZ6Nkbj,Selaginella_kraussiana_499_aug_00435.jpg,919,0.018315529336734693
1Qs6NoAsFaHHEbSWuR4g_ckD6iPAOOJxg,Selaginella_kraussiana_506_aug_00434.jpg,3459,0.06893734056122448
1O-yRj8sfE4aghycsLr40w0_GGz50u-tK,Selaginella_kraussiana_132_aug_00433.jpg,9370,0.18674266581632654
1ZDaVAqyMquzOTsB9lpTQI5boB8G3w_5D,Selaginella_kraussiana_404_aug_00432.jpg,12555,0.25021922831632654
160nUKwcIytPQu6GfEHSJ_6C62tnyKO_W,Selaginella_kraussiana_432_aug_00429.jpg,12809,0.25528140943877553
1YXegl3GIm7XbQS2rMy5XUronaYuutvvZ,Selaginella_kraussiana_13_aug_00430.jpg,13110,0.2612802933673469
1qJGkyD6KdNSvW6mdXIYbyc8lS9nLRbPd,Selaginella_kraussiana_518_aug_00428.jpg,13747,0.2739756058673469
1deCvTEMWPDomc9TGN37Fxurxi9B_3b9V,Selaginella_kraussiana_432_aug_00427.jpg,9023,0.17982700892857142
1dbRoV9vgCzQ33LoDcH3cqgxrzjSO_lNP,Selaginella_kraussiana_293_aug_00425.jpg,1358,0.027064732142857144
1NLle6P7cd274sjlpbixt01ThZU5g4Z8Z,Selaginella_kraussiana_476_aug_00424.jpg,9670,0.1927216198979592
1LT3J27g2-HWUiqP3XWR9Xi5MOte9VAN8,Selaginella_kraussiana_13_aug_00423.jpg,5792,0.11543367346938775
1I0InO3Ib8D3iYNunJ2bgA4dJGSukWW2L,Selaginella_kraussiana_542_aug_00421.jpg,7245,0.14439174107142858
1AFUsDTDZEFpuw0zJ6DBjBHbI2pgO7kGt,Selaginella_kraussiana_518_aug_00422.jpg,1639,0.03266501913265306
1VkEoRk3tva7k2jT78ACkKIKIbry3Fukf,Selaginella_kraussiana_463_aug_00420.jpg,13916,0.27734375
1jGFhMs307AiBxx2_EbCNHNHQM2xONyB2,Selaginella_kraussiana_215_aug_00418.jpg,6986,0.13922991071428573
1wIiGQ7Q9glHnmRWrgwCBgA5TtTearATk,Selaginella_kraussiana_351_aug_00417.jpg,11861,0.2363879145408163
1rwPN4AOnEqcXEgkZBwJQWd6a94bThZbp,Selaginella_kraussiana_476_aug_00415.jpg,2440,0.04862882653061224
1ij170mdcyUSMlG17E4ih-WqU1kMF_kk0,Selaginella_kraussiana_119_aug_00412.jpg,11562,0.23042889030612246
1b6xnyxam08xvBNT1uIAs2Ni1tmjI5BQQ,Selaginella_kraussiana_506_aug_00409.jpg,9722,0.1937579719387755
1PH5H-Ucg2xMbmp3keVeaYwl_JnxRCs2v,Selaginella_kraussiana_427_aug_00411.jpg,592,0.011798469387755101
1R-Tlk3uwYM-Hl_zwW28PXncbGQTmZ2js,Selaginella_kraussiana_470_aug_00413.jpg,9863,0.19656808035714285
1SSZzpqsQ78Ilp7rMjRrwxWMEPUJsXHaD,Selaginella_kraussiana_346_aug_00410.jpg,11926,0.23768335459183673
13T3fHRZeV3MDIuQ6U1VWbtYsZZKXZaeH,Selaginella_kraussiana_542_aug_00408.jpg,470,0.00936702806122449
1bDByRTCamGyrP03zb_o3uymytHyAw9r4,Selaginella_kraussiana_198_aug_00406.jpg,11723,0.2336375956632653
1gLxBf-82O0gVTCmWQwPuy4zHwNnKy18C,Selaginella_kraussiana_310_aug_00407.jpg,9576,0.19084821428571427
1v39P0koSBDfcz39l51elbLxpAJ1mgNa7,Selaginella_kraussiana_383_aug_00404.jpg,1503,0.02995455994897959
1__BND2UqpSODSQVJiYQer8SllHT-LLvT,Selaginella_kraussiana_339_aug_00405.jpg,6345,0.12645487882653061
1lUwS_7rNnLoQxKtEDMLZ8wgsSnqPML6u,Selaginella_kraussiana_560_aug_00401.jpg,1316,0.026227678571428572
1hf-CgLwnkLPtdflFQTYfx8i5HLfxlWLV,Selaginella_kraussiana_427_aug_00403.jpg,11735,0.23387675382653061
1xLQeIqLzpcrB6hOzX2D4bcgVXaIabRpW,Selaginella_kraussiana_310_aug_00402.jpg,2704,0.05389030612244898
18lX44dcs_6oA4wchEh3p273dhoYzTcuF,Selaginella_kraussiana_132_aug_00400.jpg,9883,0.19696667729591838
1pp680ZQ5AB1Bl3aNkiv7pPLTFLwJKQg4,Selaginella_kraussiana_119_aug_00398.jpg,7339,0.14626514668367346
1vca-QR_5J0oF-x6Tk8sFO0eeDYpzGMTf,Selaginella_kraussiana_188_aug_00399.jpg,9241,0.1841717155612245
1A6P_RA3UW9EDc5L8I4rnqtF_ahkhgiZC,Selaginella_kraussiana_310_aug_00396.jpg,9422,0.18777901785714285
1WVK5MkYztTSGk-OZ24hcQScKAomPGgiO,Selaginella_kraussiana_195_aug_00395.jpg,11085,0.22092235331632654
14K5AZAR_tJUpYct7osEQJmmx2WNkvlR-,Selaginella_kraussiana_71_aug_00397.jpg,10417,0.2076092155612245
1-sFmC5zNq67eImgJ2PL9kpUjL0EZSvxX,Selaginella_kraussiana_209_aug_00393.jpg,13394,0.26694036989795916
1GONqod6Jn_K08TrxpaUuza-1p3d5WkAU,Selaginella_kraussiana_378_aug_00391.jpg,7477,0.1490154655612245
1j2bjws1UwkqYDbNjayVMpjFtdmsT3o-L,Selaginella_kraussiana_293_aug_00392.jpg,9254,0.18443080357142858
174uGXniDNh_zdfNNcg-mB_dTgnBcHIIU,Selaginella_kraussiana_229_aug_00388.jpg,13754,0.2741151147959184
1IC0rzD2nZKzp8UAZmjb7XZY9FqAaZodH,Selaginella_kraussiana_456_aug_00390.jpg,9332,0.18598533163265307
1WT1kDnbqZ0seW02_otvMzTEOazC6qsKJ,Selaginella_kraussiana_499_aug_00389.jpg,6950,0.1385124362244898
1fPm5tK6Q8HmYNogUtHCRoxXXcvagIj-k,Selaginella_kraussiana_601_aug_00384.jpg,12554,0.25019929846938777
1-YrLmBWLNRr-3de-LRwIuPg39GtCdNKm,Selaginella_kraussiana_378_aug_00386.jpg,11848,0.23612882653061223
1C0EsHRqROKYw1DmWFP_Xz1xyZ4et6_QB,Selaginella_kraussiana_177_aug_00383.jpg,1399,0.027881855867346938
144DnKaVfMCWVy5uJJ-FEbHdTuE7kWxB4,Selaginella_kraussiana_310_aug_00382.jpg,1373,0.027363679846938774
1rRPaFM35lkIxM9Ev6Vo94VfrxNPPzxsu,Selaginella_kraussiana_518_aug_00381.jpg,4472,0.08912627551020408
139zeB8UsZO6BJLeDE-KBbN8b8tsUmtnS,Selaginella_kraussiana_377_aug_00380.jpg,11157,0.22235730229591838
1TwpeKsPHsJFfNulZUahiOMyAFRLMmBQM,Selaginella_kraussiana_456_aug_00379.jpg,10623,0.21171476403061223
12gOqleBv_M1Ta3zuO4GWCAWvHegNXXSv,Selaginella_kraussiana_346_aug_00376.jpg,12588,0.25087691326530615
1Si1lU9ORfSztVcWpjTKMlT25dNqQcoXc,Selaginella_kraussiana_209_aug_00378.jpg,6636,0.13225446428571427
1u98XRQeWWy4VbZF70BZ6CYInVXt8slSn,Selaginella_kraussiana_470_aug_00375.jpg,5810,0.11579241071428571
1YsqL2D0HkGI_cseU7PJk7BP1aYJv4bBp,Selaginella_kraussiana_427_aug_00377.jpg,2411,0.04805086096938776
1-HLEaO0ic7ixHmMXpPuzkxtQbYPdiigX,Selaginella_kraussiana_198_aug_00373.jpg,3488,0.06951530612244898
1RO5X81Bj12VzVG2s-yagYGGF179Tmz-p,Selaginella_kraussiana_588_aug_00372.jpg,3047,0.06072624362244898
1awhHYtpABfUX6NzFgvmMcwZZGz4gefIM,Selaginella_kraussiana_52_aug_00371.jpg,9232,0.1839923469387755
1PZlaSuic1HBKr2VI5Pq5cFBf35TGPmqr,Selaginella_kraussiana_378_aug_00370.jpg,10929,0.21781329719387754
1C8OMjMwTDF30EU7EeLbcuCje6Z4jkxW8,Selaginella_kraussiana_166_aug_00368.jpg,10991,0.21904894770408162
13qXtvJ-0B0LZCfIOyOaVFDsoLFQfMZMj,Selaginella_kraussiana_339_aug_00369.jpg,3168,0.06313775510204081
13k0TgjuAJXWaHOuwkViOB1_9aWD1G9pn,Selaginella_kraussiana_518_aug_00366.jpg,10053,0.2003547512755102
1LxFJfun35gmTCRTB3k6odStD8Ys6gadO,Selaginella_kraussiana_476_aug_00365.jpg,4170,0.08310746173469388
1X4qQjxuSytpbuW64vYS8-k8_DaOEghN2,Selaginella_kraussiana_476_aug_00364.jpg,10744,0.21412627551020408
13tn7VWjp6Aolk_Gn4SBLD87JFpwEGSHH,Selaginella_kraussiana_364_aug_00367.jpg,216,0.00430484693877551
1cx7YzuZEROZun3tw-9p7CiWRP3amDvDA,Selaginella_kraussiana_119_aug_00362.jpg,11311,0.2254264987244898
11nsBqT39NWxIc-5EcJ4-LUL41R3D05iH,Selaginella_kraussiana_119_aug_00363.jpg,12637,0.25185347576530615
1KMuRNb7QmhF0PGTqbAPvzhXRhDGjE_E_,Selaginella_kraussiana_293_aug_00361.jpg,13322,0.2655054209183674
19CEUVKck6TiaKgQXDZyzS6lZROeYh7l9,Selaginella_kraussiana_273_aug_00358.jpg,8829,0.17596061862244897
1Qe01-jv49UD-zcGUcBoXExqM61JJbteX,Selaginella_kraussiana_198_aug_00360.jpg,8569,0.17077885841836735
1L6EJ3efa_pkQmNTCCV0UZuHWNDCjC2pU,Selaginella_kraussiana_103_aug_00356.jpg,11934,0.23784279336734693
1rdpFFJtwRdMIErVxEcmCR-YrapoFNT5z,Selaginella_kraussiana_301_aug_00357.jpg,13455,0.26815609056122447
1dcMeaPSSEWcz9QLPGo3OGgU06N7_73Pm,Selaginella_kraussiana_546_aug_00355.jpg,9780,0.1949139030612245
1P8vjB9kpsh3O2OdOp88IwMwdy4RfUSpi,Selaginella_kraussiana_496_aug_00353.jpg,11037,0.2199657206632653
1GTyveer5-CMbJCWE6vXBg34-0-yH--F4,Selaginella_kraussiana_524_aug_00350.jpg,11107,0.22136080994897958
19kgIfzaxeO95Aq3sy_dKDTfnaNZ1gfmq,Selaginella_kraussiana_367_aug_00352.jpg,2723,0.05426897321428571
1z3NjplZNvX3MZZ33Ju2MfgTaNrnuK0D3,Selaginella_kraussiana_346_aug_00351.jpg,9921,0.19772401147959184
1mABrIFkDCkAFMWM_0xtZTBBHcwre6vEJ,Selaginella_kraussiana_535_aug_00346.jpg,11195,0.22311463647959184
1CXiUHIaJFYpzVEYA5wmo4H5iZtvSAAUA,Selaginella_kraussiana_404_aug_00347.jpg,10047,0.20023517219387754
1huJ9hTytMp9PXBpLDryiBrnzIYkhyouR,Selaginella_kraussiana_293_aug_00348.jpg,10867,0.21657764668367346
1qowORWyLOpViC8Q_ZkfVoIXcH8-loDDw,Selaginella_kraussiana_41_aug_00345.jpg,1509,0.030074139030612245
1ueUVOEffOlgd7-fMOWwVkWbrOynB6Bfw,Selaginella_kraussiana_577_aug_00343.jpg,11052,0.22026466836734693
1K8qbxxd_3nT0DKK-aklScEJgrzmahocE,Selaginella_kraussiana_514_aug_00342.jpg,5828,0.11615114795918367
1xEYDK7N7q6y_oOl44iHB89FEDHXYQQ3y,Selaginella_kraussiana_506_aug_00340.jpg,11621,0.2316047512755102
1hjjbOjozc3hbcv_Uf_x3lDUgQHVrO6Ik,Selaginella_kraussiana_293_aug_00339.jpg,8606,0.17151626275510204
1AR3E3hhfei7STyMaDfS7_Oucy1yVOcC6,Selaginella_kraussiana_132_aug_00341.jpg,10471,0.20868542729591838
1E1FzFLyhcU08OujEYYBDgWDChXZpqUne,Selaginella_kraussiana_456_aug_00337.jpg,12990,0.25888871173469385
1A27PX2FQuWwZ13XVqdAsgnQtlYMh5i2a,Selaginella_kraussiana_188_aug_00338.jpg,3757,0.0748764349489796
1qIfillYwPg8UPkxolrQ46UVwTZlr2tcW,Selaginella_kraussiana_601_aug_00335.jpg,14417,0.28732860331632654
1biyVVNBLFiHFM7UtXOF8ioLId_fYr5zQ,Selaginella_kraussiana_476_aug_00332.jpg,12036,0.23987563775510204
1j5_gcERvIVO3KKJNl8PXg7jecK-FTNMC,Selaginella_kraussiana_229_aug_00333.jpg,10905,0.21733498086734693
1h5RkTADU3zUpmutIpQd3c-Ocb9Cl4bCH,Selaginella_kraussiana_535_aug_00331.jpg,10406,0.20738998724489796
1eje-994iYWHXNUo-RdO036tE_Ft-I-I1,Selaginella_kraussiana_541_aug_00330.jpg,12596,0.2510363520408163
1IrivEcbpzLv4vB9b7MyUw8d3mhB2ulvQ,Selaginella_kraussiana_419_aug_00328.jpg,11381,0.22682158801020408
1qSy_67EAkp3vOqV0mrRNFJGW7LRf3A8o,Selaginella_kraussiana_229_aug_00329.jpg,10665,0.2125518176020408
1g6ijGRl8rlQHG1qGnihEMJjGqvFkGA7l,Selaginella_kraussiana_577_aug_00327.jpg,9604,0.19140625
17qc9TAvTScJP9bdh6YqkqegnvzZyn0R9,Selaginella_kraussiana_456_aug_00326.jpg,6076,0.12109375
1yXAe7WpM99rABhjfIFVqOUzFGZnbAa1v,Selaginella_kraussiana_310_aug_00325.jpg,11722,0.23361766581632654
1U-WnIkhKuIE8VpxsPJwoOo-pM3d-eawN,Selaginella_kraussiana_524_aug_00320.jpg,2271,0.04526068239795918
1FNtSIkcDie3hm5DZt-C-_FCTnhxrs9bx,Selaginella_kraussiana_310_aug_00323.jpg,12035,0.23985570790816327
1DaJpwVyyyrCSSFk-resxxemTbUj6VEG3,Selaginella_kraussiana_71_aug_00322.jpg,4776,0.09518494897959184
1bco6Gor-J_dKnxEAYCe7Jbm5urZHGCgd,sago_palm_1370_aug_00235.jpg,4416,0.08801020408163265
1aROWQZebfR6nqP99JkveaTsy5ZVRqG5z,sago_palm_1239_aug_00236.jpg,8329,0.16599569515306123
1rQoBOfcFkh8qljXfqhaA8HriQPVqCiR7,sago_palm_1299_aug_00234.jpg,5376,0.10714285714285714
1Fz3zAMgJpMUN2ahQ3fdGFp_QQUf2Bq4Q,sago_palm_1389_aug_00232.jpg,6250,0.12456154336734694
1-u3lelKfF-LLrVM9_sHUy1LKMq54mi6E,sago_palm_1355_aug_00231.jpg,6502,0.12958386479591838
1BcKyfO4MGscXrpliJ_kW5tbx9yDraPMP,sago_palm_225_aug_00233.jpg,14358,0.28615274234693877
1W28EYHZK3kffphaNlaki0b5R1CbDNCtd,sago_palm_1179_aug_00230.jpg,4683,0.09333147321428571
1BzSv9QjALRhoNVAhrCPwPPKAB0lxHIwh,sago_palm_1004_aug_00229.jpg,5533,0.1102718431122449
1aT05EsAuemBl43Qvq8k5BumyFYYyaMpb,sago_palm_989_aug_00228.jpg,5429,0.10819913903061225
1aEx_Znr3x2KLNpri25EjxOxxySGhzf_h,sago_palm_388_aug_00224.jpg,15750,0.3138950892857143
1O06z13-FlmCEf73Dv0SQw2AL1UwHroWn,sago_palm_1142_aug_00225.jpg,5645,0.11250398596938775
17PYrQjFSYjdw6p1__ld9_-fUDOIPOM10,sago_palm_1367_aug_00227.jpg,13296,0.26498724489795916
1Ff8mQuACd-6JPlzhJuHhz6lK0eGiZbvt,sago_palm_919_aug_00223.jpg,4365,0.0869937818877551
1WT5Zr2ceCXKOZ_a-rgMobdT7bRnsRdp7,sago_palm_137_aug_00222.jpg,8286,0.16513871173469388
1vO-DqzqOiru3UqLekZhi9CX7CFNeSzdz,sago_palm_1389_aug_00220.jpg,3959,0.07890226403061225
1MZgh9dUyig2MlHGx_tth6bSbBel9vdUa,sago_palm_974_aug_00221.jpg,2015,0.040158641581632654
1Q-exr73HZM1UqXiyjT5yCXy7kvS6kwhE,sago_palm_521_aug_00217.jpg,12040,0.23995535714285715
17asAcVbbURUAKOBd8alDzz80q7pQX7cV,sago_palm_931_aug_00219.jpg,9221,0.18377311862244897
1VUcGRz9cIdT8mj32ZUBlStSIGXwTFg-m,sago_palm_1375_aug_00218.jpg,12281,0.24475845025510204
1IYKYM_QGQEYLFICdE3sfiFKgJQTmmNNn,sago_palm_1103_aug_00214.jpg,4571,0.09109933035714286
1qir0J4OwfIuSr6fuavwjX1du_KIJPXLb,sago_palm_725_aug_00216.jpg,6155,0.12266820790816327
1F5P9l_3GnhRT5k3OoJFiVcdvgvewDuS0,sago_palm_1452_aug_00212.jpg,1637,0.03262515943877551
1lAeEMxpVimuEJ4rlaR94o8lNhq3UzzBG,sago_palm_1179_aug_00215.jpg,7295,0.14538823341836735
1wPbHIDu_EgkVOafjZpuBCYdCDzGcEns7,sago_palm_831_aug_00211.jpg,4331,0.08631616709183673
1_gBYt2LqM2BAQKmp2hHTxvTv-vVvpDVU,sago_palm_10_aug_00210.jpg,12011,0.23937739158163265
1mLAeTu_PM_x4PrV8WUJ5MQhQwF19wAYA,sago_palm_1423_aug_00213.jpg,5942,0.11842315051020408
1yNmhsa6VpnqE7Hpfo5MIDKbGeGe2QMxi,sago_palm_1197_aug_00209.jpg,2090,0.04165338010204082
1CdrV6hNQEUjf_r2bHxokHUv1uxL0wc8Q,sago_palm_1197_aug_00208.jpg,5137,0.10237962372448979
1AdcIk0GC8EXY17H1P1FuH1SkpN0ZhV9L,sago_palm_1183_aug_00206.jpg,6322,0.12599649234693877
13p7skPH9sVl1WbT-Gf104wb3VxOPRkRv,sago_palm_1397_aug_00205.jpg,5233,0.10429288903061225
1JeUGaKNhWzDF4tbvYtODk6lj_-ebeBOc,sago_palm_1289_aug_00204.jpg,13787,0.27477279974489793
1u-42BiKfS3USti4ZMOverUcwA3zCkNwY,sago_palm_137_aug_00207.jpg,8852,0.1764190051020408
1QFP9kAptZGrnzXbcobXLAMoLEhlUK6Ki,sago_palm_1235_aug_00202.jpg,12193,0.2430046237244898
1otN6SBUIBVAtLbWBZ6lslr4MbL7X2HcN,sago_palm_1127_aug_00203.jpg,12124,0.24162946428571427
1r31-_9BFKuNZ2z2y95caivjndKNyuz9L,sago_palm_1219_aug_00201.jpg,15894,0.31676498724489793
1NMA0lunXwm9rbQSvSXpb03r9bamj9Cxq,sago_palm_565_aug_00200.jpg,6577,0.13107860331632654
1aIpq_XZ-fdMUFSsCeri9dU8B023ZoYY7,sago_palm_1321_aug_00198.jpg,3507,0.06989397321428571
11S35LZWAG546iHrYP4pPjc1mFENAf5Ms,sago_palm_594_aug_00196.jpg,10546,0.21018016581632654
1UziocbVPUaZJbv6KciL0g8asRpztwKMe,sago_palm_1157_aug_00197.jpg,12741,0.25392617984693877
1UHwlyzHASaaAWrx3oahmoZo5SyBF1bjt,sago_palm_1195_aug_00192.jpg,3762,0.07497608418367346
1F_iSVNiqz1-CQpQdyTPZ2_RhuOOKwYXd,sago_palm_1007_aug_00194.jpg,2290,0.04563934948979592
1tn2TeKt6O6wv6nPuybu1DDb8LlUd3bDp,sago_palm_1459_aug_00191.jpg,1026,0.020448022959183673
1YFXbfq9yz9wXZBuivoTcEgXomxN1SYRd,sago_palm_1165_aug_00193.jpg,2528,0.05038265306122449
1QiH0Ij6yVW3mhPaW_VlPte-mlRO3T2qV,sago_palm_1316_aug_00190.jpg,5016,0.09996811224489796
18zJ56nuq7Mgi0Kf3cJybPpdoeM-X9sx2,sago_palm_1149_aug_00189.jpg,3706,0.07386001275510204
196gwAnbZ2E7KR8uC525wcT0c2CdF5PcY,sago_palm_704_aug_00188.jpg,6013,0.11983816964285714
1NylQPe0oOvOU3jlcP8d7r2qSs6Bf528X,sago_palm_1248_aug_00183.jpg,8338,0.1661750637755102
1mv_2QLf1uqL_LVjS4er10bcSRO0m13M3,sago_palm_1475_aug_00185.jpg,2344,0.0467155612244898
1SnmMO5_-g-3f3_64F5fA0U4CJV4Ep6gq,sago_palm_1219_aug_00184.jpg,14664,0.2922512755102041
1aJeDXkVvQMLFEhnGNadF8QUOn8s4sK39,sago_palm_992_aug_00180.jpg,5285,0.10532924107142858
1WdqCWNuywsp-BS9OuwwTP79oKQnCPMj2,sago_palm_1165_aug_00186.jpg,2309,0.046018016581632654
1e8YYlr_aKra4mnRHUKIx2Z0IRiaVPZhA,sago_palm_1355_aug_00187.jpg,6559,0.13071986607142858
1pnhwjGYMR3qQPCgTwMosI8cvnS37KVSt,sago_palm_1054_aug_00182.jpg,2340,0.04663584183673469
1xudIxlyIvpu30fzoxXF3POZiiiTGyWWN,sago_palm_519_aug_00179.jpg,14031,0.27963568239795916
14FjFis9MZZe8e6mranhxXmuu1t3IPj4J,sago_palm_1187_aug_00176.jpg,6381,0.12717235331632654
1SNOsHtZsLldNOcFHTjjCxQaZRwIm7aBA,sago_palm_119_aug_00178.jpg,12826,0.2556202168367347
1ce_ywIUnrtM7QW7Ha0S8lOM5KXZS5G0B,sago_palm_873_aug_00177.jpg,1922,0.03830516581632653
1_0EqcvalTEF6SzjoIVWDCiIu4J_OLvAG,sago_palm_348_aug_00174.jpg,14573,0.29043765943877553
19HJ8I7HwHAaKbilwyvQjpkq3P6SBTlyB,sago_palm_237_aug_00175.jpg,16212,0.32310267857142855
1i80dANVB8yCSqTDcoE5aW73zhHaR431E,sago_palm_1375_aug_00172.jpg,16350,0.3258529974489796
1MVZF_SMG3Bc8NAAbjerQGBjRCQkekdRa,sago_palm_964_aug_00173.jpg,2378,0.04739317602040816
1O5ofgF7ZZdMuTEoKmOP3gjF64wVgRIhF,sago_palm_639_aug_00170.jpg,532,0.010602678571428572
1vDy_17lnYJ8sXRyp-EhF2vD2EUuilHzM,sago_palm_21_aug_00171.jpg,12774,0.2545838647959184
1wISAltzMN4GfKrD4ZFaG8V0qvsLBJEN1,sago_palm_1262_aug_00169.jpg,12538,0.24988042091836735
1VI2sCGJjEXu12dE3ZrSn_HYuI4RWTk3B,sago_palm_619_aug_00168.jpg,3351,0.06678491709183673
1rRrbhgwnatxtx7lAP-izmgvlghaNA6mq,sago_palm_789_aug_00167.jpg,7085,0.1412029655612245
14VfNNTH8lkGRjZLA-Obh9yCB-eFfM3OS,sago_palm_577_aug_00163.jpg,6620,0.13193558673469388
1xasfTenskru9IwsUOeSQKaVOJ-mXbaB8,sago_palm_819_aug_00166.jpg,4959,0.09883211096938775
1iZXeBiGJNRl_mu1ynSxa6IklgHdAiOoF,sago_palm_705_aug_00162.jpg,4351,0.08671476403061225
1NXv52XAG8oiaEx_7lUEif43xqKZnrzsm,sago_palm_1079_aug_00160.jpg,1491,0.029715401785714284
1QUGrbqrNe2SKIkJ3GZZaD1XtdwwEFMuo,sago_palm_919_aug_00157.jpg,8124,0.16191007653061223
1fxTJGJ-z4GPK4egD2tLD0OTsJho3EUh7,sago_palm_1397_aug_00156.jpg,5088,0.10140306122448979
1rvA0UFvfl1ELEREHNp827tp6LIP0IZDz,sago_palm_711_aug_00158.jpg,5355,0.10672433035714286
1q259CW9f9Ei2-F0MzWudesNYUSRjtF-j,sago_palm_725_aug_00159.jpg,5410,0.10782047193877552
1ZohmEukreS00ikBwXyoIJlrToFJ31pe-,sago_palm_711_aug_00155.jpg,6477,0.12908561862244897
1WIVDgCQUDgYfhhEs6BAwU-k6cn6RCy1i,sago_palm_464_aug_00154.jpg,13557,0.2701889349489796
10O692fhX_hu67owmgm3XfWNaY5yaTre5,sago_palm_1015_aug_00152.jpg,3853,0.07678970025510204
16S8J6eCUzSyBtn0E3CuUgzWgt_r80oQt,sago_palm_1071_aug_00150.jpg,15015,0.2992466517857143
1RSRWWyFBeCuzDQn7Z4vdsZP5jzKsD1OX,sago_palm_1254_aug_00151.jpg,4000,0.07971938775510204
1IDVw073ShwWpDsXX5LvZZUc976UifY_u,sago_palm_569_aug_00149.jpg,17066,0.34012276785714285
1Cn_1rRYL6G6mb5EqlpN1ESlDLoFOxplX,sago_palm_1183_aug_00148.jpg,3213,0.06403459821428571
1_Fldm9QeTn10rUSrsXkka7hiWeUJNKIa,sago_palm_1085_aug_00145.jpg,3756,0.07485650510204081
1ZzyTVVhzfHEsMA3cnRHzoGjSWiBFV9iA,sago_palm_886_aug_00147.jpg,7365,0.14678332270408162
1F1pxduryCPYWIiU4m57UkMKfIPpDGHqn,sago_palm_578_aug_00144.jpg,13941,0.2778419961734694
1DmiHvFiMD5IoNKF5EsYwHGBQwo5slUuw,sago_palm_831_aug_00143.jpg,3256,0.06489158163265306
10CLgMsFDWL5oCj5tkzyuNVUS5dFpsMiO,sago_palm_867_aug_00142.jpg,5812,0.11583227040816327
1yUWe5ZerrPghuV7hvqHoGRnsyDxeWHi2,sago_palm_225_aug_00141.jpg,11648,0.23214285714285715
1-TEPf_ewJMdwYjBMugEp2bvMezxDqmOr,sago_palm_481_aug_00140.jpg,12551,0.25013950892857145
1J0Opw-qvq_m9MY2GrTsrGaGGNIl97oVz,sago_palm_1466_aug_00139.jpg,5790,0.11539381377551021
11LpYgA2BI3oT4ZnmmUc5x8CO8HsmTpjg,sago_palm_1106_aug_00138.jpg,409,0.008151307397959183
1ntDOJgGIVeUcvXQyxzZQSdS_yFpPDlHt,sago_palm_519_aug_00136.jpg,11508,0.22935267857142858
1j1xrlArtH2Vhcm4FEbxyVY7nwNWdrl3A,sago_palm_134_aug_00137.jpg,15040,0.2997448979591837
1o-M1yXGYPGb2dlloZcjsQK-y19o7QTVp,sago_palm_1058_aug_00134.jpg,7054,0.14058514030612246
1-yiAJO0-TVtcYi2-9qjh46IfZzglh0gr,sago_palm_964_aug_00135.jpg,2835,0.05650111607142857
1hy6uWYAZqIHFDWMDrgEskdjTY7x5umVN,sago_palm_335_aug_00133.jpg,3388,0.06752232142857142
1-ZUqqHYbKE6hwXdnS6a_pIrZ75DxcFoe,sago_palm_996_aug_00132.jpg,5844,0.11647002551020408
1545Md5yt0hkhdeaDFD6_0_P7r3x4A1VP,sago_palm_1375_aug_00131.jpg,16119,0.32124920280612246
1M-Pldp-wFnclD6NUI1WstKwYPAKB1RSR,sago_palm_689_aug_00129.jpg,14794,0.2948421556122449
1yfehYvKgNV2y-ML-J4TWn5IVVVku-0C_,sago_palm_808_aug_00127.jpg,1966,0.039182079081632654
1YSGhF-Vc2IKVc9Scl2qeKTPA6snBgujc,sago_palm_1341_aug_00128.jpg,5545,0.11051100127551021
1q93U9sIgq8Ce4wQ_vwRIuw0f4v7kUvIg,Rough_cocklebur_185_aug_00372.jpg,8268,0.16477997448979592
1m04nFhpBA2SYJ2r0se9wdoX99ZI0QfRK,Rough_cocklebur_73_aug_00373.jpg,8702,0.1734295280612245
1xnTvuQYiml-eaRC0hZ5CsrzGcn4MvMPg,Rough_cocklebur_257_aug_00371.jpg,10463,0.20852598852040816
1XuRgCuD_igEYP0gd93fmQjYbVbx7bVEJ,Rough_cocklebur_498_aug_00369.jpg,9478,0.18889508928571427
1YxxEXMLl3n16PLL2mcqBcK9KHTapck9w,Rough_cocklebur_413_aug_00370.jpg,10676,0.21277104591836735
1Vhp2kpwYp8JC55KZ-B17-zIo4P9EvMP0,Rough_cocklebur_287_aug_00367.jpg,10128,0.20184948979591838
1WnTp7QWLqNGBnyL3uHuXx39rpIi6g_41,Rough_cocklebur_318_aug_00360.jpg,11793,0.23503268494897958
1AZn7OwfjL3EKdxRwN-deTLBz6NcTrQSi,Rough_cocklebur_196_aug_00366.jpg,10818,0.21560108418367346
1yxny5akfaYhy5PWaQnmqhgZZihOe0JRU,Rough_cocklebur_357_aug_00364.jpg,10489,0.2090441645408163
1asWnk3IFnhpKNmS5EbcklXm8YHLY0Wfs,Rough_cocklebur_289_aug_00361.jpg,8790,0.17518335459183673
1aEi8l4BxMNUPcdBpVgFXZnwYcsqiG103,Rough_cocklebur_511_aug_00363.jpg,9286,0.18506855867346939
1MrJPelS6esYwconc4jWWNBy5ChsIUWDQ,Rough_cocklebur_124_aug_00359.jpg,10510,0.20946269132653061
1Aawy5zmavmwETXTZ5tBqbGXnCI0Inepe,Rough_cocklebur_490_aug_00356.jpg,10931,0.2178531568877551
18E-nRipL3DHZVIhSQkalXjbCsjPlEek5,Rough_cocklebur_168_aug_00358.jpg,12809,0.25528140943877553
19oGrIuirQjH-oMkXrOHU3Q2bMwYQUylS,Rough_cocklebur_302_aug_00355.jpg,10853,0.21629862882653061
1wrCrAefvA71Cjy_jgkeVouN0YaawQpWe,Rough_cocklebur_230_aug_00357.jpg,10495,0.20916374362244897
1IMERghw46fyugG3xU24Pv1TJzTY7oHG6,Rough_cocklebur_115_aug_00354.jpg,10138,0.20204878826530612
12lDExr4XqCym8maZJ2DNFJnnh_Ki_GGX,Rough_cocklebur_264_aug_00352.jpg,10055,0.20039461096938777
1Spe5_4VRLVtci9ff1dOy53XGjalsvalk,Rough_cocklebur_460_aug_00353.jpg,11228,0.22377232142857142
1kgRZCsulCgqgyNMIKt9Y8kLktDbva27a,Rough_cocklebur_172_aug_00351.jpg,8323,0.16587611607142858
1YvcWzy5WVtB7iiJ9-qafnzsVr64zobV7,Rough_cocklebur_511_aug_00350.jpg,5550,0.11061065051020408
1HWFmcA8A-B30WRsiK9_X5s0d7eI0U4NI,Rough_cocklebur_279_aug_00348.jpg,11142,0.22205835459183673
1WzktJ5nsJPJT-lpCHCgFUjPdAp2T8QTy,Rough_cocklebur_204_aug_00349.jpg,10042,0.2001355229591837
11DF495ti0ubnW6RgB29G-IfhUxnaQ1Fu,Rough_cocklebur_457_aug_00344.jpg,9742,0.19415656887755103
1tt5riHlTGy7mjHPMYoHMbMdcykunWE3J,Rough_cocklebur_85_aug_00346.jpg,10734,0.2139269770408163
1pJFFH3UHR3VUyeewjGBIlEhzVa2WplHT,Rough_cocklebur_85_aug_00347.jpg,10478,0.2088249362244898
1A2wHjNSzpWGxWHNQlFLpkD6vxdV0q1Mz,Rough_cocklebur_168_aug_00341.jpg,11106,0.2213408801020408
10iaCRsPrGzeqZ4wEskteqDnFnlnCK-nd,Rough_cocklebur_176_aug_00345.jpg,11385,0.2269013073979592
1dHOrEdaqX0RLFSOcHR0bhzt-I7NDvhqi,Rough_cocklebur_415_aug_00343.jpg,9711,0.19353874362244897
1RxXjO2Z7dElEigH8K7WLYw_dk4xw9jn-,Rough_cocklebur_217_aug_00342.jpg,10100,0.20129145408163265
1diVTQ1famR51hABDyqErCfGHwy2fQZ5H,Rough_cocklebur_193_aug_00340.jpg,9784,0.19499362244897958
1RFDTmAIhvJYSEd3pY05PGYS19dB2Zaef,Rough_cocklebur_258_aug_00339.jpg,9092,0.18120216836734693
1wjyt1ILsT8u9OmAjVVQKuU8dsYUeawnh,Rough_cocklebur_511_aug_00338.jpg,10612,0.21149553571428573
1EmADCGTUdlf0whTTXn8gKLjI3RcgpNfw,Rough_cocklebur_318_aug_00336.jpg,11128,0.22177933673469388
1z3nXTYMye3_yTte4J4rdH4FH0NwpRqC7,Rough_cocklebur_356_aug_00337.jpg,11526,0.22971141581632654
1o02QyLw9xnWGsuS6g_oEhpXq_2kcOV6y,Rough_cocklebur_170_aug_00335.jpg,7825,0.15595105229591838
1Id6BWOFuX5GHyQBnY3Eg3r4DADYp1UHk,Rough_cocklebur_56_aug_00334.jpg,9067,0.18070392219387754
1Piy4Ngr3RKzJV5QODkUSc1CTbx0QrTvP,Rough_cocklebur_62_aug_00333.jpg,8729,0.17396763392857142
1IYZ9nXO50D8W-BH2dYafnjQMxFAZcnhH,Rough_cocklebur_333_aug_00332.jpg,8904,0.17745535714285715
1EOBbIRYMt4py208Zpp5zLLmhmdQ7h3du,Rough_cocklebur_318_aug_00331.jpg,9680,0.19292091836734693
18B-w4UP03ujTgUn96qHIgS2KHeUmBMKd,Rough_cocklebur_96_aug_00329.jpg,11129,0.22179926658163265
1WLebWTbZZVIjs7rcWEhD4ITLNdMFDPFy,Rough_cocklebur_415_aug_00330.jpg,7327,0.14602598852040816
16e5r-DP_4qiiByxcwtJSOxKMoAYN4Lsg,Rough_cocklebur_248_aug_00328.jpg,11588,0.23094706632653061
1xY35lvbOIcF3EHoypE36gTn4OA4JUbH-,Rough_cocklebur_204_aug_00327.jpg,8513,0.16966278698979592
1UJ2R43wpRDZNWSD1_1PjSTvfmLEzRd97,Rough_cocklebur_406_aug_00326.jpg,10170,0.20268654336734693
1AH1ppmMI7MBnQg5E54dJ5_tc24Bgrzfb,Rough_cocklebur_339_aug_00325.jpg,9487,0.18907445790816327
1Nfc8lCBKyi5TGN4X-m1uOe6-R44u4fGG,Rough_cocklebur_44_aug_00324.jpg,9867,0.19664779974489796
1c3wLMNtPrkTCJwRK5l4QeUKR1gecluMs,Rough_cocklebur_199_aug_00323.jpg,8943,0.17823262117346939
1hs9KDnc9FPV2Ucf82g7Po8uMLAlPgUj3,Rough_cocklebur_44_aug_00317.jpg,10029,0.19987643494897958
1gSn7lUklqCetukWCo__wwpUjYim-CmKZ,Rough_cocklebur_279_aug_00319.jpg,10174,0.20276626275510204
1DY5WCM3xyaHGMd7BhkzlArejp_M6C9d6,Rough_cocklebur_464_aug_00322.jpg,8216,0.16374362244897958
1uDsd8aQfFPJMLP0za16410ghVBbJdbVx,Rough_cocklebur_311_aug_00320.jpg,10805,0.21534199617346939
1v4q75TePg3mAkbt4kuMc6fqTBzXdKkiD,Rough_cocklebur_406_aug_00318.jpg,11148,0.22217793367346939
1W0V8xbyWnh770GkUjZvavFBAOrlafQ7F,Rough_cocklebur_279_aug_00315.jpg,11002,0.21926817602040816
1R0dhFv6vvz5J2190y1oR2oX2PXtkPToF,Rough_cocklebur_417_aug_00314.jpg,7870,0.15684789540816327
1kUqAd6g_IFTnEvpqQNY62p0WAk8Kbx2U,Rough_cocklebur_381_aug_00313.jpg,9804,0.1953922193877551
17mdL8R2dBSAoQWIq8PlI9D6yZKgD3Pbo,Rough_cocklebur_70_aug_00312.jpg,8354,0.16649394132653061
1ijWA3IJVRr3oxiezjFUzy6FOu7UdxACz,Rough_cocklebur_328_aug_00311.jpg,7948,0.15840242346938777
13OiMLQ67exUdHMZNSBxVKE1T4MT_eozL,Rough_cocklebur_59_aug_00310.jpg,1882,0.03750797193877551
1nj_kmZEfREoQi2LdWo0hqAcZKzzq1A3F,Rough_cocklebur_115_aug_00307.jpg,8827,0.17592075892857142
1v9YXLB2naRH_ZmCP5nSf9SKx6GXyGTZX,Rough_cocklebur_357_aug_00305.jpg,10369,0.20665258290816327
1ffWYB34GOgpCpTx6yxqhN1VzxYr6DhnF,Rough_cocklebur_141_aug_00306.jpg,11541,0.23001036352040816
1i-XbeaSRmD4nPe976171RSqm1GLoxAKo,Rough_cocklebur_122_aug_00303.jpg,11677,0.23272082270408162
1hHxNLykCSa7wGcak_flZbIgadjpbfEnC,Rough_cocklebur_413_aug_00302.jpg,6089,0.12135283801020408
1xITYmFN2q-47N70S-v5lvc_wFCrt7mqc,Rough_cocklebur_371_aug_00304.jpg,8638,0.17215401785714285
1llKTwvGoEs1qJ96qIV63YgkHoq9MZkz2,Rough_cocklebur_47_aug_00301.jpg,6659,0.13271285076530612
1K_PlmMo0unKjwvQPabGZZp-2tXrLigM6,Rough_cocklebur_193_aug_00300.jpg,8399,0.1673907844387755
11Fs9S4Vbym56ZXHXvl5GkL6ZTBOpE1jz,Rough_cocklebur_502_aug_00299.jpg,11306,0.22532684948979592
1VuXkKsbNt2XkFurCs8v1ZhZpBBebsV1M,Rough_cocklebur_371_aug_00297.jpg,11694,0.2330596301020408
1MrnFTU-9G3KGuez6o1WNvbOfVNuZheI4,Rough_cocklebur_158_aug_00298.jpg,10489,0.2090441645408163
1GKKtq277bp8wGvjeHs2feLsPhm6IhIvy,Rough_cocklebur_473_aug_00296.jpg,6893,0.13737643494897958
1oHpfgLLO04N30m5NVcDsy0EWIcBU1X6M,Rough_cocklebur_279_aug_00295.jpg,9766,0.19463488520408162
1sFslh_TiEpT3gbbQ_-FehxXgiVtzThob,Rough_cocklebur_135_aug_00293.jpg,10991,0.21904894770408162
1lShglQsfyUzTjr5ocY7nVXxgoiZ379xg,Rough_cocklebur_371_aug_00292.jpg,10027,0.19983657525510204
1rPYJ8eFbblMdg5aISeKtLJ2cu2ThjNJy,Rough_cocklebur_1_aug_00289.jpg,7538,0.1502311862244898
1pac3ptRNppv3RJFuTvBRrUz7qUMcSlO6,Rough_cocklebur_1_aug_00291.jpg,11413,0.2274593431122449
1rtFV9ABbaM0_tjjzu1SSvXwKqdTYmusF,Rough_cocklebur_275_aug_00290.jpg,7002,0.13954878826530612
194JDQzbSTAbvRVR76vVHDAvCgGlxQW7G,Rough_cocklebur_196_aug_00288.jpg,10245,0.2041812818877551
1e9foodfxWUP0uylw19TIZfomQvH3QPas,Rough_cocklebur_264_aug_00282.jpg,10282,0.2049186862244898
1Tsta7s61i5U9xvaPvtchDxDOfFOaCpk-,Rough_cocklebur_15_aug_00286.jpg,11725,0.23367745535714285
1nSO3tL5nrSwQIYql3ASbo7ilCjyVmZ2w,Rough_cocklebur_56_aug_00285.jpg,9872,0.19674744897959184
1R3rIkROulIlERyjw_tq9-mc57FmFpnlt,Rough_cocklebur_168_aug_00284.jpg,9676,0.19284119897959184
1zxBFmYAb9od0u3ywmRHQsbJ-YDU2P5w1,Rough_cocklebur_241_aug_00281.jpg,11180,0.2228156887755102
1qtMrnhbeDf1n5Uh5wED6_yLrBs7AakSo,Rough_cocklebur_122_aug_00283.jpg,10108,0.20145089285714285
11O4UKCq8yJMa7HBdmoGr-Djtd0zqKHe8,Rough_cocklebur_453_aug_00279.jpg,10604,0.2113360969387755
13hQRPSJr-OchgF57eK0p1DJSKBshRt3t,Rough_cocklebur_70_aug_00280.jpg,10373,0.20673230229591838
1bC7SthcOAfK6zyZm8Oz61QP_szCZDaf-,Rough_cocklebur_174_aug_00278.jpg,12402,0.24716996173469388
1JhSm2f_niAsZhWx0h05Tkg-bNk13FQtC,Rough_cocklebur_409_aug_00276.jpg,11213,0.2234733737244898
197seCLxOuR3wvoriIladEcEMOgWcb6oS,Rough_cocklebur_453_aug_00277.jpg,10654,0.21233258928571427
1KDw4hbCL9faOAT83JQZOscc4wtzilA1z,Rough_cocklebur_115_aug_00275.jpg,10876,0.21675701530612246
1VBzDdrzh3ptU3YujdQbKr2ehig4Ac7J1,Rough_cocklebur_356_aug_00274.jpg,11238,0.2239716198979592
1J8Id1zmWV6WgSH4CzcXvi0b3TpncTA2u,Rough_cocklebur_351_aug_00273.jpg,6938,0.1382732780612245
1wVMPxbu1nWqBUZOKb5EeBQXwludOxH4K,Rough_cocklebur_289_aug_00272.jpg,9812,0.1955516581632653
10UlGfASfZvtWO7PN5F0VidAGziOQmAC5,Rough_cocklebur_138_aug_00271.jpg,10599,0.21123644770408162
1a7GrGyDuIf5ki-153bZpRpFpFedkTDQ4,Rough_cocklebur_135_aug_00268.jpg,8683,0.17305086096938777
1NYZ5F_RK-Buag_0Bz7hSRgnm25WMPFKg,Rough_cocklebur_44_aug_00270.jpg,8592,0.1712372448979592
1aA7RxRdrosY6yj7iwj7o4I-1dqaEz0MZ,Rough_cocklebur_238_aug_00267.jpg,10758,0.21440529336734693
1RvH5wwdYDauxzMJ0YriSxIfvoT7hN3LM,Rough_cocklebur_172_aug_00263.jpg,12827,0.25564014668367346
18-Y49cR-nKz5vlEW-3K9T-0TsHs9oiqE,Rough_cocklebur_85_aug_00266.jpg,10418,0.20762914540816327
1Bu4JZHAO_IREySCahO1fV0-Czhdeic9f,Rough_cocklebur_217_aug_00261.jpg,8693,0.1732501594387755
1Am5cX1uBeNySMLn4rBJsdXBuyOgodisb,podocarpus_neriifolius_453_aug_00453.jpg,10520,0.20966198979591838
14PszrA-GAieGL1_LUTy836wOnRkdv_on,podocarpus_neriifolius_69_aug_00451.jpg,9808,0.1954719387755102
1Tod-YldlQfKu0G9ArGezIkrPzQp0739g,podocarpus_neriifolius_300_aug_00447.jpg,12453,0.24818638392857142
1U2uc743Dnm0CscvCM0UfLC6_dM47xoAm,podocarpus_neriifolius_607_aug_00450.jpg,9813,0.19557158801020408
1TUoGVbdHm28ISH36k3JD6BXQvlzoXoJK,podocarpus_neriifolius_354_aug_00446.jpg,8537,0.17014110331632654
13cs0yXJBMajUMbujeoD62wphB2G7GgXs,podocarpus_neriifolius_278_aug_00449.jpg,11633,0.2318439094387755
1UCGaJ8RsmOAosCVGY-DZGaP3mh8Ity0q,podocarpus_neriifolius_438_aug_00448.jpg,1774,0.03535554846938776
1m0qZkVCt73KHdX78_ZnK-JO7e-D002Q5,podocarpus_neriifolius_529_aug_00445.jpg,12490,0.24892378826530612
1GaR-1mJl9WqO_3LD4zIahq3EfBqOtzQ-,podocarpus_neriifolius_433_aug_00444.jpg,11639,0.23196348852040816
1FdNEgqjZVhNClI_Gf3kR1aGMzxNIBLvr,podocarpus_neriifolius_306_aug_00442.jpg,10908,0.21739477040816327
18lX3j5cdNKWkvmf3XuoLTfkw-_x5fBgK,podocarpus_neriifolius_438_aug_00440.jpg,9741,0.19413663903061223
1JP5G3qYlXqofuCy1ln1A82h18l6bMxfb,podocarpus_neriifolius_170_aug_00441.jpg,11256,0.22433035714285715
1ulr67tBsJCLUUTWxMGj5T9_3TMIe0oqj,podocarpus_neriifolius_438_aug_00438.jpg,5015,0.09994818239795919
1jt8hbH11VskKEYDsseWTE9LoYlzCYoHF,podocarpus_neriifolius_111_aug_00439.jpg,4602,0.0917171556122449
1el0ZsJ950tmlDitm-GyPvJU8jpKFM-ys,podocarpus_neriifolius_354_aug_00436.jpg,10024,0.19977678571428573
1G6tMEd2qQ4st8Kdq00hWqZ-z9HMPYzpf,podocarpus_neriifolius_361_aug_00434.jpg,2596,0.05173788265306122
1mA0xX_VH1as0h_tpgL-bVpRkqNFThrvk,podocarpus_neriifolius_40_aug_00435.jpg,12117,0.24148995535714285
12XDChUKuJ1tcfHIGCRx8ZOidPHZsGsTE,podocarpus_neriifolius_278_aug_00431.jpg,11216,0.22353316326530612
1hndfEydN1pli0AdavRY_tfox-SMKRlte,podocarpus_neriifolius_40_aug_00433.jpg,8566,0.17071906887755103
1Mk9B6JhFhks1o05uBwZShAC3lHm-Ns9n,podocarpus_neriifolius_220_aug_00430.jpg,3808,0.07589285714285714
1q_pcuqqTRGtlzEXDoBvRT7kP8UtZIsuc,podocarpus_neriifolius_403_aug_00429.jpg,10985,0.21892936862244897
1eOj37B_Klao9L6GInwwTb4ygK7Vfj2Rl,podocarpus_neriifolius_278_aug_00426.jpg,11322,0.2256457270408163
1rHg93HrHiDMmSq0BoBSIbeso7b5i0Pxy,podocarpus_neriifolius_47_aug_00423.jpg,5365,0.10692362882653061
1t4uQiZfu6bYU56bj7declE5sze2sARvY,podocarpus_neriifolius_220_aug_00425.jpg,11701,0.23319913903061223
1nyFYy9ArFw3HHZrUgEDdKZJ1F1p6AV3A,podocarpus_neriifolius_564_aug_00424.jpg,10559,0.21043925382653061
1_cRnahTfXsOHdS_dqvwmCEupit9pX8ni,podocarpus_neriifolius_306_aug_00427.jpg,7244,0.1443718112244898
1LUjs9DtAmDuwuD8uaqaDyEcckqke0Ibl,podocarpus_neriifolius_453_aug_00421.jpg,12416,0.24744897959183673
1DlXT7FEom2pVdg0DEjf-E9J5LUU5Y5Zi,podocarpus_neriifolius_361_aug_00422.jpg,10227,0.20382254464285715
1DUIRwlO82HYZ_nuGIvuGJ1Y_gVDvnV0m,podocarpus_neriifolius_47_aug_00420.jpg,10440,0.2080676020408163
1A2FH-vZxLY3fmQs4xI-QsRedyO5_0hZ1,podocarpus_neriifolius_486_aug_00417.jpg,12252,0.24418048469387754
1YEQ0w9xywJvjpvdTNcPR1srpclaa9vKz,podocarpus_neriifolius_306_aug_00415.jpg,12444,0.24800701530612246
1thN__92pTH7EUkS7ND9TNznhAySOGjrU,podocarpus_neriifolius_486_aug_00418.jpg,9769,0.19469467474489796
1wzkljJQOrPhapqtGrQPm2bdE9SFq4bt9,podocarpus_neriifolius_453_aug_00416.jpg,7116,0.14182079081632654
1Ge9-RRAVwICjkeVkyosemrbUgY7WcmtX,podocarpus_neriifolius_579_aug_00413.jpg,9786,0.19503348214285715
1uvKkLniPMyfSVMT76SlErF93C8TOBhU-,podocarpus_neriifolius_564_aug_00414.jpg,8689,0.17317044005102042
18Ld80m6M4nVRVJFTfaw587CI-mjxP4VK,podocarpus_neriifolius_453_aug_00411.jpg,9770,0.19471460459183673
1CLW5TQHgxFpcg6Wr_0cIJWnDCZivTnhN,podocarpus_neriifolius_155_aug_00412.jpg,9276,0.18486926020408162
1HTtDsaj9GSsUdXYxZDReFcLJLaw6ERuO,podocarpus_neriifolius_499_aug_00409.jpg,7390,0.14728156887755103
176lMct2V4wY7Dc-_CS281otTu-qSmXG5,podocarpus_neriifolius_170_aug_00410.jpg,7464,0.14875637755102042
1MRT7Yok8R_g7NGhThMpbJNw-aha1n1KT,podocarpus_neriifolius_579_aug_00407.jpg,12297,0.24507732780612246
1jbzdbTjM3KQcRp-YMseb9-4EJ3vbNp-P,podocarpus_neriifolius_337_aug_00404.jpg,12533,0.24978077168367346
1DfBF-OoI5eiH13R6sjePApQhE5JuYPkH,podocarpus_neriifolius_433_aug_00406.jpg,13147,0.2620176977040816
1TTxJa-Kl2m6w0KWItfOXZet4ObGrFcat,podocarpus_neriifolius_12_aug_00403.jpg,8474,0.1688855229591837
138_EM3GSv2Ik0S4kYdKUETwUZtpMc9QS,podocarpus_neriifolius_220_aug_00401.jpg,10485,0.20896444515306123
1MElhOqCBk-OHNZoYFBFst43mLxrHPvKP,podocarpus_neriifolius_24_aug_00399.jpg,4788,0.09542410714285714
1TTZlUpjn6S0xGWjXz67qxUXjrxbswzf4,podocarpus_neriifolius_361_aug_00402.jpg,11131,0.2218391262755102
1kIUudNi4hQvviLAFSLWIoCt50y4ZAUe5,podocarpus_neriifolius_438_aug_00400.jpg,11540,0.22999043367346939
1TNnNRVxOkjxYMxEqKw80aQc2bFkJnpSO,podocarpus_neriifolius_470_aug_00393.jpg,10688,0.21301020408163265
1J4-WqsCPVJJfOr_cr2K133SXzy0yrd0m,podocarpus_neriifolius_24_aug_00396.jpg,12025,0.2396564094387755
1H0RVHWAp5SrcXg1ADQCpp9smMSjrWnDT,podocarpus_neriifolius_323_aug_00395.jpg,9994,0.19917889030612246
1_EhdPPZcBmNKMZIm6L-zmjXEstXDuvQC,podocarpus_neriifolius_139_aug_00394.jpg,10680,0.21285076530612246
1h-b9PS8TG6hGow3IwoiqQQu8XUnl4Abl,podocarpus_neriifolius_180_aug_00391.jpg,13815,0.2753308354591837
1aGLu83L-LAf12ittnx9hEdsc1XhneG8d,podocarpus_neriifolius_403_aug_00390.jpg,11044,0.22010522959183673
1vgABAhq9IBuQNYcuaIHadwdqJAxW7Pw5,podocarpus_neriifolius_579_aug_00392.jpg,10174,0.20276626275510204
1X2kuy4ePYHrnt9sm5LTEf9qcOBMzf2zp,podocarpus_neriifolius_470_aug_00388.jpg,13425,0.26755819515306123
1pcJ6iLN_jBgE9V8nmXIFoxdsNxiLrg6-,podocarpus_neriifolius_354_aug_00389.jpg,10958,0.21839126275510204
1Vl6B2Qw-gjueDxi2Z_OzqI_ESLOLa0ki,podocarpus_neriifolius_418_aug_00386.jpg,10128,0.20184948979591838
1H42QG9XAntSXeI2phVv1sC-UImWfyE7J,podocarpus_neriifolius_529_aug_00384.jpg,10498,0.2092235331632653
1dgQHowoPNsztComkuIGv2pO-XyFJEcSf,podocarpus_neriifolius_323_aug_00385.jpg,12346,0.24605389030612246
1vulv_In1N5NStUGLv3B8x2XWj3YlH_5l,podocarpus_neriifolius_220_aug_00381.jpg,7961,0.15866151147959184
1aa5FyC6JjfuKC4TRpk0_oSHdABTXoDQn,podocarpus_neriifolius_5_aug_00382.jpg,10079,0.20087292729591838
1WzTHNDNRyhNBUJMO6owig2rC3QWzuAqw,podocarpus_neriifolius_453_aug_00377.jpg,11075,0.22072305484693877
1nv-4hfTgZwLof4IL69m3L59WzSP8zPni,podocarpus_neriifolius_198_aug_00378.jpg,12766,0.25442442602040816
1b8EdxN2vdBeWfYzFV3_mglGJ_wnBU9aR,podocarpus_neriifolius_170_aug_00379.jpg,10477,0.20880500637755103
1lHQ7uMMaX_D4GVtoJBplN0MstJ7msv_6,podocarpus_neriifolius_438_aug_00380.jpg,14091,0.2808314732142857
1w4QXXS_T31m6hEhi72VXEidl59w9VyKx,podocarpus_neriifolius_206_aug_00375.jpg,10797,0.2151825573979592
1b5lIv_caebP6vzqMcGd4cXlZldJnGt-R,podocarpus_neriifolius_607_aug_00374.jpg,8987,0.1791095344387755
1wP1LPnPbInboZCOdHJsdI_BQHztNmrrL,podocarpus_neriifolius_278_aug_00371.jpg,6696,0.1334502551020408
175gLJq8AENM0_zB87J9iyIPjwqdPWQeu,podocarpus_neriifolius_170_aug_00372.jpg,8120,0.16183035714285715
1WjOKfqs20IjqZO2aAY-aiUXG2ZX2m2Ce,podocarpus_neriifolius_180_aug_00369.jpg,9148,0.18231823979591838
1yWsLzZXNvlKvDsvdm_YM7KXR99hvUTir,podocarpus_neriifolius_300_aug_00370.jpg,10934,0.21791294642857142
1q5C8HwZNjduPG8bptx3XrttfjvEHbI8r,podocarpus_neriifolius_12_aug_00367.jpg,10258,0.2044403698979592
16hEjisPIsOM16aS4SUQlbYEI03tzOKFq,podocarpus_neriifolius_47_aug_00368.jpg,10554,0.21033960459183673
1hV1A2qwdLrP4EQUbSqmpwSbTZVy2RvoT,podocarpus_neriifolius_111_aug_00365.jpg,9863,0.19656808035714285
1Q-ZBsKp0NpalSEpuj0l1fKoc-rWOz2Mi,podocarpus_neriifolius_529_aug_00366.jpg,8061,0.16065449617346939
1OkQF5aKGiQP0dHLiwaL0xZTjhI3Mu4ha,podocarpus_neriifolius_403_aug_00364.jpg,13203,0.2631337691326531
1UK0mubl-ToPNR2pswZn2Gz08cDTvFu9E,podocarpus_neriifolius_192_aug_00363.jpg,3010,0.05998883928571429
1J1RSyiVjaLke0WCx4fGg-H_W1ZccAPss,podocarpus_neriifolius_82_aug_00360.jpg,10679,0.2128308354591837
1kKChd7VVzcoWfLh4RGfMpYDvj4gqCgz1,podocarpus_neriifolius_403_aug_00359.jpg,10866,0.2165577168367347
1yOcStqXklaDCy8vJu0uDdYJ6j3U_EZAe,podocarpus_neriifolius_206_aug_00358.jpg,11455,0.22829639668367346
1ZzjBSFs-mYaGs7EM40bIe6vp1h1z0g0D,podocarpus_neriifolius_344_aug_00356.jpg,14249,0.28398038903061223
1qN7PolM4_XoUUfZjfe50GLOe_9Jh_Epq,podocarpus_neriifolius_228_aug_00350.jpg,8774,0.1748644770408163
1Wk8xsfOeTqOPoXZDUKcFIiLS12iEsqnp,podocarpus_neriifolius_192_aug_00354.jpg,10338,0.20603475765306123
14VGFANFYvkyW7koppQ4vbxgBgu77Qq_H,podocarpus_neriifolius_5_aug_00355.jpg,12076,0.24067283163265307
1DaCG7PoCi7j9xFAGTh7WbqO5nMhQ3itI,podocarpus_neriifolius_170_aug_00352.jpg,12226,0.24366230867346939
1RneqR8coVnJHPPwQ7wq3dHbzPiDfk59i,podocarpus_neriifolius_607_aug_00353.jpg,9339,0.1861248405612245
1G0shK8FJ6FLJOWxaHKNW7xuAUqFYWrYS,podocarpus_neriifolius_337_aug_00351.jpg,9933,0.19796316964285715
1DAJDpB0PTYHdtsDrB2A9z0HbgMsh3pCb,podocarpus_neriifolius_47_aug_00349.jpg,12034,0.2398357780612245
1BvI0_7yWDhGpiBNZjdZh1pO-GNbiWDUM,podocarpus_neriifolius_206_aug_00348.jpg,11331,0.2258250956632653
18KgXgGiT9Ll0BNyxmgRaznq0qTGMRPHw,podocarpus_neriifolius_529_aug_00346.jpg,4732,0.09430803571428571
1C8xxxkPT8XYhyElzxsRyF3o2A_d-H0Fx,podocarpus_neriifolius_438_aug_00347.jpg,11825,0.23567044005102042
16mAc1c7GahDCDtm4vAzaQar40u5GINTQ,podocarpus_neriifolius_220_aug_00344.jpg,12798,0.255062181122449
1FUVP3rjD4ETTfyr-2SFxx_M9k4GtdscP,podocarpus_neriifolius_53_aug_00345.jpg,11823,0.23563058035714285
1iAkKD4ARO2GQEbxQQ4JzBNaNh87Foqrf,podocarpus_neriifolius_344_aug_00341.jpg,10903,0.21729512117346939
1ehtiL5YL6GkGVjkUIHaETOBQ--FcmyEI,podocarpus_neriifolius_139_aug_00342.jpg,9842,0.19614955357142858
10zuWScaJunwfzeL0xP_PAN_NF5nIcz0x,podocarpus_neriifolius_486_aug_00340.jpg,9924,0.19778380102040816
1BcUx76JbExOsIs2Bf2o-TbGd5ixvnrHf,podocarpus_neriifolius_486_aug_00339.jpg,4613,0.09193638392857142
1okkZaMp2_jbZkpBjmNif2jcIK17sf5rg,podocarpus_neriifolius_111_aug_00338.jpg,9404,0.1874202806122449
13r9Jal2-4h1R133HK_Puz3ul-5WV8_8s,podocarpus_neriifolius_300_aug_00337.jpg,9467,0.18867586096938777
1KMQgkGdqLmT5Qyr0aAq7EWnTaC_tIZNb,podocarpus_neriifolius_354_aug_00336.jpg,5422,0.10805963010204081
1Ga1-CvLz3zU3E1pnstYeMwTCyInY53Eg,Plumeria_765_aug_00423.jpg,8961,0.17859135841836735
1tyFwNTO5VwflPP4YAs21tNtrDdYqGSLJ,Plumeria_765_aug_00421.jpg,13485,0.26875398596938777
1x83RnLdCMMlEZkcHQuI-rthMKfmDiKj3,Plumeria_217_aug_00424.jpg,9841,0.1961296237244898
128o_rSi0Tv1K6Igjs3Cnuf-xX0JlgGQ0,Plumeria_924_aug_00422.jpg,9511,0.18955277423469388
1FCDXWLVtqacb3ei9sin0TC9nbI6zz_vb,Plumeria_947_aug_00419.jpg,11049,0.22020487882653061
1nMDBahrPq2YYRuEHXTkoVgNSFU-SH0wR,Plumeria_355_aug_00417.jpg,14096,0.2809311224489796
1V2mtLmILJTrIyyHGyWqX8rlKISgSPlqQ,Plumeria_912_aug_00418.jpg,11088,0.22098214285714285
1s7XWOYtiI7tGPJLrdiDXwOSimUDb0764,Plumeria_609_aug_00416.jpg,12001,0.2391780931122449
1PIQ85u1n9-cbdu6NS9ZuZLxSEd4NhwCw,Plumeria_523_aug_00414.jpg,13514,0.26933195153061223
1CAD_HYNzTDPUpTxhLi3NCjh7XcZnB_R_,Plumeria_56_aug_00411.jpg,11914,0.23744419642857142
1HvOVHCebNBeAxPzzJc5u4p9T3B0T_bjd,Plumeria_964_aug_00412.jpg,8366,0.16673309948979592
1lMhYwU-NnN_y_00h8dvItzuGjhKmpw7d,Plumeria_912_aug_00410.jpg,12753,0.2541653380102041
1klSliUppp0LbxYLJ4YGHei8ARjucsIvk,Plumeria_341_aug_00409.jpg,11305,0.22530691964285715
1eK-i2mMhLSjGDmnbvzbt2JpIF0HFJB4h,Plumeria_160_aug_00408.jpg,15104,0.3010204081632653
1wRityuX2XAetZN3o16rnOJgdm_AKSx8x,Plumeria_562_aug_00405.jpg,7113,0.1417610012755102
12taVBHyjOr2Q-F3ch4z03hLHXdoJ6kCI,Plumeria_75_aug_00406.jpg,12453,0.24818638392857142
1zbwxurUWUvyBY3Pwpyw6HLl_2eJUc89I,Plumeria_307_aug_00407.jpg,12563,0.25037866709183676
15mL5blAdMRftVHoczj-5xZJCU_2tfADx,Plumeria_918_aug_00402.jpg,13434,0.2677375637755102
1eH17kzVCA1mRs0wkMILGPmmWvGwY9HEu,Plumeria_840_aug_00404.jpg,13539,0.2698301977040816
1HPDyZyGQx83-4PxtR2EUjc3EnSuxGb8n,Plumeria_615_aug_00400.jpg,12417,0.2474689094387755
1pK-_FviJvV-cxhlJuvjN3kMcK-UxKZJG,Plumeria_562_aug_00401.jpg,11378,0.22676179846938777
1POr7bjfCF45yDAhg4skh1jGIz0ctuI8z,Plumeria_750_aug_00392.jpg,11501,0.22921316964285715
1gSn4K8-aYMF7HA9-A3q0Pe9brtu95Jev,Plumeria_355_aug_00398.jpg,12629,0.2516940369897959
1oKK33V90t0Cx4C9LXJviKpxPYPJiBAru,Plumeria_615_aug_00399.jpg,7639,0.15224410076530612
1AzazIcT-Tr0GlP0qaf8-8Rin41q2KdhQ,Plumeria_26_aug_00397.jpg,12878,0.256656568877551
1pQ_E2NN8KnRnO0M8upmDV4Ik_lw5SiIn,Plumeria_915_aug_00394.jpg,10686,0.2129703443877551
1g_I1AT-64E8Ij68u6KAghiHrx9l961Q2,Plumeria_552_aug_00393.jpg,13218,0.2634327168367347
1MhkDCouUStQhYW48ExQEKAXxsvRlDOHF,Plumeria_336_aug_00391.jpg,14147,0.28194754464285715
1a2GaVqNf8XSxZVsFNYTRUDBjZpneiFXH,Plumeria_924_aug_00389.jpg,13158,0.26223692602040816
1my2zT0KS7gU7iPO_-Gn7Xnt0YBzSiVCS,Plumeria_523_aug_00388.jpg,6241,0.12438217474489796
1LHeLQeupNMGajUWlbQAn83Jm1jT4wsm2,Plumeria_639_aug_00387.jpg,12648,0.2520727040816326
1Kg-rKCZJxlULxjfFDXJPCgWHmlSCpddX,Plumeria_912_aug_00386.jpg,14307,0.28513632015306123
1R97CaqsLN7ilruOTvAdOkaPOc-l3gh1I,Plumeria_964_aug_00384.jpg,9860,0.19650829081632654
1n2RGigqnjht8HVvU8nlz_moY6XtMyrdT,Plumeria_448_aug_00385.jpg,11961,0.23838089923469388
1n__PedHHY7k1JnmtkqDXZ2E4mrkKJSL4,Plumeria_36_aug_00381.jpg,11794,0.23505261479591838
1yUA8W1vvPbSbBp2LLK6XHpt__pJEh-Xd,Plumeria_903_aug_00382.jpg,12542,0.24996014030612246
1KCJzUH5ygg59PoEA7dKmc7Bx6A5uyf5l,Plumeria_562_aug_00380.jpg,10873,0.21669722576530612
1F4E0J1ObwpZYeQrbmUZJZV9SzTiT4_Mk,Plumeria_855_aug_00383.jpg,12197,0.2430843431122449
130AZ1VtiFBFoKf1vs8wVJ5-ECRDe5rkz,Plumeria_765_aug_00379.jpg,12671,0.25253109056122447
1c3mfuvPJe1GCp8n_Ak9dqtmJWFuJuYwk,Plumeria_217_aug_00378.jpg,12593,0.2509765625
1V3bLVI8peBP1dIqacpSM71bYMWhKu0TS,Plumeria_609_aug_00377.jpg,11729,0.23375717474489796
17cjOnpTb-qtKKtqLngNRIVNP_th7S8m6,Plumeria_43_aug_00374.jpg,10042,0.2001355229591837
1_hb0gP8M-7UbPAxgEAa1QyZMELnbX3G_,Plumeria_296_aug_00375.jpg,13342,0.26590401785714285
1OFdAgFjnqzAhtfGeBBkVOgydYxLNWsQS,Plumeria_944_aug_00372.jpg,9275,0.18484933035714285
1_KIzssj_rEFtG98rQbBH_v642fLMGEiH,Plumeria_895_aug_00373.jpg,10745,0.21414620535714285
1bRrTBxc07_Y_2kZxt4Il4M4JMK6LjxRQ,Plumeria_376_aug_00371.jpg,12716,0.2534279336734694
1UjQeBHBJ36FjZQ4aHfiral_NBwfLeq_J,Plumeria_883_aug_00369.jpg,9236,0.18407206632653061
1gfow_BtQEjrCXdgBVV_bfaMiwsR99x7J,Plumeria_652_aug_00370.jpg,12143,0.24200813137755103
1aFCZJMYHnDMjlimdOyzgdxapekEJTv-U,Plumeria_531_aug_00368.jpg,12405,0.2472297512755102
1c-lAvOYbwa9qSQaWVV82lj1wIFr1mxBQ,Plumeria_905_aug_00367.jpg,14857,0.29609773596938777
17X6uPPTgyTGDPO4oU7SSGXk3jxXwe5-g,Plumeria_672_aug_00364.jpg,11299,0.2251873405612245
1lhaUCoOKIRxLbf8yWRAVccWaFgYmzoS3,Plumeria_932_aug_00365.jpg,13595,0.2709462691326531
1gOKa9w2cBNqJTs3D9p4ZdvFmldfZWbGv,Plumeria_376_aug_00362.jpg,10375,0.20677216198979592
1cm32tAi_k7Clahnex6sYg8Llg6IhBGDE,Plumeria_160_aug_00361.jpg,11553,0.23024952168367346
1qSAYhySaG9ICKEcj6GVf85MsiHiW20nm,Plumeria_615_aug_00359.jpg,11833,0.23582987882653061
1-NffJde3UBWh2TihDLyjiMi8iT3fL6AX,Plumeria_699_aug_00360.jpg,13090,0.26088169642857145
1LXJwo2Fpmggkjg4DCEIDNuCz1uWu1JCD,Plumeria_418_aug_00358.jpg,11662,0.232421875
1w6wO8pAqeZrdrvcsYBBLO0BMptWmqp0X,Plumeria_883_aug_00357.jpg,12600,0.25111607142857145
1kYaYEGebBz7uBOOfNBxilhP6Y7_BzPjn,Plumeria_43_aug_00355.jpg,12323,0.24559550382653061
1gZj8S2PMEGNfkmEz68Qv3Ne0FzW2FqJm,Plumeria_505_aug_00356.jpg,11528,0.22975127551020408
1j3njFLkbQ4IXU-h1imE7SVleok3JwLb-,Plumeria_964_aug_00354.jpg,11665,0.2324816645408163
1WKW1gpP8K6uifwkuECY2SscZQhWkM7aK,Plumeria_376_aug_00353.jpg,12631,0.25173389668367346
1xfgqJTuBzsCp2e3oVNd9Bq8N87rwiVVW,Plumeria_797_aug_00352.jpg,13700,0.27303890306122447
1JhS5DNWjJthNeD4bbZwTTPZ3AA8WkfoB,Plumeria_615_aug_00350.jpg,12293,0.24499760841836735
1x6lZCffzkvLnIKQgjSwLjSbvQLGC-a5c,Plumeria_398_aug_00351.jpg,13325,0.2655652104591837
1BiE50Bdu93AMVSS0XX7YsL4DKG8wuni6,Plumeria_523_aug_00349.jpg,12989,0.2588687818877551
19faTbB4TviRDfmB990AA03QR9251qMLU,Plumeria_296_aug_00348.jpg,4277,0.08523995535714286
1Zt6EwHhu8z6b7WdQLN4UO5RfXy0UBU-N,Plumeria_56_aug_00346.jpg,12966,0.25841039540816324
1nirb2yHjuEqPcwe-KL4q7_UGvAtsmwPC,Plumeria_742_aug_00347.jpg,13656,0.2721619897959184
1-wWe6BJngu0oB61_b7tKSmGeMkNeGfxn,Plumeria_485_aug_00345.jpg,8430,0.16800860969387754
10OUSLPO67j606iMU6Lr4Q9smj0JNDrIc,Plumeria_840_aug_00343.jpg,10650,0.2122528698979592
1zJ7yR5odt58El_hlxeAp8UVQGw-tzIpJ,Plumeria_786_aug_00344.jpg,11323,0.2256656568877551
1Vpid04joY9TORjcETzWn--Xhu_U3zGee,Plumeria_436_aug_00342.jpg,9564,0.19060905612244897
1k1I0CcDxAH7BOYUyAXWtiZFlaA95CqBt,Plumeria_786_aug_00341.jpg,13589,0.2708266900510204
14la0wlb3l--xoJUT0fruaxUkvQnWZXG4,Plumeria_56_aug_00340.jpg,11598,0.23114636479591838
1xSBRe_kI266VMoYNU1IkBlCIRFcDNKB1,Plumeria_909_aug_00338.jpg,11913,0.23742426658163265
1ptBI8Cflt1KBVBo-b3dQaCxoP5wQl1Z3,Plumeria_418_aug_00337.jpg,14182,0.2826450892857143
1pxUttvWw-5t_FvWQyGRD-Ikr_8SK4rkY,Plumeria_436_aug_00339.jpg,11837,0.23590959821428573
138B5y3hRkyQ7Q0hSjwFR5hTT2RjBnjg-,Plumeria_805_aug_00335.jpg,12833,0.25575972576530615
1L3brm_fdAV1vZjNef494LOjCnBJNMM4p,Plumeria_26_aug_00334.jpg,9016,0.1796875
1ZAA6oau7Z824SSNr_Wx0DLhFXLhFpm5Q,Plumeria_398_aug_00336.jpg,9458,0.18849649234693877
1ldaYkqlL5m6-0EBQeJb5ZGVuPMzlgiCy,Plumeria_275_aug_00333.jpg,11678,0.23274075255102042
1Pt48j3Uj3ZnlknmdgxFjH9uWRB9gxISp,Plumeria_505_aug_00332.jpg,13831,0.2756497130102041
1h___LNkP3yK_AuDL6t8bZef31apsYtBY,Plumeria_672_aug_00331.jpg,12109,0.24133051658163265
1yrPmez3iAI7Vv_mt_T3Er5ZLGcD0nngP,Plumeria_296_aug_00328.jpg,11669,0.23256138392857142
1hNKc5iDfFZGiwqXLpFLCs4sNhhia-7-P,Plumeria_947_aug_00330.jpg,9842,0.19614955357142858
18BlBiCX2otw8iXVIwpW6tEWq604xPvir,Plumeria_134_aug_00327.jpg,13273,0.2645288584183674
12UCL1YrMsRlJLNwr2vG61Sb_WG7o6JUF,Plumeria_652_aug_00326.jpg,8724,0.17386798469387754
19leVWcTGdSGvYaz5T88WPN_uDdJdM80u,Plumeria_562_aug_00329.jpg,10952,0.21827168367346939
1d7us7fnBtxqLWU6lLRvzlfBc5-hZTXLa,Plumeria_398_aug_00325.jpg,8521,0.16982222576530612
1NZO3uIUdEHYXVi1S8ZZGhX3EvsGT7m7c,Plumeria_903_aug_00323.jpg,12040,0.23995535714285715
1v_Z0nHScszJw-gfJFvyxWfZOfFHFVxWG,Plumeria_771_aug_00319.jpg,12437,0.24786750637755103
1fwIpTxccB_fx1bd-ITzvFljwXVfEsJg0,Plumeria_699_aug_00324.jpg,13248,0.26403061224489793
1I_K2Z-b_Q-Sl1QCOwspkbdTlRyvF9Mcr,Plumeria_905_aug_00322.jpg,12796,0.25502232142857145
1P8TjmXHmRZeqHqsTONcBDNM135oxEDET,Plumeria_252_aug_00316.jpg,12161,0.24236686862244897
12fq_X_AGYdwniZ-JrwQH8-CebYAUPL3V,Plumeria_797_aug_00317.jpg,10095,0.20119180484693877
1GIHdCh1ODKiUrRdv1P-JxSQg7R-TISwS,Plumeria_639_aug_00318.jpg,11177,0.22275589923469388
1iwzIu_6HrvXUJULZBTjxJAdvf_b2-ltA,Plumeria_944_aug_00312.jpg,8706,0.17350924744897958
1ZyRE8SbF4dnEeD1yWoZviEMS1uK1h3lM,Plumeria_496_aug_00314.jpg,13545,0.2699497767857143
1Xeqz1PlM4VyeBHV5mkCHPMY8ZgpDIVjE,Plumeria_615_aug_00315.jpg,9977,0.19884008290816327
1YbXlNGjuOjvKIaMk49z_zxrJiacF7OwC,Piper_excelsum_290_aug_00292.jpg,4688,0.0934311224489796
1cw3hOFoBcTp_G2did-a06AEESvJ1nYTT,Piper_excelsum_464_aug_00291.jpg,11324,0.22568558673469388
1q-lk4BFkd51j3FDe6ECI_-LwKiRCSZ0B,Piper_excelsum_760_aug_00290.jpg,15054,0.30002391581632654
1xC1M1087GEFDoVE7J2i9PxBVc-FQqNn3,Piper_excelsum_904_aug_00289.jpg,12251,0.24416055484693877
12t3drIoSAGK6ghMCsFiEfZKtOcdaG6P1,Piper_excelsum_1103_aug_00288.jpg,10677,0.21279097576530612
17IJQ1HHZhwPSkRs2754oxvkBMIqs2uqT,Piper_excelsum_722_aug_00285.jpg,14498,0.2889429209183674
19GZgilCw_g3XcsQ18198gRTAjB8bfQfL,Piper_excelsum_18_aug_00286.jpg,13998,0.2789779974489796
1A7csF8EG2fZ6iBfrhm-PtbV2fU1p8psq,Piper_excelsum_51_aug_00283.jpg,10953,0.21829161352040816
1kXNRmABu2gpZ3sO7D0VZ2_jz6X46-3yL,Piper_excelsum_652_aug_00284.jpg,3423,0.06821986607142858
1hivC7YhDid1v_wtZ18dIeBMRZkjRaKdF,Piper_excelsum_603_aug_00282.jpg,3907,0.07786591198979592
1_SN9iWkrAPbvIde_GmENmo-UnQ2I1hv1,Piper_excelsum_550_aug_00280.jpg,3821,0.07615194515306123
119S5CaAyfn7eSDNo62wFeZPDW_WvNRZg,Piper_excelsum_1150_aug_00281.jpg,14251,0.2840202487244898
1WT2VdKJfsN-5CZwYVrQz4xmg9UrvYMnS,Piper_excelsum_141_aug_00278.jpg,12884,0.2567761479591837
1AHKAo_QSPHIV3VwnlZDSd0OFSz2pn_1d,Piper_excelsum_953_aug_00279.jpg,11618,0.23154496173469388
1LQ_q0Fd2ULl8Kb9pZIsNBq40GhxuipyN,Piper_excelsum_569_aug_00277.jpg,11407,0.22733976403061223
1nw0g1Re_BZqCLRadATjO9HI7Yy5Z7rdk,Piper_excelsum_92_aug_00275.jpg,9865,0.19660794005102042
18yhvaN7gtXBV7q2MlQVM_AFPL9aAPr8c,Piper_excelsum_1158_aug_00273.jpg,7478,0.14903539540816327
1EZERRqnR-6Ei3Usl22C4A-LlWWXW2G_M,Piper_excelsum_1194_aug_00276.jpg,14725,0.2934669961734694
12kNaxIQp_QwZhn4TmO89ewW5GeaBqd2g,Piper_excelsum_590_aug_00274.jpg,11107,0.22136080994897958
1QWbYxkTuwEt1RUEpHpwutxaz1C8nVnHu,Piper_excelsum_599_aug_00272.jpg,8408,0.1675701530612245
1uBOGkh8hYT7eVY-PVfaGY4KvXZDSlJ-I,Piper_excelsum_1110_aug_00271.jpg,12317,0.24547592474489796
12Hq0r8C8Oo60mXhg8xLc83l2CwuItphm,Piper_excelsum_86_aug_00270.jpg,9992,0.1991390306122449
1mHYvCRafaKDfgJArhW1w9bpnxlg5oXuN,Piper_excelsum_1095_aug_00269.jpg,10846,0.2161591198979592
1ZdpJurfxHvHYFYGnOCUdKyvjQlEZ20N9,Piper_excelsum_695_aug_00268.jpg,16420,0.32724808673469385
1WeQo6fgMt9_YAL2jIUk6ZxDZlDr1lrg6,Piper_excelsum_367_aug_00267.jpg,14335,0.2856943558673469
1fmCtK7Mk1N5T37dWSvvbysDhxYlZ6m7i,Piper_excelsum_610_aug_00266.jpg,13950,0.2780213647959184
1f88QCNysF2wI7VWWnU_XThLz-jUWyB5d,Piper_excelsum_302_aug_00265.jpg,11158,0.22237723214285715
1TAgHkEjQMJw3JDe_m45UkDyNHYZZOY-u,Piper_excelsum_534_aug_00264.jpg,11885,0.23686623086734693
1paIayg1Z4rRa8ZI_qao5yT4NjK0COf_a,Piper_excelsum_571_aug_00263.jpg,7603,0.1515266262755102
1X56qEAEvoo59ntXKWJ_TqzV2wUs7z976,Piper_excelsum_939_aug_00262.jpg,9653,0.1923828125
1se_V97u_LBXR59KlIBIQwBsG1aeS-t7U,Piper_excelsum_353_aug_00261.jpg,4473,0.08914620535714286
1M6pM50jnNYf7bTd_dyqOdpiqOqllY1UE,Piper_excelsum_953_aug_00260.jpg,8880,0.17697704081632654
1ntOO4dHZOf2Q9trJ4ULrgFbjGB9RO786,Piper_excelsum_599_aug_00256.jpg,10342,0.2061144770408163
130gamxBggNM_BgMWE4qOJhI0TcwRijsc,Piper_excelsum_1038_aug_00258.jpg,15254,0.3040098852040816
1YtSmGZjEHbyyphyHZNDzDuWaW15kt2-T,Piper_excelsum_478_aug_00257.jpg,8209,0.16360411352040816
11tOMaQKOXOrN7RE1C52AP15MvgWoWLu4,Piper_excelsum_1017_aug_00255.jpg,5284,0.10530931122448979
1perJJ1aDfyQ4_TrLbQ5r2N6lW0-ZQRHB,Piper_excelsum_543_aug_00259.jpg,10352,0.20631377551020408
1f36E7JsY_YMXEXUSPlsbcB2ak7eXg_y4,Piper_excelsum_402_aug_00254.jpg,8517,0.16974250637755103
14YuiVqhPyicN9Eyyz2JXlO68_GLSCypM,Piper_excelsum_550_aug_00253.jpg,15838,0.31564891581632654
1bmB6499-tOShsumI-PfDfzPhTegOhjCm,Piper_excelsum_563_aug_00251.jpg,11561,0.2304089604591837
1quxilAJKEWFPesosJr3cNrqlPDCPxuIR,Piper_excelsum_1087_aug_00252.jpg,8150,0.16242825255102042
1R2xKuzqPRWLT2-CfVF8Zj8q20Wbhxi1F,Piper_excelsum_430_aug_00246.jpg,10918,0.21759406887755103
1RZI2_m5GmX9AfvCSY8RMQ7inv257jf2K,Piper_excelsum_1074_aug_00250.jpg,14177,0.2825454400510204
1F9Ograbyug4j41K6-TfXnXNzjt2Sh0hz,Piper_excelsum_53_aug_00248.jpg,6174,0.123046875
15MoJLCrXhxbQID8ZDZBHZoqaM2xxa977,Piper_excelsum_974_aug_00247.jpg,7741,0.15427694515306123
13ksNGzjuge4zCYjsPhEk6kAwneDdHlsO,Piper_excelsum_463_aug_00245.jpg,4353,0.08675462372448979
1NDtcLU6Hv74PPhq_0NPvwWz_oY85loU-,Piper_excelsum_953_aug_00249.jpg,14267,0.2843391262755102
1ZmCIGwM7VupaKMPxXXJbvFuad6RjHmSp,Piper_excelsum_1207_aug_00242.jpg,9551,0.1903499681122449
15phJkJRIXR7I9ra9GY49cMfSYLFPodn6,Piper_excelsum_445_aug_00244.jpg,10812,0.2154815051020408
1n6jlRy3ugAENj7zF3HFwTUiUkNnwVQ4h,Piper_excelsum_708_aug_00243.jpg,6669,0.13291214923469388
1a-4nEiv_CitSTngSb3sQ6m-WG-x9tj4N,Piper_excelsum_1255_aug_00241.jpg,12033,0.23981584821428573
1z8wix5OY3bjj4Yu40S2CbcIjemhmmrki,Piper_excelsum_1023_aug_00240.jpg,3826,0.0762515943877551
1SfdNrSA9m-goOAEFK2eVcRHHVjrpkZRH,Piper_excelsum_639_aug_00238.jpg,5644,0.11248405612244898
1FrPDKQ8MP_K-XvkctsNk1zIM19Ea6UpF,Piper_excelsum_267_aug_00237.jpg,11070,0.2206234056122449
183M7l3sGfnm35tscKM0DQkoRyzUAA9zX,Piper_excelsum_268_aug_00236.jpg,14915,0.29725366709183676
1hwCI61HyoZEN9uXBAK7Vy80nNW7JJ5Fv,Piper_excelsum_879_aug_00239.jpg,7460,0.1486766581632653
1IW6KmpRgb-dwny87SBy6gXeUZ00WGq48,Piper_excelsum_80_aug_00235.jpg,11238,0.2239716198979592
1eJ-WZT_1OufOVRv55OollBgno2Ab2pnK,Piper_excelsum_367_aug_00232.jpg,4676,0.09319196428571429
1ejPVpOF3xtJQMSoGlPGM5wOW6QqkIy4y,Piper_excelsum_753_aug_00234.jpg,7697,0.1534000318877551
1u1ikoFz0-aES5QxELHHhiFfI6FkfUg0A,Piper_excelsum_190_aug_00233.jpg,6331,0.12617586096938777
1eZGGWl5pM4bC_0QX2viAE16BJ0gRGD37,Piper_excelsum_396_aug_00231.jpg,5653,0.11266342474489796
14FRf7x44E9stY7x4c8ArAwh449fanTOZ,Piper_excelsum_505_aug_00230.jpg,12186,0.24286511479591838
1l-7KD9r_Swj_jSamZtn_uhxhEokQZD4p,Piper_excelsum_23_aug_00229.jpg,13430,0.2676578443877551
1WemXpLHO-hUx5v4Czg0TEMZPqceTRugB,Piper_excelsum_51_aug_00228.jpg,13894,0.2769052933673469
1ooHPrcGwejQNEkjWZGIPqqC-xHKyY1ji,Piper_excelsum_347_aug_00227.jpg,7289,0.1452686543367347
1ZhSCXoThXasr1vi62RDI80eyGerZI8TV,Piper_excelsum_179_aug_00226.jpg,11688,0.23294005102040816
11UxIX9wHv4W_vTj2m-kEvTwBOS60uPdY,Piper_excelsum_879_aug_00224.jpg,7108,0.1416613520408163
1G-fddn2egluvFqMH9wxj1tRe_I1YDfhL,Piper_excelsum_205_aug_00225.jpg,13678,0.27260044642857145
1MwMR6HHe8U9OlEuvykNY6FJTkYt7RbGf,Piper_excelsum_492_aug_00223.jpg,8588,0.17115752551020408
1VV-BQ28FSqvePeS6Q6Ab2FwQjCjNpk_U,Piper_excelsum_906_aug_00222.jpg,15459,0.3080955038265306
1Lp0KB8oSPi4Qkix7xAUtlLaaDasm--Q9,Piper_excelsum_396_aug_00221.jpg,10836,0.21595982142857142
1mW_X6dUA8xS7jhGPeqX_RHNPaik1xbSh,Piper_excelsum_864_aug_00219.jpg,4384,0.08737244897959184
1W1zWoJJalmpCtSJZoGq1VJ4NfKqjNLKH,Piper_excelsum_792_aug_00217.jpg,11016,0.21954719387755103
1CGn4hzGKD_xe6_zwG_XrancjaPivhV4J,Piper_excelsum_332_aug_00220.jpg,11606,0.23130580357142858
1z85rg49-5j5geCp33N2hhAv5SqSnS-GN,Piper_excelsum_816_aug_00218.jpg,5905,0.11768574617346939
1bJfueMW52ExrgtqXOyTj0ed13InoeIBD,Piper_excelsum_933_aug_00216.jpg,11912,0.23740433673469388
1YKTx2tcL3lvLG5IhP7SJK8PktL0auafV,Piper_excelsum_1095_aug_00215.jpg,16314,0.3251355229591837
11K0EBVaHM34QgREwWilQv9qncvsSq-67,Piper_excelsum_906_aug_00214.jpg,8042,0.16027582908163265
1nS1YVjaHpWoLhNK9OW6y7NtkMgUBRnfs,Piper_excelsum_1255_aug_00212.jpg,14917,0.2972935267857143
1O0vqm8evvhIvbW4YiUGqQMzS1JBiFdMZ,Piper_excelsum_906_aug_00213.jpg,11800,0.23517219387755103
1SwKE9uM-asu_95c26ahdnPLeAHTS7YS8,Piper_excelsum_1023_aug_00211.jpg,10982,0.21886957908163265
1Ecca6pwd4DkUxRLrLAaQzaj_K8J6JL8a,Piper_excelsum_767_aug_00210.jpg,14869,0.2963368941326531
1Xg1K-YzjQ7NfQMfEEUZzOUTpe_xtf3-Q,Piper_excelsum_305_aug_00209.jpg,6268,0.1249202806122449
1P5ZJkIvIZhhYVVa9gbJlECEu7kN7Y1y9,Piper_excelsum_590_aug_00207.jpg,9348,0.18630420918367346
153dSb0UAp2Fzcvd0WTSvd4ibdFw0Y5aK,Piper_excelsum_563_aug_00208.jpg,11913,0.23742426658163265
1xBI7WEeYPy8zDF_JuEM0NTmtUuHdv3Jy,Piper_excelsum_737_aug_00205.jpg,10991,0.21904894770408162
1OKnpHZNIGCnayInGKFDwfz6uCSnH6v_x,Piper_excelsum_268_aug_00206.jpg,3037,0.06052694515306122
1ofHXyFRJiHa0eOtHxuieG4XyQDk18Dlh,Piper_excelsum_900_aug_00204.jpg,1565,0.031190210459183673
1tGm6fR9nIFhEvdAZg61mdnkSzny5821t,Piper_excelsum_603_aug_00202.jpg,4810,0.09586256377551021
13Fd3PE6MUlLm-G6sSL8CS1sBannX4t8V,Piper_excelsum_582_aug_00203.jpg,3372,0.06720344387755102
16kRGPCBiO1ca5zMz8cKZJdny7pKbQaL6,Piper_excelsum_353_aug_00201.jpg,12185,0.24284518494897958
1CTqFgCJFDZB6hkoFGK2gOZNzJMR6xkq4,Piper_excelsum_249_aug_00200.jpg,14279,0.28457828443877553
1SlzduENpkZ5yJN3ltvVymp22uJIbj50T,Piper_excelsum_486_aug_00199.jpg,10135,0.2019889987244898
1E8O-PB1QHS_2ynYBRg1OXrxdVXXEujvi,Piper_excelsum_1150_aug_00198.jpg,12234,0.24382174744897958
1PUZLWd0hK9uAg8uA4Yy6jLvD4Y5wOQYl,Piper_excelsum_596_aug_00197.jpg,6199,0.12354512117346939
1s0snFMdGsq-5RTTQCCtoxyf172xUuA_r,Piper_excelsum_603_aug_00195.jpg,7509,0.1496532206632653
1Vn8eW4-MIm3sinSIFcpQP1TFNq_7QhTr,Piper_excelsum_192_aug_00196.jpg,6291,0.12537866709183673
11M3M6vPbQTdQ5WFIB7XcoI2m48Tt7rrP,Piper_excelsum_619_aug_00193.jpg,11466,0.228515625
1cgjfq6FcSVGSoidc6chP3EisXOYC799s,Piper_excelsum_317_aug_00194.jpg,14695,0.29286910076530615
1unBQ2Kks5mNkRBlg-Au8JpuDotaGmEZD,Piper_excelsum_134_aug_00192.jpg,9349,0.18632413903061223
1Ai-3bIU4fC9936zpZxQRxhUlE2L42Bg1,panda_grass_837_aug_00441.jpg,11238,0.2239716198979592
1inrFdnoehC8Uo_JvbUGWmn-Z211bCpol,panda_grass_970_aug_00443.jpg,5323,0.10608657525510204
1t5OYMwoGnfwJ8tW4z0WxnWXqj5UWGLu2,panda_grass_635_aug_00438.jpg,13339,0.26584422831632654
1iFI6HscI93tnCyLyqYM7LRGcIkJRgh8S,panda_grass_654_aug_00448.jpg,14635,0.2916733099489796
1-bRGojV1HHhblHDGVSKX0vaogCsAafup,panda_grass_1401_aug_00440.jpg,12737,0.2538464604591837
1Y_9fUp_hgOxOsAD0GpQjmewffiAClpul,panda_grass_635_aug_00446.jpg,15316,0.3052455357142857
1v7OKxeEjTYiUn_qKXefJ5FoXhdWdaaIM,panda_grass_1553_aug_00445.jpg,14414,0.2872688137755102
1bLoc3JcPDhHJL82LK2YhfYAQtuFhApqa,panda_grass_709_aug_00447.jpg,15068,0.3003029336734694
15Gg3zMB37T1iYGhvRA77GLcJNgKZHRMi,panda_grass_349_aug_00442.jpg,15357,0.30606265943877553
1PAQw7JmgUm43EvPdN6AxVBa72AuflHmt,panda_grass_963_aug_00307.jpg,13363,0.26632254464285715
1oXkWQIvx2FCjKFkbd6_PANI0x1NVdRWW,panda_grass_267_aug_00320.jpg,16208,0.32302295918367346
1r3g-YqufeMg_2nW7jTCAFR5rJgnFbT77,panda_grass_1571_aug_00303.jpg,13421,0.26747847576530615
1NHRnD4JsPiSH-W-S8HkZovMsP6xLZNki,panda_grass_1602_aug_00318.jpg,7115,0.14180086096938777
1jxfTNmxOEUTmNRFRsSG0iULKFAi62pea,panda_grass_1601_aug_00299.jpg,9262,0.18459024234693877
1odI_dXaO5As82ppBDCGqwm9owRad3ncS,panda_grass_1000_aug_00302.jpg,7051,0.14052535076530612
1J4J0iTqSZJ_NvplIu8gmCu_CQw0yNN9s,panda_grass_635_aug_00316.jpg,13346,0.26598373724489793
1AIwhM89GSiu86sUDyEFl08wAg8QchOyI,panda_grass_654_aug_00311.jpg,14553,0.2900390625
12fdxjc-cL9s7rLmnRnjEoeHdTDWFCmyy,panda_grass_837_aug_00305.jpg,15187,0.3026745854591837
11X4CSTqEGoFURHaTZjwVZ6jqYzLx2Z6h,panda_grass_421_aug_00310.jpg,14634,0.29165338010204084
1f5CuUqMsMkjpDhYTNK3-gvr_lRc_Vcet,panda_grass_222_aug_00313.jpg,14794,0.2948421556122449
1BRhKYWncjKkNirqzhW_VL369VxB0tWDK,panda_grass_487_aug_00317.jpg,15525,0.3094108737244898
1Au0xcCcYYwZAvrVHAJ8BNOV_1ukGGh4c,panda_grass_1421_aug_00312.jpg,10971,0.21865035076530612
1bFYkbhrgQAGeIHWEmrkI8La5JQbsJF5-,panda_grass_1562_aug_00297.jpg,14530,0.28958067602040816
170-KXd6nZce9VsnNzmPf3YgEoPDMgt_p,panda_grass_635_aug_00301.jpg,15391,0.30674027423469385
1K19c52dRzCenGePajroUMWUJ2qqdOEV7,panda_grass_1564_aug_00337.jpg,12168,0.24250637755102042
1ES639D8aXhrddbNODmNX5aENgHT-C80s,panda_grass_589_aug_00319.jpg,14608,0.2911352040816326
1l21h6nUiR6cbtsLNh4Cul1mHSOsfpITR,panda_grass_1562_aug_00336.jpg,13771,0.27445392219387754
1GhfM5M1iWU0Tr-ajJmo0NXRTqBPjWmbr,panda_grass_1415_aug_00338.jpg,13608,0.27120535714285715
1rNm_SaSS09rmqhfOXV6W1dH1mSKhFxd2,panda_grass_273_aug_00329.jpg,13146,0.26199776785714285
1V9vGy9aSNgGftwpoT2JsVlfErsWqToP7,panda_grass_728_aug_00331.jpg,13358,0.26622289540816324
1NiojwpqY56maw-zqVGSTRd4pjAYQhNbn,panda_grass_170_aug_00333.jpg,7630,0.15206473214285715
1wmSVPcj4pbyqYDnsFcl-Roc9QYhVF4XB,panda_grass_1564_aug_00334.jpg,12394,0.2470105229591837
16pjuAnVV2tauzZHbrqnm_QsUqWsMxPgm,panda_grass_1119_aug_00332.jpg,7921,0.1578643176020408
1XNk1HhJkdqf797ufg_3BNHk6UufhFGfU,panda_grass_1421_aug_00324.jpg,14975,0.29844945790816324
1uAkUU5x2j9RVrqYIsHCG7LOOPWYUTQdb,panda_grass_421_aug_00328.jpg,13987,0.2787587691326531
1fZwA27_EmWvdPfnrMFHuFJ4_kMVnTWRq,panda_grass_589_aug_00325.jpg,11321,0.22562579719387754
11CQVcH4Ebs55YbXIror0NbaLavT9vX1D,panda_grass_421_aug_00326.jpg,10377,0.20681202168367346
1oaWpIJcIhaPlc5KKxxzI1JMN6f5Wc4zW,panda_grass_1548_aug_00327.jpg,14261,0.28421954719387754
1OLxECAKyPSYEz4AeVZ43jamPGXjwjX03,panda_grass_427_aug_00348.jpg,11824,0.23565051020408162
19vvbHyiE_XSN9TxryosX1FQAjmRcfJVl,panda_grass_1574_aug_00339.jpg,13551,0.2700693558673469
16de44b28ICv8RHuR-qYOJ2isFDpSiq49,panda_grass_402_aug_00349.jpg,14108,0.2811702806122449
1N5gYJQ6-_cPBARLpWijnVuPMcRNgrHd6,panda_grass_616_aug_00350.jpg,5752,0.11463647959183673
1k2vYnGkMzfGcHVHbWLu26GIg-qhzcWr2,panda_grass_1000_aug_00352.jpg,11452,0.22823660714285715
1HS6BUzvo24GAe2_B9TW0p2gEfOhf6e4n,panda_grass_1401_aug_00344.jpg,13818,0.275390625
1W8cB75Htn6ckkBzTm-V8kuTGqKFFGgbW,panda_grass_1553_aug_00346.jpg,16188,0.32262436224489793
1yCRPL9EgbWvgOhLXb_RzeC9lkc1q_BxO,panda_grass_1601_aug_00335.jpg,10691,0.21306999362244897
1j33JbftQDKTKTVHzG9dnwimIYXn3sM70,panda_grass_982_aug_00354.jpg,12487,0.2488639987244898
1cRk-b8Wv0mQCpu5ivuj0539C-YH2j2T_,panda_grass_649_aug_00340.jpg,13603,0.27110570790816324
1RBD_i_xHMKrecn3lF0U0eyKrYWTSzqb-,panda_grass_837_aug_00342.jpg,15878,0.31644610969387754
1Ll1zzkpkdNb3bE1BeikODhEyPLFP78zX,panda_grass_982_aug_00355.jpg,12468,0.24848533163265307
1T-zHfHXLGgrf1Y0fbwpSPMGBVcfZTLNz,panda_grass_970_aug_00341.jpg,13787,0.27477279974489793
1O2kpKXlC-MrFN4dwddsCH_rAXzDzHw9-,panda_grass_222_aug_00347.jpg,15062,0.30018335459183676
10ifsHQ5sjpbgRUF9-sg3QF8VzVSUlYZe,panda_grass_719_aug_00345.jpg,10068,0.20065369897959184
1fruqckBHk_qmEMWFFn7oPxh-qOsAxalO,panda_grass_349_aug_00376.jpg,14238,0.2837611607142857
1ANeQ_gnL-EJYVero7ESno_8zZSrPvusI,panda_grass_963_aug_00358.jpg,14409,0.2871691645408163
1GYUdIfPP8gYunAL6Rp7_v_AcaUBh-uBW,panda_grass_728_aug_00361.jpg,14524,0.28946109693877553
1mUkM6mCCfPzMikOjKH07A1hiHUzLisFL,panda_grass_1564_aug_00357.jpg,11458,0.2283561862244898
1lIc6iu15gyglgJdya7nI1Kq31JyDH9ja,panda_grass_487_aug_00367.jpg,8937,0.17811304209183673
1Zo_xYk0DQzmjMzRror2X2F6M1ZQypYkS,panda_grass_1232_aug_00365.jpg,12099,0.2411312181122449
1E0Bmk1PQTF09UfM12KB8wJek4TRJWB6g,panda_grass_598_aug_00373.jpg,13002,0.25912786989795916
1kpr4v3kOYFOrpuM-9jHBU7fsp2y7a1Tw,panda_grass_963_aug_00372.jpg,6993,0.13936941964285715
185ZJmgoHJ-tYAh6gperP2oYZ5UBFNbCE,panda_grass_598_aug_00371.jpg,12018,0.23951690051020408
1Vj_VwjO7mPATwf481TQLTnXCX1y_5jsk,panda_grass_1553_aug_00359.jpg,12716,0.2534279336734694
15eacCjtR1gI1ekVYzMyWr_UWAWXFHynW,panda_grass_1215_aug_00374.jpg,11072,0.22066326530612246
1iRy8rFFs5PCdMkKjTVSazLIPGVnzSmyW,panda_grass_709_aug_00364.jpg,17151,0.34181680484693877
1ktxKxD4CFMdW6DG5JVmjtsJdutpmwqL1,panda_grass_1574_aug_00369.jpg,11469,0.2285754145408163
1UHK5feDaGct7lrBtJM7mUfn6chyaWmpw,panda_grass_170_aug_00366.jpg,13636,0.27176339285714285
1qnjxij7a_J1mPao7ly5opytoSxpNvQWS,panda_grass_1215_aug_00397.jpg,11721,0.23359773596938777
1YRTI6B5IJQ4taPNuREgOPF9UibMXxFGi,panda_grass_719_aug_00385.jpg,16108,0.3210299744897959
1POOjrZGvnLm0JRKFPDVD8JWDO6HfG-ri,panda_grass_811_aug_00388.jpg,15421,0.30733816964285715
1HpAmumLjZSuFC9LGNr1SCOZ4yqxLFecw,panda_grass_963_aug_00382.jpg,11179,0.22279575892857142
1cI1rKGkDvdWqKHmt3WKWQBrOTR_s9yjc,panda_grass_1574_aug_00394.jpg,14053,0.28007413903061223
1J4oyPvPWGmTbo8af5ULuW-qK_YSpHwyw,panda_grass_1568_aug_00379.jpg,11002,0.21926817602040816
1lPi97sJi2NZM5-WptccOwqMQb0kmoT07,panda_grass_402_aug_00390.jpg,9314,0.1856265943877551
1KcPd0LT1_ktwFn0Rgg1mJOqEJSSMI1Zw,panda_grass_811_aug_00384.jpg,16395,0.32674984056122447
1u5lqA6ZE9T-6yQpDn9l3TXMizFZTn36y,panda_grass_1571_aug_00381.jpg,15515,0.30921157525510207
1zQDk2OWyNS0aBebvd5XNfFq1nulUcRfY,panda_grass_1023_aug_00392.jpg,8616,0.1717155612244898
1gfM3GbcSr4bb9zPtUSnnrYzFDT7a8Mot,panda_grass_1564_aug_00387.jpg,14131,0.28162866709183676
1mzWNrRQ0VT5vM5DbTAyWqA-Yat0qSgRj,panda_grass_1568_aug_00386.jpg,16129,0.3214485012755102
1ICCdZ3p2DKYon3XdhWMHGsTx7n_uA0-B,panda_grass_649_aug_00393.jpg,12578,0.2506776147959184
1DxqX5MCbk5QndLKALxlKGcStjU2xYkC-,panda_grass_612_aug_00395.jpg,13992,0.2788584183673469
1o2o6ULimx3M5VEW2cW_96ejka_b30wEt,panda_grass_1574_aug_00396.jpg,14094,0.28089126275510207
1vsbkzDznhFWyCD0u4rmRdFfBE-QRI5eE,panda_grass_1548_aug_00391.jpg,14787,0.29470264668367346
143Spult5z0gMjXXk3zeUSAdoNvK2A0nf,panda_grass_1064_aug_00417.jpg,9534,0.19001116071428573
1qvCtMisjwP81blciM6bdVwK4Y8jDbI6Y,panda_grass_589_aug_00378.jpg,13619,0.2714245854591837
1BabVgbaHh-L23TmuMwCDsU2iYnIvzyeI,panda_grass_589_aug_00403.jpg,13602,0.27108577806122447
18rJH7U7AV0Acnd_z6TRBVUjYS-rsYBeM,panda_grass_982_aug_00416.jpg,14825,0.2954599808673469
14F7YQPorE_K-cczgnp3ltZ7HGZM3xC_R,panda_grass_402_aug_00413.jpg,10341,0.20609454719387754
1Jc9hdtmIJ7CR6gEBNHWFBOby4xBU2z12,panda_grass_837_aug_00400.jpg,17003,0.3388671875
1zy9oEoyPS2Km9GLHd_qo53cDUTf1fR6x,panda_grass_141_aug_00402.jpg,13350,0.2660634566326531
17I4i6RjgqpYXI3UYQkh2S2meoDqVNGVM,panda_grass_1119_aug_00401.jpg,8560,0.17059948979591838
151BmfwqxRrEoiCNEtB45Xq2IQkydPHUP,panda_grass_963_aug_00398.jpg,11172,0.22265625
1j6E-qjqGxv6ZXpCnRT7vXQOUtQw4E_A7,panda_grass_1232_aug_00414.jpg,5214,0.10391422193877552
1MSPjGNE5L9jna8cug0lPokjlIY3-PFZ1,panda_grass_1064_aug_00405.jpg,9129,0.18193957270408162
1QNP5qzIIUIzY3Qkw5mnSHeCKpaqUV6aO,panda_grass_635_aug_00409.jpg,14732,0.29360650510204084
1No_caVQ3DaASeFa-NX360RAkf-6q-XnV,panda_grass_1568_aug_00408.jpg,15996,0.3187978316326531
18a4nxVi9gJDFlVIXsicDWtvGVdeMxW8u,panda_grass_635_aug_00411.jpg,11310,0.22540656887755103
1uNDUfp-6IcoZnXXg5JQtXDOGAenSj2g4,panda_grass_1562_aug_00406.jpg,6012,0.11981823979591837
1R8hKI0OyxFvKnX3BIE9Gh4ztUgfWWxbv,panda_grass_598_aug_00415.jpg,10360,0.20647321428571427
1sT82PTRjAr71H4pmvSaBdnua0pl619_r,panda_grass_968_aug_00410.jpg,12500,0.24912308673469388
11eKU9uXu7nmStX2ADa-hAnRBLmpJwIfc,orchid_tree_4738_aug_00394.jpg,10469,0.2086455676020408
1V05bg0p6D5TgZzyBYuW73Zd92TfOaHyT,orchid_tree_4747_aug_00388.jpg,8356,0.16653380102040816
1mNCx-j6Uefa_6I5OxImX3gg-6YPCAxo1,orchid_tree_4747_aug_00386.jpg,9200,0.1833545918367347
1LHz7KTOEDm_ExThYeoTlmNKoZRwyiu90,orchid_tree_1052_aug_00390.jpg,2571,0.05123963647959184
1seDIo-FZfivqYsGpuXilx0IC9g-K1eY4,orchid_tree_978_aug_00389.jpg,9511,0.18955277423469388
1-r2GCqhFfyeT0thLk1e7VvUBf9Jrt2W7,orchid_tree_803_aug_00385.jpg,4799,0.09564333545918367
1hyPJ7H5jIYfk4eO54QazDzDOYuKqwv79,orchid_tree_4793_aug_00378.jpg,9844,0.19618941326530612
1P6Ip_9-uh0OiWe_D-GrPbDpM5Qj0TVgE,orchid_tree_4512_aug_00384.jpg,4532,0.09032206632653061
16xGnQIT1ZQGiw98OS1qcUE1G2FlvRZlw,orchid_tree_640_aug_00382.jpg,10620,0.21165497448979592
1_ApLh9MUAWjP9xIR_qxF6_ugbH729LG_,orchid_tree_843_aug_00383.jpg,11660,0.23238201530612246
1XUb-EoKwXTON-Bmjj2wvDLm73MRII1Or,orchid_tree_4694_aug_00380.jpg,9715,0.19361846301020408
1j0ZUEO136KnySwraWuPNtkrGthVPnFQn,orchid_tree_1064_aug_00381.jpg,9649,0.1923030931122449
1ZddqZucx1iRicY1zKs33eOX-7A4yNs8N,orchid_tree_322_aug_00376.jpg,13037,0.2598254145408163
1YIhKNFiI9_0Z-_HY4qFvl_ppNBphcPbC,orchid_tree_1217_aug_00375.jpg,4667,0.09301259566326531
1n3sUUOyiFElWzPJsDc5TB5wH46IS7FvE,orchid_tree_4727_aug_00377.jpg,9556,0.19044961734693877
1GOrvEIi60BG0Nqe-8nmjoKiqpLV96-oJ,orchid_tree_803_aug_00374.jpg,3631,0.07236527423469388
1krItHcWFTKHBmXEbbJJau8Qm-CmMgWKb,orchid_tree_1169_aug_00373.jpg,8139,0.16220902423469388
1ABqN8mkxbCOOxsZoitbwURKR0sEYgFRO,orchid_tree_315_aug_00371.jpg,12381,0.24675143494897958
1eYv2ZhEK4w3bmfB4YsbF1kjngBabkftg,orchid_tree_984_aug_00364.jpg,9265,0.1846500318877551
1psrDKGG3RiRkwkSnEF2myee_g6X7uYPt,orchid_tree_1029_aug_00370.jpg,11531,0.22981106505102042
1xIizEEr6iu_5-p6OLkE2v-B10ROTFPY4,orchid_tree_796_aug_00368.jpg,10533,0.20992107780612246
1sP_aD4oZlhBkxPATUq4bpzUTXnbwk0qL,orchid_tree_680_aug_00369.jpg,12566,0.2504384566326531
1oEPYTJbvSovKXrQGHGFYV_i4bZcgZJIA,orchid_tree_4793_aug_00367.jpg,10406,0.20738998724489796
1HYEEC2zOlsYvWFi9gycBJJXbpev31SWw,orchid_tree_1169_aug_00365.jpg,9757,0.19445551658163265
1QIrwaPNDil5c3RllH_DtpQoaTjBnL2uZ,orchid_tree_1194_aug_00362.jpg,11294,0.22508769132653061
1QZy4cG2naHcexxf0kzp_XACKCLUTdB0b,orchid_tree_640_aug_00359.jpg,14793,0.29482222576530615
1qzvDuQTVR_qU7HiLcqC6OS8grEbDQl90,orchid_tree_154_aug_00361.jpg,3156,0.06289859693877552
1TC0MnM7NO013YWqyz8YE7JsiJZx-ThdV,orchid_tree_1051_aug_00360.jpg,9558,0.1904894770408163
1UK3j7asGZgrFVu8CpxRTQVzTIiw1Qt_-,orchid_tree_570_aug_00358.jpg,14910,0.29715401785714285
1n3bGAzNdF754HGxP7kS00VIuAMxeGKBC,orchid_tree_812_aug_00355.jpg,10221,0.2037029655612245
1fFFKDs1ZzRm3pb5i1q_RXO9-xjP1LjcN,orchid_tree_1158_aug_00357.jpg,10428,0.20782844387755103
1P0e00RkENywGZw0DI_BDjLjhN3-jII9U,orchid_tree_4694_aug_00354.jpg,9318,0.1857063137755102
1D_GHXsrTyp_i4krJJi3Y9qAUN8rkSz55,orchid_tree_969_aug_00349.jpg,5583,0.11126833545918367
1P6v3Po1NWQHizGyhcVjm2EjIMI95nf5j,orchid_tree_605_aug_00352.jpg,8868,0.17673788265306123
1keCiFCGqdeWgm1Wg3k_EsMepZ7dx3pyU,orchid_tree_1236_aug_00347.jpg,5893,0.11744658801020408
1tlkMtiCGmK4hI27nyPuiy2vFDFsWU46T,orchid_tree_4747_aug_00351.jpg,7834,0.15613042091836735
1h1DgkFSKzcTp2HBqr73gaZeZEWZ2FYpx,orchid_tree_1169_aug_00345.jpg,5882,0.11722735969387756
18-UfqT121cDvKCtwYlJSw9YTTPMMYIgE,orchid_tree_1194_aug_00346.jpg,9497,0.18927375637755103
12cDHORbPdEWz3Eh4YMmrtX7adZ2-CWMk,orchid_tree_305_aug_00344.jpg,12125,0.24164939413265307
1uTNyv4s2-0p77Dc11-03pIk9lUx7y4Iu,orchid_tree_1051_aug_00341.jpg,7923,0.15790417729591838
16QHKUWZQd32jQ_RmYeDldqGigD3K2Hx8,orchid_tree_670_aug_00342.jpg,14025,0.27951610331632654
1gyTD9VeJvkVDsrDvv26aKUFtMB2n9yFH,orchid_tree_570_aug_00336.jpg,1790,0.03567442602040816
1KTWTdXw93chv9D4hcfcYxV0lKHh2OC4-,orchid_tree_4694_aug_00343.jpg,6788,0.13528380102040816
1hHhjoLpeAG5F1ft8ooKwAfAk_obnZpes,orchid_tree_1217_aug_00339.jpg,7253,0.14455117984693877
18ZbEjJXYwfq-_9GlGlXykkxAq-8etaHO,orchid_tree_809_aug_00335.jpg,7940,0.15824298469387754
1cgwYezDBPrmB8i38u5Wv0gupDOYkm0y3,orchid_tree_4793_aug_00337.jpg,10485,0.20896444515306123
1nI9h-npIHikfxho9ThE7WCPqq20W7dMJ,orchid_tree_1029_aug_00334.jpg,11747,0.23411591198979592
1rbMSU0J33vLum4oF5ITapWKA_NXM8RNv,orchid_tree_611_aug_00332.jpg,10049,0.2002750318877551
1iV3Pq-pEh3uRmJ7qeSyeJrYqhNZsbyM8,orchid_tree_794_aug_00333.jpg,8769,0.17476482780612246
1f32LqdQDcWZ8ghsieyalBrR4EJWQ_-rS,orchid_tree_1051_aug_00338.jpg,11139,0.22199856505102042
16YpuUdlsAsmgEOwx-gsl8JwQ0RCe2heh,orchid_tree_305_aug_00330.jpg,6354,0.12663424744897958
1-o3rnNx8NVgRAWwDjRrsZ-XNBqL4eELH,orchid_tree_1038_aug_00328.jpg,9771,0.1947345344387755
1SgCwvCKfTRRppyhSrJoFZSikeZRuMcCZ,orchid_tree_4738_aug_00329.jpg,6444,0.12842793367346939
18T7Aa6CsJGwuzzTxlIKe4-tNsLuf6Ynd,orchid_tree_4771_aug_00327.jpg,8689,0.17317044005102042
1anDVGbSIurXXa98ckOyR8LUw16B7PswZ,orchid_tree_597_aug_00326.jpg,13158,0.26223692602040816
1qXVx09Dl4-KdeoedMdnLS70-0tHqI_N4,orchid_tree_640_aug_00323.jpg,5144,0.10251913265306123
1HUwnjafLaXAMNHlXCb9wiEZgqylmQYE7,orchid_tree_1064_aug_00322.jpg,6670,0.13293207908163265
1Tb4AAv3riKPm1Ea94Zx7eEmUmPtwNSj4,orchid_tree_1229_aug_00318.jpg,12644,0.25199298469387754
1uSt4qg6CWfKZDFKp85bKNbM9oMsjLk8c,orchid_tree_630_aug_00321.jpg,13621,0.27146444515306123
1tDkQpgHk_yjP5cHR8txBwIiILDIBKrXU,orchid_tree_841_aug_00315.jpg,9730,0.19391741071428573
106QjN7tFSgTubukWHNRcqHGvm4OjZi5G,orchid_tree_812_aug_00320.jpg,7814,0.15573182397959184
1w84HVYNbtzd4jmoEooo_16LuJes1aCZi,orchid_tree_847_aug_00319.jpg,6475,0.12904575892857142
1OglsBsP8FAX3d2aneRoxZ7dmmM9x1reX,orchid_tree_1052_aug_00317.jpg,10880,0.21683673469387754
1emClLilZPrEH0VfPtkAIB0RAm_cirooj,orchid_tree_4760_aug_00316.jpg,9589,0.19110730229591838
1cmjb_bCZcukRs-Wmy4iQvsztmw122sVl,orchid_tree_984_aug_00311.jpg,5919,0.11796476403061225
1sAGKD9S0KWTeInJ-pwajoMjpjODrzY_F,orchid_tree_812_aug_00312.jpg,10090,0.2010921556122449
1rTy8iED-wyLi8TyEvi4VLUIyeltd-Vrk,orchid_tree_329_aug_00310.jpg,13921,0.27744339923469385
1fNoutxrIjhYdLgkO8ugguWFcYVXanzk2,orchid_tree_803_aug_00313.jpg,6848,0.1364795918367347
1YBkhMqVr-RW6qM62sq2OZbULney9MhaQ,orchid_tree_4727_aug_00309.jpg,6833,0.13618064413265307
1MDfk8g-Vl9Z3SKWhdlJdJVrdk7dGNJh6,orchid_tree_597_aug_00308.jpg,7442,0.14831792091836735
1CLCJ3qOc1FhR1YtAV8e3Lbe0mPib2zeq,orchid_tree_661_aug_00304.jpg,11909,0.23734454719387754
1bbhnYycLTfyz13zTMYp0AfIqr0nIPMPT,orchid_tree_1169_aug_00305.jpg,6780,0.13512436224489796
1bQx2IQEr294cNJcL3RSCJWoxGvXgNbOn,orchid_tree_1217_aug_00301.jpg,9354,0.18642378826530612
1DLBCmt8FjZpceFe2tFIeTRsO_v6PBQ-X,orchid_tree_796_aug_00303.jpg,8666,0.17271205357142858
1aw8NKpQT7n0_Ue6zcUCOu5tfHsuZTr0s,orchid_tree_210_aug_00306.jpg,11122,0.22165975765306123
1cft084mDRsKhi7A5Up9NB6eJDXTuTAJ4,orchid_tree_305_aug_00302.jpg,11937,0.23790258290816327
1_55vtg2Kz-caq1LMFlryTsrEEIma8_W2,orchid_tree_978_aug_00296.jpg,6731,0.13414779974489796
1OORJ5HI0Nz-t00RA-Sh9KK6KE6Epiihn,orchid_tree_575_aug_00299.jpg,8812,0.1756218112244898
1jAwlYXpKZLeW9RDgeHrmGSA9M0ruCgCC,orchid_tree_630_aug_00300.jpg,12653,0.25217235331632654
1_kaGOAh4MqT2PU57f-eX5g6aUIvAbkZW,orchid_tree_809_aug_00295.jpg,7328,0.14604591836734693
1S4F6rVG6JzZHoREWimZcC8uL93J5fa6v,orchid_tree_640_aug_00297.jpg,10751,0.2142657844387755
13cQ2CAewytj52sTcDloDhHXmiDhgCUn0,orchid_tree_843_aug_00298.jpg,8324,0.16589604591836735
1gALgWa4PMqIPTa1RTgpmikl2R1H9HWhs,orchid_tree_1217_aug_00294.jpg,10026,0.19981664540816327
1FLmIUB9fnRlLovsLTg0m0VSJsXYfP0C5,orchid_tree_796_aug_00292.jpg,12155,0.2422472895408163
1LTB3IsNZ8tEdQ7jn2J4xnlTCPMHHaaSr,orchid_tree_4793_aug_00291.jpg,10185,0.20298549107142858
1izyPDEGVkPLuRtrpbaF91iyCalB7iZfN,orchid_tree_4727_aug_00293.jpg,8579,0.1709781568877551
1Bl0Tqxg0HO2Tl1fr6YPpDw6oaqNsjcs5,orchid_tree_1064_aug_00290.jpg,2180,0.043447066326530615
122aJmuBjLTU1qQtIvskCVLCHmryp2-K1,orchid_tree_1022_aug_00286.jpg,8154,0.1625079719387755
1lH9UPK6pCbPyeOqRGbTIwxSk8f4ta4X3,orchid_tree_1236_aug_00282.jpg,4603,0.09173708545918367
1v2fpQkzwcjj25M542WnF4VGRwczUKr6S,orchid_tree_978_aug_00283.jpg,9057,0.1805046237244898
1q5hqDGswEmfK4F6OZtBMCeficDFXLWWf,orchid_tree_293_aug_00280.jpg,11081,0.22084263392857142
1dvPrrlZwYhKmGkFDp-j5zX05Q_MUErtZ,orchid_tree_542_aug_00281.jpg,14014,0.279296875
1To3NMuzQdLSrKZ_bnbHLTALEYa_UcQNk,orchid_tree_1022_aug_00279.jpg,8308,0.16557716836734693
1AfN1OQRQNOEqGBVf4SOPKj_buq-bmH4o,orchid_tree_1194_aug_00277.jpg,11108,0.22138073979591838
1jhXnjOnqD5EHkZ7yVbJw17NbQg86AIj8,orchid_tree_680_aug_00278.jpg,12821,0.25552056760204084
1PzVTNHT7s7pKMIb4Z1w_GFda_BIElgCf,orchid_tree_605_aug_00276.jpg,12838,0.255859375
1Bn0aEB5jflBrl3-R7i23pGftRYL8x4tg,orchid_tree_1169_aug_00275.jpg,9351,0.1863639987244898
1LRqgwyoQe3ZBqYsoL3nC2HLWv4ShJNYO,orchid_tree_841_aug_00274.jpg,9655,0.19242267219387754
1CBOYSDsMHE0gaMB6nE6BIcpST9GymO27,orchid_tree_670_aug_00271.jpg,13402,0.2670998086734694
10BO7fj0F--2BQhMfyk1Wm-GjcKZLIyw4,orchid_tree_1204_aug_00273.jpg,7501,0.1494937818877551
1QNjHpHGH0lDGUm_6Pv1cmnvtJisS07Fj,Neem_912_aug_00377.jpg,3994,0.07959980867346939
1poLSf-ngYFdVav83GOoQLZsTgLohw_cp,Neem_1373_aug_00375.jpg,11580,0.23078762755102042
17gE9zKo3dlb4eUEBzqQARjcuruuF2uml,Neem_1161_aug_00376.jpg,9531,0.18995137117346939
1veyFr7aHCdodUVBhuc8dRbuWrNswvQRj,Neem_1246_aug_00371.jpg,9359,0.1865234375
16qNBuq3lbcQlt_L3fsVOYULx7B_N8r3M,Neem_336_aug_00370.jpg,15186,0.3026546556122449
19dG98nvpjX9g2OBNQmTg88iZ2FUzr4iR,Neem_1_aug_00372.jpg,13954,0.27810108418367346
1GD_kyx_E_SG4YRqpRK-rJwaU0LoXfspe,Neem_1015_aug_00366.jpg,9101,0.18138153698979592
1BgdsmiU8B6uMl7Rtf-oOW3LKFAP8v0ru,Neem_1511_aug_00368.jpg,3453,0.06881776147959184
1-Y0qo4nHv1qyWfuDWPqbHLWNOW8tISSd,Neem_1406_aug_00362.jpg,4082,0.08135363520408163
14_gMAzO5IOIiNfFmXEEcqY7JV7QTsZ6x,Neem_667_aug_00365.jpg,15904,0.3169642857142857
1rlKOty_kyRH1hVXmx62HaQddymVlvXDD,Neem_1237_aug_00363.jpg,3439,0.06853874362244898
1A3KRqrTuB412uL_otayN-xEpQF_i8by6,Neem_1246_aug_00360.jpg,8488,0.16916454081632654
12X1-VPflbwiWiC-gXVs8T28vv6ots5Hp,Neem_1407_aug_00361.jpg,10118,0.20165019132653061
1qNBb811ZavlbZCz0f29e79ZFdjBeXJuF,Neem_957_aug_00364.jpg,5073,0.10110411352040816
1nWlwqrBM9xWuEfnB9_k-q1jtZkD0qsAg,Neem_925_aug_00358.jpg,6448,0.1285076530612245
11v9aNfBDdfSGb75X0dY0UlY9yh3SH6iU,Neem_835_aug_00357.jpg,2154,0.04292889030612245
1NmNAPDui-6y0xsoM2LYcP5lndIJrFecH,Neem_482_aug_00355.jpg,12100,0.2411511479591837
1m5CQ2hol9-IWyRU97h-bleMobaE6Oo5o,Neem_1475_aug_00353.jpg,12069,0.24053332270408162
109PHlFVV4DSVfELaNwvtgIhJxLMQeIW2,Neem_1276_aug_00354.jpg,2095,0.04175302933673469
1gGwtCXgDoomO98BY4RSS1Ui7WOVvhwPF,Neem_180_aug_00348.jpg,12738,0.25386639030612246
1w1kevwCo8SWOPFe0ibXYBWuQCL4n_LRu,Neem_1385_aug_00351.jpg,12563,0.25037866709183676
1_cCD5eiweZhKRfnxyLbfrE-2OqaRnjAR,Neem_643_aug_00352.jpg,14898,0.29691485969387754
1p4lPMshC0ZFaKdnlsCiUPM7EcRXafoWl,Neem_692_aug_00349.jpg,13407,0.26719945790816324
14w0jaPZasCW5K-yLSK9q3FewYDZOJepi,Neem_810_aug_00347.jpg,7685,0.1531608737244898
1VvkYf5HAzqnY88g1v0ZeBuqn9T2qPpi9,Neem_554_aug_00350.jpg,7699,0.15343989158163265
13BgxgeGeaSjn7SfoHZ2R4-4uIdgaNx8e,Neem_818_aug_00345.jpg,2362,0.04707429846938776
1mjscGjlCXbuXyJcW5ufa8x3LyISOtT8V,Neem_533_aug_00341.jpg,3708,0.0738998724489796
1XhtfrxKEm7YzzNozGsUgs0bCBBtAbaAQ,Neem_1398_aug_00346.jpg,11147,0.22215800382653061
1Bfv2dVYabHsfK0wja9hjYVdfegU6_Giw,Neem_1237_aug_00343.jpg,7511,0.14969308035714285
1jEmWwnR5f_TBEauPLSXFmZmrhh0gWzaD,Neem_1385_aug_00342.jpg,7820,0.1558514030612245
12wBx_A6h8m-pfdtZpBjC-WCw2k3DP5vf,Neem_91_aug_00339.jpg,13242,0.2639110331632653
12XuxW0E77jDZq3eFEJxUd3ZtNRVbQTZp,Neem_1492_aug_00340.jpg,4239,0.08448262117346939
1oPW--_yMveLF6Ot4UfwmY4x_biP8G6Kz,Neem_1181_aug_00337.jpg,805,0.016043526785714284
1JpKBjM2DuF034d6t70kk7KefhSDNwWFW,Neem_699_aug_00334.jpg,4498,0.08964445153061225
1NBiQDROkb8jmYvt07xVDBDRG6UMHqH2a,Neem_572_aug_00336.jpg,11423,0.22765864158163265
1L1rmvPKUSjZEo-P4U7fuKxfQjADUh2Ln,Neem_378_aug_00330.jpg,14350,0.28599330357142855
1ck81W5zeu1m4cZMW1GwdwB8MTzW8igV9,Neem_582_aug_00333.jpg,11447,0.22813695790816327
1vPEu3GBYLO76ZNxzczM6onlfxKv7x3Z3,Neem_230_aug_00332.jpg,11557,0.23032924107142858
18Iiqlb0xCsUmrnP-uq2AQsSGHCDMqAI-,Neem_1309_aug_00335.jpg,3786,0.07545440051020408
1k6v4fBX6BuVHkvGbs_4OhCRbWjKoVuVT,Neem_789_aug_00328.jpg,12695,0.2530094068877551
1fDm32TNIt8DjXdu-TUIbvGPkD93VJ7sm,Neem_1511_aug_00331.jpg,6453,0.12860730229591838
1ZKP-xkS-3uS7uwFaEHLZO8p7MJI28LHe,Neem_1492_aug_00329.jpg,11138,0.22197863520408162
16sQy6tmd1Ku9wfKxV-669gmcKcT8OE5-,Neem_630_aug_00326.jpg,12145,0.24204799107142858
1uiEsY6Kivf-Es3sRSbvb4BScQvoqktO2,Neem_1325_aug_00325.jpg,9933,0.19796316964285715
1b0SWrVk4j-6ZYAIVp5yCYGsAKvB_ONvx,Neem_784_aug_00324.jpg,4862,0.09689891581632654
1FYlvn6pTgADw6YIJsdtX8fXWlV9ITixK,Neem_989_aug_00322.jpg,10345,0.20617426658163265
1ssPyacKGzXaoQ7VpcIrs-XACyC3fdFT2,Neem_1206_aug_00327.jpg,6171,0.12298708545918367
1im9JtjLTIxe4GBdDQ0K1uq6bmnwJ5-W5,Neem_513_aug_00323.jpg,10762,0.21448501275510204
16ixF6I5yj4FnjFibZEXh8TSrXmzicEeU,Neem_1276_aug_00320.jpg,5851,0.11660953443877552
1zfxkmWvnvR12xQi7q8Gmxh7MwlNeqFbc,Neem_1227_aug_00321.jpg,5451,0.10863759566326531
1hoqXa6hMPni24tReI2RWy92JGy4vifId,Neem_434_aug_00318.jpg,6966,0.1388313137755102
1pc-mC_SW7V6As8gD7Nn1hSVn8YNBdYKp,Neem_853_aug_00317.jpg,2020,0.04025829081632653
1emDHr4Tof2h4aSvAC7kH8DRG6M4Bgmje,Neem_789_aug_00319.jpg,10296,0.20519770408163265
1jcgcWjwLaTCJfBF1ZuZSVZ2E0SJU25Zn,Neem_1148_aug_00316.jpg,9443,0.18819754464285715
1I6iO-cjKk3JOhzLgq2o0vS9on7gKZb6k,Neem_789_aug_00312.jpg,9937,0.19804288903061223
1wzEpSEtDAVlmjEOCLdqYkpEAI15URW1B,Neem_1357_aug_00314.jpg,10306,0.20539700255102042
1pzbL5ginH4f1WUcbsviuhg6-0MRkwF3v,Neem_1393_aug_00310.jpg,7845,0.15634964923469388
1vvKf7BtyWM1II3VV_ZSL07RPvk3XZLRH,Neem_1352_aug_00311.jpg,12034,0.2398357780612245
1xntKXrtesaUVjXyaYVbMoXTYFLQtW5Ku,Neem_188_aug_00309.jpg,14064,0.28029336734693877
19aJSEPoKMNEfozMm9mK705SEXXzjkQNR,Neem_1414_aug_00307.jpg,11056,0.22034438775510204
1u0Wh7jnZkhKuwL_6DwL90ElhBr4pS2T5,Neem_618_aug_00308.jpg,3071,0.061204559948979595
1psPge3HKvrGtJ4Ka9FkXRnLou_JcwBfN,Neem_695_aug_00306.jpg,9547,0.1902702487244898
1pD767ISDZPXucydxrwNB8ak0mBxof2DS,Neem_1421_aug_00304.jpg,11083,0.22088249362244897
1MTpLAie-IhyumMQFDg_4bszBPcSZIlZQ,Neem_1407_aug_00305.jpg,12599,0.2510961415816326
15jFx36yiOEM72Z9ltWezwsB9RUQfJhl_,Neem_378_aug_00303.jpg,4779,0.09524473852040816
1AechKVSG1jef1R1s7e7aWt8j4UKJS2fc,Neem_1181_aug_00301.jpg,2310,0.04603794642857143
1pbhWbvIcl5XQ7MyIhZp6WkbJXyUoZZ9U,Neem_268_aug_00299.jpg,4226,0.08422353316326531
1GeROeBvmstIbmO9QWgxJpKUOiYouu-CA,Neem_1296_aug_00302.jpg,11900,0.23716517857142858
1rRLF1EC-sc5fJJJl7PFxreih8VRZyFLu,Neem_679_aug_00300.jpg,6287,0.12529894770408162
18GLQs1aqbSmxHSA7WQyCVgWuqiNxLDCf,Neem_1365_aug_00297.jpg,13050,0.2600845025510204
1A3tnWD-_OXpXTykay5PArAny5Omppa2X,Neem_1345_aug_00298.jpg,12945,0.257991868622449
1mMxkHmkRExb1I5013m2UA33jp-0W300R,Neem_188_aug_00296.jpg,14062,0.28025350765306123
1rXFhULGxaea4-HAEEzT1TXaesBp4wGP6,Neem_554_aug_00295.jpg,6606,0.13165656887755103
1_bQ2xESbAFwZUGPKZ1ID7hxOJnbfV8xV,Neem_1511_aug_00293.jpg,8603,0.17145647321428573
1ocgwoeQwWG7X35LPcN6evJ-90j6GO1wn,Neem_1475_aug_00294.jpg,10050,0.20029496173469388
1yDFo1ts_nqn29ZK3E8v0vNYmPRGtUGPt,Neem_749_aug_00292.jpg,10626,0.21177455357142858
11rWFmvisAIoG3XSsdT3bdHL1l2yeQeaQ,Neem_903_aug_00288.jpg,9222,0.18379304846938777
12JZJjxoZ8FXyG_0tXi2nx0CvJNBsKuiP,Neem_1136_aug_00287.jpg,11867,0.23650749362244897
19L_kn6dDnzl56M-3oEeiw12AjrsVw-Hn,Neem_1098_aug_00289.jpg,9544,0.19021045918367346
1NMHJHz3OBvuELEimmu6hSG68KgnFBcbe,Neem_1365_aug_00286.jpg,9361,0.18656329719387754
1JjJfuKHsNEpWYVl2J8fM4bB3nFph1QYQ,Neem_1_aug_00285.jpg,6630,0.13213488520408162
13XxwGX7ecb4_hQ27cSERzPIu9yH-Hwlk,Neem_834_aug_00284.jpg,10258,0.2044403698979592
1QqHbcg3EnC-GzvAbi1ImCcw9wjPjXeXt,Neem_188_aug_00283.jpg,11290,0.2250079719387755
1ijtV-3AVCysK7KITp7KwFZRfRvYxdJOd,Neem_740_aug_00278.jpg,7452,0.1485172193877551
1VQVAg4_jRkkg-3keneBFfKliE_yVfsA2,Neem_1206_aug_00281.jpg,12329,0.24571508290816327
1COVqsXWZu_3UudweAJAlrAim-e7ct--6,Neem_1153_aug_00276.jpg,11846,0.2360889668367347
11g-YaHw7osoSb6igWfvODPMKNnCHl-3v,Neem_933_aug_00277.jpg,7955,0.1585419323979592
1U4rhz0ZTMrZke1LCag1LTfC-nFPwNnBi,Neem_1206_aug_00280.jpg,11093,0.22108179209183673
15-QJn6g3nJ5IhkksThTNurZGAzSf_VnO,Neem_482_aug_00279.jpg,14240,0.28380102040816324
1eMOuoB4m2bQk4yAdnGlym-P8PE290KJw,Neem_1289_aug_00274.jpg,11772,0.2346141581632653
1NQDYuIqieeqGQuT8ZH69FTbx3Xu9vSJ0,Neem_1_aug_00272.jpg,15101,0.300960618622449
1iwuv5C2BNpDUFAth1GEMHi4zIiksJCtj,Neem_1276_aug_00275.jpg,9733,0.19397720025510204
1YzD2tSJ-VU5GwuFtI-YZS6kdqm7VlooZ,Neem_699_aug_00273.jpg,14106,0.2811304209183674
1IhAvLcQYIR_83fWp_iIOOaoxwIKPJw75,Neem_1227_aug_00271.jpg,12523,0.24958147321428573
12L-EHV_Y6tJjqyeQnPZIA1-ocAAXNcsw,Neem_912_aug_00268.jpg,10284,0.20495854591836735
1HKkKyXUgbNaDCxfi5zjYwveGwYjsKkCl,Neem_554_aug_00267.jpg,13146,0.26199776785714285
1UgkXPY3UDG72k2SRSCMfvTnWpxDEuSoO,Neem_188_aug_00269.jpg,14364,0.28627232142857145
1lNlyGK9gIU8czQjCoeknIRObeGfr2TH3,Neem_834_aug_00265.jpg,912,0.018176020408163265
1bjnej5tBGi_z-7X9luasKZEZfi0dmuT4,Neem_482_aug_00266.jpg,8340,0.16621492346938777
1If0hgcIyWAX_YKX_W8Mlk5jAETHbWTVV,Neem_1325_aug_00262.jpg,10420,0.2076690051020408
1uujIxdqInHdCsz_x5RR-5qeEdK-ovzST,Natal_Plum_442_aug_00447.jpg,16929,0.3373923788265306
1L3RKSpnqlWMkqrs5ZEaSFo7e9jHexQtI,Natal_Plum_351_aug_00449.jpg,15086,0.3006616709183674
19vjrjzTE3KL8E9MToo1EDxLBgaH8LoDL,Natal_Plum_386_aug_00448.jpg,14930,0.2975526147959184
190l4XjppSM5WVMhmhtmD-Mt3mbpIIM-2,Natal_Plum_520_aug_00446.jpg,13268,0.26442920918367346
1cg2S8OD3cyE_bb2kzcRSKzRO3RCpEHMy,Natal_Plum_586_aug_00445.jpg,9126,0.1818797831632653
1oMGfqU4x3LEvfS9w1WreYKcden5lsA7E,Natal_Plum_189_aug_00443.jpg,14562,0.290218431122449
1Raq5yvCfykjpBk0QKtbUtZipcSYRtAkE,Natal_Plum_296_aug_00444.jpg,15215,0.3032326211734694
1w5dBFC6Glr_DcO7LgcRW9EJm5Kf5iv_z,Natal_Plum_237_aug_00442.jpg,16390,0.3266501913265306
1eByT2So3ylvoNsFS3ryFEc0OokUjnj0j,Natal_Plum_310_aug_00440.jpg,16350,0.3258529974489796
1pk5_qU6DNeG3OoK_p54pUaLM0on_cSEO,Natal_Plum_126_aug_00438.jpg,11249,0.22419084821428573
1_g7VhmEYsDNp36WjoP1grNCjrmrUfLaZ,Natal_Plum_436_aug_00441.jpg,11621,0.2316047512755102
1iKw_l7ktNPySKl4bbV-TwbJtAshiiBk3,Natal_Plum_463_aug_00436.jpg,7360,0.14668367346938777
11Yra2Oz5IraWUiklrGokGwjqs0CgJX8p,Natal_Plum_669_aug_00437.jpg,14197,0.2829440369897959
12c4FjBq1JLs_Or9jd71hlWcKa0OiSjjE,Natal_Plum_415_aug_00435.jpg,7875,0.15694754464285715
1zcD3NK400xS0kAC09ybnMJRhZUN4fpAS,Natal_Plum_36_aug_00434.jpg,14850,0.2959582270408163
106TU-oyqacXubLvBfjgX_7dr1OqGhiL_,Natal_Plum_237_aug_00431.jpg,15700,0.31289859693877553
125a1bwu9gZSY1hOTwhuQ4gKsW2g7uXaF,Natal_Plum_189_aug_00427.jpg,9978,0.19886001275510204
1BcARWUqXupc3ELMNlhSOMoqDNNYFAky8,Natal_Plum_537_aug_00429.jpg,15482,0.30855389030612246
1T2oSHTy1U1GszaTW6VbFj5tdU04PHVc-,Natal_Plum_669_aug_00428.jpg,14040,0.27981505102040816
1C5oOlQ1SngigQCWJjXBOIgH9CY-XCQzv,Natal_Plum_394_aug_00430.jpg,17293,0.3446468431122449
1tDrnh_iHWYNJtjEY9q1dRRvMJWHqfPBE,Natal_Plum_669_aug_00423.jpg,14769,0.29434390943877553
1VjBrO1vM2kBVGt7VxHAiSkJpm-wQ42lW,Natal_Plum_109_aug_00422.jpg,15332,0.30556441326530615
1nuoZ7Qmt_jI2uHqQaPh4K8DXPGcLZ9Ye,Natal_Plum_205_aug_00426.jpg,13424,0.26753826530612246
1gNSP4gHSyhvktU4LgMhg4dRj4FQup0dz,Natal_Plum_545_aug_00425.jpg,13939,0.27780213647959184
1R4mcbiVmZyCzT07avWGwPwUGYzhdl9jG,Natal_Plum_126_aug_00421.jpg,15578,0.3104671556122449
1fSu6CkNVET0y9ic_Ys5tBT88O24vOxlz,Natal_Plum_687_aug_00418.jpg,14846,0.29587850765306123
17TK1HbsjggHsgqp8neZzxivjV2kCWJOy,Natal_Plum_643_aug_00419.jpg,11124,0.22169961734693877
10mMI-51LiJZlWvvrhoyTmkhiYhHQEYjs,Natal_Plum_463_aug_00415.jpg,14743,0.2938257334183674
1GwmvMrLcIqbGbKGtDSxPwErYqV1IgpfJ,Natal_Plum_635_aug_00417.jpg,5899,0.11756616709183673
18D4Wml3FN58-HKtBNCiWetA_ooija9Bv,Natal_Plum_166_aug_00414.jpg,14835,0.2956592793367347
1_Jlrb98d3E2ticUI5m4zcmD7cV0JIClQ,Natal_Plum_166_aug_00413.jpg,11392,0.22704081632653061
1kh1Dket7-KK2kfufmKQg9gMDV6kCG0bH,Natal_Plum_310_aug_00411.jpg,17319,0.3451650191326531
17w5xis3V-hjddR5dAOlSBzYYjRp1lKqk,Natal_Plum_2_aug_00409.jpg,14098,0.28097098214285715
1l2YZZ2QqXWgbu7jaHg7LCfGqIpW3qgaH,Natal_Plum_179_aug_00412.jpg,13718,0.27339764030612246
1QOKc-khrAKbdi8FnxOBYYcPrQ-3DRmF8,Natal_Plum_394_aug_00408.jpg,16137,0.3216079400510204
1e0q479mW1ZFt2D69eo5gK464LUMsoOUy,Natal_Plum_669_aug_00410.jpg,14674,0.29245057397959184
1x-42p5iO0kSLj4jjONtxfNnZTig91au9,Natal_Plum_386_aug_00406.jpg,17142,0.3416374362244898
14q1R89Zg9RTeu1mMr1J1oSXmAlbg8Svb,Natal_Plum_195_aug_00405.jpg,13574,0.27052774234693877
1NpdrbDOY5sl--lNnjzpZZ7QMuBeu0Zys,Natal_Plum_669_aug_00404.jpg,15484,0.30859375
1tjaouJEEuEsFNGmRH4QgNt4KevkeWO1d,Natal_Plum_310_aug_00403.jpg,15103,0.30100047831632654
1zfgaxp32OGZDr546CGE4ArXKG2q-VTmn,Natal_Plum_586_aug_00407.jpg,10089,0.20107222576530612
1Vaw7TM4r-1pEXZl_Q5ZuRRY1u-SBW23Q,Natal_Plum_261_aug_00401.jpg,15906,0.31700414540816324
12DnEVq8A6yFCtfta80Fy02Kl_Ki7i_oz,Natal_Plum_90_aug_00399.jpg,14777,0.2945033482142857
1sTROqbbEyGu-2D69-_PAznwVRh1xvtSU,Natal_Plum_627_aug_00400.jpg,15163,0.3021962691326531
1vCrp7jr9a4gGm0QmvAgbjcNo76zFU06t,Natal_Plum_566_aug_00398.jpg,16751,0.33384486607142855
13nQG7nHEIAEBW4mtNaWAqq4cZPbW-Uwy,Natal_Plum_256_aug_00397.jpg,14928,0.29751275510204084
1Og73Pc05Sz35nl_-tGc9_Q7MEr2BznX0,Natal_Plum_359_aug_00395.jpg,14764,0.2942442602040816
149t2FualroWAfHf44DLr0PeC9KeMruW3,Natal_Plum_474_aug_00387.jpg,12669,0.2524912308673469
1u-iO_xUUt9ygGImxcnFbDsfplHnjI3hl,Natal_Plum_215_aug_00393.jpg,14516,0.2893016581632653
1lmcFQCInFBt9-ByLcMqvHk8HYNQ28k1q,Natal_Plum_452_aug_00391.jpg,16393,0.3267099808673469
1IQEOX2OfF8IzTW3dCvcV3u7IwnoFA7XW,Natal_Plum_147_aug_00392.jpg,15428,0.30747767857142855
1TnvJ1tHXr2bevxs6IJAZllB5c_BZNjEd,Natal_Plum_687_aug_00386.jpg,15103,0.30100047831632654
16e5Xb1rn0kTUKw3UNEMHjRF2SYAWNjAC,Natal_Plum_463_aug_00389.jpg,8428,0.16796875
1VbSiRPxi4__wL8BnTLaApyactc6jW95P,Natal_Plum_394_aug_00390.jpg,13793,0.2748923788265306
1nBK3J6ewN9fFjnIYxSKdiH_B9cZeEIYR,Natal_Plum_189_aug_00388.jpg,15275,0.3044284119897959
1T95VDgt93JjmAqbeisKGef5zVC13KmDC,Natal_Plum_126_aug_00385.jpg,16015,0.3191764987244898
1qrdtyHiPqIx7sumjJoeaCkDXX6TM3_wp,Natal_Plum_109_aug_00383.jpg,15444,0.307796556122449
1isR3bFgL3U688ZluEBi0pAy0eSMho-cK,Natal_Plum_643_aug_00381.jpg,5229,0.10421316964285714
1cgA7O0ODuZBImR-h1oQHzyFFWGxGeDFQ,Natal_Plum_249_aug_00379.jpg,16207,0.3230030293367347
1c35RGk5TGraTt4331UESxjRozUEMXR15,Natal_Plum_408_aug_00378.jpg,14189,0.2827845982142857
1hiyyOmRDSN3P35ANrnS28KTTs7rHCwG9,Natal_Plum_499_aug_00380.jpg,15192,0.30277423469387754
1PhlXvP0wbse2EqsV5X6rEEA2_WBYJEdd,Natal_Plum_365_aug_00377.jpg,15789,0.31467235331632654
1Z2puRgNoKSmfQJgG7rIH4kgKWSvfCw3I,Natal_Plum_215_aug_00375.jpg,9107,0.18150111607142858
1HJNmug7wCu_BqDohaxjpOxIMXQtKhCBk,Natal_Plum_256_aug_00373.jpg,10163,0.2025470344387755
1EGt_ZUgqv4JXxIgCPpD_JfIa8Moe0zrT,Natal_Plum_384_aug_00376.jpg,13922,0.2774633290816326
1FzhOAiU84NfBp3_bgyZmng-i2jhmq3tE,Natal_Plum_635_aug_00372.jpg,13999,0.2789979272959184
1YLJA_ymlD7Bw4SFN-1jU1VRxSMAEMP-F,Natal_Plum_351_aug_00374.jpg,15018,0.2993064413265306
1QW42lUHt4beItwcIUSvCkOp2esku68x7,Natal_Plum_237_aug_00368.jpg,14480,0.2885841836734694
1adh0RI9P6R0pcSVMXcRem9iiG_4TembM,Natal_Plum_394_aug_00371.jpg,12709,0.25328842474489793
1vy55UpYpvyBhbyhoafxHqydIcD9V55YW,Natal_Plum_215_aug_00369.jpg,11011,0.21944754464285715
1dTtro-njHeZ3u0MKeARJYVa_RpUKcNk-,Natal_Plum_489_aug_00370.jpg,16078,0.3204320790816326
1gKDVYST9PZYKT8lgPBFekvJA8F2kwGpa,Natal_Plum_489_aug_00367.jpg,15225,0.30343191964285715
1RnTtkwb9IVR50SSgjaVY4QlZtnI7H6aa,Natal_Plum_249_aug_00365.jpg,12907,0.25723453443877553
1QUIJzDJneZ6-we7SGTd4ZVdNrFKrdzIs,Natal_Plum_384_aug_00366.jpg,13488,0.2688137755102041
1y7rh76HrjMXwejPfcNzFp5I6tgZ7I6Pe,Natal_Plum_474_aug_00364.jpg,14016,0.27933673469387754
1f0gQua0GGVr1otKI-Rz5ji18TXxUZYsi,Natal_Plum_586_aug_00362.jpg,11382,0.22684151785714285
1ksTjhx0TG7t5RIAJ9PxjR-EB0WgqAB1G,Natal_Plum_90_aug_00359.jpg,14929,0.2975326849489796
12JJgaNuo6E0dcznpEYTW44A4fA2Z5rZM,Natal_Plum_166_aug_00361.jpg,11449,0.2281768176020408
1XBdRklmDS8kXRIc-ndIvDYrARTYNUpp4,Natal_Plum_499_aug_00360.jpg,10212,0.2035235969387755
14bFyxEi6S03UQGx29Pvo6FEqu0po9p5i,Natal_Plum_375_aug_00357.jpg,12137,0.24188855229591838
1C2e1XszE14IMDE9n5fGxTQFeKAfPP3MX,Natal_Plum_90_aug_00358.jpg,16132,0.32150829081632654
1l3UOL1TLRRacDp2dqaFuR0pR2_4q0BIf,Natal_Plum_386_aug_00352.jpg,16520,0.32924107142857145
175OQISF2zMAyT42V1oDtgdwsQKW_FRWR,Natal_Plum_126_aug_00349.jpg,15233,0.3035913584183674
1_NZG1od6JKwEjrxxCAadhpIeYIgwRK9-,Natal_Plum_126_aug_00351.jpg,16837,0.33555883290816324
1U8oJJWj1JNRkkB_BMDgSq4tZRq-3TA6M,Natal_Plum_643_aug_00350.jpg,13923,0.27748325892857145
1ixZ-UDZ9pgTn7t1Ozvd1j-8bOu5OaGsX,Natal_Plum_489_aug_00348.jpg,15513,0.30917171556122447
12BbZa-sodj_02uPBA0zUJIkt-JOq_ZVg,Natal_Plum_2_aug_00346.jpg,14017,0.2793566645408163
1uk-3qNRkeNKk6AG2YIQINejUijk8ZqR2,Natal_Plum_545_aug_00347.jpg,13207,0.26321348852040816
1Vo-udfEfua-7x1Ehl5q6DG5FtgoHWoSA,Natal_Plum_365_aug_00345.jpg,12698,0.25306919642857145
1jl_AUvFcE6TqWWI6eljRJuvvhxVqFzi5,Natal_Plum_555_aug_00343.jpg,11940,0.23796237244897958
1YNc7gkxBV6FShfbbuEB01wolGwlANMHF,Natal_Plum_555_aug_00344.jpg,14954,0.298030931122449
1Fhw1VqtoamFo1mYXEjivdH5T4gWv5gNm,Natal_Plum_566_aug_00341.jpg,13521,0.2694714604591837
1c0GEU3CBncbLWjX3Xouu43UTiY9j5Qr5,Natal_Plum_90_aug_00340.jpg,11438,0.22795758928571427
1GfHbZ0RIQl8to2AVW0jR1K_qT-jXZGgA,Natal_Plum_249_aug_00339.jpg,15620,0.31130420918367346
1WSpExPAOViWxXt6vR230zB_VsHBZjvrd,Natal_Plum_489_aug_00338.jpg,15118,0.30129942602040816
1mW95PSB1UeYJBsym3ug_P9DWgjN_cy8i,Natal_Plum_147_aug_00331.jpg,14498,0.2889429209183674
16b1QQdXgxYnu60btLKtiPwaMNT8FWQiz,Natal_Plum_520_aug_00336.jpg,15064,0.3002232142857143
1pK69Dd9O8wE6ZsAEr2vO3-KByal8he3v,Natal_Plum_408_aug_00334.jpg,13158,0.26223692602040816
1IFVD-ERQqCJtwfBPoMNsL12zBqdtJW4_,Natal_Plum_359_aug_00332.jpg,16128,0.32142857142857145
1LX_bYLc2sl-N5prV68plkx2jJa-6LcJ-,Natal_Plum_566_aug_00330.jpg,13592,0.27088647959183676
19qie0r4TwMSuVVkvRBDpunLKELPcUxfv,murraya_paniculata_158_aug_00299.jpg,11358,0.22636320153061223
1XfQv-GYNeWLpxKdmIquT9UkikwvBlufR,murraya_paniculata_1497_aug_00297.jpg,7575,0.1509685905612245
1n72_poKu24qj3G2qnnEkci84QbVWpZ9_,murraya_paniculata_191_aug_00298.jpg,14985,0.298648756377551
16lMY9wnJw0JT7_tC1FQhFqnmIYmyoCWZ,murraya_paniculata_1196_aug_00294.jpg,15047,0.2998844068877551
1Eo8sOTDLU_VbRCeVMfu6XrIQlY9XMw6I,murraya_paniculata_1430_aug_00296.jpg,15198,0.3028938137755102
1ifgEV0Vnr3L3ZbP6Yzzls87lL9RTZbL7,murraya_paniculata_702_aug_00295.jpg,12198,0.2431042729591837
1KIS5Ezcd4B3SMYsJlUcOWIWSs4kBPVJB,murraya_paniculata_814_aug_00293.jpg,16622,0.33127391581632654
1IVIaNoHThZdvnfacExnQ3py8qELjnloF,murraya_paniculata_119_aug_00286.jpg,13829,0.27560985331632654
1Dt7TrZ_jaqU7Bp5dq7ErTt7KXIMW91G7,murraya_paniculata_991_aug_00289.jpg,15574,0.3103874362244898
1y0VLh9_Vs1NlADmh8ZJ9bGEtEcegkLIz,murraya_paniculata_28_aug_00290.jpg,14771,0.2943837691326531
1CgnN8Wk2Jl0jGUHj2L7ZnrE7nSo2sS5I,murraya_paniculata_497_aug_00287.jpg,4296,0.0856186224489796
1miDlif8vv0aqPaPMxPyZzFCRVvDcvK5e,murraya_paniculata_1416_aug_00288.jpg,16098,0.32083067602040816
1coZJgB_Hzv5kUkexKBZLB_qzjys2nSrB,murraya_paniculata_557_aug_00285.jpg,15322,0.3053651147959184
1L8wpLf-2nW8dn2rE_9z978mBiBmaGBnX,murraya_paniculata_1410_aug_00284.jpg,12097,0.24109135841836735
1PmNIbYFJpNHeKPwppxlZO0n_yD2Xw9PY,murraya_paniculata_290_aug_00283.jpg,14770,0.2943638392857143
1ZSfTbHXIhD2OOOO3dEJ7tz-FYNRkf6UL,murraya_paniculata_315_aug_00282.jpg,10007,0.19943797831632654
1XP6SigSSxVguiIEAb7LuDRKJZSWBOooJ,murraya_paniculata_395_aug_00279.jpg,14121,0.281429368622449
1gcEo2Sym8GGnFxK9J_09oO5z-QZ9JcSQ,murraya_paniculata_1410_aug_00281.jpg,16517,0.3291812818877551
19M-AxbNZJ9AgW0Vjg1Jl7zhEodO5vJXw,murraya_paniculata_802_aug_00278.jpg,14470,0.2883848852040816
16piHFej6tRGZTXw3suUwuC8M70TbKwyG,murraya_paniculata_68_aug_00280.jpg,11954,0.23824139030612246
15yivnSodlbKtS96-XAdc4q7iz9sT4fpa,murraya_paniculata_1120_aug_00276.jpg,13736,0.2737563775510204
1G50pL2uFxqVebdfifQyglf5eyNn15-Dq,murraya_paniculata_422_aug_00275.jpg,11112,0.22146045918367346
1vydW4NM2u-RzIHAhZhzB8hEBmKE-rJrK,murraya_paniculata_528_aug_00274.jpg,6876,0.13703762755102042
1UyS-OSoGiDAFHceUJf09UTyDFdpfJB3O,murraya_paniculata_234_aug_00277.jpg,14931,0.29757254464285715
1kcnuFPe4Pvl8AyIqdUDx7jpbiN2Ztejq,murraya_paniculata_1124_aug_00272.jpg,15339,0.30570392219387754
1I-ZFTsOMNNXK9iocEjapLKdBMPvKXQET,murraya_paniculata_917_aug_00269.jpg,15517,0.3092514349489796
1BuO0xz6dMrB2EBKaxNfuQl6MtjDLo0ly,murraya_paniculata_224_aug_00273.jpg,7563,0.1507294323979592
1Z2ZDnKF7Vv2Q00JoYKJRFBk6Z7hOtywT,murraya_paniculata_307_aug_00268.jpg,15036,0.29966517857142855
1Ptk0Tz5f1cFpSRMUxb5rh6BClSkEsj53,murraya_paniculata_28_aug_00270.jpg,8531,0.17002152423469388
166v-UUtILugyua54nJXod1Abj9U6szv_,murraya_paniculata_328_aug_00262.jpg,14682,0.29261001275510207
1jdxowbR5vEOKECVPYx3648q_sukJUJZW,murraya_paniculata_1414_aug_00267.jpg,12539,0.24990035076530612
1z7pEbjT_affgUMWWdaCYCaWM1ISyVeox,murraya_paniculata_1176_aug_00265.jpg,14948,0.2979113520408163
1_6qxsNdUnYNJLNTkajSizDbkVcFtsr0E,murraya_paniculata_850_aug_00266.jpg,9701,0.19333944515306123
1VbquU3Sv19INSyNTDtCSxlcsz4r29XsG,murraya_paniculata_158_aug_00263.jpg,13524,0.26953125
1iFLTMHNfomDkuicUcp6kVi02YndWtmy0,murraya_paniculata_936_aug_00264.jpg,14738,0.29372608418367346
14KnVDERgoxiZTiC0WF-7yASHl5bZLeoO,murraya_paniculata_234_aug_00260.jpg,11411,0.22741948341836735
1o8q7F5UvWVteN_XwjZJOVp5kc-uPN246,murraya_paniculata_983_aug_00259.jpg,14932,0.2975924744897959
10caNC6RKNLfLCoEPUpMumoVg-Jou-I1T,murraya_paniculata_1412_aug_00261.jpg,13330,0.26566485969387754
1ObSwyPpBelHOWyPsiwQr-7Wx7-2QldA0,murraya_paniculata_1416_aug_00258.jpg,15542,0.309749681122449
1HTfPc-FhsIExLTmWxKpK5z_gT388rUHB,murraya_paniculata_173_aug_00257.jpg,15511,0.3091318558673469
1ffTSOuGo6WW4tTMgFg5IuN6jHth9xqQz,murraya_paniculata_1508_aug_00255.jpg,10661,0.21247209821428573
1ECCz2CJ9r__shVVslzWzzpvZQ1UII_vf,murraya_paniculata_1309_aug_00253.jpg,13930,0.27762276785714285
1Q3Fbf0dixqXi7oVZN1MV3swj5vEty_DG,murraya_paniculata_1416_aug_00256.jpg,14125,0.2815090880102041
1vOgJjn5VOSNyCbutZx8RPP2ayu5neUPE,murraya_paniculata_58_aug_00254.jpg,14363,0.2862523915816326
1iNFzfAIdrmMDKgUeFEHVWFf8qinhYJZK,murraya_paniculata_305_aug_00250.jpg,15697,0.31283880739795916
14PqrLoCv0y2mSfPBqbVI81X8ewxnQIxp,murraya_paniculata_1439_aug_00252.jpg,13952,0.2780612244897959
1SRhn7Q9w4qV7YDQGgpNtLdWsjbmE8frA,murraya_paniculata_468_aug_00249.jpg,12017,0.2394969706632653
178ux66HN4sNDqS6saCEvaDwNCEN5r3Xx,murraya_paniculata_476_aug_00248.jpg,15166,0.3022560586734694
1CW6_NzJaCXWTBKkbhfiVIMiRZ0OT_wVX,murraya_paniculata_383_aug_00246.jpg,14523,0.28944116709183676
1EjuwdurUpZyQZwasMpjrmpcHnJlcjvSh,murraya_paniculata_803_aug_00247.jpg,12857,0.25623804209183676
12dMIY5YOTts_-bgYULkmGsu1bHgeVyZM,murraya_paniculata_702_aug_00245.jpg,16479,0.3284239477040816
1DwfUo46hBNcca7futR4r1w7OpFYHRsly,murraya_paniculata_482_aug_00243.jpg,12043,0.24001514668367346
19JzBRFkFdYgbcliBbeUq_J2EJfhMyAYG,murraya_paniculata_1096_aug_00244.jpg,15958,0.3180404974489796
1ixRKJp9nd_jccmm4OLQHANzJwlZWWwbm,murraya_paniculata_917_aug_00241.jpg,15821,0.3153101084183674
1d9Jc08nNrFS6-Ca6r1Cp1cTi9rpwjgle,murraya_paniculata_917_aug_00238.jpg,13178,0.2626355229591837
1G-CZBt7Asx25IO5A_Dss9MgmNRZTgwTc,murraya_paniculata_497_aug_00240.jpg,5842,0.11643016581632654
1_xOn6o-0gZ-pHTzOgTx1a4ovpFUQzDAR,murraya_paniculata_290_aug_00239.jpg,12713,0.2533681441326531
1ovRVAGDkJQ949ldLXJJVeU1B_QjSqr-H,murraya_paniculata_759_aug_00236.jpg,9226,0.18387276785714285
19Ox4xWGrB2cUs7kJZVkBDN6Oj5WDsMko,murraya_paniculata_516_aug_00237.jpg,5401,0.10764110331632654
1nbipqcvjkZweP_zIU8aKllxbTSUsr-TE,murraya_paniculata_58_aug_00235.jpg,15893,0.31674505739795916
1ug0GnGFpKKglGEsG8L1oqus_jQ_U-zGb,murraya_paniculata_42_aug_00234.jpg,13860,0.27622767857142855
1733IQxJ3zJrRD21c_1C8D33UBS16B0yu,murraya_paniculata_549_aug_00233.jpg,13730,0.27363679846938777
1BO8YoaMD-dnfCcuZ7wYfZtMA3itVdb5c,murraya_paniculata_1402_aug_00232.jpg,14891,0.29677535076530615
1ADfPM7KZ5dwIMzOeiKnXTr3YnwvyNaKo,murraya_paniculata_1124_aug_00230.jpg,15671,0.312320631377551
1RIeKN3AiDls3yATEXvysbU0wfH6SPHr4,murraya_paniculata_1120_aug_00231.jpg,11080,0.22082270408163265
1O60n_wFEZdDzhMAaRIDBV_0YRp2W_ke_,murraya_paniculata_976_aug_00228.jpg,12789,0.2548828125
1Nwd-ws_8-PL8gRtGfyGd_2tNILiOaku3,murraya_paniculata_1050_aug_00223.jpg,14814,0.2952407525510204
1i2FLRie7iI6Ij2genqqeEXrplnzkWG0b,murraya_paniculata_796_aug_00229.jpg,16922,0.33725286989795916
1OnDmchHIzoE_xwJQS9Jr11k01qQYh9oW,murraya_paniculata_908_aug_00225.jpg,15794,0.3147720025510204
1LtJX0aUOTHenAkqOfdji9uFdxjDMGaUa,murraya_paniculata_252_aug_00227.jpg,15507,0.30905213647959184
1G08VlMMnOhBUUmvgfbdgf7zMn1c8jd1p,murraya_paniculata_1243_aug_00226.jpg,14884,0.2966358418367347
1_nfSkWoiO0I90szxkxH7v5SOhz-zEzWp,murraya_paniculata_803_aug_00224.jpg,16205,0.32296316964285715
1dbZiE8saauwnfap_PWiW5MEQTkNMykN8,murraya_paniculata_250_aug_00221.jpg,17276,0.3443080357142857
1qYazEAdG1d-JFYtcDxB-LTfv4CwGlVrU,murraya_paniculata_1383_aug_00220.jpg,9633,0.1919842155612245
1WGZSbkBnoN-1UsmvCuoI_na3BczS7eVi,murraya_paniculata_61_aug_00222.jpg,15474,0.30839445153061223
1pr3suKFHMY9r_V6pjL_I8nS6CyEpbGkb,murraya_paniculata_214_aug_00219.jpg,15169,0.3023158482142857
1AYjCf63o0ANu7MczMDIbYF23raKxPSNr,murraya_paniculata_924_aug_00215.jpg,14787,0.29470264668367346
1ZEQ6G5jDvhpsXnmmRzXDx37kebCfrFHO,murraya_paniculata_892_aug_00218.jpg,14683,0.29262994260204084
1SAnRFmxrWCvWbng2OeYDnn6DyR1N4l97,murraya_paniculata_996_aug_00214.jpg,16186,0.3225845025510204
1tvzQIownBAGmNsVhO4sjy68qWD7ky11N,murraya_paniculata_425_aug_00216.jpg,12107,0.2412906568877551
1SvDUDsHiRRO--uyvwbuasq_SpfNRyBGS,murraya_paniculata_90_aug_00213.jpg,11316,0.2255261479591837
1FxQnP5ONHVyo4UXLDYAZqw5fnoFl0g9z,murraya_paniculata_425_aug_00212.jpg,10167,0.20262675382653061
1SFjapGlHAMCrlg0udbPWwg-tmHtKFGZ4,murraya_paniculata_158_aug_00211.jpg,12854,0.2561782525510204
1c0OVVwjDyt9QZDMh93-2jY-SL6Q2zBZS,murraya_paniculata_702_aug_00209.jpg,13581,0.2706672512755102
1bWzvE9oDS_q-XVIJ4eMxVhh2RVurogSy,murraya_paniculata_1376_aug_00210.jpg,7634,0.15214445153061223
1JsCm8mk3K5YosGcAPQoSMbZKDH-E1SGA,murraya_paniculata_1172_aug_00208.jpg,14035,0.2797154017857143
1mYDOdCIgZ-BIgLLEyWziHdNKWl-6O-OJ,murraya_paniculata_1243_aug_00205.jpg,16713,0.3330875318877551
1O1KxVg8tBH-hA9FkNVE-w8UjQ6laZ3bm,murraya_paniculata_639_aug_00206.jpg,12233,0.2438018176020408
1dLHSKOPkSIumvKq7xCW6TSbrRb-_oK0y,murraya_paniculata_1042_aug_00207.jpg,16656,0.3319515306122449
1_wAb299Csuhn9ljuegdMn5FJQr1PTymg,murraya_paniculata_240_aug_00202.jpg,16738,0.33358577806122447
1sEv19Tv7VRE9S7bScQP4YdBAWp8oy4DW,murraya_paniculata_744_aug_00199.jpg,8052,0.16047512755102042
1143Z9Uo1InvKkmu_-at-l-G-Q4PClwp3,murraya_paniculata_1505_aug_00204.jpg,13678,0.27260044642857145
1RhawuqG-OXJm0C9omwvGK1W0cBtri4b2,murraya_paniculata_383_aug_00197.jpg,12490,0.24892378826530612
1BZwS_wXxg3c57Ge78UhS0dO2il3ssvYR,murraya_paniculata_1253_aug_00201.jpg,14529,0.2895607461734694
1yc_RUiDBiWhMm3Jw1icgCj8EXmJEEgu0,murraya_paniculata_1508_aug_00198.jpg,13023,0.25954639668367346
10H1UNh1HSN8TJ78QbvlnPDjmg6jM7k_Q,murraya_paniculata_1049_aug_00200.jpg,16075,0.3203722895408163
1XqQfE0-9f1lSlvygk9MuyyDCLS-KoBct,murraya_paniculata_242_aug_00196.jpg,14541,0.2897999043367347
1PdFrNkDsNGzBWiLCAX-g2FVwA4YRDyew,murraya_paniculata_172_aug_00190.jpg,11285,0.22490832270408162
1-gi4zq31nBLmZU6Spqp5YQ0EVBxZPgNO,murraya_paniculata_28_aug_00194.jpg,12026,0.23967633928571427
1NuFhw0USWsiE4pNmFGVL6tJNLHoFcQyn,murraya_paniculata_796_aug_00195.jpg,17123,0.3412587691326531
13Qok2Bx5qtlKmKDkTUIS5okTuYYZn25P,mix_668_aug_00425.jpg,8970,0.1787707270408163
192iURRvkwEVFrRL42T8dQupwpgh3YCt7,mix_497_aug_00428.jpg,10279,0.20485889668367346
1QiAKkn9tuRKU7yCvVKGXG6jMaeSHT71_,mix_338_aug_00426.jpg,14227,0.28354193239795916
16ANmxGQW37oaMFu46MwAcHau0tbtsUp6,mix_306_aug_00424.jpg,9168,0.18271683673469388
1x-04WdJ5-ErP7lM11mql18usQxSMZsPp,mix_434_aug_00423.jpg,12416,0.24744897959183673
1WwdvkYwNwE8YBqZNuA8k6uTSqYbF7KiM,mix_488_aug_00421.jpg,16059,0.3200534119897959
1iw-mYGClLPKdOub-4gH4Om8E6-YjpNim,mix_586_aug_00422.jpg,14182,0.2826450892857143
1N81OTuBCBl6nsLVQu7saKuWiUDgiXjuG,mix_932_aug_00420.jpg,14318,0.28535554846938777
1DsbsxDSjZG8UEGH3p8Xk2eZxFpUqgMOY,mix_335_aug_00419.jpg,14870,0.29635682397959184
1hHFWPIr9uiACnlolTu3LaReFzl4vhVDO,mix_539_aug_00416.jpg,12343,0.24599410076530612
1Ywy0PF03a2bvhVRpLxTj9asm1uSyyeJh,mix_434_aug_00418.jpg,12422,0.24756855867346939
1Gc3yP5OY2b86CRL7YX2EEAJNcERLkx3e,mix_703_aug_00414.jpg,14301,0.28501674107142855
1m7KucahTmZYC_w5iJ8dFTZfNw1kYIEo-,mix_84_aug_00415.jpg,11630,0.2317841198979592
1hTK8m1mpY0vYpnIe7SQ2kD7O4IcsUxYx,mix_287_aug_00411.jpg,12978,0.25864955357142855
168zo4Q2pzsgh48GvLQt_ORX3yWq0NPaU,mix_649_aug_00413.jpg,13696,0.2729591836734694
1FOlPWVEXwQWWvJHJTvqdQir4riveK1mu,mix_894_aug_00410.jpg,14575,0.2904775191326531
1hu96ZyebnFvaEqpA3v7OTxIKgYTp46GI,mix_149_aug_00412.jpg,9514,0.1896125637755102
1nzOeJqck-y49qsc_F2Ap-qxlnTcLyWF8,mix_943_aug_00406.jpg,11572,0.2306281887755102
13LF4fNaI-cIcvBglgjiy3aOSTIgb7gdL,mix_596_aug_00408.jpg,13008,0.25924744897959184
1EMGmpgGQG0mSMasjPmt5XoxNw2w9S99o,mix_506_aug_00405.jpg,11021,0.2196468431122449
1v78tLEI0NInmoPUcTEnsHXSwYK4hOt4H,mix_978_aug_00409.jpg,13423,0.2675183354591837
1iqhgoADdGsgfJGWTIPYtn0Lw_6qfr64z,mix_569_aug_00402.jpg,15559,0.31008848852040816
19msqUre1VHyWY6MP9VZZC0eYR1v5ywBk,mix_463_aug_00400.jpg,12039,0.23993542729591838
1y31LC22IB9X4A6jRcvERBMm4as2w5xHX,mix_724_aug_00401.jpg,13031,0.2597058354591837
1Bt5vaK3ZvkUVN09HArSs1eow9wEwaXiL,mix_656_aug_00399.jpg,13710,0.27323820153061223
15BVdKYyre01aeBnOS1UGeL3zkxSY-HF6,mix_856_aug_00398.jpg,13091,0.2609016262755102
1DJTWXEjQqbIQ7I6PCUR7CbW1iV_UEaUW,mix_510_aug_00395.jpg,9460,0.1885363520408163
1VSVjsWAHu6I4K3u0byZoSyFxXpPj8GEF,mix_978_aug_00396.jpg,13671,0.2724609375
1LUijIa-HHMEBmVOK6kQrPrCe1KjNtiIT,mix_223_aug_00393.jpg,8530,0.1700015943877551
1BngAHobGq6y2f4YgeWep1awAXRAMuJR6,mix_327_aug_00389.jpg,10648,0.21221301020408162
1U49MLUS1CLS9GSqd7yWc7jiQSCqC-LsW,mix_306_aug_00392.jpg,15230,0.303531568877551
1E5mhBmMCZRpPPxmg5qXqSiEhW5zE9XV7,mix_561_aug_00388.jpg,13148,0.2620376275510204
1SY5CAYu0-V6BGwDrkxSLMSPe93NRaMFs,mix_506_aug_00387.jpg,9817,0.1956513073979592
1t6rZdfW9agd0GdYl_qoTZcODczW0w3tF,mix_832_aug_00391.jpg,15684,0.3125797193877551
14T01sehhOKLkaM1z2T4HKoMsWp_YObsV,mix_559_aug_00383.jpg,11031,0.21984614158163265
1KcfD-0JKPuDW8n1floAOK7ITd2hJPJXm,mix_649_aug_00386.jpg,9098,0.18132174744897958
1SxeRP7ZJ3DL9mSvOO2Wbr1Y3NHnZQrY3,mix_596_aug_00385.jpg,12947,0.25803172831632654
1-QOjgo4N3YZ0M9ODPf-YosO6IKJte042,mix_724_aug_00381.jpg,15176,0.30245535714285715
1fkKuWdDktQHXIDJsB3C2yqSzuximobTA,mix_383_aug_00382.jpg,13437,0.26779735331632654
1YTWhP9fQWNnplKonIFBEFPbQcL_eb2pR,mix_327_aug_00380.jpg,12265,0.24443957270408162
1v6Ec6NP9GlMQW4E21cT5LXCbRGbRhRaZ,mix_223_aug_00378.jpg,10050,0.20029496173469388
1VqVT9HIb2k1J_gtRb_kl4hLy88MR_pu_,mix_174_aug_00379.jpg,9272,0.18478954081632654
1nimpLNU6JcYUxwJViMeGQFU9--C30toP,mix_174_aug_00377.jpg,10709,0.21342873086734693
1i-f-M7T0Lp8EqlS9asUzpoFwF9R6xiCc,mix_1048_aug_00375.jpg,14640,0.29177295918367346
1OxwDBHgI-RxfZSzf4GNBVCQHZASpyivA,mix_125_aug_00374.jpg,13608,0.27120535714285715
1HA9Edy-DKaoBKHhQ9EnGlpS25a8xadgq,mix_703_aug_00372.jpg,15944,0.31776147959183676
1oFhILWiUCszT83hnTM5gYMRIjDXs4I6M,mix_488_aug_00371.jpg,11467,0.22853555484693877
1FXhPHX4HHLt2yqn7n0k4AVqsUh2WU_Ha,mix_1048_aug_00370.jpg,11697,0.23311941964285715
1NBLg1kmSIlZn9XDAbvuARfSy_Qf2okyZ,mix_174_aug_00366.jpg,11602,0.23122608418367346
1qXCKs3KkQlLuK0YM63XtANdy4WbfNOWQ,mix_497_aug_00367.jpg,12113,0.24141023596938777
146CmxN9bYQ476u8g6IIryNwfoo5QOKHf,mix_644_aug_00364.jpg,12917,0.25743383290816324
1XnjuTYaqt5Gz4J8is1bhOj44yFQzPdSw,mix_656_aug_00362.jpg,15581,0.31052694515306123
1kkA18ocV3CdV6dYNW4rx163fAIssWn5q,mix_72_aug_00365.jpg,11950,0.23816167091836735
1gDhit6uW6YiA912mSFUAJ7tggBaNR-9W,mix_724_aug_00359.jpg,14521,0.28940130739795916
1_uA0zlDI6f1AObDd68WXdlrX7r6WKiUI,mix_399_aug_00363.jpg,11973,0.2386200573979592
1HnQkbBEHRswzk4-gzSWrSszunW3_dfrK,mix_668_aug_00361.jpg,14796,0.29488201530612246
1d9ly2FkgXq7QDjSv1HkeE7TCK0KxxWJu,mix_335_aug_00357.jpg,11473,0.22865513392857142
1TaqlVsVAN4kYE7a5-kWzql17vqm1Ki3I,mix_300_aug_00358.jpg,13738,0.27379623724489793
1rVhOetbCLaoF42bb6emnzvOELIvTzWQX,mix_716_aug_00356.jpg,14373,0.2864516900510204
18pfywXkhsuGlv2lz8W0pO027EJH-TIRw,mix_327_aug_00354.jpg,13333,0.26572464923469385
1Gr31q1vHqrx1EukFrX5GKrdNnS-Y9mlC,mix_685_aug_00352.jpg,13743,0.27389588647959184
19mORdllPK1CUp7-wEw8YdxzlvL9Dw4o2,mix_832_aug_00350.jpg,9383,0.18700175382653061
1XbFeHQ1owm5h2clwaHws1eo5Dy1UxTep,mix_149_aug_00351.jpg,12114,0.24143016581632654
1LZb6G_n2KQLPz0hs53HWbcVNoTehHe6q,mix_409_aug_00346.jpg,12560,0.2503188775510204
1n1Y1ZFr9q7ZYtZuMYBBz6Z2mvqGOp6KD,mix_967_aug_00347.jpg,13297,0.26500717474489793
1cUm8575DJw6RsqSeBUhQvHzr4-tkLSzi,mix_673_aug_00348.jpg,11488,0.22895408163265307
1AkC0weBcZVZiWVfSzIppjcaDdHnseJS9,mix_105_aug_00349.jpg,9347,0.1862842793367347
17b_fY7DM1U1McWbvEz1kx269hqk02MkF,mix_112_aug_00345.jpg,14610,0.2911750637755102
1Wmplp54mqVeb9apsyQuPUddHPgfIAKFK,mix_105_aug_00343.jpg,9799,0.19529257015306123
10UrvUN06tPotLO7KjyQev60wzFZ_beSK,mix_174_aug_00344.jpg,11757,0.2343152104591837
15PdoZEeFVBx1cmPaIqzHY9wYQQwJiJd-,mix_488_aug_00342.jpg,12706,0.2532286352040816
1P_yyJvkHg4_V60-m976R4w6HsNoL6Uoj,mix_463_aug_00337.jpg,8998,0.17932876275510204
1fi2c2MA8LgoZZ2QxEvsn_BFiu1y8WSJN,mix_569_aug_00341.jpg,13667,0.2723812181122449
15u7Z8kfRDjG88AdqzeLCHAbnP9qnfWCW,mix_72_aug_00339.jpg,11407,0.22733976403061223
1gWmvT-xjEVhi4vVkEJIbKavCe3Um5CNb,mix_649_aug_00338.jpg,10348,0.20623405612244897
1wi9HlOx5zzgCC9tNZrp3l6bLMOj8Blgl,mix_856_aug_00335.jpg,13240,0.26387117346938777
1TAsNUOPFF78esP4seMtrso-_46F6THq4,mix_287_aug_00333.jpg,12044,0.24003507653061223
1RXVUOMzBUAaJWDUQvWYSdkIIcYYLteG2,mix_125_aug_00332.jpg,10469,0.2086455676020408
11mxwYwTsI_9zIWqVbYMNFJm4CSZh2KA0,mix_273_aug_00328.jpg,13746,0.27395567602040816
19SdDWpU5noP6ugp7d6-cErTU5eQqs7fz,mix_832_aug_00329.jpg,15463,0.3081752232142857
1vo1NEexGwzeb1ixJTzTiqdTtHZiZ_chp,mix_223_aug_00326.jpg,12639,0.2518933354591837
1z6YgyiVPlwJLeBd-Mssaqjfmki5dmI3R,mix_856_aug_00322.jpg,16346,0.32577327806122447
1u6l2hh4yITcZRF_P5mj5bWhue-Ht5yE9,mix_710_aug_00327.jpg,13543,0.26990991709183676
1uewtu0S-IkQ-Eej1gR9kYW3W59KTC6yG,mix_223_aug_00323.jpg,12800,0.25510204081632654
1PRLJWJBskt4cjYNwhbyN19cmCPETwHUA,mix_497_aug_00321.jpg,10519,0.20964205994897958
1FRWF_TKmxOJUrQjY_8qxoKdhjsRzRBby,mix_434_aug_00318.jpg,12264,0.24441964285714285
19cd6ycbpM-_jOaE1gK3Bzy4fnUDw8QsD,mix_174_aug_00320.jpg,11024,0.21970663265306123
11Jmvaggu-DtLkFxFDmk4WX2ju1sD_fTz,mix_174_aug_00316.jpg,11304,0.22528698979591838
1-VT6H63bCNUNCZUAEgxgscCcZUyvZ2Bg,mix_626_aug_00315.jpg,13353,0.2661232461734694
1RTTCbLG-bYz-m-hF_cwf0UBaLHN_BPQl,mix_335_aug_00317.jpg,10403,0.20733019770408162
1c73QYlTJTcweiYs6vMZx3igqKn2wUGKg,mix_520_aug_00313.jpg,11727,0.23371731505102042
1tAbLdkol82948ZxesEI-Bbp-s8_ZOMPC,mix_710_aug_00312.jpg,15157,0.3020766900510204
1VxuxBDsMA88pa5WGb2SCrCqKbHy2v95z,mix_520_aug_00308.jpg,12982,0.2587292729591837
1URlybcJ_exNNJGTSEc1bzmMADuSbHj3A,mix_121_aug_00310.jpg,12254,0.2442203443877551
1d6F7EBGZc0Bpg0FGnK9NtUJDh9P2AfKl,mix_112_aug_00309.jpg,11315,0.2255062181122449
17hOdrzWXOm6dxWysIb1ya6IA-UHgEAAU,mix_569_aug_00280.jpg,14420,0.28738839285714285
1gLxzEjBLHjWxvbSwNsoP2tCBTo7kQjdD,mix_811_aug_00307.jpg,15820,0.31529017857142855
1LhwuAgzzej6MEtd4o-rdZRZBA2KqdVJ3,mix_300_aug_00306.jpg,8375,0.1669124681122449
1qNsHaWMUcgvLT--PZYTJWM9t58MzmW-I,mix_174_aug_00304.jpg,12419,0.24750876913265307
1HhP9g85iYaAQ1prV6QuCfxu0d_RavDWV,mix_978_aug_00305.jpg,13224,0.2635522959183674
1BL6aviCcA7HXQEylR-tRxOROxzLxi2QK,lemon_leaf_243_aug_00463.jpg,17650,0.35176179846938777
1f4cpR28p7g2I-c4Gzl9ljViGQQilQ7d1,lemon_leaf_316_aug_00461.jpg,16942,0.3376514668367347
1LjX5HdwC-SkQozrHKG4LLedp3XhGP3Ci,lemon_leaf_559_aug_00465.jpg,18242,0.36356026785714285
19oWEO8m98hdowN3WTMeD3NRh2vksugNe,lemon_leaf_512_aug_00459.jpg,16179,0.322444993622449
1q3Ag9U0eoNdf9_vmhNNOWrgVJbLf-jD3,lemon_leaf_1_aug_00458.jpg,16966,0.3381297831632653
13qDwyXBYrlBXugOmXDuHAqizdsWDuHat,lemon_leaf_130_aug_00460.jpg,18025,0.35923549107142855
14P-2Y23TJzG5Z_EJJW5RktUJ_ltgDM_m,lemon_leaf_349_aug_00457.jpg,16139,0.32164779974489793
18ZTE7Q8fymhF91yYNd_K_Z67fYeGsqOo,lemon_leaf_349_aug_00455.jpg,18167,0.3620655293367347
1m7tLTyle3CcRgio4Atc1zoiGi4U9gIrm,lemon_leaf_559_aug_00454.jpg,15974,0.318359375
1-zJsOvXAuuuMr2-FfGDOvGrnLIPtfG9z,lemon_leaf_145_aug_00456.jpg,15366,0.30624202806122447
1zLY7iGp-4SXMfIT9g4ajulsks-AdP6fJ,lemon_leaf_349_aug_00451.jpg,17122,0.3412388392857143
1HtE3Nam_J0__2AxT27x5rs2POzR35C35,lemon_leaf_512_aug_00448.jpg,16675,0.3323301977040816
1pf8LFLdses7kiieJ7Mt3gBHiPtj8HUqE,lemon_leaf_83_aug_00450.jpg,17676,0.3522799744897959
1cjlo2gRZGNFo4uALsoUUOKQ2-MVFswRy,lemon_leaf_28_aug_00449.jpg,15745,0.3137954400510204
1E6KhQdudwM4W8Xb1tVW4vJEFzL5iBjsZ,lemon_leaf_1_aug_00445.jpg,15779,0.31447305484693877
1AZP-RexnGkEenJjbyKkEgzCewfWuIEel,lemon_leaf_422_aug_00442.jpg,15166,0.3022560586734694
118afxiGPkJRKP2A4onXz1pc-L_yTNQ1e,lemon_leaf_512_aug_00441.jpg,17661,0.3519810267857143
1PH1LUITkkdXr-2jZY2hCG8imuz4D7MjE,lemon_leaf_559_aug_00446.jpg,15868,0.3162468112244898
1baJcrzVofKggAjs0SvzRYmIZDcLW3GX5,lemon_leaf_243_aug_00439.jpg,15147,0.3018773915816326
1usoVjn-uLyCKzYKKXrVc1VHEN7j4o16C,lemon_leaf_474_aug_00440.jpg,17979,0.3583187181122449
1ZHC4ao1-I3-SJLPOXvpgEBWy09rOIrbg,lemon_leaf_83_aug_00437.jpg,16543,0.32969945790816324
1vM-mMZifRU3wKGda7sfO_qCm8qHvYPS7,lemon_leaf_304_aug_00435.jpg,18344,0.36559311224489793
1lF-Py2-83Z_XGi8wNsrOpbFwXNa46aAP,lemon_leaf_395_aug_00434.jpg,15230,0.303531568877551
1wl5hhlf24dwruEgKCeW6_7Hxe7fhYXOU,lemon_leaf_342_aug_00433.jpg,14680,0.29257015306122447
1PxGdW1luA-9NCI_fwOQkWklbn-f1YTT2,lemon_leaf_449_aug_00432.jpg,14670,0.29237085459183676
1VaQ4tfAH1CJSvCGAGCPIeitCNOspHVg5,lemon_leaf_442_aug_00431.jpg,17625,0.3512635522959184
1hpcy-bP5r_pqLc2lZaEvlJhn4SW5Ozwd,lemon_leaf_422_aug_00429.jpg,16263,0.32411910076530615
1l2kC9yfc1azq8OO2UHnOVssD70MeQ6zP,lemon_leaf_416_aug_00430.jpg,16923,0.33727279974489793
1LCea9BT-4RvmZnFvD4cwUH8Qfthhf0J_,lemon_leaf_338_aug_00428.jpg,16598,0.3307955994897959
1qyQVy0iDix6_4yJp7t4mSTSbmkHw-pcY,lemon_leaf_292_aug_00427.jpg,15410,0.3071189413265306
17YUmFQMY3lGr2dwa8WobTbyOTZre8Be1,lemon_leaf_83_aug_00426.jpg,10073,0.20075334821428573
1WrLbRHYBZVwcroInFrrPTQK8n40RMwpW,lemon_leaf_429_aug_00418.jpg,15301,0.3049465880102041
1t82tckoTxn1wltZz81ToJig-MQRfl7TX,lemon_leaf_484_aug_00425.jpg,16692,0.33266900510204084
1-x1cgJISglO905zg44rSgxD-34YKMmbP,lemon_leaf_316_aug_00419.jpg,15898,0.3168447066326531
1nLF1MW85NY2_vcp_jrkeSyiLXF_BPW0a,lemon_leaf_333_aug_00416.jpg,12668,0.25247130102040816
1jmPRElcQoDeAjZ4tZced6igCQtCJCMDd,lemon_leaf_474_aug_00417.jpg,15880,0.3164859693877551
1MtBiFwXutriXiRUHvmF9FjTNohJJIQ3t,lemon_leaf_559_aug_00414.jpg,17301,0.3448062818877551
100mVqF-GbvNNhbYFFO81jW31hq938ahQ,lemon_leaf_422_aug_00413.jpg,15756,0.3140146683673469
18l3WUcY518N0Y5XhM3BevVufU2YnywR4,lemon_leaf_325_aug_00411.jpg,17833,0.3554089604591837
1tyy8n3GhsD5mCSqC_QJ6Urjr7-A_gEIC,lemon_leaf_449_aug_00410.jpg,17990,0.35853794642857145
1DX3panRdJkmwO69CFfw73QGj83r8qWyT,lemon_leaf_28_aug_00409.jpg,15746,0.31381536989795916
1fSsqGD8MZmTnj2mFAHXLpFjWbu40v4cC,lemon_leaf_530_aug_00404.jpg,13320,0.2654655612244898
17Sb-LOhhM0aoOxO7Ah6pjTNWbXwHkKzy,lemon_leaf_243_aug_00405.jpg,17647,0.35170200892857145
1aaOLRoQwoJ7KxwhDXfixvgtZFD5sz0yk,lemon_leaf_83_aug_00403.jpg,14236,0.28372130102040816
157pAkEKXN3PxLT0-gv2FMq-qb4iaNmQ5,lemon_leaf_416_aug_00402.jpg,18517,0.36904097576530615
1nivjA0UoC-RlokQrcLvSf6FZ-8Y0dVps,lemon_leaf_342_aug_00406.jpg,16630,0.33143335459183676
1ZouiqECUHWpkm9999eyjKvqBhUAsD9I0,lemon_leaf_338_aug_00396.jpg,16930,0.3374123086734694
1X8Z1Xw0i9XWP3W14o6tJn2MqjZTndct0,lemon_leaf_1_aug_00399.jpg,8730,0.1739875637755102
1JSJRMHMbqd9uG6QOOXLv-p8pitzfxQ5C,lemon_leaf_429_aug_00397.jpg,17253,0.34384964923469385
1ntmzAbua4Y2lq8PNdHVGxVSO8GX1EngU,lemon_leaf_512_aug_00398.jpg,15998,0.3188376913265306
1wtWyJrWmw7JNc4Ugbhk2qasoOaDUqlD6,lemon_leaf_422_aug_00393.jpg,13580,0.27064732142857145
1o6uZbiVHiozGgc7Sodad57Sj1iq5VYsc,lemon_leaf_559_aug_00392.jpg,16713,0.3330875318877551
1PCk4YBB1LJfcAAWyRXKMS4J_v4w9gvmE,lemon_leaf_395_aug_00389.jpg,16955,0.33791055484693877
1z0YvmJBl-VL_x7rOaScd9rAcItO5kokD,lemon_leaf_484_aug_00391.jpg,15976,0.31839923469387754
1amP_UArmu4xUadEu01Ehx8bUnrZ8Eyg3,lemon_leaf_204_aug_00387.jpg,16632,0.3314732142857143
1mUmKJYMkU83_tDUhVtDUdE4htAZjAys0,lemon_leaf_62_aug_00384.jpg,17367,0.3461216517857143
1pmSnEM8Nbnpa-UmBXYlqOxvf7nK7dk5B,lemon_leaf_283_aug_00385.jpg,17097,0.3407405931122449
1O44hpW29vkV3EAuhL6x9Pu-ghS5mSSM6,lemon_leaf_83_aug_00383.jpg,18029,0.3593152104591837
1vyygkr1SJmw454mG9l-QJ3a-VT69YrEy,lemon_leaf_28_aug_00386.jpg,17425,0.34727758290816324
1JLaJ1fFVcN_v3fE6zF1hXb1iksqvSacs,lemon_leaf_325_aug_00382.jpg,14624,0.2914540816326531
1LaSl8KrsAmCDUneYqHr6NuGi7_S73bxN,lemon_leaf_349_aug_00381.jpg,18048,0.3596938775510204
1u7qswhJV_ieIuNdFXjkipG8gbDLO9Hsf,lemon_leaf_130_aug_00379.jpg,16998,0.33876753826530615
1qUYE2Y7cHA4GF_liR-X2o7lQG_h50td2,lemon_leaf_530_aug_00377.jpg,13271,0.2644889987244898
1sxDG8x1JtO779Y-jeqzY9wyFvBfurn6C,lemon_leaf_243_aug_00378.jpg,16211,0.3230827487244898
1GFYkmMFMQ_yP9zzo-PHID7gv-wqnj1jq,lemon_leaf_333_aug_00376.jpg,17852,0.3557876275510204
1TGfM_leRWNvJ6rTNRSRFfHNj2HihoCLs,lemon_leaf_1_aug_00374.jpg,16647,0.3317721619897959
1XRY_uutv734La098FZ4DevAMQgJTigUb,lemon_leaf_559_aug_00375.jpg,16845,0.33571827168367346
1JGHHmWw-JZbdrZVCcs3REVQp11hUuc5a,lemon_leaf_530_aug_00373.jpg,17517,0.3491111288265306
1y3n5Uy9NIMogOOyr0w-hZ8Vt-kUBi6pg,lemon_leaf_283_aug_00370.jpg,16901,0.3368343431122449
1lDeDuVhgm75v6FAomrv2FzgdrNt_9KLW,lemon_leaf_338_aug_00368.jpg,18103,0.3607900191326531
17daiQhcLjyEI4feT_6oLmAg8PhMZIn_X,lemon_leaf_145_aug_00369.jpg,15864,0.3161670918367347
1yRhs_1uELLgYgOajpBrnktPy1zuwdztS,lemon_leaf_1_aug_00371.jpg,13478,0.2686144770408163
1-2WxwUkeQk-SqVXvlRp9BPYb8dMQLgE7,lemon_leaf_103_aug_00366.jpg,17448,0.3477359693877551
1Rd1O6MSPRdM_UXU7HNdaomV2kSbu5mr2,lemon_leaf_474_aug_00364.jpg,17411,0.3469985650510204
1SOk3c6jdQseJd-QInUaGIcGYNuRfZQ05,lemon_leaf_530_aug_00363.jpg,18331,0.36533402423469385
1cykvTbOoH3PR4tZmlCx1x6z-wr98AJTg,lemon_leaf_28_aug_00361.jpg,15192,0.30277423469387754
1Avknl5_3SmrcHHokah2VdKoSBGdhh6KD,lemon_leaf_512_aug_00360.jpg,15124,0.30141900510204084
1cXMfqIXJZKu20SF4g89a-NmlAMkLsxMw,lemon_leaf_145_aug_00356.jpg,12839,0.25587930484693877
1GuLF8Gbdj685QTJOs0RmQQmtTkPbAdmG,lemon_leaf_283_aug_00357.jpg,14296,0.2849170918367347
1IYbD3SXloae32ts2l5RnLyxZJNFnrbGP,lemon_leaf_416_aug_00359.jpg,18188,0.362484056122449
1RThiBYa4cm7YhsZ-awV4mvjyTUkpqeu9,lemon_leaf_404_aug_00355.jpg,16589,0.3306162308673469
1IR0A2z2UoIHgakOCjQkOTIZLMrgnPvu5,lemon_leaf_283_aug_00354.jpg,16638,0.3315927933673469
1GQdeS4ocyL31a2Oo7y-iP1zGwoMeGObn,lemon_leaf_333_aug_00353.jpg,15393,0.30678013392857145
1f0mbXN-BX2wLgDXb5BuuV0noEg0BpMvC,lemon_leaf_395_aug_00352.jpg,14383,0.28665098852040816
1IzRuf6FuTMQX6NpUGuDVTQmacSMygOYr,lemon_leaf_530_aug_00351.jpg,16906,0.33693399234693877
1MO8lZM4xyVljGScHJdXkPADXkaCnPpq6,lemon_leaf_62_aug_00350.jpg,15831,0.3155094068877551
1E2TwlWieBJbFQMCEUMR96fZWFGrxU3rO,lemon_leaf_292_aug_00349.jpg,15436,0.30763711734693877
1AQmi3gSaTlWF7YRDMzv1oAaJMxriym6F,lemon_leaf_316_aug_00343.jpg,17908,0.35690369897959184
1cPBkBjc-6jRhvrlnWpcVbSWdKGLertsc,lemon_leaf_349_aug_00346.jpg,17390,0.34658003826530615
1zsLXnNVHSu3RbClLRNjvT8Y8tVnfiZoa,lemon_leaf_349_aug_00345.jpg,15572,0.31034757653061223
1bk4pYuSCo-nHiFnZcGujyssZ6zohFVX3,lemon_leaf_283_aug_00342.jpg,14952,0.29799107142857145
1P6G1k7ub0F4CYwo5W4Ioz7yZ56UAmLxr,lemon_leaf_342_aug_00339.jpg,16416,0.32716836734693877
1bjF0Vz5i56mk_Vd3cjcxuRH7q2WfCn5D,lemon_leaf_204_aug_00337.jpg,17568,0.35012755102040816
151cANPBCIPnEQVE7yeNGS2kSRBataq0t,lemon_leaf_342_aug_00332.jpg,14602,0.291015625
1CZ8mO6IdbbNpF51UdXY8wav9dmMtJ3UF,lemon_leaf_442_aug_00336.jpg,17536,0.3494897959183674
1BX8YIcWRIscuG3gUEfJUUcWOXLvToBUZ,lemon_leaf_130_aug_00327.jpg,16768,0.33418367346938777
1up4GmnEMJOlpgX6uSzB71JBoDuN5g404,lemon_leaf_333_aug_00329.jpg,16199,0.32284359056122447
1TaTCBdLc_zuVJqKdwiuDjiSa-3EcEL67,lemon_leaf_145_aug_00330.jpg,16638,0.3315927933673469
1ZPcj437IeNatXrdggWgQmq48sKQKNTNT,lemon_leaf_204_aug_00331.jpg,18880,0.3762755102040816
1fn4VhAaDMbO__sD5T2kqzxB6QopjcQYN,lemon_leaf_243_aug_00325.jpg,16741,0.33364556760204084
1vs-rGMf-1jtykTDV_Kdb_g9sOe0qlCM3,lantana_306_aug_00434.jpg,10363,0.20653300382653061
1QM6wWzMKw7HLrwFtCrXL9yasUJaAMqNL,lantana_434_aug_00432.jpg,17035,0.33950494260204084
1vCeV5V8xwzbMRVGBsqYU1qU-IUG34Ps4,lantana_200_aug_00431.jpg,15301,0.3049465880102041
1P3Q6cfPA4qwlr72XqRHE7NHz0Oftzpxi,lantana_566_aug_00429.jpg,16364,0.32613201530612246
1E_lQ8dav5a6dBBvb2lZUADMm9xXmoXh3,lantana_424_aug_00430.jpg,15339,0.30570392219387754
1W00z_28aq-_3ztP4252V_9qOXHqCB0uR,lantana_347_aug_00427.jpg,13338,0.26582429846938777
1d-ZFtHsv4_iyqRxjIycFbRbMI11A_x_s,lantana_452_aug_00426.jpg,17834,0.35542889030612246
1SXlqf0zmQJE8F8-ci6H_jcCDAfKR8F9G,lantana_402_aug_00428.jpg,8397,0.16735092474489796
1Z6ER7qmLFCQQS3dsB5E0wLjpEXsD_JPu,lantana_386_aug_00425.jpg,14272,0.2844387755102041
140efiVJfu_fMT--e_Gcu1DQi2UkKfR83,lantana_398_aug_00424.jpg,15602,0.31094547193877553
16xN6AA_xuW9jEkYOX-nPxQmzFBYbMTYi,lantana_337_aug_00423.jpg,10642,0.21209343112244897
1ciwtEomma3o3l8k3AFaYtaQ_kehRRFw7,lantana_537_aug_00422.jpg,16542,0.32967952806122447
18Q0qgSnDDT4R6Rg-eCO1pNFWQFCHcN7j,lantana_276_aug_00420.jpg,17419,0.3471580038265306
1hgFlbNQjKHgC5NnxOIKQkI1carUUnway,lantana_619_aug_00421.jpg,17383,0.3464405293367347
1wmPuEenlxCAbhsX7n3PT96HiYIMzGd_B,lantana_166_aug_00419.jpg,14938,0.29771205357142855
1KZzVyI7Doqd9zgGGmjWkzD2Mza4cszlB,lantana_566_aug_00418.jpg,16079,0.32045200892857145
1-jSLdTVN3qKOYarOp9uTfPjUDLh0RtFV,lantana_232_aug_00417.jpg,14686,0.29268973214285715
1ReD8D05lHWaEj4gk_rXKfq12To5W5Cfr,lantana_467_aug_00397.jpg,16959,0.33799027423469385
1DtJ7kqwsceemLrrdSBsOEbbf-iwd7wxd,lantana_166_aug_00416.jpg,14153,0.2820671237244898
1vFUElDwLWrTik-4opGPNHAsXsVAc-4kd,lantana_15_aug_00414.jpg,15560,0.3101084183673469
1q6FXUn3Zj220uXUEPm_9RWgdTfNeFBCP,lantana_235_aug_00411.jpg,16652,0.3318718112244898
1EoCIogQh3ANSJzkMHRwIcJ1Urg5c42ha,lantana_312_aug_00415.jpg,17134,0.3414779974489796
1ZVBmcbTnD1rSBHlAaaoA24J9nfhyRDMZ,lantana_601_aug_00413.jpg,13659,0.2722217793367347
1B4xd1h_dVarCBG1x1CWPoXfT8Ktc4jOG,lantana_235_aug_00410.jpg,16057,0.3200135522959184
1WBpH5a1vRWTXsXFoKu7HGzooY2s541SI,lantana_496_aug_00408.jpg,15631,0.3115234375
1WCsjMbgONHdPtT0nCEPuBSDy2ncBMaBV,lantana_372_aug_00409.jpg,13967,0.27836017219387754
1jh8XiAKLreZiK6KqLj4JHHcRMENY3wgC,lantana_424_aug_00406.jpg,12330,0.24573501275510204
1P6toj4I7jp2-uLh-AAQ_q043AG0w_ZAs,lantana_84_aug_00403.jpg,14418,0.2873485331632653
1a48zSRljINadSqBcOABThnsBXF77LDFo,lantana_575_aug_00405.jpg,15348,0.30588329081632654
186TZnqO-V5k90_P16qf-74xi4-0lxCYs,lantana_318_aug_00398.jpg,17002,0.33884725765306123
1MmOI4emAcvdqt8yIyXnbeHyiRyY-xWkO,lantana_276_aug_00402.jpg,16657,0.3319714604591837
1Snsx_C346whLSlDIbFLHLxefwOh9YEqE,lantana_243_aug_00401.jpg,7718,0.15381855867346939
1kV_2mYHo5kojUrvXR7ZffAR4t75MML6V,lantana_391_aug_00400.jpg,14769,0.29434390943877553
1qvPCKA-bNmaDYbM80ui63Cv3ntNnGgkA,lantana_601_aug_00399.jpg,16454,0.32792570153061223
11Rb9WvJOl7hPJPtJA3TUgUI5UM_8UnSx,lantana_276_aug_00393.jpg,15832,0.31552933673469385
1O0KRy_D8bHbpX0hxAcrphK94tUkwufEo,lantana_578_aug_00396.jpg,16041,0.31969467474489793
16118mGaUjwxGtAt-ZJpFA77RD4UV7jJ2,lantana_200_aug_00391.jpg,13619,0.2714245854591837
1eORd_LSOik8bCwPODJHJcBLiGcoo2dC0,lantana_347_aug_00389.jpg,14858,0.29611766581632654
19ZnBstpaoFcttEyfX5OaqOYBIjU9jiZd,lantana_575_aug_00388.jpg,11652,0.23222257653061223
1Ex5SNXXn9HoC88PHmUUUN8CcZBTTfYGj,lantana_601_aug_00386.jpg,12998,0.2590481505102041
1tVxZtacOeBpmqw7iqMcNAmeAYwT7Y7ES,lantana_575_aug_00390.jpg,17329,0.34536431760204084
1Vc6sWaawCdM4WHnwL-SpQo6ZTfacRtXv,lantana_325_aug_00385.jpg,15104,0.3010204081632653
17F_r2Pq6LkiXXffUnpkNv-feud1HuS0H,lantana_561_aug_00382.jpg,15561,0.3101283482142857
1M5ieJ7FtWvBlem6_L8XJEErik5-jT2Bh,lantana_398_aug_00387.jpg,17611,0.35098453443877553
1lv6uJwuNGRdOXwFuXT55qZ4PZCYlpX6G,lantana_509_aug_00384.jpg,15550,0.30990911989795916
1H-U_LPF_jK-JisdN0O3PnGooqGlf2UUs,lantana_467_aug_00383.jpg,14359,0.28617267219387754
1oG686oT8enOq-si41It0iUVbx-WRUkwU,lantana_166_aug_00380.jpg,16594,0.33071588010204084
1ub8_OtO1Kq_exHG_WkK8rtNwEVfjbMkN,lantana_312_aug_00381.jpg,9933,0.19796316964285715
1r_1nHtYMsb_5zFWjGN9xwDZQxLUkRyU3,lantana_15_aug_00379.jpg,15855,0.3159877232142857
1yl3WZahv1WRl6Z9qKs1M26uDKT6B9Amu,lantana_119_aug_00376.jpg,13371,0.2664819834183674
1CIppFFJyzIij6yYio7XNaAoH-rfyWk1e,lantana_587_aug_00377.jpg,14733,0.2936264349489796
1SLomq0mShtXrmG407ElU61ilMiV5xpJT,lantana_178_aug_00378.jpg,15888,0.3166454081632653
1X2d8lIAoZpEVIzddy5BboJRhdK4gQytu,lantana_398_aug_00375.jpg,11865,0.23646763392857142
1EyFEd74lwDXpNghP1fSaZakyl394ynaF,lantana_424_aug_00372.jpg,15369,0.30630181760204084
1enEeGV5R3G85IFTV95FUx9CZYlILC_my,lantana_587_aug_00374.jpg,16371,0.32627152423469385
1lPHtY0qvU7SOWwCuinbzECXmfNKdu3k8,lantana_463_aug_00373.jpg,16910,0.33701371173469385
1Tnh3uErHNaTh9pOJhYb-CSe9yJBtkGhq,lantana_426_aug_00371.jpg,17522,0.34921077806122447
12OotYxGF4VzzMAIFihsBumkPZv6rSyBT,lantana_439_aug_00370.jpg,16987,0.3385483099489796
1mINYIZvTaBgG6MlSPw7y8wU7LfFYwFH3,lantana_84_aug_00369.jpg,14916,0.29727359693877553
1NndMsl00fH_cqP9MhO_4GKsPwYM1H3cd,lantana_575_aug_00365.jpg,16002,0.3189174107142857
17cEIpeyZWAlKQ7hCirs-kD3Bkd5ZUfkW,lantana_386_aug_00368.jpg,14028,0.27957589285714285
1jLfLB_E15NDR9DEbbI26EMy7CnQ0FcUY,lantana_119_aug_00366.jpg,11476,0.22871492346938777
1sko0HLjFLsS-ET745H5kGjQpQf3dN-mZ,lantana_622_aug_00363.jpg,16686,0.33254942602040816
1YFtB4CjOZRTG6wfdzZ4wSJBb0hF9B0b-,lantana_585_aug_00364.jpg,16857,0.33595742984693877
1jEkZy-1gDsQcvDZreLnjfY9r2JJTE2Y6,lantana_266_aug_00361.jpg,17593,0.35062579719387754
1fcEZx7JnE1lIErvjfSjcApT5TzznjNaR,lantana_532_aug_00362.jpg,16205,0.32296316964285715
1lh1YVtMK6wD-DY5l-PkkazpC2Bd3pJAP,lantana_358_aug_00359.jpg,8358,0.16657366071428573
1LLdCw9VKB0lOxkK8KSl8ilczZwsyyVoD,lantana_255_aug_00358.jpg,16377,0.32639110331632654
1bnX9n4GwVC8HJvBULLCNyNr0Uwv-_5Vh,lantana_383_aug_00354.jpg,17839,0.3555285395408163
1WbPQmu17oAPTerUarcQRPAw_BLM5H_vN,lantana_619_aug_00356.jpg,17037,0.3395448022959184
1sGVLhkhBnMypqXpL3Tu91rd4wyaeccZu,lantana_84_aug_00350.jpg,16663,0.3320910395408163
1GzfHWOe2tD3sFS8j6e6sW2kMwamETaDX,lantana_448_aug_00352.jpg,15668,0.3122608418367347
1QMi2cFGQIBOeuXvnwteIPrKvOndQowel,lantana_243_aug_00348.jpg,16629,0.33141342474489793
1e6avlXS3GV03PYzagoFpuR9EEDiphzeW,lantana_585_aug_00345.jpg,15012,0.29918686224489793
1FZaVW771Ph4aKQANdV-fjhxenPhwm7Ew,lantana_566_aug_00336.jpg,16912,0.33705357142857145
1iU7DM8tOOyQrcrD_K4vttxzXiepgS-ny,lantana_75_aug_00347.jpg,15372,0.30636160714285715
1OWmUVQRrzgqxSJNNv6nBnS2x9hry9uKo,lantana_248_aug_00346.jpg,13842,0.2758689413265306
1o2TuusjiMGlogBiqswpb2INPOzIYIvZL,lantana_161_aug_00344.jpg,10073,0.20075334821428573
1syl2MSUzQN_E0F6aRoUN4pO595o5C3U6,lantana_235_aug_00341.jpg,14416,0.28730867346938777
1vtULICG5-UfBEtsVI03dqixppj6n9qIY,lantana_243_aug_00340.jpg,17039,0.3395846619897959
1I2Y6fT9Cuq5mrBHYxIUsD55opjkAiTj_,lantana_248_aug_00342.jpg,13141,0.261898118622449
1ATU40oaY-ckDpAwy6f93AjY0nMpNlv_K,lantana_439_aug_00339.jpg,16411,0.3270687181122449
1HUbXi8W4S5OW-aoRlLiobAg1ajZlbojz,lantana_439_aug_00337.jpg,16061,0.32009327168367346
1Wtu5dGQa8n3gtz3SRthm_M67PfOtifle,lantana_329_aug_00333.jpg,11173,0.22267617984693877
1YaVzLXOlYgJBxDVU53m7KLHl9ZhNtu0Q,lantana_601_aug_00335.jpg,12446,0.248046875
1lYMNqY9Ir5aNFXfesOotYeoSpGA7HrYB,lantana_509_aug_00327.jpg,17111,0.34101961096938777
17HZgucrvaEudYdIf7hjHe86F4WGJi2N8,lantana_561_aug_00332.jpg,17709,0.35293765943877553
19VmUn64E47dKB_QqqVNd5G94ZXYxZ1OM,lantana_329_aug_00329.jpg,13325,0.2655652104591837
1LIlAcedEZoW1KCp8MInU9FxWPRr1zR6u,lantana_593_aug_00331.jpg,12300,0.24513711734693877
1fZaeoEGGLktfbNny4r5m5JtToa8voV70,lantana_619_aug_00330.jpg,16294,0.32473692602040816
1GibwKiSGb80jwHcPV25rtvBhKiqHRECJ,lantana_593_aug_00326.jpg,17388,0.34654017857142855
1-Z1jj5TuQfSGqRBWq12KX1CB3ChOHn6i,lantana_537_aug_00325.jpg,16444,0.32772640306122447
1zuhdHXQbiSxzAxwH5UAr7S153gYdmwwE,lantana_585_aug_00322.jpg,14503,0.28904257015306123
1KjKVFUrB39mgZmdAw4B1XxLWaiN3a9E3,lantana_585_aug_00323.jpg,15516,0.30923150510204084
1c5uar8n3Hj3d2Ii896wYrVQwfGHjJAlj,lantana_266_aug_00319.jpg,16693,0.3326889349489796
1Uf0depZmz6DEHyWC1Bco4-XrK-QRWwFJ,lantana_75_aug_00320.jpg,14930,0.2975526147959184
1VIlKx0S0QSf74PJjfRbiZEj8VpntIW0q,lantana_463_aug_00317.jpg,16712,0.3330676020408163
1_achFbipOWnS6a1bLVcW3npyNUweX-R-,lantana_619_aug_00321.jpg,12808,0.25526147959183676
1Oyrtjkyp4Z8VdmtvmnGm45dJDBTuLs6b,lantana_84_aug_00318.jpg,16978,0.3383689413265306
1XYqhQFhM6JVdMfRuChjNzNCAPq9QtpE0,lantana_452_aug_00316.jpg,13051,0.26010443239795916
14DGbXvclJq1Gwl43c-7Qc51EBFpVfr8J,lady_palm_521_aug_00422.jpg,7971,0.15886080994897958
1Sg99w8VPDzE0b1DEC3YlhKdJM4RH4T_9,lady_palm_290_aug_00425.jpg,9659,0.19250239158163265
1e76NofvCFytSBsimJvyWIM-_GAm-CXJf,lady_palm_636_aug_00424.jpg,11444,0.22807716836734693
1Z68qyZ6o79hTOR89UDU3tpd5IL7Rov9U,lady_palm_94_aug_00423.jpg,11339,0.2259845344387755
1T-htGRVppUIVPiCw_7LVSwnIycZ2jvq0,lady_palm_371_aug_00417.jpg,11455,0.22829639668367346
10TeTLfRDVVOxVbl0Hdtrm6sur5RINlB5,lady_palm_1_aug_00419.jpg,9289,0.18512834821428573
1O-9KwgYubTekUafoEObqF_Sx_Dl54p7a,lady_palm_79_aug_00414.jpg,9676,0.19284119897959184
1UDAmIafJfcL-bLDazsR1O8k7fJoTSRrh,lady_palm_362_aug_00410.jpg,10223,0.20374282525510204
1pdX9bpsMRFEmKgH1gFV8T7Y4BZBe1I0S,lady_palm_521_aug_00418.jpg,11283,0.22486846301020408
17Lb48ZcGBOBrFLi1hPReDVIVARj2LS5N,lady_palm_545_aug_00411.jpg,11542,0.23003029336734693
1QFQh81pix5kIRzq3oBltCV411v1aZUHb,lady_palm_584_aug_00413.jpg,9181,0.18297592474489796
1CkJO-IMUzQYli-2KykFNljMs1Qujz6RI,lady_palm_189_aug_00412.jpg,11274,0.2246890943877551
1RBI_pRsfNqIB52eXbDs_6_rU5f9J3gGy,lady_palm_82_aug_00408.jpg,11735,0.23387675382653061
1Rg77tM0cBmApNzqtAQ9IqpjG9j6Uj3ds,lady_palm_82_aug_00406.jpg,10694,0.2131297831632653
1gWeO3vCgQ2vnDkGZyx-pQiAhO8FwsVVl,lady_palm_82_aug_00409.jpg,5310,0.10582748724489796
1UVKxwrQJAsUBQzCPjC0_3-S5-IgQgExe,lady_palm_661_aug_00407.jpg,10462,0.20850605867346939
1wZGMrqteJTz7Bmnw2t7tlEakkBHxMCs6,lady_palm_82_aug_00405.jpg,8446,0.16832748724489796
1BhOmYoUCfHVtOKZIaIk04lpHEhvbLW5e,lady_palm_661_aug_00404.jpg,9658,0.19248246173469388
181_Tu99tnYHRJK-4q7IPKCeNLyUm8JW_,lady_palm_383_aug_00400.jpg,9798,0.19527264030612246
1KPd3wDCAGX7RzxeoCKxgRqSuEEDgQAyL,lady_palm_290_aug_00399.jpg,8638,0.17215401785714285
1Za8-dec075lzosSXUd5hQwxNd7QsJgS6,lady_palm_545_aug_00401.jpg,11517,0.22953204719387754
17cj9bj0SbvGLCpCYfHHew_sfXQxrelVd,lady_palm_646_aug_00396.jpg,8830,0.17598054846938777
1CV44fPeyAw0zodIf1EYwNMyN9LnP9iI0,lady_palm_468_aug_00393.jpg,11489,0.22897401147959184
1vKnPnfWswBrFWJqkjEsphnjhO6m8-cB3,lady_palm_572_aug_00397.jpg,9811,0.19553172831632654
1VnF5s-IvRWtpnKZWF_GiY9lbPSExXDLo,lady_palm_661_aug_00394.jpg,10698,0.21320950255102042
1_wg09_SYkzOW43Ty9blsIXbGZclirI8_,lady_palm_587_aug_00395.jpg,10826,0.2157605229591837
1XjjTtbFZyhmj8e9vMxuas_EIFFNr-cfZ,lady_palm_331_aug_00390.jpg,11136,0.22193877551020408
1FygCJwn8n1vlC2q9JvOWEibgMGH505p0,lady_palm_492_aug_00388.jpg,9920,0.19770408163265307
1nlleZaxTdGai9d0L14KvzSuKTzjTvyB-,lady_palm_545_aug_00391.jpg,11155,0.2223174426020408
1UjH_vULAkaWokVUpHNd2h3JQWG7H7Bwz,lady_palm_212_aug_00387.jpg,10998,0.21918845663265307
1SqqyTOMBAzSurwZFmZ--0d20VQDvdPXy,lady_palm_587_aug_00384.jpg,10439,0.20804767219387754
15w0z66kzu8MYROYN1fno2RWKxVg5ZugF,lady_palm_295_aug_00386.jpg,10738,0.21400669642857142
1g9KZBdNnIeakZQtHva4pVCD2UBf8VnlM,lady_palm_428_aug_00385.jpg,11420,0.2275988520408163
11yyJT1Tgeu5B7QJtGB1req-i2PbNi33S,lady_palm_295_aug_00376.jpg,7862,0.15668845663265307
1CbowtR-ajC7xoHGTXSndR98y7lnnxqWq,lady_palm_152_aug_00382.jpg,10912,0.21747448979591838
15trm3nOz9pLsu3jXJ2PyCCCDDSXidQNp,lady_palm_1_aug_00374.jpg,10532,0.2099011479591837
16SkFONhPQn00umTQtj1x3tB_a94tkhdm,lady_palm_271_aug_00383.jpg,11214,0.22349330357142858
1S2wVtc7QJEetLvy9MEEkh-XnX0fteZNc,lady_palm_646_aug_00381.jpg,10900,0.21723533163265307
1Ezg6JTp50Tkc9e-wRR_PWcvJtgohSM8U,lady_palm_545_aug_00379.jpg,11691,0.2329998405612245
1Sha2TgSnW1jnRb7RfsgAsLsGq0Dby-Kh,lady_palm_62_aug_00380.jpg,8335,0.16611527423469388
1o8egSLSrmtjenT3kv1Uso3PvURtcAaAn,lady_palm_295_aug_00378.jpg,10577,0.21079799107142858
18XC7pTv5N18QV6H8VQDICZygVZykqD9C,lady_palm_468_aug_00377.jpg,11696,0.23309948979591838
13rHnJOqAL_3XjAAE14oi0cVb-yliiwXp,lady_palm_41_aug_00372.jpg,9999,0.1992785395408163
1gryQhoVyhsw11bzgMN_ZfuM1wMoBKkd9,lady_palm_450_aug_00366.jpg,9792,0.1951530612244898
1tS19TldPNdp8Y_S5_BdDv64zxWhjEPcZ,lady_palm_166_aug_00373.jpg,7982,0.15908003826530612
1bN7zDE3jm2zqcbvn49gwIXpAg0OYQy-l,lady_palm_532_aug_00371.jpg,8766,0.17470503826530612
1oHjUgEyp5nobdlGJdZqFse74WxjrlHfQ,lady_palm_261_aug_00368.jpg,10615,0.21155532525510204
1EHc-3GLspO-1w8CvqL1vkXwxsFmZhwNl,lady_palm_414_aug_00369.jpg,10930,0.2178332270408163
13w6vOlSz_wIJzzmKxcZ4px8Dmt0qTBzB,lady_palm_661_aug_00370.jpg,9691,0.19314014668367346
1YO5Jd3oU88gDl3nWRB6N2nbC33dFbPji,lady_palm_518_aug_00367.jpg,10752,0.21428571428571427
1mk-zAdZ943yXAjI21O6Z8iYSCTrBpZnn,lady_palm_299_aug_00364.jpg,11952,0.2382015306122449
1URaV0JR__Yrck5sDLaVKH0tFHocjte2e,lady_palm_461_aug_00365.jpg,10776,0.2147640306122449
1gSkvYo_cREO0Bv3YmZ4lhzkF8vtCw7Ro,lady_palm_587_aug_00363.jpg,9859,0.19648836096938777
1aJqGQoeuAMbhXIb4XuPnZZ6HxijL4OeT,lady_palm_331_aug_00362.jpg,11502,0.22923309948979592
14X0lkRpq2jY8XkYE85ZkUkNsNU8Iu5Op,lady_palm_309_aug_00358.jpg,8429,0.16798867984693877
1vvDWDaIKOE69KUCKaeIlBtuG8GxK0V8n,lady_palm_499_aug_00361.jpg,8003,0.15949856505102042
1hezFErVJKBgFsLK11UCUaVdQXPizjO3U,lady_palm_79_aug_00360.jpg,9190,0.18315529336734693
1rTbJ8d8n8njUZfGAqlzjdEUWRjrYD5AK,lady_palm_299_aug_00357.jpg,8108,0.16159119897959184
13UaeoT5S2XoYBid-OkDe-LLY8n1zKBm6,lady_palm_587_aug_00359.jpg,7841,0.15626992984693877
170ritJFs3v88mADw9eXRv9FWlOHmsGEo,lady_palm_12_aug_00356.jpg,7527,0.15001195790816327
1z8RIeIFRdPrPCYnRb77A19LDwlrjUDlY,lady_palm_189_aug_00355.jpg,11731,0.2337970344387755
1-zEIVsn190bZBcdT90lM9IloEaAJHOKw,lady_palm_274_aug_00353.jpg,11611,0.23140545280612246
1JrB9ECgvdyJc7QKskfB6uGr7CUQU4X41,lady_palm_521_aug_00354.jpg,10769,0.21462452168367346
1LqHCJb3IFqlvGqi16vAP398F_fKtmuIH,lady_palm_499_aug_00352.jpg,11222,0.22365274234693877
1F1h5b5KajnPMX24TAvUjuQ5LYlH43TyP,lady_palm_166_aug_00351.jpg,10703,0.21330915178571427
12-wCQeSXiC-4uySkE7mrhaDpOCa5MY92,lady_palm_35_aug_00347.jpg,7973,0.15890066964285715
1F-TA4tCJU_neP2yYhH4ZnzXLXW_ZxF9B,lady_palm_450_aug_00349.jpg,8002,0.15947863520408162
1eLUvjWFHERXQnRhmqZXU5z_r-B9gVMrI,lady_palm_52_aug_00350.jpg,9080,0.18096301020408162
1RFUSm4XAzEGHAVi05GSvrQUVQXelvQgG,lady_palm_271_aug_00346.jpg,8862,0.17661830357142858
1pWBa8K28efg7vWOCoAr1QxqdYrWRLG8U,lady_palm_261_aug_00348.jpg,10843,0.21609933035714285
1eKhN9QkOf90CRVmy0_EfcbsWMpxMdTW4,lady_palm_304_aug_00345.jpg,9199,0.18333466198979592
1iXBvHtQsHNne4JCMtMWLBfadJs7egoLv,lady_palm_656_aug_00344.jpg,10361,0.20649314413265307
11yZd0mNdxbB-ypkzDge3t9mvONqkF2XT,lady_palm_271_aug_00343.jpg,11483,0.2288544323979592
1TMrVuaWAXpcckQYajnri4tbHC9jSVknw,lady_palm_545_aug_00342.jpg,8853,0.17643893494897958
1IuCaLyKluNAyjX2AokrQ__xydG8DkTeg,lady_palm_35_aug_00341.jpg,10479,0.20884486607142858
1xqZi6BSJWomFCjZuve9MVK2trtxvXesi,lady_palm_295_aug_00338.jpg,9120,0.18176020408163265
1uQSoCDCuQmJov7ocd4xYQ5B9NjEVJC57,lady_palm_545_aug_00337.jpg,11046,0.22014508928571427
1vhfur-RDzYIGYfH2UgsjQO51ehgtNXqr,lady_palm_587_aug_00336.jpg,9561,0.19054926658163265
1Th9FIuda9yvJy9a5LTZbRdn_R0SD-5o0,lady_palm_52_aug_00339.jpg,8750,0.17438616071428573
1NXbR9HQ_2OlTu55znwIinM5YF99hUmsT,lady_palm_362_aug_00335.jpg,11144,0.22209821428571427
10Acn9uC7lpKdDtDxy16u1IsPMX9HLhsd,lady_palm_107_aug_00334.jpg,10352,0.20631377551020408
10x7dFpZidYR4yrmENOqjjVxwGN31E2qo,lady_palm_1_aug_00332.jpg,10114,0.2015704719387755
1v3F64mC_TM3S0BDgz0jLTX-eLcSNCBxa,lady_palm_35_aug_00333.jpg,8797,0.17532286352040816
1QUXIAsB8mDiVaYUdgsguQeK_UFGGuocG,lady_palm_584_aug_00330.jpg,10409,0.20744977678571427
1FUtaZvlhA55a1KeAiyEjYIqw6tD1_hBF,lady_palm_295_aug_00331.jpg,10503,0.2093231823979592
1IkcLzoZL7De9B5IAGPLES11hLLX79658,lady_palm_455_aug_00327.jpg,10707,0.21338887117346939
1a_uxnUgoGe52hOFg1M8IwZ6GA_D38kJP,lady_palm_87_aug_00326.jpg,10954,0.21831154336734693
1VB6gcUkDYdc-XUiiOE6NhWP3KcTZ2RQS,lady_palm_261_aug_00328.jpg,11584,0.2308673469387755
1F5aVRr7GrghOzhB9zS0CJg0zMCye8-ds,lady_palm_261_aug_00325.jpg,11335,0.22590481505102042
1wbChCtXsHhfH2a7B5G7s4f6jd85EL_dT,lady_palm_274_aug_00322.jpg,10334,0.20595503826530612
1dWtINsmdDpKFV_7kMDWripKW_ixbtetZ,lady_palm_12_aug_00324.jpg,8509,0.1695830676020408
1n1xpyVkq-y2D7CBse8sKlEJ-vmNfN_hp,lady_palm_464_aug_00313.jpg,11386,0.22692123724489796
1RxrvXfJURMfpqHekZk1tRIIR4vpf7ONI,lady_palm_104_aug_00323.jpg,11236,0.22393176020408162
1mgIer8HX4Vk8WxW3Q2D0tHEFA0NWbbON,lady_palm_414_aug_00320.jpg,8790,0.17518335459183673
1p57JCGHRKAYwFaU5dVf0_p3ANFcerFBw,lady_palm_87_aug_00321.jpg,9437,0.1880779655612245
14yJqiNI33zuhYVc6fblrg8nMz0WuuRfn,lady_palm_383_aug_00317.jpg,11311,0.2254264987244898
1YIqd8q3JfDWy1Rff_akbWCz-IgG3Z0oB,lady_palm_147_aug_00318.jpg,8857,0.1765186543367347
1D_TCB9Tl-0YAMhqeEhnj2K964pK5tChH,lady_palm_299_aug_00316.jpg,10814,0.21552136479591838
1ITM4OL4hpPPb6AitQ5K-Pd4ZNvUVW5gy,lady_palm_646_aug_00315.jpg,10938,0.21799266581632654
1X7dj20fIZARfbCTkbCpAapQwgDy78g_t,lady_palm_30_aug_00312.jpg,8742,0.1742267219387755
14YMRkYJ7GcFfjyDot60yh5CoUZuOKngk,Jackfruit_Leaves_453_aug_00404.jpg,15615,0.3112045599489796
1hCrR8_7rjHqAjHqKrv7zYggCHC3WBkS6,Jackfruit_Leaves_650_aug_00405.jpg,15379,0.30650111607142855
1ebJIrv7Lbt-nBUg_f0Y0mPCz9CPuTSVo,Jackfruit_Leaves_244_aug_00407.jpg,15177,0.3024752869897959
1Ro2cy91ICsoWYOs5JSUCQnEzWt5xX0EI,Jackfruit_Leaves_453_aug_00406.jpg,16799,0.3348014987244898
1c8OF2kzBqf_2Nvz0R5w0dDmzhkz8tcIr,Jackfruit_Leaves_200_aug_00403.jpg,14520,0.2893813775510204
1EyYmX8YL-AkTaInZaUKpsiNyoAOHUgjP,Jackfruit_Leaves_323_aug_00402.jpg,18234,0.3634008290816326
1GeJXJN5HvtqQkNKUlvsS1VggUYfeCCZ2,Jackfruit_Leaves_445_aug_00399.jpg,14644,0.29185267857142855
1m4O0TJ_Xo23viENnmxfXKRw5vUukw_Sp,Jackfruit_Leaves_530_aug_00401.jpg,16188,0.32262436224489793
1lI0C5mTcKkT4gvUf70d9QPq4ehRAeAXm,Jackfruit_Leaves_337_aug_00397.jpg,17883,0.35640545280612246
1Ui3-SsTfWvQ_kdN9JmUJwOR-Hu6XUyoQ,Jackfruit_Leaves_403_aug_00396.jpg,15843,0.3157485650510204
1R7k_ZjtiYMMI-9kT7yo4pmhmOlQ-cjiw,Jackfruit_Leaves_393_aug_00398.jpg,17426,0.34729751275510207
1Tx6g2kWekV1ZEjkU4x1CIWfPpAxk6-H5,Jackfruit_Leaves_42_aug_00395.jpg,3102,0.061822385204081634
1IvGGnF2ZbEMiUV7E82gvNv_kg1JX7X41,Jackfruit_Leaves_481_aug_00394.jpg,9260,0.18455038265306123
1_pgOHO04veJ1lNkxjug3VvBMq5zpKKc5,Jackfruit_Leaves_239_aug_00390.jpg,14870,0.29635682397959184
1K0jtQNk9sy7e0qHnlS1em0VCu42S4ida,Jackfruit_Leaves_295_aug_00393.jpg,15523,0.30937101403061223
1LJfc9elcWbG3GsKHwHzXAS2IKsANII1b,Jackfruit_Leaves_650_aug_00391.jpg,7342,0.1463249362244898
1gTryqmzr2l93ri1SEGN9UpQ3s6uzlYnn,Jackfruit_Leaves_1_aug_00389.jpg,18235,0.36342075892857145
1c9MPEfLkcdo5tKgYhUwFkJCDKOEkmYYa,Jackfruit_Leaves_49_aug_00388.jpg,14960,0.2981505102040816
1NNQv5CdLppjdZh171CizsVDtIYNlygjo,Jackfruit_Leaves_208_aug_00387.jpg,11479,0.22877471301020408
1b3oCBaQHY7rRWLuJxckhXm40UNkZKt5f,Jackfruit_Leaves_434_aug_00386.jpg,15640,0.311702806122449
19fviJt8WjrN7OA4xyDvMRGhSnL0gTSHO,Jackfruit_Leaves_504_aug_00384.jpg,16369,0.3262316645408163
1IXNaPZTwcPH1yndMQ1hI6jmnDylt9eBm,Jackfruit_Leaves_523_aug_00383.jpg,15651,0.31192203443877553
1zhXP5Q43ZguQDofLFw8nbdsAbp9XRqCl,Jackfruit_Leaves_169_aug_00382.jpg,18111,0.36094945790816324
1k80CLvzIUI8tJlGisMQ4BtvyCoO8kkH3,Jackfruit_Leaves_274_aug_00381.jpg,16469,0.32822464923469385
1GFWQywtSdj1N5ilIbmj0cU-fyN5jEyxj,Jackfruit_Leaves_449_aug_00379.jpg,15067,0.3002830038265306
1MG7HqSNAI5nk1OIu3Wh3LhDQxYVLlLQc,Jackfruit_Leaves_49_aug_00380.jpg,16123,0.32132892219387754
1vU58U0lONL5qZlL8IThejWSNTM2Q6_Q9,Jackfruit_Leaves_384_aug_00376.jpg,7800,0.15545280612244897
10-Yfd3t5Ua6hjzUj_7Nv5RgC80bVr5R6,Jackfruit_Leaves_195_aug_00378.jpg,14054,0.280094068877551
1rsRpqNEva6ZzH1yQXJjqtrwCWAFen6Rn,Jackfruit_Leaves_102_aug_00377.jpg,14189,0.2827845982142857
1LYIm2D8hlNZybgfzawWqOxqDvsXt-GJa,Jackfruit_Leaves_270_aug_00374.jpg,13405,0.2671595982142857
11pl8tN-D_wMf-dkV4CpQL-7CcwDk5JRc,Jackfruit_Leaves_200_aug_00371.jpg,16360,0.3260522959183674
1zb3jnHhkP6Nv7EFmz9Gcdab87oOAuHb3,Jackfruit_Leaves_376_aug_00373.jpg,15805,0.3149912308673469
1J7BAnQO4Qc3kwFVDyJoC9Sgf32MmkGBQ,Jackfruit_Leaves_1_aug_00372.jpg,16687,0.3325693558673469
17Tn0BrSE6GMT41wXOUQ4mbmqG5iBSyZT,Jackfruit_Leaves_337_aug_00369.jpg,11684,0.23286033163265307
1TtclWdyxQmWyUsEe5QATSORQv9sSltAQ,Jackfruit_Leaves_602_aug_00366.jpg,16935,0.33751195790816324
1ZRiqm6SlbiZb_ehVgDXI9JwB3-1JmW6k,Jackfruit_Leaves_363_aug_00368.jpg,16103,0.32093032525510207
1YCh40e2Vk4_3_ZU5Jk_jGW0UpqnpafAa,Jackfruit_Leaves_469_aug_00367.jpg,16123,0.32132892219387754
1xPPeuYjW8mzGLlYKghtohOkmUt3dY1WJ,Jackfruit_Leaves_384_aug_00364.jpg,14588,0.29073660714285715
1lcglvd6m1S_j0hhW-NxDH75o-aMHY6Oy,Jackfruit_Leaves_147_aug_00363.jpg,14145,0.2819076849489796
1USn-2fLDRffY7071yUkcNMtvDQft1KcP,Jackfruit_Leaves_1_aug_00365.jpg,16683,0.33248963647959184
1u-RTkS_otvtKyQPR43kh3ycdJWDupdQc,Jackfruit_Leaves_609_aug_00361.jpg,16223,0.3233219068877551
1URXwMJNCYERby0UACxpeA55lCW49oJ8a,Jackfruit_Leaves_473_aug_00360.jpg,17080,0.3404017857142857
13dYocSGwKlTQxoi9TYJedP3Kw-08tBhV,Jackfruit_Leaves_123_aug_00359.jpg,15060,0.30014349489795916
1jYvS_8fu2tJ8dJ-8Hn_JddzeS6mJI8iU,Jackfruit_Leaves_504_aug_00358.jpg,9360,0.18654336734693877
1paJhE4w1mBPKoI9vqM8L3C-qNkqCZQpN,Jackfruit_Leaves_343_aug_00356.jpg,16311,0.3250757334183674
1XcTJAVzFjd0S8hPkDynGmNM8z0n9IwEb,Jackfruit_Leaves_628_aug_00357.jpg,11936,0.2378826530612245
1pcNIZ9HFWhn0VWdO_Y2GVfMjIvPkb9Ns,Jackfruit_Leaves_287_aug_00355.jpg,15838,0.31564891581632654
1-Fvygy7gKqXQzIgUfMqBww62p-wEuHuT,Jackfruit_Leaves_553_aug_00353.jpg,13188,0.26283482142857145
1Gb3malRnmykSWgEYzfg5jKC3t-GOS_NX,Jackfruit_Leaves_62_aug_00352.jpg,15647,0.3118423150510204
1VqiVrsIYIdXCv_ylww4e-XVrerwIDLJP,Jackfruit_Leaves_42_aug_00354.jpg,15464,0.30819515306122447
12lYgsp89c2O19-39xqMGVZRjEIcuU5Fr,Jackfruit_Leaves_287_aug_00350.jpg,15785,0.31459263392857145
19CPdAxVeUJMezQqKT4xzn6NEny77_R9P,Jackfruit_Leaves_319_aug_00349.jpg,14922,0.29739317602040816
1P3My8gEzN047j1nr2ksqcA04KQq9n2SZ,Jackfruit_Leaves_1_aug_00351.jpg,5883,0.11724728954081633
1T6B38B_SSCX0sSEHEyQFQD_qPJs_DkoS,Jackfruit_Leaves_489_aug_00347.jpg,16046,0.31979432397959184
1tQswiMSwL4EwC_fAw1711J8U1iu8cUDx,Jackfruit_Leaves_337_aug_00346.jpg,14985,0.298648756377551
1rPwB2U0C9oJ_G7nRpct57knL1cYXDdIt,Jackfruit_Leaves_334_aug_00348.jpg,11891,0.23698580994897958
10cWdKee1Sd2e1fR4As0-wMOyvmJqYry_,Jackfruit_Leaves_313_aug_00342.jpg,16838,0.33557876275510207
1e4Mr41ausjY8I9qr-5QIBnvsxbZZ5OK1,Jackfruit_Leaves_334_aug_00345.jpg,13101,0.26110092474489793
1HHYRsq-02YNs1SshOypNKuJCygD3aAVG,Jackfruit_Leaves_208_aug_00344.jpg,14907,0.29709422831632654
1bENNXmyUjy_dlzjXwmT7QRQ33H6x0Fsr,Jackfruit_Leaves_368_aug_00340.jpg,16917,0.3371532206632653
1IvTwYTlPSxMXu_8x2xDVPFGuJCV8oH36,Jackfruit_Leaves_659_aug_00341.jpg,10189,0.2030652104591837
1-HVwLTfB0S8Mnx9WxClky_6yAWF4BZFi,Jackfruit_Leaves_403_aug_00338.jpg,16031,0.3194953762755102
1Og9k9VTW9HRZktwAuTRAXbiRJN3RMPsa,Jackfruit_Leaves_533_aug_00343.jpg,15846,0.31580835459183676
1vHv6b8kig0kEimSVPtg31GHmO5auFYME,Jackfruit_Leaves_204_aug_00339.jpg,16333,0.3255141900510204
16LjkkTJZmEFG3TZduLIKAV9tl61lKOmZ,Jackfruit_Leaves_445_aug_00334.jpg,16137,0.3216079400510204
1-PWuOMR_Nw6TLvtkAr3hMmBLVpRT-yIU,Jackfruit_Leaves_253_aug_00337.jpg,13870,0.2764269770408163
1csmoiEAVeMxNZxOTtku_f1oHUB-BRR14,Jackfruit_Leaves_495_aug_00335.jpg,16136,0.3215880102040816
1C8dxO4qCj4W5CnKdJ8uswSKfbzGdvQFm,Jackfruit_Leaves_411_aug_00336.jpg,17603,0.3508250956632653
1qlqk7NhE76S_Bh0gMbB0JLyOnrmq6_32,Jackfruit_Leaves_138_aug_00333.jpg,16384,0.32653061224489793
1QPqwx45yCo9V_0AB7APpt9OZmz30F1OV,Jackfruit_Leaves_384_aug_00332.jpg,17269,0.3441685267857143
1R_ZwGRoiRDh-84xt2l9Z9-PslH_aN3Ly,Jackfruit_Leaves_504_aug_00331.jpg,15636,0.31162308673469385
1wzaHQetLw8YlyZFtEScQruoY-gEk9YV7,Jackfruit_Leaves_523_aug_00325.jpg,16423,0.3273078762755102
1IPu9njwnuv2OSRWAMy4dGqPB1r4CUNnD,Jackfruit_Leaves_225_aug_00330.jpg,17343,0.3456433354591837
11aWhRI81_MZVK26K0oXjYyeizT_yDWU5,Jackfruit_Leaves_393_aug_00329.jpg,15191,0.30275430484693877
17gUhHkJaZQEwAHio7SgU6-vi_Wk8xb91,Jackfruit_Leaves_659_aug_00324.jpg,11958,0.23832110969387754
1YRexGXd3Ya2TXLdFhRK5LCxWmVM-_tuK,Jackfruit_Leaves_258_aug_00327.jpg,14459,0.2881656568877551
1PTE_YvmTIhMaZreHX-el-hRQhtK3eMx1,Jackfruit_Leaves_295_aug_00326.jpg,14847,0.2958984375
1LJgw2W-A6WtsEWpe5jdLDJtUHLtJ7tch,Jackfruit_Leaves_131_aug_00320.jpg,13440,0.26785714285714285
14keL7aAwYhk9vqJn2x9Zqr396fZt-fmi,Jackfruit_Leaves_462_aug_00322.jpg,15743,0.31375558035714285
1aPCej6IBEtGNUyfvpXdSu5tP87BXl4y8,Jackfruit_Leaves_593_aug_00321.jpg,11902,0.23720503826530612
1CeW_x0Lf0G-4c2qxGvmG43SVWHxjrARq,Jackfruit_Leaves_665_aug_00318.jpg,14656,0.29209183673469385
14tFgja_fHuEiBkpDWmXJzFIAkH304okC,Jackfruit_Leaves_650_aug_00316.jpg,13867,0.2763671875
1ebDorJ3zYaOoK81ZmOCHRmDhUc8WNedS,Jackfruit_Leaves_523_aug_00317.jpg,12308,0.24529655612244897
1QKxRhJchKuoSNFvIoGhkuX31Ke4VsuFO,Jackfruit_Leaves_679_aug_00312.jpg,14256,0.2841198979591837
1hpV6C4bdrVeRbSAGJFlfIT2gCtrES_Ko,Jackfruit_Leaves_376_aug_00314.jpg,14120,0.2814094387755102
1cnLVrxyhJGPB5LXxy0vS8e9CBZGzAeGT,Jackfruit_Leaves_1_aug_00309.jpg,14130,0.28160873724489793
1lvTbVlNbBguhk_7FX81fCGy3Gv4k1xhq,Jackfruit_Leaves_530_aug_00313.jpg,15640,0.311702806122449
1a7S-NKXh2u047e51UxVTAetohmRySOKD,Jackfruit_Leaves_273_aug_00308.jpg,9056,0.18048469387755103
1w-RLJMPaVS9MYWGk6BZNDNE3wEd0pDqQ,Jackfruit_Leaves_77_aug_00310.jpg,9540,0.19013073979591838
1XCStyb_1Hf3MAB7roAlpkK1bFZULvDHZ,Jackfruit_Leaves_102_aug_00306.jpg,14767,0.29430404974489793
1vB_CNk3BvMFcD5eCC_19xxe429Pzld3-,Jackfruit_Leaves_424_aug_00305.jpg,16927,0.3373525191326531
1uA1sHYJSFqLgo8urH2EZ-y_Fg8VUd-UX,Jackfruit_Leaves_679_aug_00303.jpg,15778,0.314453125
1oatKse5JakpaWuBXcaSLD-tUPNwy8Vw8,Jackfruit_Leaves_665_aug_00300.jpg,16857,0.33595742984693877
1ZBKXtY33lTWfIOXpzszMoetxZLUDW3_z,Jackfruit_Leaves_659_aug_00301.jpg,14140,0.2818080357142857
1dJDfxm1E05_ecKywWnx00ot93r9-ca_s,Jackfruit_Leaves_530_aug_00302.jpg,16348,0.32581313775510207
135iLrfEJ2q_zQls3vyr80Cr1WmF4EAJJ,Jackfruit_Leaves_504_aug_00299.jpg,11600,0.23118622448979592
1nXGqKeox1yHYwXA2kCkdAxVWlJ7WUiw8,Jackfruit_Leaves_495_aug_00298.jpg,13701,0.27305883290816324
1RzbK1wpLKYyYXOHAwxiKYCEIMMMm9nMY,Jackfruit_Leaves_489_aug_00297.jpg,16455,0.327945631377551
1S7al0f3bpc7vHeNhNUwtD0U46sWKcQtV,Jackfruit_Leaves_225_aug_00296.jpg,16003,0.31893734056122447
16hVObhmgM08LfSr0C2SqK8tPFRrN6cY6,Jackfruit_Leaves_659_aug_00294.jpg,9651,0.19234295280612246
1iFgVevwsI4eqoEr6o6XiGCJAbwj5SPJr,henna_512_aug_00224.jpg,17446,0.34769610969387754
1MD_O3Ge3NIPXs6TjuuZaDkVPKnaOK-PT,Henna_531_aug_00225.jpg,11051,0.22024473852040816
1qKlnS0o_cLEzGISrC-n9U0Ljk5NYTD58,henna_1271_aug_00223.jpg,16809,0.33500079719387754
14nd_8ab-MU1VmZWcKbYMXHrA7nsmlUq5,Henna_441_aug_00221.jpg,9486,0.1890545280612245
1MRv4HaslY32NqRNR5AgEcHJjPfGBdM01,Henna_269_aug_00220.jpg,12992,0.25892857142857145
1ALO7MMRJ3CEpnrPd2MbvFx3uzJ9ciaPm,Henna_606_aug_00219.jpg,11832,0.23580994897959184
1fMdD2KKCNIgNbZua3zupbRum3XYOAnAS,henna_956_aug_00222.jpg,10217,0.20362324617346939
1sUzdz4f_8z5-VMWALkDHobzPkHQik9vd,Henna_591_aug_00214.jpg,10218,0.20364317602040816
16Am_GH7GgM5hIcwWFxP5ikWH8OqoZhqg,Henna_392_aug_00216.jpg,13095,0.2609813456632653
1BwpGuUrsvTLCJoUh5C3qoSKBPqH_gJdd,henna_79_aug_00218.jpg,16344,0.3257334183673469
1IRCfLZF7G7ZaaaHJbUMywnpMQV8UNXY2,henna_1293_aug_00217.jpg,16642,0.33167251275510207
1rBeVxg-b2WTrkH2VoHLPvrr82FeHYMsC,Henna_273_aug_00215.jpg,12635,0.25181361607142855
1qfwtq8CmMD6ko5dxAg9_Jo7xgoKfcilk,henna_450_aug_00213.jpg,17413,0.34703842474489793
10Kk-yHDXgSLGpm0ryWKEF4eBkqn2xnzg,Henna_403_aug_00210.jpg,10895,0.2171356823979592
1IU54zSDi6_gsQ1dLxlw604xDl9CP4MfK,Henna_524_aug_00211.jpg,13296,0.26498724489795916
150GMNMwHZ8jEWlApk-0n79LUkhq0-M6o,Henna_670_aug_00207.jpg,11997,0.2390983737244898
1uKGozRBwggCgq5n6CeaxW13oLJGkZljq,henna_1311_aug_00209.jpg,14131,0.28162866709183676
12skov3xxTWwp3hmrznRzWi94q9kkBi_F,Henna_123_aug_00208.jpg,15049,0.2999242665816326
12-vCqA8gbMxAN6xo7YOCKPxyyjxbzOOY,Henna_718_aug_00206.jpg,4718,0.09402901785714286
1MsTXY08niuEYPUbJCO3FeMq1dKV5B6X-,Henna_517_aug_00204.jpg,9387,0.18708147321428573
1i7lEJdJrFIoO9eu18VDwNRZFz3MZFbnu,Henna_701_aug_00205.jpg,15357,0.30606265943877553
1eZF9wSiuV8JWmyCUX6Zd4sc7_VdS_xV7,henna_845_aug_00202.jpg,13588,0.2708067602040816
1My3kU5UZqR8M_hk9i44e0HRdf2oj5Nkk,henna_1107_aug_00203.jpg,12675,0.2526108099489796
16NBN11XHLkO_vDD6buyFUp6McwFS15po,henna_58_aug_00201.jpg,18256,0.3638392857142857
1sHZIDMGhjIfsqRVGsIN0x_3Ui62G-VNK,Henna_486_aug_00200.jpg,10151,0.2023078762755102
1YC7SYjeypDmNY8nhwwNQZDOtvNi1KSfz,henna_688_aug_00198.jpg,17027,0.3393455038265306
1gIwK923Lqdd-kv3N6cdnuKBEF9CNYaaL,henna_1155_aug_00197.jpg,16158,0.3220264668367347
1KhRQ7R1JijtHhxQpqAkaGmjcD2cVKZ-Z,Henna_573_aug_00199.jpg,11571,0.23060825892857142
1Mi6ON04oi02dorg9OHIacbxQg-tsnmhj,henna_1246_aug_00195.jpg,15514,0.30919164540816324
1_g8WTgWnB18HyV1RkJY8xeUHBjB9wJ58,Henna_27_aug_00196.jpg,8651,0.17241310586734693
1UUfa757XSf4zqsn-xA9FET5Noy1sOrwt,Henna_469_aug_00194.jpg,9918,0.1976642219387755
1lcxhfU9uW0OWIP5svLjhVMRmGRQJO-C2,Henna_392_aug_00193.jpg,12683,0.2527702487244898
1oGipNyI5bJ3IeZTvuMQzbOxDd13kpCZ_,Henna_665_aug_00191.jpg,11740,0.2339764030612245
1V-Xz8qYCoYC7YXTky8MVtSQkeTKW1N8i,henna_145_aug_00192.jpg,13209,0.2632533482142857
1vOHAZdNBHLMRRZe4s6uReBDbhLQY4CZv,henna_1080_aug_00189.jpg,11490,0.22899394132653061
1xIXAy2Y6mCMKs22yakdr_zoBlzvCBsGy,henna_1080_aug_00190.jpg,17335,0.34548389668367346
12rS4Gu5ieeEkZxmc4_ug5agwQfsRIKmg,henna_983_aug_00188.jpg,12694,0.2529894770408163
11IrXqFLw_HnpyVhVZBXcvqFjJ3IE8EJO,Henna_322_aug_00187.jpg,8044,0.1603156887755102
1jGKV-Uf8eYQfPlLjCNO76yL7mgrDPDxu,henna_1356_aug_00186.jpg,16603,0.3308952487244898
15r9rU7n52SLTx8yiDZ4737dfdM1VuK6e,henna_79_aug_00183.jpg,17507,0.34891183035714285
1h0Eho-Cjt-ARW3SkPwc4jOG03-KYOD4a,henna_1356_aug_00185.jpg,14823,0.2954201211734694
1D2Uot_NHIbnHNQHK1o9xmYaOLeLiW-ZG,henna_1283_aug_00184.jpg,15130,0.30153858418367346
1DfM493WoFvlqvFXbdOwEsN-MG83W4nV3,henna_1356_aug_00180.jpg,12736,0.2538265306122449
1TtqA3MQa84w84-JWYgcaP1F8sp6wETUM,henna_415_aug_00182.jpg,16297,0.32479671556122447
1NZ-C5qeBS0MsnjGtlEVv0ePbmcZYTuZL,Henna_559_aug_00178.jpg,7461,0.14869658801020408
1KolplMrxjVk_8PavSAvDmY5Sy3Krf8zv,henna_1266_aug_00181.jpg,15434,0.30759725765306123
1BSVGLNvvQGG3Zt3gqg5VvjtISZX_lJtg,henna_1136_aug_00177.jpg,13498,0.26901307397959184
1uxiLxDZlkNJwls7GaLvvAcYmlqyGTWH7,henna_1356_aug_00176.jpg,11205,0.22331393494897958
1vDcbBUN1o7UScfQGd46PIvMl_j0O6rej,henna_853_aug_00175.jpg,16313,0.3251155931122449
1UXOmfj2a-hdyzzRNFgqC_5c5o8BIYit9,Henna_606_aug_00174.jpg,12578,0.2506776147959184
1_4089V6n_xpRC9aiuw2bbJBOR4X9CnFO,Henna_269_aug_00173.jpg,10794,0.21512276785714285
15pUvC5FgNgA-VWQiRhiFXgrsvBw28AEp,Henna_542_aug_00170.jpg,9468,0.18869579081632654
1pxav8jptuk6Id1HV6ifI3bsmxZ-CmeKg,Henna_701_aug_00171.jpg,8972,0.17881058673469388
18S9TjnCTYYMNBdzrWf_YGkc52UalhL7F,henna_1334_aug_00167.jpg,14099,0.2809909119897959
13OQXSp9y3iv42PMXtXTmKpVLRFXTcsA2,henna_1107_aug_00166.jpg,15905,0.31698421556122447
1y3IkUYvLWwda-46Qp9Bz97S2UCmVHhGx,henna_1261_aug_00169.jpg,15866,0.31620695153061223
1MuwCX4AMzrmEXiOH2ZUN1VOiOB7CHveF,henna_1062_aug_00162.jpg,8970,0.1787707270408163
19FxaL3OqeTcf8ryWucQcirKzN_naMAKm,Henna_714_aug_00164.jpg,14792,0.2948022959183674
1jzf3jwuyJbzdPrhoio5X5AYWw9K6Avr4,henna_878_aug_00165.jpg,11714,0.2334582270408163
1MNYMcDsi_hW-_3jZLfMc1aRtZzfuw4zz,Henna_452_aug_00161.jpg,9127,0.18189971301020408
1EUGuFKznH70ASZag-OpQNs5ukiLzdDTJ,henna_827_aug_00163.jpg,13077,0.2606226084183674
1puw4U5jL6HdwbrOPp_o3S8tFELOn46Hz,henna_1198_aug_00159.jpg,16605,0.3309351084183674
1mZWInU7xUn4JfU82uUdmqKYLxgaD-jMj,henna_897_aug_00160.jpg,11295,0.22510762117346939
1ionJcm9qCE6bOH3utR4CgjiI8_ZdsHGs,Henna_517_aug_00156.jpg,11493,0.22905373086734693
1Wx2e5gF5k5V3qVKwndbcUlT95ECokYwC,henna_1237_aug_00158.jpg,15525,0.3094108737244898
1YbNqPKl8-I1hQl2dEjxREvnNMy_JJWO7,Henna_207_aug_00157.jpg,14403,0.2870495854591837
1nNpUeqCPWlhV5lp0LtTEsluOKCQHmM_A,henna_1081_aug_00155.jpg,13725,0.27353714923469385
1kqG-jOg9N6tMDK3cPu7hUqgdArb9ZDWp,henna_676_aug_00153.jpg,16612,0.33107461734693877
10bzYJG9zNJUHryNY-A7EbgCTkPUAq89w,Henna_721_aug_00151.jpg,9103,0.18142139668367346
1JsY3UO9P_eR_1YHXxT432EU8MBM5LZFS,henna_883_aug_00152.jpg,14955,0.29805086096938777
1y2hVFyKc3oZcrxBGCJPsU-BRWhg3TPgG,henna_1129_aug_00150.jpg,8362,0.1666533801020408
15fI1ymzLzCrMlbRW0tA-kTiC4ljPIZ2-,Henna_517_aug_00149.jpg,10983,0.21888950892857142
1QUkE_68OSq7yDYiALAidHlgdrlCKnao8,henna_700_aug_00147.jpg,17943,0.357601243622449
1IhwgqDy1WS7ogdIztbEBuujJhEIMlL3G,henna_1211_aug_00148.jpg,17050,0.33980389030612246
1i8De9eJs3m5An9pGQQOIpdkOn5g8uoI2,henna_152_aug_00145.jpg,15279,0.304508131377551
1BBPn0eWy5H4PCUVmeOw5mXyuJpg5Kvvz,Henna_123_aug_00146.jpg,14030,0.2796157525510204
1fMoZ2wCgyZUUBaVhLAO51B9kQ4YsmQYS,Henna_416_aug_00144.jpg,11989,0.23893893494897958
15K83iKGTHzp2UoRjt_s7Mi3IVd1_wBj1,henna_966_aug_00142.jpg,10984,0.2189094387755102
1cYxMcJKKR8h9ZnCoLJ9vvGSK76GvHRnX,Henna_458_aug_00141.jpg,7772,0.15489477040816327
131VEx6QJgvsSldygFAO-ziUB2FWFm4Wo,Henna_728_aug_00143.jpg,15535,0.30961017219387754
1N0MHG7dYltG3cWpwhdWgF4scgJgDCn3Z,henna_1313_aug_00140.jpg,17400,0.34677933673469385
1lnTiydhbTISNlhi59Qxu5qR_DLQ9HAAk,henna_1237_aug_00139.jpg,14490,0.28878348214285715
1xCSqQeaICNf9ZsKs-lZRVOnjY2YV9UWO,Henna_648_aug_00136.jpg,10427,0.20780851403061223
13Sg7aniuxn0HvIqlW-HBdsqIzobUgW5Z,henna_415_aug_00138.jpg,16970,0.3382095025510204
1bYmCoM2rzrreE5zLT6VXSCAUnHL-HN56,henna_135_aug_00137.jpg,16643,0.33169244260204084
1pBipDrl3-hLScKg6e3wgvxSgQcT4WNaY,Henna_101_aug_00133.jpg,16247,0.3238002232142857
1WcgvRfQ4ReTBxCgMlZtktffFoE4yzxgT,henna_1208_aug_00134.jpg,16055,0.31997369260204084
1oHoOF2lNm4iRPL-Uy0T5uSj6irkE-h8a,Henna_294_aug_00135.jpg,12093,0.24101163903061223
1U2EIZNu9uRbvsgZ2z8cvw5UvifHKcCsR,henna_1338_aug_00132.jpg,14765,0.2942641900510204
1Jq0eL8DoxH0d9wexDvBJ8-w_Zco5o30Z,Henna_459_aug_00130.jpg,11587,0.23092713647959184
1oAUbBEMLcRF0kO-mkmSLug8-wdneCbJX,henna_121_aug_00131.jpg,14346,0.28591358418367346
1HhtiylIRSVGYb1OYDKVJcKGRsFM54BKp,Henna_437_aug_00128.jpg,8319,0.16579639668367346
1wd_i1E2r2gFNPhqhTxJ4E133DRl_Jbe2,henna_1316_aug_00129.jpg,15721,0.3133171237244898
1OVm8wSrfMACzvemjo7NN8UZF9YxaSTjT,henna_1274_aug_00126.jpg,17470,0.34817442602040816
1Yrh73BON2QzOe9aN2Plg-jNCiuNkiHv_,Henna_645_aug_00127.jpg,10219,0.20366310586734693
1wjGMDmUs0gue3bTG2qEp1ZfjeaWXByuJ,Henna_362_aug_00125.jpg,11878,0.2367267219387755
1vlL_JgrFRdXoy0AwHiX8aSarfoCVp7SX,Henna_437_aug_00121.jpg,7828,0.1560108418367347
1Fgk4x4brvI-8yp8HXaWJcmMVIVIcn6lS,Henna_360_aug_00123.jpg,11124,0.22169961734693877
1is4fKVuzC_a4Oph5VrtWMLejBI4R9O38,Henna_432_aug_00124.jpg,11824,0.23565051020408162
1mF4NeKauufiDiZgjcUIyVtKwmydWotf4,henna_1030_aug_00120.jpg,12451,0.24814652423469388
1InziUFopoU0mMM3MqXeycAG3M2XbMLTz,heliconia_psittacorum_359_aug_00357.jpg,10059,0.20047433035714285
1KWsfe_DM5Na2WeidMRKn-FpPZcM96JU9,heliconia_psittacorum_366_aug_00358.jpg,7854,0.15652901785714285
1cGjGBLFCP9qB_1v8E7TvmjKl2Oj7bUsp,heliconia_psittacorum_190_aug_00356.jpg,6702,0.13356983418367346
1cM3F3uOnNvjWu2f7pfu72amfn7dqqruY,heliconia_psittacorum_371_aug_00355.jpg,9713,0.19357860331632654
1FlczfReZ8otNHn0NS1Fr-Hb4uX7PMEkz,heliconia_psittacorum_380_aug_00353.jpg,7267,0.14483019770408162
1xglkDgxK0X1cMgeQMOLRiRDDFp7FCDZ7,heliconia_psittacorum_671_aug_00350.jpg,7655,0.15256297831632654
1_4bqvbUPpOt3MCAA6qWRns3YyPaWX5Zj,heliconia_psittacorum_630_aug_00348.jpg,8295,0.16531808035714285
18XpbVjmoJkwD8cSKQ9-zHX81JCL_HOj7,heliconia_psittacorum_263_aug_00351.jpg,7002,0.13954878826530612
1ofW6M9M_c7yRBGnxXxGZtPpBO-cE4Zvc,heliconia_psittacorum_568_aug_00344.jpg,8218,0.16378348214285715
1MwkxKoxONdM9U2Tz-YnMJ0-0EwOQlvkK,heliconia_psittacorum_620_aug_00352.jpg,9765,0.19461495535714285
1IUKLUaK2G0WEksea1O4-TLwscZ-KhK8B,heliconia_psittacorum_359_aug_00349.jpg,12346,0.24605389030612246
11Hbei9ULVGLz5RaqSzsBAU-f0Nea7khX,heliconia_psittacorum_613_aug_00341.jpg,8334,0.1660953443877551
1G6rY2v5ZOqrIJK8CFQhPgT_7pR78tbKG,heliconia_psittacorum_368_aug_00347.jpg,10231,0.20390226403061223
1r0VjgY_8HtBR7GRKdOZCTf91j-vDXxlG,heliconia_psittacorum_357_aug_00343.jpg,10854,0.21631855867346939
1xlg2aJxOk4DC7beJ14apK1PjjGLc1czI,heliconia_psittacorum_344_aug_00342.jpg,10131,0.2019092793367347
1Y7-_JE8TRoub-KX7CgMK2iQZEMvubyJb,heliconia_psittacorum_590_aug_00337.jpg,7717,0.15379862882653061
1mCnxraYEegt5XyK62f_hVLp8faBwyLDU,heliconia_psittacorum_694_aug_00338.jpg,12157,0.24228714923469388
17xDMqvl5ynlTJZwL3rl-JvWRHM_gZDV9,heliconia_psittacorum_590_aug_00339.jpg,10215,0.20358338647959184
1R1zKI4FR2P7DuzSXkUsa5BpKkH8yWLZU,heliconia_psittacorum_242_aug_00335.jpg,10525,0.20976163903061223
1dlRNejtV23Sf124UBZnEDtvc4f2vJvpF,heliconia_psittacorum_465_aug_00340.jpg,10898,0.2171954719387755
1vcbEuaK0CaSZt92ceSslqwnclZejoLTN,heliconia_psittacorum_211_aug_00336.jpg,8878,0.17693718112244897
1lpushg8aq-8dsKadV6xVj_Rg0TvmB4rg,heliconia_psittacorum_101_aug_00334.jpg,10356,0.2063934948979592
1x6bLDFk3wAabI_sqtuIsNXbuxOBr8T4U,heliconia_psittacorum_638_aug_00333.jpg,4671,0.0930923150510204
1LVVCf49Q5Sd45GpcZ23R_ZpzEeFQo3X4,heliconia_psittacorum_344_aug_00332.jpg,11191,0.22303491709183673
1-he5mXNa3QwhDVtl2_4ZOuErdM1sscxF,heliconia_psittacorum_113_aug_00331.jpg,10246,0.20420121173469388
1Fd09HFUjE0wB00pM4NB7spXPanxR3Bfv,heliconia_psittacorum_701_aug_00319.jpg,14786,0.2946827168367347
1_Xh7-by3k_06dNynZL1aDgjRN7ADLC0E,heliconia_psittacorum_512_aug_00330.jpg,8489,0.1691844706632653
12TS16roiFmJfPJITlwyg8T_aU30sUd3d,heliconia_psittacorum_574_aug_00329.jpg,9465,0.1886360012755102
1ZQblTyWTvVZDFQo-P8bd9cqp4csePKYN,heliconia_psittacorum_376_aug_00328.jpg,12397,0.2470703125
1Ua5ii6Oth7zso7nmZH50f0W18TKu63Du,heliconia_psittacorum_45_aug_00327.jpg,9294,0.18522799744897958
1XPKlLAmGen4n4nNdG6nU9Iu33u8ucwdG,heliconia_psittacorum_261_aug_00324.jpg,10389,0.20705117984693877
1_dfTYT3pe_7hLnfGz3oyeICQ1xzEmWWx,heliconia_psittacorum_541_aug_00325.jpg,8882,0.17701690051020408
1lG1o-W9P_FVKu_HN7uFwuPPZTh9LOTjs,heliconia_psittacorum_235_aug_00323.jpg,9281,0.1849689094387755
1yMgFn2R44bDmLl_qBZ1EfiK4w81sXMpk,heliconia_psittacorum_589_aug_00322.jpg,4809,0.09584263392857142
16Do5U3mLSPvtNgzbkQfIApmTY4PjkBAc,heliconia_psittacorum_512_aug_00321.jpg,9014,0.17964764030612246
1tndkyFwUL68Fkmk6f0REwuY1WKfMZRqn,heliconia_psittacorum_570_aug_00320.jpg,9137,0.18209901147959184
1s_U5BwkqSH-zFm6qI-_Yj0xvyFclJesS,heliconia_psittacorum_434_aug_00316.jpg,7967,0.1587810905612245
1itdEKwSgSqsyM4Wq09sSz70CxgKi74Jb,heliconia_psittacorum_504_aug_00317.jpg,8122,0.1618702168367347
17V7hAkVOaYt3yCRaAKaHtsK3i3-daFyq,heliconia_psittacorum_612_aug_00315.jpg,10945,0.21813217474489796
1Kk9E705lQjCWqvXwxXHwYx_lxajgW0f1,heliconia_psittacorum_679_aug_00311.jpg,5690,0.11340082908163265
1n99BNseypMz92XvqSbFfkd56sVMvgB71,heliconia_psittacorum_229_aug_00310.jpg,10557,0.21039939413265307
1Qw3zy8vQ12mLvaxBxfJ2R6Uga80KSCnK,heliconia_psittacorum_363_aug_00312.jpg,9969,0.19868064413265307
1rfdQ5WuHBqeNac0Ym9V219pu-TaXvPse,heliconia_psittacorum_611_aug_00313.jpg,8874,0.17685746173469388
1ayLywO-xus9PL8-wPaXHvmFnPBSnb0XS,heliconia_psittacorum_574_aug_00309.jpg,8787,0.17512356505102042
1gwz6jInHvlMSeVT1tEfmZ5xAI0E-kqwW,heliconia_psittacorum_571_aug_00308.jpg,6022,0.12001753826530612
18XIChSLYmplfTpVoPo3NCg4sVYN78iLm,heliconia_psittacorum_239_aug_00307.jpg,9771,0.1947345344387755
111qqQW0i5P7fouQe_lovODyTDQBok4pa,heliconia_psittacorum_271_aug_00306.jpg,10625,0.2117546237244898
1KVNtusggIhUG0_N-rbzXbV6vWvQVobQV,heliconia_psittacorum_120_aug_00305.jpg,6614,0.13181600765306123
1GVFN0I8qbUXgeEDcBu083nJcwSEHWBt4,heliconia_psittacorum_317_aug_00301.jpg,9394,0.18722098214285715
1fx0L9OHrybQD5bJnkl6PEJiyYTswdVA3,heliconia_psittacorum_437_aug_00302.jpg,7837,0.1561902104591837
1jOF0JunbrTUJt940x97jLB8nIyXsmWRo,heliconia_psittacorum_330_aug_00304.jpg,10957,0.21837133290816327
1StyhKPRxTQQTHoYkR9gQVpgaOKoYkpDu,heliconia_psittacorum_432_aug_00303.jpg,10089,0.20107222576530612
1x0QtnGBNABXBzfr1SAWIBd0VAp1dQ5FK,heliconia_psittacorum_440_aug_00299.jpg,9779,0.19489397321428573
124kMgrwtHmDkwntynoMJj5tPDBgETkO9,heliconia_psittacorum_621_aug_00300.jpg,9659,0.19250239158163265
1dXGje1evM-gLk4J44aIgnTOzBmKB3bro,heliconia_psittacorum_156_aug_00297.jpg,10422,0.20770886479591838
1QffPmfB5PMUVMDvdOwO-BhbN3Qqty2xQ,heliconia_psittacorum_560_aug_00296.jpg,7761,0.15467554209183673
1nTKzoPrHPVwMrKZlf7bZTz34NxtcMqi-,heliconia_psittacorum_571_aug_00290.jpg,8454,0.16848692602040816
1ivRGCEpe0kNH29zNnc5GE6Di2Q05bt2n,heliconia_psittacorum_432_aug_00292.jpg,12087,0.24089205994897958
1c7Pm7FnmyR8F4dv4rQNE1pFPOIdjBOok,heliconia_psittacorum_162_aug_00295.jpg,10836,0.21595982142857142
1B20mtdGcM0LJ0I0B1b1F8O-vilSOkpBO,heliconia_psittacorum_628_aug_00294.jpg,9746,0.19423628826530612
1B2TM8fCt1zC4K04xxNpEW6uvqsgueLmN,heliconia_psittacorum_421_aug_00293.jpg,8383,0.1670719068877551
17SsAMPmw0WunWsKGQ3GT3txc4IxqtsZp,heliconia_psittacorum_188_aug_00289.jpg,6505,0.1296436543367347
1a0e0bPgQH96zPht2QmG9c0xH2NVNNL-M,heliconia_psittacorum_566_aug_00288.jpg,9692,0.19316007653061223
1OQxR47Jtbi8RgRJCoQAcV_ztyjyAgkl8,heliconia_psittacorum_674_aug_00286.jpg,9247,0.18429129464285715
1-rNIb5chKWqbW2Wlwqwq3XT_adPsNAB0,heliconia_psittacorum_548_aug_00285.jpg,8928,0.17793367346938777
1idmtyTAeryPls-_YD2GMclBHflnE1jKF,heliconia_psittacorum_615_aug_00283.jpg,8567,0.1707389987244898
19Y2s-gZTmA1KtZLxi6TMrQ2p3d7gehlw,heliconia_psittacorum_437_aug_00284.jpg,9816,0.19563137755102042
15hmyDQbzvvZ6QOS9mABXAekTZWXxcUDJ,heliconia_psittacorum_366_aug_00282.jpg,8924,0.17785395408163265
1xaQ7haTt95mARzGXI2XkHIYZmXa5V2cx,heliconia_psittacorum_288_aug_00279.jpg,9437,0.1880779655612245
1On89muZbbcpIZ_iHIFKloPjDfvpjGhO0,heliconia_psittacorum_571_aug_00280.jpg,8853,0.17643893494897958
1P9gAChzqQLXrILjiNMKj042CDaRV-XLi,heliconia_psittacorum_330_aug_00281.jpg,10530,0.20986128826530612
1-L80BbpjSScH4u2izvstikJOSmlVLm9P,heliconia_psittacorum_584_aug_00277.jpg,9687,0.19306042729591838
1yIPRvn7AR_OrEIMoA1F_VwmFer3YNfAd,heliconia_psittacorum_171_aug_00278.jpg,9849,0.1962890625
1EVBhJ4ykPfv5ZjmW72YaKov2Gt6bv4TI,heliconia_psittacorum_218_aug_00276.jpg,10309,0.20545679209183673
1EOtRMMJkK6W9hvdtS8wpnPUx3UH3ljlp,heliconia_psittacorum_512_aug_00275.jpg,9352,0.18638392857142858
17XJaZ5aSYTuLcR40GbuPRjJ5jWz5FjPc,heliconia_psittacorum_571_aug_00273.jpg,10098,0.2012515943877551
1ryClyIeDOqMm96mvtUBGOnGZwqhf3xgx,heliconia_psittacorum_638_aug_00274.jpg,8426,0.16792889030612246
1U0PwGp9pu2IatQz9tuCUC4taU3y0GvKJ,heliconia_psittacorum_568_aug_00272.jpg,8567,0.1707389987244898
1xf3advtHWoyG6Onj4-RC0XyJXDUfX-9M,heliconia_psittacorum_574_aug_00271.jpg,8328,0.16597576530612246
10ya-2J1HzWYS-oJZXBen0TkdICx47_qi,heliconia_psittacorum_638_aug_00268.jpg,13252,0.2641103316326531
1VOOy78dapKdgPBw0GRXiTsp15t2Zob7m,heliconia_psittacorum_590_aug_00270.jpg,6850,0.13651945153061223
1w7MWF_0hF6286Xe0aiss5NtfC5xzeBwD,heliconia_psittacorum_671_aug_00266.jpg,10849,0.2162189094387755
1dAVCSCU11oJMi98uvxwY15TENSsIPrM2,heliconia_psittacorum_582_aug_00269.jpg,6409,0.12773038903061223
1_tgU8UEtBRrSsMJ85jzS7iP5onlwyvyY,heliconia_psittacorum_568_aug_00267.jpg,9409,0.18751992984693877
1oLbpNiybedXKsM8BL-q216mxtt8wP6yr,heliconia_psittacorum_120_aug_00265.jpg,11766,0.23449457908163265
1MbImQxuqOp_Ndvl9OVpOwhOW7_EO3aGq,heliconia_psittacorum_113_aug_00264.jpg,11992,0.23899872448979592
1qK4Lxng51hUvUIj0gycuwXvcRP9qkqSM,heliconia_psittacorum_320_aug_00262.jpg,9483,0.18899473852040816
1t_TXyIiax-erzMBzMgpFqZ99r6-QZlt6,heliconia_psittacorum_363_aug_00263.jpg,9232,0.1839923469387755
1pTJ34MGQmFsuZWYXBIcRuPgtxYTs4m3M,heliconia_psittacorum_368_aug_00261.jpg,11841,0.2359893176020408
1Sa4cmesUwMlKFeKdhys9OEqUv4-wGstv,heliconia_psittacorum_626_aug_00260.jpg,12126,0.24166932397959184
15SpiKmnWaH2LSJ4Q3I-LJgQo8SiCgALY,heliconia_psittacorum_303_aug_00259.jpg,10679,0.2128308354591837
1P44xMpViE8hhw3zgIRGZd8gtsybPj4sb,heliconia_psittacorum_63_aug_00256.jpg,9705,0.1934191645408163
1Thh5fBIExCi4vVgI-apwV8FGj9ziTumn,heliconia_psittacorum_529_aug_00258.jpg,10486,0.208984375
1CKZtOjoygr23AzP5DW2hKxWluEK9llmV,heliconia_psittacorum_218_aug_00257.jpg,11642,0.2320232780612245
1W4EzkrXwWoEs5rOOwE8ZRVYh2EuVEvOC,heliconia_psittacorum_569_aug_00255.jpg,8176,0.16294642857142858
1IE7JtIKBFDNFQ9hea05htcynhw_JZNvr,heliconia_psittacorum_463_aug_00254.jpg,8797,0.17532286352040816
1KHkJTpnqDB-Hr82PZCyMgCw2yZt8Sl7d,heliconia_psittacorum_623_aug_00251.jpg,10846,0.2161591198979592
1ByvYRRiXZUtAiUFWH5a3k18hYiOVTQuq,heliconia_psittacorum_621_aug_00253.jpg,9206,0.18347417091836735
1qUeYST2M-fzofCfDkYCMkWWLzlG3JhU3,heliconia_psittacorum_512_aug_00252.jpg,7798,0.15541294642857142
1EyYJ27lCxakWTmdQ2RzXVD1TJfQJlTz9,heliconia_psittacorum_570_aug_00250.jpg,6079,0.12115353954081633
1A_Fehir-RS301JKPK0fJ4pPOveVL4lw_,guava_plant_613_aug_00311.jpg,10090,0.2010921556122449
1fFks16oAr0wSetGmOHtArfaMtPC-PtCY,guava_plant_806_aug_00309.jpg,9640,0.19212372448979592
1GfeUCKaIkATkc6C6OkIE_trjq393paBa,guava_plant_585_aug_00310.jpg,8343,0.16627471301020408
1txhl5Xcz0cjhPQS5oCNqD1AVRTWWJcF5,guava_plant_319_aug_00307.jpg,11935,0.23786272321428573
1elFIm6PHH_kb4ICd5AmWl_ol1YvQU-kT,guava_plant_222_aug_00305.jpg,10166,0.20260682397959184
1NVWTfo_vRHJ7cv2Xo1CwXs9ZmsVcUE3_,guava_plant_229_aug_00308.jpg,7636,0.1521843112244898
1cyRNFhQJqHwjJR7GGKxNp8pG5iEHMmYz,guava_plant_50_aug_00303.jpg,8286,0.16513871173469388
10n0YoS6648iR22M-cWATUFEgsx2eYRGw,guava_plant_797_aug_00304.jpg,11161,0.22243702168367346
1sneJLmdjLp09ZW-u7F3nBeNLm5He2WKv,guava_plant_971_aug_00301.jpg,8356,0.16653380102040816
1n2jmu7qQGsdAoggbx2OTICJqXw8L15EH,guava_plant_946_aug_00300.jpg,10058,0.20045440051020408
1Zs68VkKfpwcBB3FDCL9V4fm09kEmPtWd,guava_plant_847_aug_00297.jpg,9000,0.17936862244897958
1-Cq4ZPeqrFWuB2Vxi0zpCjn1OxRskByq,guava_plant_608_aug_00298.jpg,8015,0.15973772321428573
1IxVc4fMVMALLj8aFCuZKmmANyMSckKf4,guava_plant_438_aug_00299.jpg,12781,0.2547233737244898
14rR2jy_gju4GGBGQcXW2uxxxpxasxEgi,guava_plant_1111_aug_00295.jpg,10456,0.20838647959183673
1jY4eXwWhYprGualXlWumuiENnCAl6zbs,guava_plant_357_aug_00296.jpg,3822,0.076171875
1rmeHNGPbBKZOFce_DDUd5wcJukYA3_ey,guava_plant_755_aug_00293.jpg,8048,0.1603954081632653
1KNZwRaFv-mPgOCTuuPetMO0zAVD_Cxy1,guava_plant_1044_aug_00294.jpg,9463,0.18859614158163265
1DlAY9Q23FlpJLzyGzzVE4tHOFAmhVOUA,guava_plant_613_aug_00291.jpg,10865,0.21653778698979592
1M9d4i7AexF4owLWkjvNAhJH4dVfNE3nF,guava_plant_746_aug_00289.jpg,10599,0.21123644770408162
15rh6MPDa9dOgcfhbk37xoSe-mHKbLphf,guava_plant_683_aug_00287.jpg,11759,0.23435507015306123
1-KlQDZtCnBqnHgleb_lcR1qf9vFQpup-,guava_plant_641_aug_00290.jpg,12729,0.25368702168367346
19VSnn7_kzBqCnoMzEl1hgW075SjFaoPN,guava_plant_613_aug_00277.jpg,12495,0.2490234375
1T7V7HzCsv6Cmvql1gJuBWNN_iYdNxl4-,guava_plant_319_aug_00286.jpg,9760,0.19451530612244897
1FMg_Fv2MlYE86XzRiLpDhSz5ns5l8mUY,guava_plant_790_aug_00285.jpg,8330,0.166015625
1wBTxV82tC5sTEOSIu7Qqh6sd9zBWDHEa,guava_plant_516_aug_00284.jpg,7942,0.1582828443877551
1GxWozz7WIsnNczfC1uSDfCiL6dLaySF-,guava_plant_168_aug_00281.jpg,6860,0.13671875
1ns3u2YFsnmYnyQxWtDRAZjsXyrS0MawS,guava_plant_1070_aug_00283.jpg,2152,0.042889030612244895
1bE5mUpNh9AjjKC0vSe935hufRTMuHfyE,guava_plant_600_aug_00282.jpg,10718,0.21360809948979592
1mUPMt4qWOIDaCT-oob1noKRJaHUUdYb3,guava_plant_1000_aug_00280.jpg,9156,0.18247767857142858
1XzGk-vhpu3JuGVJfi2O0iBTrnzUfIAN9,guava_plant_265_aug_00279.jpg,7771,0.1548748405612245
1p2cLMvwzJuBA0mpJOFsF-6nT9XozBcdg,guava_plant_347_aug_00278.jpg,9267,0.18468989158163265
1PaUguBywVlGgRhc5X3mTNamjD--fugzt,guava_plant_91_aug_00276.jpg,9148,0.18231823979591838
1DSi3DB5zFD9e1fXSer7e7LceSEeAUno7,guava_plant_657_aug_00274.jpg,10320,0.20567602040816327
1coQNOwDapyhpMXWrlA-IZfuqkSg6-02G,guava_plant_977_aug_00275.jpg,9566,0.19064891581632654
12YnRC9KNv8JLN2ANleGXCl-VnIamdgoQ,guava_plant_265_aug_00273.jpg,5744,0.11447704081632654
1FZUqlOefoLGFojTTc69DT-mM1Lggulr4,guava_plant_770_aug_00272.jpg,7766,0.15477519132653061
1kX_RVYYqaL99RLOlYBk1JZxrnJWyuHRQ,guava_plant_755_aug_00270.jpg,6649,0.13251355229591838
1ytETSJZnBRrspwvZytVXONq8-f-5u9-_,guava_plant_393_aug_00271.jpg,8134,0.162109375
12_ZUKhNqpaIGDA1rUn2rAxNigKHLAV8u,guava_plant_629_aug_00267.jpg,8234,0.16410235969387754
1GvDfguSltkCLD_TwemURrMoRK_LFQ5uI,guava_plant_964_aug_00265.jpg,8289,0.1651985012755102
12R43-YMrsjKGZl7VAQgQ5t7YRZayGC-v,guava_plant_585_aug_00264.jpg,8961,0.17859135841836735
1Ctbd7w7zb-fXzwA86v2ifEhFK3BcFBY9,guava_plant_393_aug_00263.jpg,10191,0.20310507015306123
13llneLQO92hwBX2ePpsfAThsQ-kepRHf,guava_plant_271_aug_00262.jpg,8235,0.1641222895408163
1CdT1i7vj3_hxGO0APqZ9wAV3MydnOoID,guava_plant_271_aug_00260.jpg,8575,0.1708984375
1aY7JJIrJecp31rcBUZfH4sDXhixAUfVZ,guava_plant_152_aug_00261.jpg,8807,0.17552216198979592
1f5CWOrhmHLpvsBQLPGdKKIUgrLOHozH1,guava_plant_495_aug_00259.jpg,9522,0.18977200255102042
1-bIbulFsVtQa6cZ0PwNx9Iv5gQ6o_-q3,guava_plant_630_aug_00257.jpg,10313,0.20553651147959184
1ptGgwcpqAy9p13qk1moJj0Km4Ga_JnjM,guava_plant_564_aug_00256.jpg,5308,0.1057876275510204
1huwZ0oKATPafBUf95fhCwnY8qT_tHbQr,guava_plant_700_aug_00255.jpg,9663,0.19258211096938777
1n5Z4WNgwtRXYFpYzzGMLEwRHwS7tgPOI,guava_plant_152_aug_00254.jpg,10025,0.1997967155612245
19FWvHAki6i8cwgKPRC8sq1pRFGUQx7Pb,guava_plant_124_aug_00253.jpg,7788,0.1552136479591837
1hOZwPdOxPDjbZuwR5jEbiR4osbAfT0jA,guava_plant_552_aug_00250.jpg,5548,0.11057079081632654
1e3lKbJo4RAp-d-rYrH8y4F7KKr-RiZc2,guava_plant_202_aug_00252.jpg,4361,0.0869140625
1ohdI3um_x_cdgaoxeWw5ImoisvbTs5fV,guava_plant_50_aug_00251.jpg,6670,0.13293207908163265
15iZX5sTfEuDOGQHu8lPhbJRmz1BD6mez,guava_plant_217_aug_00248.jpg,8312,0.16565688775510204
15Oc3TUtwb1SWNw1VJpJ9hJRZR00Nw7Yc,guava_plant_407_aug_00249.jpg,9203,0.18341438137755103
1zcFYLEXJ1KmY483S4QPVocp-Wjq3e5eV,guava_plant_463_aug_00245.jpg,10173,0.20274633290816327
19aSPpnLYnUwik5_FuAxr3BY6hUsfUrSv,guava_plant_671_aug_00246.jpg,9971,0.19872050382653061
1Wok95h7opMipmECQfg4czTsF3caWIZgJ,guava_plant_1005_aug_00247.jpg,11214,0.22349330357142858
14DS77ka2CWWylDGyVDG_M0F-nc1AKODh,guava_plant_1061_aug_00244.jpg,8932,0.17801339285714285
10fSrhWafbQy3H-hAnw2Ex6tdrucY5wAV,guava_plant_683_aug_00241.jpg,9475,0.18883529974489796
1TmyVi35_JQk4JtM3znC6uR2goR4pfKTU,guava_plant_608_aug_00243.jpg,8979,0.1789500956632653
1iwSTGDuKe-rvJ_QElHPLvuolFamICOs3,guava_plant_1079_aug_00242.jpg,7698,0.15341996173469388
18U77E0vh3Xf17HYRAVmUtPb0-kiDTKxW,guava_plant_866_aug_00240.jpg,9008,0.1795280612244898
1bFR-rGjihSyO5rz22Y23mMMm9YO3v7un,guava_plant_365_aug_00239.jpg,9712,0.19355867346938777
1tt8or0U5TgZcn0kdDdvVmNqjAwZwpJy7,guava_plant_356_aug_00236.jpg,4506,0.08980389030612244
1h4iHbW5qtAY1dEl0t73uYwmv93bOO7qx,guava_plant_271_aug_00237.jpg,8819,0.17576132015306123
15xXKMBcEuqj5mPJtayEZZZfoTa_9QZQQ,guava_plant_305_aug_00238.jpg,9177,0.18289620535714285
1p_EAKpVFz9MUvufrrN-yER_9koxDpPLA,guava_plant_1079_aug_00234.jpg,8934,0.17805325255102042
1hsK1ElagOF6agAunJpCd8si-HikPyX1B,guava_plant_258_aug_00233.jpg,6049,0.12055564413265306
1tZuFZ0BXNxIO8KOoZrmhT1-AHGxs4FuX,guava_plant_491_aug_00235.jpg,10210,0.20348373724489796
1gFqFBvfRMpGReL0rM5W6fC-Utvqf8n75,guava_plant_237_aug_00232.jpg,8924,0.17785395408163265
1lyyrxyZA3fnJxvjXQGaStgJthZBMfgYa,guava_plant_1026_aug_00231.jpg,7828,0.1560108418367347
1X_YXEVNL79fCd8mFl6RCY5XkA2nHZ76a,guava_plant_641_aug_00230.jpg,9441,0.18815768494897958
1KR1VMLJH0cCvu1YxqlojKf_3BFOec21Q,guava_plant_922_aug_00228.jpg,9585,0.19102758290816327
1G6g3oRSPvw9OXBFkf_rglU-7g5ZMgmtH,guava_plant_104_aug_00227.jpg,4666,0.09299266581632654
128ZxqSti9p7TpgtlH-i3Xi5AmUZUnXLd,guava_plant_721_aug_00225.jpg,5962,0.1188217474489796
1xY6ZqLSpB9GBrr012rESARNGDyZonagR,guava_plant_888_aug_00224.jpg,9907,0.19744499362244897
1PWLPH4-fE_yFp77pMC_gNG-yAWOtOuCV,guava_plant_229_aug_00226.jpg,3962,0.07896205357142858
1lb6ZoXfOznMkjFsHDOViEAiaNcEmw8GW,guava_plant_1111_aug_00221.jpg,7149,0.14247847576530612
1wsoNuuiZ7tqytl6uYm2Om-i-vBsOwSIP,guava_plant_217_aug_00222.jpg,10560,0.21045918367346939
1_ppXRk56ZYlPeTAV7kaPsydUv-51qhxo,guava_plant_1124_aug_00223.jpg,8388,0.16717155612244897
167LetwKoB1BVypXLuRPjT_iClzW_u5Ni,guava_plant_84_aug_00219.jpg,9378,0.18690210459183673
1431MlFzssKq83pDUAYWJgQPz3BPV8MJM,guava_plant_375_aug_00220.jpg,9687,0.19306042729591838
1SDwDIyfmpRNws-XSuxJWtxI3F2-8Sk9w,guava_plant_602_aug_00218.jpg,9463,0.18859614158163265
1gw1e1kFlPaIGZQQ8yo_pNoH6o5xepjRP,guava_plant_746_aug_00217.jpg,10644,0.21213329081632654
1dqEE4gFjlyhxXTreG-f9bZLR4D6nqMBR,guava_plant_413_aug_00216.jpg,7608,0.15162627551020408
1vIuIs5MmGTPYXbXpMFD3gr9RQyYIePtz,guava_plant_119_aug_00215.jpg,9378,0.18690210459183673
1T9FMVTFfGJW9DnTJ4tDgyfBS53U75Tf6,guava_plant_629_aug_00214.jpg,8832,0.1760204081632653
1FiuNAkcHRlguhXwc-DzGxQHQ0MzTmhXn,guava_plant_245_aug_00213.jpg,7811,0.1556720344387755
167xlowPqInhQUX_l7EvJthj5hqsraxQ_,guava_plant_491_aug_00212.jpg,7465,0.1487763073979592
18SWVkxRPTvrodXa_KFCbwgdBczBblpNj,guava_plant_1070_aug_00210.jpg,8813,0.17564174107142858
1gDxDZ2KVP9xY5Fw1Ev0-RFcRAOfvNmj-,guava_plant_698_aug_00211.jpg,13043,0.259944993622449
1t9cGifo_gb6sa9-wCWJspC5wPgyDuR0s,guava_plant_271_aug_00208.jpg,7578,0.1510283801020408
1s3gz2ikoPK3AJaIARFUIEulnL498Pv-q,guava_plant_481_aug_00207.jpg,13637,0.2717833227040816
1dNu6f3qJZOXljzhC9uq06oZmvSGwgivR,guava_plant_50_aug_00206.jpg,8101,0.16145169005102042
16RoWwsS0NHSc-drjqzpvjm8WJqUiikfh,guava_plant_795_aug_00204.jpg,6077,0.12111367984693877
1qi5lS9rRohfhE-5dLsvHpSZNbA2VMSCA,guava_plant_750_aug_00205.jpg,7817,0.15579161352040816
1cwARI9X8pOAmb4NYzeazcpWFmlnxktko,guava_plant_790_aug_00203.jpg,9224,0.1838329081632653
1Zr3fgVGPCy59GzHKbMCxdpljFqAcoQiR,guava_plant_825_aug_00202.jpg,8409,0.16759008290816327
1LUKmZjjvENlY3XrWubmbYTTI6c9Vsbh8,golden_penda_1573_aug_00348.jpg,8491,0.16922433035714285
1P_3-BUBXhi6U-60Ml7WUEIJxstnEEcAN,golden_penda_1390_aug_00345.jpg,12870,0.25649713010204084
10IU2pimOcjYPOYDjJFq00KRTlZcgpcgC,golden_penda_1411_aug_00347.jpg,14328,0.28555484693877553
1h3EaS2giqpM9ilmawNKOOnvMsseIRUfJ,golden_penda_1444_aug_00346.jpg,9621,0.1917450573979592
1NsnP6U0eA8g7ovDBLoTZJpNodbmhf2l5,golden_penda_1239_aug_00344.jpg,12464,0.24840561224489796
1N38yyVj1Mjp9X1aIa6z0qdFXJ9QK30Xs,golden_penda_1536_aug_00341.jpg,8652,0.17243303571428573
1dchW6sd38QPCNIoj1zPUk4kCNI3aeWx1,golden_penda_524_aug_00343.jpg,13753,0.2740951849489796
1jX--9C8eMfILf1HBq1If9T0IpuGpSliY,golden_penda_772_aug_00342.jpg,15727,0.31343670280612246
1f-EeHNWw8wraEblMt6b_5LmN9L4S0DCs,golden_penda_624_aug_00337.jpg,11903,0.2372249681122449
1gpkniIUMyhtStSop69YERgrPs_COoAlr,golden_penda_337_aug_00339.jpg,9468,0.18869579081632654
1bML9-qmTkJB2pIC2pyCGTPhXDUJYKwa8,golden_penda_346_aug_00340.jpg,14599,0.2909558354591837
1Hby6pPXC3nrtfdcBaZQUghrGP_HwMJvV,golden_penda_1590_aug_00335.jpg,10694,0.2131297831632653
1aqfoOXgSIOn7F_E8wrZJTvy7utmiRnhR,golden_penda_231_aug_00334.jpg,12261,0.24435985331632654
1B_iiYnxZT4ZwRgpCe_N10BLochOMVHXO,golden_penda_1752_aug_00336.jpg,10657,0.21239237882653061
1Wl1C1diHq4RBsdZbKPQ4SVXVNdyX1rGa,golden_penda_1368_aug_00333.jpg,10430,0.20786830357142858
1dvDPV4tujZVpZLvGdAYQV92RfYIJ5-qr,golden_penda_105_aug_00330.jpg,11408,0.22735969387755103
1W-db6bbV71ZM1r5xl0xUc5WfU6JeBvOb,golden_penda_1695_aug_00328.jpg,13454,0.2681361607142857
1iGVuNwjaPjOLB6LWhBKWAtC6cQjFePMp,golden_penda_1435_aug_00331.jpg,14848,0.29591836734693877
1Mh2kW4N7CLPX_CEf2R3tw5zr4S9e15Ex,golden_penda_1325_aug_00329.jpg,13521,0.2694714604591837
16xMQNIDa2ztbpkq5Q5X07jgnQsGCXyw_,golden_penda_363_aug_00332.jpg,13383,0.2667211415816326
13oPDd03lCheMfWdsspXHddbqAnFyvJE1,golden_penda_1564_aug_00324.jpg,6528,0.13010204081632654
1PnP9dY29lCs3hBnC4TT_zwshJF4oSQp2,golden_penda_1564_aug_00327.jpg,13329,0.26564492984693877
1o8KcBAGSp7n7YrgPX3stlQJ2gMoBiMNr,golden_penda_105_aug_00326.jpg,9655,0.19242267219387754
1X12zs5Yc1tjynhwqmzjAapPADEoi4_ur,golden_penda_1580_aug_00325.jpg,10847,0.21617904974489796
1Je-0WsSF_Zf1UZQloox2Su-8YjUBwmBu,golden_penda_87_aug_00322.jpg,9362,0.1865832270408163
12FjSNS7c9D5eVj38TIBNOftoTh3u5opF,golden_penda_231_aug_00321.jpg,14315,0.28529575892857145
1ULpCntyAmmaYzYHPe2JQpnA1KOJMkotg,golden_penda_1606_aug_00318.jpg,10305,0.20537707270408162
1pIbfob9y1xPnEh0TjOPbWyAmBSRSP_Hx,golden_penda_1563_aug_00320.jpg,15811,0.3151108099489796
1i8mAq842yOhzVm722g7ufcV73jU6MLss,golden_penda_1695_aug_00319.jpg,12718,0.2534677933673469
18SmGdIL8hy1yOT5-QslnOSvsIHcOTI8z,golden_penda_1563_aug_00317.jpg,12634,0.2517936862244898
1pjE2K4ktkQdmoJYKatNl1nGdUdbWUA_Y,golden_penda_1580_aug_00314.jpg,12541,0.2499402104591837
1_tjQ5_zPZmhJ8eeBgBtAliTVpIYKwXpZ,golden_penda_1720_aug_00316.jpg,13281,0.26468829719387754
18_u1caomvuUUZWNtGlJLPim9orCYj9oN,golden_penda_1580_aug_00315.jpg,10651,0.21227279974489796
1JntlasxVrYcKBwvcIUwAx-XPjyCObtoU,golden_penda_1066_aug_00313.jpg,5294,0.10550860969387756
1MPVi-LgPDZl1ZGtURmsLXLKXfA_aboOW,golden_penda_983_aug_00310.jpg,9897,0.19724569515306123
1VKhWOLBAWOsbFBR-1VCau2MFcsdLTX9c,golden_penda_1578_aug_00309.jpg,7528,0.15003188775510204
1oxF8ZWUKtajezDfU4H-aRxgstCnFAzM1,golden_penda_533_aug_00308.jpg,7832,0.1560905612244898
10gRcEltnhRIm82HD3uNPRsBMOdSL5Ul2,golden_penda_1736_aug_00307.jpg,10603,0.21131616709183673
1-ZvTmnr1uJUQtmEx06eaopotD5JccGmJ,golden_penda_1379_aug_00305.jpg,14815,0.29526068239795916
1cooxYonL9W1IsuGHwEDmx9FijBZ-JQns,golden_penda_320_aug_00311.jpg,11566,0.23050860969387754
1-u80qJH6Zr837y6PHc7JNF62ZiH0SHtH,golden_penda_1066_aug_00303.jpg,11371,0.2266222895408163
1PR1qL3OHCXdPSAJG-W13w4tCdOmtvFS1,golden_penda_28_aug_00302.jpg,13281,0.26468829719387754
1nJOE-UdiYxVEQu70lD0kczhP_auq1-Vh,golden_penda_877_aug_00304.jpg,10274,0.20475924744897958
1HC9JO86Zpl6Y1oVHe2kkvnaabk8CLnMC,golden_penda_1260_aug_00301.jpg,11930,0.23776307397959184
1AcHWjMju4GwjovUL3i7Lu-tH4xDRngRb,golden_penda_429_aug_00296.jpg,15035,0.2996452487244898
1esJQfYKCh5e-EcjmEH6_Hd03DCga5luR,golden_penda_320_aug_00299.jpg,11696,0.23309948979591838
1McJHCX0EEw1I69pBbdlSfR4M0VxIAnmT,golden_penda_1034_aug_00300.jpg,11589,0.23096699617346939
1jc_YlOPurkZBJK_8bpeS3gZJhfCtMsv5,golden_penda_1030_aug_00298.jpg,2324,0.04631696428571429
1cSijVHe8aeG9s0S6MARsCkIN2d0396Ns,golden_penda_1589_aug_00295.jpg,10835,0.21593989158163265
1r09-3SY1dYQlwy_APwQnkgXJiGJG1w_r,golden_penda_667_aug_00292.jpg,11475,0.22869499362244897
1dVyQGEGo6nuxeERSIqV4bWnD1nUhEufn,golden_penda_35_aug_00294.jpg,13802,0.2750717474489796
1yAD_ysE2P1ECh_vivdf5mK4QKVkY8iUl,golden_penda_657_aug_00289.jpg,9670,0.1927216198979592
1QNrOTqvxENI2EuGfKSogfauyifjKiRQI,golden_penda_215_aug_00293.jpg,9051,0.18038504464285715
16NmSfNTMfjv3Cs8nozIa7V5vJOuSNvF-,golden_penda_1591_aug_00290.jpg,12847,0.256038743622449
1Ktdiu2ZfPGy4pr-nLoKxBWrRcseWICpI,golden_penda_1615_aug_00288.jpg,12729,0.25368702168367346
1vQLKoslnYhJ90e27RhplN4RymMK8fVTn,golden_penda_1607_aug_00287.jpg,13332,0.2657047193877551
125BDpjiUw0u3IbV2azxlUJcsgC4KvAHP,golden_penda_1017_aug_00286.jpg,11559,0.23036910076530612
1FG-7V3VFzKVnDxH93IOreaZwCV5JLU6s,golden_penda_1606_aug_00285.jpg,6291,0.12537866709183673
1T3rgEYKZFTyo6PzrAjtCdofkUzrd7c_B,golden_penda_68_aug_00284.jpg,14840,0.29575892857142855
1Ponilxh8dAYKciy-p6Xu335_OHjqa-KS,golden_penda_11_aug_00283.jpg,7198,0.14345503826530612
1BFtfQeA_ngSrNxm-5RFYoRQL1F56zVBb,golden_penda_1340_aug_00281.jpg,10868,0.21659757653061223
1xfc-L6pbueLQzcremzIy2p5vvngHvEVy,golden_penda_624_aug_00282.jpg,14136,0.2817283163265306
19LK8tYtsu5fxRfWYNyoEL7NIKBKxFJPo,golden_penda_1533_aug_00280.jpg,7715,0.15375876913265307
1lAQ9UIZuXkEoPqRe9qlLBPbU5dJVanXt,golden_penda_496_aug_00278.jpg,12178,0.24270567602040816
1s5yNpcNsiWnkZAEtl2qMsP-8SItEt-96,golden_penda_215_aug_00279.jpg,10892,0.21707589285714285
1syZO41TOtIileBHXE9gGU5tBGcSRO5zZ,golden_penda_1745_aug_00277.jpg,9723,0.19377790178571427
1EZ4B5MHkHNdZdIObvzUO_-DXT3heBLuG,golden_penda_974_aug_00274.jpg,11429,0.2277782206632653
18tPeok4FGSlB02qjtvoBSIYFbRGIsgKy,golden_penda_215_aug_00273.jpg,11304,0.22528698979591838
1PshoZw-Og6yNO6-fK6jJ0xDVCTJAteRc,golden_penda_657_aug_00272.jpg,14372,0.2864317602040816
1Uyc6A4yhbzj80BaqmBpBi5i6yF-JM4w9,golden_penda_1255_aug_00268.jpg,6146,0.12248883928571429
16qnu-aCC4lRIEoZFx-8JIbW4z7HKm2HW,golden_penda_238_aug_00269.jpg,11522,0.22963169642857142
1JQ-WixAIpEOIa9VXWzxNK1qZ96JUXP2M,golden_penda_1587_aug_00266.jpg,13455,0.26815609056122447
18rnWQ4M5pWrs2L0fI8gyGhr-I4d9EdpR,golden_penda_1573_aug_00270.jpg,13269,0.26444913903061223
1N6XCM0DMLpJRulIa-Pjaf9VnkD5e46g7,golden_penda_1580_aug_00265.jpg,13256,0.26419005102040816
1YTNKO2GDXL7KMo8wySDWN4LjSGiutmys,golden_penda_1587_aug_00267.jpg,4479,0.08926578443877552
1lNBwN7ot9kw0p5Z4kx7SKqo6Leudx961,golden_penda_505_aug_00263.jpg,15772,0.3143335459183674
1JHnpHkv_XuN6loZIsMcZeOAGYasmzTuh,golden_penda_257_aug_00264.jpg,14353,0.2860530931122449
1Kx-B7FzBcrplvpZMPPcEK3RE_mVIxjm5,golden_penda_889_aug_00261.jpg,12866,0.2564174107142857
1CHMdxSN2s3kihnS6N2u3HjyV7AfW5AaT,golden_penda_1206_aug_00262.jpg,12244,0.24402104591836735
1u66KF3q63gZPQC4yIzFrZ6rm3nba9CwH,golden_penda_708_aug_00260.jpg,11980,0.23875956632653061
1tzUfPjC2r00dDWNWKp0zz0heNwWZrWKk,golden_penda_756_aug_00255.jpg,14265,0.2842992665816326
10ZXPpzemM2kDXTT046uQv9S5jNUO0cxf,golden_penda_1620_aug_00259.jpg,10206,0.20340401785714285
1fKKpW2QjWtwxYI_kLEMa4FmdLNcKvHUa,golden_penda_1227_aug_00258.jpg,11556,0.2303093112244898
1kkicuPmrUJ0mbkhxzbEHHTdEN-ccYcdG,golden_penda_1506_aug_00257.jpg,12995,0.25898836096938777
1g3lpX-SBKE9CalR2xU5T6YTbuC5R1z1O,golden_penda_990_aug_00256.jpg,10488,0.20902423469387754
1j-2YZ7LIeJzAl5ifKA_yomIz90nkkgp4,golden_penda_1736_aug_00252.jpg,10104,0.20137117346938777
1-3BD5fNFWe65vubiIN1e0N60d4IPZrlt,golden_penda_337_aug_00253.jpg,13761,0.2742546237244898
1TJoIhSkKQ00lAnl7elImouvn3gPJwxVk,golden_penda_66_aug_00249.jpg,2403,0.04789142219387755
1C13ke1sE5chbY0nce6pj5sx74k_0x6dk,golden_penda_1506_aug_00248.jpg,8841,0.17619977678571427
1QRzT-dNw0C7y5Me8Z243tXdvWjUXQCiH,golden_penda_238_aug_00251.jpg,13373,0.2665218431122449
1D4vb5cxkS2pioqspnsNvoDABEwu4e-7S,golden_penda_1506_aug_00247.jpg,7743,0.15431680484693877
1CdwM7ttdXmDLkeLnNTH2veOUOai8R-x_,golden_penda_828_aug_00246.jpg,6997,0.13944913903061223
1jraJC6Gf58s4wjjFMO_UEjyqTlDCzEV7,golden_penda_1768_aug_00244.jpg,9755,0.1944156568877551
1mu8XYgjh8JKrgcDX-tYQfqTFDL1fE6sK,golden_penda_28_aug_00243.jpg,12071,0.2405731823979592
1h1AFFfOow60jf1B4sdlGL37CHZKQQusB,golden_penda_983_aug_00245.jpg,7219,0.14387356505102042
1BsMNqP1RLYSa3SlWlMA7528owoK9kAR_,golden_penda_1407_aug_00238.jpg,12262,0.2443797831632653
1nZefQEpuprL---S-EjHC0o5z0qfNo2k6,golden_penda_524_aug_00241.jpg,14151,0.28202726403061223
1JzjFxs7QxmVDK1qBEB7bCUoawQ_vbxtf,golden_penda_734_aug_00242.jpg,14643,0.2918327487244898
12dVCaLrvjtHO55bQVnsiM22SzJlRGTNf,golden_penda_1768_aug_00239.jpg,12165,0.24244658801020408
1TsFGWJ5nkyygGX0W7zbFwTP9Kzcb1b6w,golden_penda_983_aug_00240.jpg,9549,0.19031010841836735
1dJZbQO_TGRK3LXGzbPem9sl1WUrLueTh,gmelina_philippensis_239_aug_00438.jpg,13008,0.25924744897959184
16GRfGe8C0FkdNFDJOnnn9xqBjOVbHZj8,gmelina_philippensis_672_aug_00437.jpg,15409,0.30709901147959184
1dwxHHmqM2Tusnjyv7sXuyQbAROrxwqum,gmelina_philippensis_731_aug_00433.jpg,17452,0.3478156887755102
1ftLI5yog_xxvyGdrOp33p5saAnBcE8q7,gmelina_philippensis_329_aug_00436.jpg,12886,0.25681600765306123
1Uzz_9KUWwPfeDqVf9WChBYGnj77S_x1f,gmelina_philippensis_57_aug_00434.jpg,14935,0.29765226403061223
1SpBESMwzuXLVz6F6Z_VZAVecvgBQDO_2,gmelina_philippensis_489_aug_00431.jpg,16557,0.32997847576530615
1-rpmEzsqIbDGB9bh8vDgs0nJQIbv4HFr,gmelina_philippensis_176_aug_00432.jpg,17116,0.3411192602040816
1DFByNtwL-OXlIa8V03nyzLSgOcvQbPIR,gmelina_philippensis_549_aug_00429.jpg,12471,0.24854512117346939
1Zeke2heYXbQiFNzC116h8MerdsEYSiIX,gmelina_philippensis_402_aug_00428.jpg,16614,0.3311144770408163
1PLT_djXszAN_nuZ2lHC0t__h6V9DfdvK,gmelina_philippensis_477_aug_00430.jpg,16932,0.3374521683673469
1NdGk0fxfLO3_qiCQ8IDc9Lpb4iMPNIGk,gmelina_philippensis_579_aug_00425.jpg,15861,0.3161073022959184
1Is_a5g9vZ1mxvi7DD5epfz4Bvm2x3zZ0,gmelina_philippensis_672_aug_00426.jpg,15938,0.3176419005102041
18PEHWY-UVGe0cD1tQzSi9TpRdbVauu23,gmelina_philippensis_355_aug_00422.jpg,12339,0.24591438137755103
18iLDc_m9cTgh8QVUH8D6MDb0xzlnIekp,gmelina_philippensis_607_aug_00420.jpg,16769,0.33420360331632654
18LGrN3rjdanAG-HXRsIyI0T9mDaxI6-A,gmelina_philippensis_524_aug_00418.jpg,15387,0.30666055484693877
19fkvjlvw2XSPfYjVx2bKarTEVDpSVnvj,gmelina_philippensis_389_aug_00417.jpg,17009,0.3389867665816326
1y2xmhe026Ka0ZvCP7PbzJp7m8d8R5-5M,gmelina_philippensis_106_aug_00416.jpg,16644,0.3317123724489796
1Y4bLutc6R0z0wwk0M5e0_Ov74cVQkdmU,gmelina_philippensis_770_aug_00415.jpg,13663,0.2723014987244898
11UlpCBJ2npIpat6MF7v5vJLDssyzVCTJ,gmelina_philippensis_35_aug_00413.jpg,13851,0.2760483099489796
1264QlgialtA4cHK4UMujqj0Xx2x9al_H,gmelina_philippensis_799_aug_00414.jpg,14154,0.28208705357142855
15npm1E3m6-wlTaeYpyRiyy8EOw7C5CEm,gmelina_philippensis_57_aug_00412.jpg,15002,0.2989875637755102
1VksQuIskeNcj4JEhnQ8K-4DNDAHzbvaC,gmelina_philippensis_106_aug_00410.jpg,17164,0.34207589285714285
1W8W9ry1IyZZwCXyvv2K4Q90O9-VGNJxQ,gmelina_philippensis_477_aug_00411.jpg,16222,0.3233019770408163
1G913B6CTNai_xpISEHbtIHl4-QWogD_i,gmelina_philippensis_498_aug_00409.jpg,13994,0.27889827806122447
1YF-s-H72wYqi264d-4K0HnNhjBNNsaIM,gmelina_philippensis_477_aug_00407.jpg,14657,0.2921117665816326
1YAZ9nDcAJvZdUQjYViK1dLUPj3aCWpHm,gmelina_philippensis_389_aug_00402.jpg,17523,0.34923070790816324
10YRyzcDqkl7eoEyPMkdrln7dukyqEHPe,gmelina_philippensis_430_aug_00404.jpg,12344,0.2460140306122449
1XA6tiD8psV1GVG2GMekjC4XR4SRGSEJe,gmelina_philippensis_493_aug_00405.jpg,15303,0.3049864477040816
1VEF6DXqA4zi45MFsteIqLVfid6pwHlKR,gmelina_philippensis_46_aug_00399.jpg,15926,0.31740274234693877
1Y6fniZLQ4U0OdLtE86ahrxqG5VyW-6Kw,gmelina_philippensis_503_aug_00398.jpg,16352,0.32589285714285715
1sHnPHRvkayY5hMzaHvYaXRWrQtLIi157,gmelina_philippensis_503_aug_00396.jpg,14321,0.2854153380102041
1jZgMaXrhT12O2417z4JDbG4m_mHifqzQ,gmelina_philippensis_563_aug_00392.jpg,16378,0.3264110331632653
1h9pf9cmTF4fvCh_BN04LFp2a4KZGJuPW,gmelina_philippensis_560_aug_00393.jpg,18357,0.36585220025510207
1ZVO7bo0Pg9sD1-VTO2rsNAwDXnHoXInB,gmelina_philippensis_355_aug_00394.jpg,13734,0.27371651785714285
1Pv0Dwcfx4H632bk0Jsv6XB4pfwtyIIle,gmelina_philippensis_501_aug_00395.jpg,17327,0.34532445790816324
1nUbyE7emMdOGgueq8JGVpRokIiarkyqU,gmelina_philippensis_355_aug_00390.jpg,14573,0.29043765943877553
1GT7XDoc0KR0RbEN_YIA6KtGkbTIW5jGE,gmelina_philippensis_655_aug_00391.jpg,17912,0.3569834183673469
1KdGPgtFhlGEg9bz11qirDeeF1-WGF2tx,gmelina_philippensis_209_aug_00387.jpg,15846,0.31580835459183676
1BrKLzIxqVJDdDMV6Ro86GV2u6oGq8ZoD,gmelina_philippensis_307_aug_00389.jpg,16025,0.31937579719387754
1AVUT6MWTUX2aaYtAn-zoBOjaMvjDhZsd,gmelina_philippensis_701_aug_00385.jpg,15019,0.2993263711734694
1PUKY7fWQhN994qnUXIKu1OlHcWOrjkbw,gmelina_philippensis_778_aug_00386.jpg,16307,0.32499601403061223
14Coq9CFlyEf-eTRFPBsuA3i7Jbm_zBgs,gmelina_philippensis_383_aug_00382.jpg,16132,0.32150829081632654
1k1ry96CM8hmWwc9nz7qzS0NNlmXzwHmn,gmelina_philippensis_141_aug_00388.jpg,16550,0.3298389668367347
1dC5M3rbbYiwEWL-jXZQV6E99p2YGDZ__,gmelina_philippensis_830_aug_00384.jpg,15146,0.30185746173469385
1k0knPIEcfOfZb0qALEwSRvN7RL9T9bVU,gmelina_philippensis_778_aug_00380.jpg,12662,0.25235172193877553
1EsGn04R25U7udImJmvwG2HQ_UtBIXf_M,gmelina_philippensis_430_aug_00381.jpg,17436,0.3474968112244898
1jCHWXKOsieLUWw3VJgdprJWZeHwRwGIq,gmelina_philippensis_239_aug_00378.jpg,16887,0.33655532525510207
1ROmfYIT2EkEav9Ct61RRh7eDnUk9VCd_,gmelina_philippensis_430_aug_00377.jpg,15351,0.30594308035714285
1e2oNkWzbdTRsULqqeTZF1aEgW5sAmXLo,gmelina_philippensis_188_aug_00376.jpg,13700,0.27303890306122447
134N45Cwwkq-5KDf1_OnyEe5GeBgRmyp_,gmelina_philippensis_402_aug_00374.jpg,15633,0.31156329719387754
1etlXZHuMMWGUuQFV35DJupaZZLTLRIJe,gmelina_philippensis_616_aug_00372.jpg,17299,0.34476642219387754
1NO1ro2K4BEpbS3t4sqtTBPMyWSeJkTEz,gmelina_philippensis_106_aug_00371.jpg,14951,0.2979711415816326
17Ldg5wWkS6FjFGwPVdqzHcGNnqXUK0eQ,gmelina_philippensis_285_aug_00370.jpg,15851,0.3159080038265306
12pRe_qzQ1-e9xzP8x7Z0gVSkxjNfQXhR,gmelina_philippensis_141_aug_00367.jpg,17781,0.3543726084183674
1b7h5jd8rp14LEriY8UVqpQXuoDqEtw-J,gmelina_philippensis_567_aug_00368.jpg,14886,0.29667570153061223
1-b3SghUW7TcPFHmbYV1t90Jct2Gwhz2E,gmelina_philippensis_430_aug_00369.jpg,16487,0.32858338647959184
1fD9pFhhDfoWTA3o08w9wBIr8lMIVLWtd,gmelina_philippensis_258_aug_00366.jpg,12759,0.25428491709183676
1YqupmPdfAw_G_-G8xs75co1Am2Vxp8J5,gmelina_philippensis_607_aug_00365.jpg,16354,0.3259327168367347
1xCYlLDOtz-5UDpoNlIQoVvMoJvQpfUZk,gmelina_philippensis_830_aug_00363.jpg,15992,0.31871811224489793
1WWE-d4BJtUkLDBa2yQNuVkeGqtixUueM,gmelina_philippensis_477_aug_00364.jpg,15698,0.31285873724489793
1DiguQ80Y0jMuPeYNE4i3DsL0TTHxLztW,gmelina_philippensis_402_aug_00362.jpg,15592,0.31074617346938777
1fYdyzi5nc1p3tAmZItNFYWvw-UwSp4sS,gmelina_philippensis_239_aug_00361.jpg,14279,0.28457828443877553
1X-AUXJgm3ajgJoWAm1RR_Mov8Qrk0KtW,gmelina_philippensis_666_aug_00359.jpg,15992,0.31871811224489793
1J3xvA2gzakhSSClQlnEpMQWq2_bCXakX,gmelina_philippensis_176_aug_00360.jpg,15928,0.3174426020408163
1wWNCE-pHx2LQu-aB6SLgfnmWZ-z8ngjd,gmelina_philippensis_383_aug_00358.jpg,15551,0.30992904974489793
1luQQemtOOewrVxJfJh1FdkXhVP4uoDBY,gmelina_philippensis_239_aug_00356.jpg,11957,0.23830117984693877
1v4nOqqZGykVfo34FB1e7jtQ90jRZeN68,gmelina_philippensis_285_aug_00357.jpg,12993,0.2589485012755102
1UshXgdZmTNPIOvnifN9yMhC0Ewa0ql_Z,gmelina_philippensis_391_aug_00355.jpg,14568,0.2903380102040816
1H9RsdptoRhl1lqbuquxEVvMPmMAxxSOk,gmelina_philippensis_209_aug_00351.jpg,14427,0.2875279017857143
1iN8vDa_CngSi5YRzHSHZ-hnhYsBtEXwf,gmelina_philippensis_258_aug_00354.jpg,12718,0.2534677933673469
1mDAU8mnko6VyUYPdcAkSG-XP0BfHfG6P,gmelina_philippensis_176_aug_00350.jpg,16596,0.3307557397959184
1rNEK5wYMa-najJGMn4XCFwYdLZ_kftNI,gmelina_philippensis_188_aug_00352.jpg,11143,0.2220782844387755
1S8g3CF8t_1B0ITGs0q1GiwJlTGbCDrEF,gmelina_philippensis_383_aug_00349.jpg,13534,0.26973054846938777
1twYP_zqBcig0swRJqNXWK9k_eDfdOgiB,gmelina_philippensis_106_aug_00344.jpg,13146,0.26199776785714285
17uOpIDHupvQDXpjk6vZ1mMSKy8Lnrtsx,gmelina_philippensis_430_aug_00347.jpg,15898,0.3168447066326531
1i-LaJW0dqpiMsIwvnsbE3mqciavtRqHm,gmelina_philippensis_477_aug_00343.jpg,17726,0.3532764668367347
1sPX4sQLQ9xr8P4XuYxRImbX78F_O1-SH,gmelina_philippensis_745_aug_00345.jpg,15782,0.3145328443877551
16w6LGTt568ZJuh_JesXaPlXCxDCEzh4J,gmelina_philippensis_511_aug_00346.jpg,15405,0.30701929209183676
1qshs2D6wOuXvoztOYeExfuHf21oI6nag,gmelina_philippensis_285_aug_00342.jpg,14170,0.282405931122449
1u6tg_UgTK78IVE8GzGm7NpZLwT3eW3TW,gmelina_philippensis_438_aug_00340.jpg,15799,0.3148716517857143
1ZNDuCmAwH3TCth0k1Xa53nSxb6qDlB-I,gmelina_philippensis_106_aug_00339.jpg,15299,0.30490672831632654
1kgViLZ9S4ej-X3AlRyYqzT6nmX517n59,gmelina_philippensis_482_aug_00341.jpg,15018,0.2993064413265306
1KmWXVNTarWuUb8mMGXd6yOF3aaBpwGzJ,gmelina_philippensis_501_aug_00336.jpg,13347,0.26600366709183676
1ZenoKmtl4ItY3G_9MTSTWeBDSHbqwZii,gmelina_philippensis_812_aug_00338.jpg,14104,0.2810905612244898
1hn4JKZoAhGICtafnAgRrZMb7_Y2reNMw,gmelina_philippensis_745_aug_00337.jpg,18034,0.35941485969387754
17ldXkY_OczBKHYqV53c5tYc39p_tVtuY,gmelina_philippensis_12_aug_00335.jpg,17944,0.35762117346938777
1BZOmAjz1f6VoHPdqbm6mEs-IUD3PqVL2,gmelina_philippensis_560_aug_00334.jpg,16066,0.3201929209183674
1o8yBH1m5p15Lpe7E5Q3WUi909fJsAtUU,gmelina_philippensis_516_aug_00330.jpg,17794,0.35463169642857145
1gtVZ01aAelYp--fpyzTqT6qpjxlYbEkS,gmelina_philippensis_430_aug_00332.jpg,17000,0.3388073979591837
1CZ7t4AFTPQJrIGKFVfiVHUvoGyRiIlga,gmelina_philippensis_563_aug_00331.jpg,13958,0.27818080357142855
1SyAkMygpI4Sn-IpBd5F8JiM1NEJNv8hN,gmelina_philippensis_489_aug_00327.jpg,16775,0.33432318239795916
1oBOycRq887YifZ-P_jeBupUEE0x5cI_M,gmelina_philippensis_687_aug_00329.jpg,16493,0.32870296556122447
1zacbqERAkXhWCM-MV9w2viqOdQCIUL_B,gmelina_philippensis_770_aug_00325.jpg,14507,0.2891222895408163
1oE4o8CSDTtoo8Vsu6qEjU_PElTuy12xS,gmelina_philippensis_560_aug_00326.jpg,16070,0.32027264030612246
1gxvRzQ2T6Ls9IxJvxNtORFCX_Dt5iQdn,gmelina_philippensis_713_aug_00324.jpg,12679,0.2526905293367347
1WEykvMh157Nq4CSAGK1d4KpcfVBgF1i5,gmelina_philippensis_713_aug_00322.jpg,15773,0.31435347576530615
1Au57ZHKroPdBJsTcdwdS9EN_l_uyoLdX,gmelina_philippensis_616_aug_00323.jpg,14657,0.2921117665816326
1fNxv1MggYgiLB3APketBKn-_uu-XK_2U,gmelina_philippensis_355_aug_00321.jpg,15837,0.31562898596938777
1ZtyrPhKdJEnV9rd9Y42hb0wvKAxq8kpl,gmelina_philippensis_389_aug_00318.jpg,17072,0.34024234693877553
1QGhoFahB-8IMkQMXfUx4J9hNrQp1cMiT,gmelina_philippensis_285_aug_00316.jpg,15176,0.30245535714285715
1YbSH8YJ1gcFdUXIEr1KCFGVOWJWvtDnh,globe_basil_518_aug_00432.jpg,9147,0.18229830994897958
1UC4CyO-bthzsqtDtyrepXh03fIjhTPiQ,globe_basil_612_aug_00430.jpg,6327,0.12609614158163265
1iz4pyH27U2uWENhz1tPlBxSVludJIbOZ,globe_basil_545_aug_00433.jpg,12967,0.25843032525510207
1LG36Yxprns_WHYDm-WiFNlhaTSbsaI7W,globe_basil_490_aug_00428.jpg,13853,0.27608816964285715
1iL47oAEavEf3KTAQbZaaAugk-9f7olR0,globe_basil_629_aug_00429.jpg,14756,0.29408482142857145
1s_suXUgLD7r893LVL9Pypa6tH06s7r2J,globe_basil_677_aug_00422.jpg,13043,0.259944993622449
1ZddOP1d_OE9-nFRek01vPUULkR8YvgrP,globe_basil_182_aug_00423.jpg,7398,0.14744100765306123
1hheV6EFtR4x-NmRcPxJ3-XzcS9L2_wDh,globe_basil_599_aug_00424.jpg,6868,0.1368781887755102
1kgad1YLGN4rZYhy9fKzcJJ2yTf5dNU9s,globe_basil_612_aug_00420.jpg,7011,0.1397281568877551
1WRstP_8Yyh0wVR9exriYPjRxlFkNzAHo,globe_basil_158_aug_00425.jpg,9018,0.17972735969387754
1GsEp6k14IZpNRagmWWsRLJgn4bAVBcea,globe_basil_346_aug_00421.jpg,7063,0.14076450892857142
1Wu4pxaFHN5siKbXTW9EpJuZd1P1oQoP4,globe_basil_199_aug_00416.jpg,11562,0.23042889030612246
1wT-KmdPf2O_Qsf2N_QXD7e1K_YMzJwO1,globe_basil_534_aug_00418.jpg,13954,0.27810108418367346
1qV1QzB5ycSGC8ER4QMIG1ssxiEnrQliy,globe_basil_518_aug_00419.jpg,13220,0.26347257653061223
1_g41G_j0L3T5u98EKEC8BBMgo9BcSSvG,globe_basil_685_aug_00413.jpg,13905,0.27712452168367346
1uynZKXOqCc7A7AhMG8AYSycmsQW4E-hE,globe_basil_216_aug_00417.jpg,7163,0.14275749362244897
1WcFZDN2C7RxL-YYGeI60C8cFOAcKS8u8,globe_basil_310_aug_00414.jpg,14214,0.2832828443877551
130UAL82dKPcN8OsCv8lapnvhzxnCjBXG,globe_basil_112_aug_00415.jpg,11866,0.2364875637755102
1TbiNSWoEgPGGrwl85jcY1yOJ_NLO9nV7,globe_basil_562_aug_00411.jpg,7485,0.1491749043367347
1pHrJ_1kuZ6TtME6r7hnxM61-tgR7wI2j,globe_basil_143_aug_00412.jpg,11980,0.23875956632653061
1H7jsIT97bJMmCtO8MFUSvt9esOpiWYIx,globe_basil_621_aug_00409.jpg,11943,0.23802216198979592
1pVcNEbgL1KkeVoOTAlhYH4oRWpJB0Yhy,globe_basil_706_aug_00410.jpg,12544,0.25
1sH-YHG0UpCFwsbiUrusMzPG2Zr70hZBN,globe_basil_660_aug_00407.jpg,11206,0.22333386479591838
14_VtJUW3uVLX5Ws3cPUjkMHgvFWco4Aj,globe_basil_621_aug_00408.jpg,4182,0.08334661989795919
1r-sogUJgUkeIab07r3LYIgSFx_ZELMke,globe_basil_420_aug_00405.jpg,12696,0.25302933673469385
1Jh6E91sEnH0EMvEgXiQtOttyeTzaPisk,globe_basil_629_aug_00404.jpg,10898,0.2171954719387755
1-f75BLEdmsjHLvxfkgW_16ugZ-ZYR0zl,globe_basil_320_aug_00403.jpg,9402,0.18738042091836735
1cWxRI7Q6hI463qd6simTUR73HksHK17-,globe_basil_562_aug_00401.jpg,9633,0.1919842155612245
1nAH51V2Qrs866OWpFob9U0yj5xHdfKnX,globe_basil_3_aug_00406.jpg,13808,0.27519132653061223
1c_Qd4j1MlFkNX0SBTZ9JN5d1hdemjgVC,globe_basil_629_aug_00400.jpg,14187,0.28274473852040816
1c3S4CkOELvZLn8JFzOdY7R-sE9M5DzKh,globe_basil_566_aug_00399.jpg,15022,0.2993861607142857
1ZQIrUTqphGE2e8sUegkgZ_5qnHm2VenV,globe_basil_483_aug_00395.jpg,14333,0.2856544961734694
15Ry8c-Fpkr-QS_UvEZkKSbOwpRHP6-Rf,globe_basil_216_aug_00397.jpg,15674,0.3123804209183674
1PzcXgIFhqSww5qcqJyEfA0AmSaa53cvZ,globe_basil_534_aug_00394.jpg,10320,0.20567602040816327
1R_OBKkPnFom-MvdtkzmbiyM6NjUgCjIr,globe_basil_629_aug_00390.jpg,13922,0.2774633290816326
1ArtfzT3dlsbqKG7PPmHezwuwXuYmfIpE,globe_basil_102_aug_00391.jpg,9897,0.19724569515306123
1806tNlvEJ9CPni1rJovqEuV_Eg2OCAEi,globe_basil_377_aug_00388.jpg,11552,0.2302295918367347
1W8I22ngaaAIQTC1jR8okgwiflLS3Yept,globe_basil_277_aug_00387.jpg,11898,0.23712531887755103
1xzDIrcH-VPgACAZp1ccd4EKXXrF_YNfw,globe_basil_53_aug_00385.jpg,12175,0.24264588647959184
1P0pkTwC10VZgv0AplV_oHNHNPkjfq1gb,globe_basil_3_aug_00386.jpg,14043,0.27987484056122447
1CcsNCb8FfZNwOBTae0b-et1zvD93edVb,globe_basil_320_aug_00383.jpg,14971,0.29836973852040816
1z1nC42_2sDt2p0FFGRd13E67cR4cnMw4,globe_basil_562_aug_00384.jpg,11219,0.22359295280612246
1-Tbfnyo3rDz8XwVnkQ5ht_3Q9mjAvh6J,globe_basil_247_aug_00382.jpg,12264,0.24441964285714285
1Tm1vF-ioH83RKT3CPOELlig4RhQtsWYU,globe_basil_685_aug_00380.jpg,10035,0.19999601403061223
1yq23QoiL4OjbJik3dNwIxUd-mVPamaW2,globe_basil_91_aug_00381.jpg,13657,0.27218191964285715
1O2nY5vTctauw7CvKUO2XCseB9fgzw1rd,globe_basil_334_aug_00378.jpg,14252,0.28404017857142855
109iiI-tVgWTHAnbmdK5aaFL8MDbVkjY2,globe_basil_387_aug_00376.jpg,13495,0.26895328443877553
1UBObQI9yoW8fPn6_L9OogoLeg02NonGd,globe_basil_490_aug_00379.jpg,6024,0.12005739795918367
18DHjNnUxG65RqISS5FidpQj-yiLsXZ6J,globe_basil_562_aug_00377.jpg,13692,0.2728794642857143
1-Vo03qjObptzkzgUanSY7AIbHyfMze09,globe_basil_277_aug_00375.jpg,14401,0.28700972576530615
1PBdReixMDKlPa29Hqt6i-I43Hy-YwQjB,globe_basil_251_aug_00373.jpg,8003,0.15949856505102042
1NOUwB-H4QQlezbtiTc1iL4Fc8TGOamPA,globe_basil_346_aug_00374.jpg,12697,0.2530492665816326
12tSCHkv7RpSUknAEKQrZq4_U_AgibYl8,globe_basil_251_aug_00371.jpg,4692,0.09351084183673469
1UjgGkVf1KU_Cpz42JLkTVLl-vWzYXpZb,globe_basil_165_aug_00372.jpg,15151,0.30195711096938777
1G67fAWVetxTbcl5Im0FHSijPzH1J6s_S,globe_basil_251_aug_00370.jpg,13113,0.26134008290816324
1q0xVHp9Z9C4_I8auKfwozQ4ua9hpIjdG,globe_basil_257_aug_00369.jpg,12285,0.24483816964285715
1WiwVcN9YUxV4mycGwOGdAZwCJaDkkI1T,globe_basil_320_aug_00364.jpg,8150,0.16242825255102042
1_JMMgQnz0rqUteZGJLJkHSWFCuay4k4y,globe_basil_706_aug_00368.jpg,9269,0.1847297512755102
1U2pLEF-TJukezLuiOxlD8RJGBMuu73MS,globe_basil_174_aug_00366.jpg,11117,0.22156010841836735
1b5XJBt-YCJHn_Z0-VwESYt6F1xylSvIr,globe_basil_685_aug_00367.jpg,12491,0.2489437181122449
1osmqOxvx2qt6-G-Ds0rSrjTLsf6oHqNj,globe_basil_460_aug_00363.jpg,4330,0.08629623724489796
1L4tLjQpT9-Q29AatgeOY0ErjAYOVR6Ii,globe_basil_251_aug_00365.jpg,12686,0.25283003826530615
1EIwxfdl4ga_I7D-pP9XkNds2Xu80xm63,globe_basil_558_aug_00361.jpg,13254,0.2641501913265306
1QRIm5r2JTfu_4eSOas5MHc3tyoN9jOwO,globe_basil_534_aug_00360.jpg,12162,0.24238679846938777
1bnCp_5dJ7YjScrx7sVah95scFFdgVy8S,globe_basil_450_aug_00359.jpg,6309,0.1257374043367347
1TkdI-7oy-JNXDfp2y-xLu-FKf9uY1tuc,globe_basil_75_aug_00358.jpg,7821,0.15587133290816327
1p_MZ6ylQaVbZCbad4_9_UmfnbhavDqTt,globe_basil_677_aug_00353.jpg,12535,0.24982063137755103
1FL1vg8yXKrxm3OwwEZVVwvikNQRxvJsf,globe_basil_277_aug_00356.jpg,8350,0.1664142219387755
1vdElxxkVxabEcNF2vwt-YBS6IGnMsYps,globe_basil_257_aug_00354.jpg,12765,0.2544044961734694
1W4UWTklQyE5agXIJwQ3OENc2uobmyefm,globe_basil_534_aug_00352.jpg,9806,0.19543207908163265
18xI7dMAMV7VVEAmnRezsShvglviYOrFH,globe_basil_158_aug_00350.jpg,8603,0.17145647321428573
1aLliQssGK5Ii5zDV_O4H_Lpt5fxEIMqE,globe_basil_199_aug_00351.jpg,13958,0.27818080357142855
1F_HyBjc6Ta1MKlBhNE2dw0FV0Y7mNrcn,globe_basil_558_aug_00347.jpg,14512,0.2892219387755102
1gcRZtSjIMB3GInfsy7Zb_-yl2YEpn8eg,globe_basil_334_aug_00348.jpg,13927,0.27756297831632654
1o0Zfy-XmlaZ2QGeUloRVu09JUgsIlKJg,globe_basil_353_aug_00349.jpg,14310,0.28519610969387754
1vcA8OsprQMpKlvLEGonRYM61hnFrN1MD,globe_basil_450_aug_00346.jpg,13975,0.27851961096938777
1thVXz06wZfnLt5I3nMATzvY3g2cVcFVK,globe_basil_558_aug_00345.jpg,12731,0.253726881377551
1CxWvF0eQQjJvbJUy9lP4SNfqcH9pLYXL,globe_basil_174_aug_00343.jpg,15001,0.29896763392857145
1QoW0vVdnjcT2-LEelYLFCAXN07O-07Zn,globe_basil_423_aug_00341.jpg,13338,0.26582429846938777
1MBsohH1VgjMfpJAyekrcNqa5hRT4FBqU,globe_basil_131_aug_00344.jpg,11516,0.22951211734693877
12wIfJ6O9xcHVVbQvxOD5kpJpsHbt9McA,globe_basil_387_aug_00342.jpg,13611,0.27126514668367346
12v7mkarOoeUK4veXFSI4PhHYlI3tJ4JR,globe_basil_629_aug_00338.jpg,10947,0.2181720344387755
1-H7oOM02KWJ-U9-D5FE71Mb2Y-BJeGFs,globe_basil_496_aug_00340.jpg,14827,0.29549984056122447
1EpXZsF1LxngiAnPwUN2ZI-1pznNAWnVP,globe_basil_75_aug_00336.jpg,14582,0.29061702806122447
1b7ZeGocF6fa_yzRNh6Q3FKV-0IIjvZeW,globe_basil_377_aug_00334.jpg,14889,0.29673549107142855
1g7ehqPnc_G4ZMsyaM4rjx5mXQvjloGrJ,globe_basil_741_aug_00331.jpg,10851,0.21625876913265307
1FeJFgGsfpWvCrzRSibsrX-7b2TCjBDr8,globe_basil_334_aug_00335.jpg,12668,0.25247130102040816
1D4Q-Zn6ajiCN47gKNDhQ4Ennau97_dyQ,globe_basil_236_aug_00330.jpg,7515,0.14977279974489796
1DnsTJFs_lST-fTEhbyCNW9D9Ym2QyOts,globe_basil_353_aug_00333.jpg,12736,0.2538265306122449
1WmZPTvm2asy-ABpUY6eSdZ6KwnzE6wxt,globe_basil_287_aug_00332.jpg,13041,0.25990513392857145
1opcFPaNc5CyYG8-PgtJ3T34IZdAwaMsH,globe_basil_387_aug_00328.jpg,12897,0.25703523596938777
12WZH6l9BTI6f-LbMN6Clgd0VSyYX7NSM,globe_basil_483_aug_00329.jpg,12726,0.25362723214285715
1X2PCwLrP7-8RjTKbx9Ovs_nDuUqtgXxG,globe_basil_334_aug_00327.jpg,10401,0.20729033801020408
1w-CA8ruupSGvMvak8yI-zGE62Jwe4WFE,globe_basil_734_aug_00326.jpg,14614,0.2912547831632653
1ywxpK3HVlUCIHyPE4KJZOkSZLZoVKKby,globe_basil_287_aug_00321.jpg,12592,0.25095663265306123
1DJ8JdKyNyNvuC5mdFs_ZGFIa6dLEMMLu,globe_basil_562_aug_00325.jpg,11671,0.23260124362244897
1KKjGnj5LZoRWOVkWtd9y19wqlXdAMjIQ,globe_basil_590_aug_00323.jpg,9985,0.19899952168367346
12G_zDnTxerZHJbDaICIOtPaK-etJF64p,globe_basil_629_aug_00324.jpg,12322,0.24557557397959184
1IkxbXqYDvUkUGUrGthEt8kE-0B8iFKyf,globe_basil_534_aug_00319.jpg,11441,0.22801737882653061
1yTTyVD9bKYV_c9Q8YZ-r-0zEQNC6U56D,globe_basil_490_aug_00322.jpg,13092,0.260921556122449
1_eSFwXb_Tp4a0l1ZqtXuMQLORmnN5IqO,ficus_pumila_60_aug_00436.jpg,13819,0.27541055484693877
1e26W_LmrUZNYXRhFjCCppNokaIaLhjBf,ficus_pumila_84_aug_00435.jpg,14929,0.2975326849489796
1b32ZAGRiX4rXPYsMm_AfHG1zobLM9YiX,ficus_pumila_250_aug_00431.jpg,15120,0.3013392857142857
1-biIWc3xrOwOSoGPDl39Gz_cTAyjj5Nk,ficus_pumila_239_aug_00433.jpg,14899,0.2969347895408163
1zq7scIGrcco7xD-XpTUV3WuB1bQz8hSa,ficus_pumila_385_aug_00429.jpg,14714,0.29324776785714285
1W6jHWT1ZtsSxTRY0HJLCaOhg9gNi_tIX,ficus_pumila_14_aug_00430.jpg,13599,0.27102598852040816
1WOqbOKYGiZpyXEARbbFBeivMjatGDs_9,ficus_pumila_518_aug_00428.jpg,11742,0.23401626275510204
1XX60rfn8scj5zH9my_z8Q78O_pw9meuz,ficus_pumila_80_aug_00425.jpg,15407,0.3070591517857143
15ehk7RvQqHvBjZsZI5_f6kuIj62vAGlN,ficus_pumila_369_aug_00426.jpg,15667,0.3122409119897959
1bhkcXuiMiYo4Ez14OVeKwqUcVd3Xn1BV,ficus_pumila_412_aug_00421.jpg,11531,0.22981106505102042
1PdAST1Bg-KmvM4Vj5pTTWd5hV4Y36yO-,ficus_pumila_75_aug_00424.jpg,14655,0.2920719068877551
1pa8gN8mMi0LMisZhrgCAplqZNC4XYTn5,ficus_pumila_32_aug_00414.jpg,14888,0.2967155612244898
1sqigQhjBfrPMSe5-iDV15A3nRITnc_lH,ficus_pumila_558_aug_00423.jpg,14547,0.2899194834183674
1T3RGqT08SXNb3UtEoWkeMz6XvOETEHVz,ficus_pumila_104_aug_00419.jpg,14865,0.29625717474489793
1gsY4b_fIt9-2X89YRPjVSvlsus7FfiCz,ficus_pumila_91_aug_00413.jpg,14984,0.29862882653061223
1ipw4sTkTic6YnK6fCmP7Uv-Q5uADwTr8,ficus_pumila_210_aug_00415.jpg,13731,0.27365672831632654
1zZkDcsQKe5R-rbqfB9cP8kzNzlSLJT7t,ficus_pumila_14_aug_00418.jpg,15440,0.30771683673469385
1KP6dAjOmhv_ZcCy5ctF5oQlSyGpSRbL0,ficus_pumila_130_aug_00412.jpg,12332,0.24577487244897958
1bssywGZEjOfk4t9MksJbtp_yA6lI1DQE,ficus_pumila_21_aug_00411.jpg,15355,0.30602279974489793
1kFiS1TEC57p8cd3h45Fbw-YR7LLnX8TJ,ficus_pumila_262_aug_00410.jpg,15394,0.3068000637755102
14a_ZRFLvSWYny873O2tSbhqP6FVbBV-S,ficus_pumila_344_aug_00406.jpg,15013,0.29920679209183676
1FASJtHqLJLWuGOMUbuge7T_2XFPKkdjY,ficus_pumila_468_aug_00409.jpg,14857,0.29609773596938777
1xNKhTcEGiqQEPSndqiNdU0IT0oQIuh8t,ficus_pumila_480_aug_00407.jpg,14867,0.29629703443877553
18XsPBYRFcnF6issGwaZOl5KnS3LCkzn6,ficus_pumila_210_aug_00404.jpg,15411,0.3071388711734694
1IzDAsj8IfPsgRnUFuEooXFZIF8r7ZUZ3,ficus_pumila_118_aug_00405.jpg,15108,0.3011001275510204
1Y6xQIX6qWR1PXIkGlpt7Cvv1rLJr7-dR,ficus_pumila_529_aug_00402.jpg,14737,0.2937061543367347
1xcQ6b7Tr_agqHrCOXpNXOpTjFSWcrZR8,ficus_pumila_594_aug_00403.jpg,12691,0.2529296875
1TT-veJsgiIxiPCgaOatwZFrdRoI44vPU,ficus_pumila_262_aug_00401.jpg,11639,0.23196348852040816
1WQDZ44ZLrqWChIPzggfiyq2PEOIh1dUI,ficus_pumila_234_aug_00400.jpg,15488,0.3086734693877551
1gx24f-2sB17U2KLxUBmbjT8Kz0NVfwLI,ficus_pumila_75_aug_00397.jpg,14857,0.29609773596938777
1X_OY4wPNJHg_2zlRv5aB5mTDbo86IRu-,ficus_pumila_496_aug_00393.jpg,12870,0.25649713010204084
1MyWSAMH6GEIeuCZview_sMvqCycD38u8,ficus_pumila_488_aug_00395.jpg,12314,0.24541613520408162
1PLr_0-0G021iDnMKiPG_E6IecgKNTkbZ,ficus_pumila_250_aug_00396.jpg,13730,0.27363679846938777
1XEGEh6W8Yg2toH4SQanaQVkzNCdmQ-x9,ficus_pumila_80_aug_00391.jpg,12965,0.25839046556122447
1cp7c_o_e6bha8PHrw8JEgqjVqfLa_NMh,ficus_pumila_438_aug_00392.jpg,13497,0.2689931441326531
1W-kSkEGSpxa4sZ1A3zBWNcHFfy7MCgcI,ficus_pumila_480_aug_00394.jpg,15298,0.30488679846938777
1hbRbclWe88UYl-1U8cIrC4FOiEDymy3s,ficus_pumila_250_aug_00387.jpg,15744,0.3137755102040816
1SjihuekBfYM70N-piPRhv6uX08kkhpZt,ficus_pumila_11_aug_00390.jpg,14070,0.28041294642857145
1gjLkTwhCxSaz1wCSQCE-qTqkqw8MD-rR,ficus_pumila_447_aug_00386.jpg,13026,0.2596061862244898
1X5rudqUa8uvxR6XAFqKZkUUpJPTLDhWa,ficus_pumila_11_aug_00388.jpg,13793,0.2748923788265306
1uKIIpA4-wr6kbWfdO5LCZXVeMlml4zFe,ficus_pumila_329_aug_00382.jpg,15787,0.314632493622449
1ouamw2JVj7D9gS7FsGDW01ttfiBT-w1w,ficus_pumila_603_aug_00385.jpg,15007,0.2990872130102041
1ymn2kMMNLLLJ6mwjanEg44iY_PEnW2h-,ficus_pumila_84_aug_00383.jpg,14988,0.2987085459183674
1u886RPFTpLK8Q0gxlc7jzIq5RVbn1Xte,ficus_pumila_586_aug_00384.jpg,11354,0.22628348214285715
1ZZ9vIrb6P4lGqyejfw3TqepmHvE5_Q3U,ficus_pumila_603_aug_00381.jpg,14751,0.29398517219387754
1_ZS6bR1SQTIdYmVnbahsf-UdVPXBkjOw,ficus_pumila_350_aug_00377.jpg,14769,0.29434390943877553
1PQLhUbAV_89vecrvD2LQCqCP6xIK0sNE,ficus_pumila_227_aug_00379.jpg,13491,0.2688735650510204
1v0F6bTxSy8HfpMzKrj9PI0PYmY6cW2CJ,ficus_pumila_32_aug_00378.jpg,15727,0.31343670280612246
1Qkry2z5xjcVPT00D1GiHFNrX-47GEBio,ficus_pumila_130_aug_00376.jpg,15035,0.2996452487244898
1tsn-lyNtllnQPgNn-rBRGEV0vidMemIJ,ficus_pumila_234_aug_00375.jpg,11600,0.23118622448979592
1fUWdXXL4Kj-UoO0zdbpqv6DgFIwFZy1u,ficus_pumila_288_aug_00374.jpg,13817,0.27537069515306123
19UMLaloPzbCfSrqn4Kik-tRaDi-PTotV,ficus_pumila_3_aug_00372.jpg,16425,0.32734773596938777
1y8AeyVThR7I8I6nZqtcCXCM1jFa1GEK7,ficus_pumila_581_aug_00371.jpg,14709,0.293148118622449
1Lo_2dx4OAVIFayADrLHN2fkVjdJZaiwz,ficus_pumila_185_aug_00366.jpg,15527,0.3094507334183674
18mCJydoNvtdot9VLQLF6ExMVv4sXiCcs,ficus_pumila_460_aug_00370.jpg,13959,0.2782007334183674
1M55dy9mCES8GX6fJsgxHRHUBLDBMx4-X,ficus_pumila_60_aug_00364.jpg,12492,0.2489636479591837
1MyTQQHNBeq305qoBfAZSHdxOkfGSirnk,ficus_pumila_546_aug_00365.jpg,11138,0.22197863520408162
1h-niZHl6Yr06qxQaNTzkSvPDq0njiNY0,ficus_pumila_518_aug_00369.jpg,12947,0.25803172831632654
1jzwHdQz3CSW26cBHraS_4QifWOB4ivfL,ficus_pumila_377_aug_00363.jpg,15015,0.2992466517857143
1YBSdChxTnNKMTKyI_PBQuTu6uMX_TGGp,ficus_pumila_365_aug_00362.jpg,14343,0.28585379464285715
1p1Rk_7_5E8SbPXWsgNAyf-K3x23SlsZ7,ficus_pumila_84_aug_00360.jpg,16557,0.32997847576530615
1DQvuPyi9kjd_gtL8F4fG_lbaYkbTFX1D,ficus_pumila_567_aug_00359.jpg,14067,0.2803531568877551
14-8vMOt5gaQApM0InuepbUyul5XrB09r,ficus_pumila_350_aug_00358.jpg,14515,0.28928172831632654
12RqvzyZkzVqTUyN7NcCRC3VGdLXCB_AE,ficus_pumila_468_aug_00356.jpg,15042,0.29978475765306123
125IoJsPDN2xMllU8LRf3ibGo30DCoLoZ,ficus_pumila_558_aug_00350.jpg,13268,0.26442920918367346
1b2WhI288omgy8zkjfLeYxeD9zy90DnPT,ficus_pumila_594_aug_00355.jpg,12964,0.2583705357142857
1bBF6-cPKdGCmw5tzp295X9yUD1Wd9hrZ,ficus_pumila_551_aug_00353.jpg,14347,0.28593351403061223
11wBMpaXfmiFmczLxAcGmRlD0oQUF5L2y,ficus_pumila_538_aug_00349.jpg,14486,0.28870376275510207
1tkC0RZWSU_0SvtP_tXBZIQrXibwL8jhf,ficus_pumila_412_aug_00348.jpg,12763,0.25436463647959184
1j58nH5Kgu4NMrvxY1PgVvlAj11fhQfSv,ficus_pumila_185_aug_00354.jpg,14281,0.2846181441326531
1pu2grQAUcEFerxbj9aaNi1gSBDW_Lx2O,ficus_pumila_257_aug_00347.jpg,14752,0.2940051020408163
1zxzmtQCcOLtfSzsGorDWRA9fQergtwsx,ficus_pumila_210_aug_00346.jpg,16013,0.31913663903061223
1WUjo5imGavoIc9vdHecgDMkdGnagKSQt,ficus_pumila_14_aug_00345.jpg,14133,0.2816685267857143
1UFdA4tmEe2TYECaT_381rhjF1E2Ee8by,ficus_pumila_130_aug_00344.jpg,12718,0.2534677933673469
1S_NNXkhavVC_5lbEycBpi8Ek81zVP_tE,ficus_pumila_297_aug_00341.jpg,14796,0.29488201530612246
1KInHiI7rDhA_HtJh_PwF7nB6xfg0zpz-,ficus_pumila_488_aug_00340.jpg,14084,0.2806919642857143
18h62JscLRt40xYsGd_yOSrTVaMEFLfdJ,ficus_pumila_3_aug_00342.jpg,15652,0.3119419642857143
1-vgl6Q-kdLQlzzVcVx9YoMCbWSkUn9Z2,ficus_pumila_104_aug_00337.jpg,14300,0.2849968112244898
1lifndgvA4vc7nV6BKQUN0SWzYUgwSSHE,ficus_pumila_185_aug_00336.jpg,13642,0.27188297193877553
1y2agFQ3JpFR3xPIsGHfP6lsS4UxGuM1H,ficus_pumila_344_aug_00338.jpg,13749,0.27401546556122447
1X0RT6q_5BfH1mEzHl-mHBa29fRyatBC1,ficus_pumila_227_aug_00331.jpg,15091,0.30076132015306123
1CvpWIR9WG7u9GT_QgPG7E-VlnX7PJW-A,ficus_pumila_496_aug_00335.jpg,15899,0.31686463647959184
1PLro9XzLozC8NTq4sojSaZfXrnVFIaDG,ficus_pumila_567_aug_00334.jpg,13211,0.26329320790816324
19-FwQH51hlGc2sbeptRHq5ibR2gudadp,ficus_pumila_365_aug_00333.jpg,12062,0.2403938137755102
1cqWbFWWoK7SSk8deIRDC5PNE8ksXk6Ux,ficus_pumila_496_aug_00329.jpg,11809,0.2353515625
1dXbZcBB9kmStcrq0Pu6o_Wr0dK6soKO3,ficus_pumila_488_aug_00332.jpg,14572,0.29041772959183676
1tqZrGHpl-QgvIwDRKKmVo_Z4QrZouxz0,ficus_pumila_496_aug_00330.jpg,14989,0.29872847576530615
14FaKHaASb-jW_K7pL_nmCcG0RZKgAY1_,ficus_pumila_551_aug_00327.jpg,12297,0.24507732780612246
1Hf99sKep-TTjDbv0VyEubLOHykwrV7dU,ficus_pumila_118_aug_00328.jpg,12999,0.25906808035714285
1eYVtll6NUlNYX83HaP9nCiYKVFKGLcH1,ficus_pumila_529_aug_00325.jpg,13996,0.27893813775510207
1B5SxamlcZgEk_KD8qA4QJ73badJpGnS1,ficus_pumila_369_aug_00324.jpg,14911,0.2971739477040816
1TJSV35McHoSrsFPBSrqcDHP9jPXSpU-N,ficus_pumila_581_aug_00320.jpg,11435,0.22789779974489796
1-1GiQHQroPOAMOKLEf1Nb4mXSR-a6LMd,ficus_pumila_546_aug_00322.jpg,13701,0.27305883290816324
11M4uNY78yuRsKgTdl7l5eKl9orlVDWoT,ficus_pumila_438_aug_00321.jpg,13250,0.26407047193877553
1YQYy4oomH0crXQpGYJCrx5xuky-54i74,ficus_pumila_3_aug_00323.jpg,16809,0.33500079719387754
1ZywPjTUNKyzPkDnXVHHNk-k70tCeJT2w,ficus_pumila_315_aug_00316.jpg,14653,0.29203204719387754
1FOWFjJp7h6pzkUJ51K_03gKl7kqwqkFA,ficus_pumila_350_aug_00317.jpg,15852,0.3159279336734694
1utKSipVjNa6FElXrTVHlrkuVdO2BaPaO,ficus_pumila_396_aug_00314.jpg,14002,0.2790577168367347
1FKQCfgzZ2ho_4K9jUbAo1Dxxcr89W6r5,ficus_pumila_468_aug_00318.jpg,13284,0.26474808673469385
1h-zYo1hvPvdiR9intuDPLYfZCVtbZlB_,ficus_pumila_262_aug_00313.jpg,13303,0.2651267538265306
1hVZrthYpHWzAy9teZra7SRj5gxzHxQd_,Euphorbia_Trigona_Triangularis_Cactus_1316_aug_00420.jpg,9709,0.19349888392857142
1QyWqoUwRNg0UtxhWghR8FJ_hlbnomCxv,Euphorbia_Trigona_Triangularis_Cactus_1709_aug_00418.jpg,10416,0.20758928571428573
16MrxphLkRFrj-iO9vskIJzibrdFyMoq_,Euphorbia_Trigona_Triangularis_Cactus_508_aug_00417.jpg,8561,0.17061941964285715
1OToiSBxPZ2G_TiV2s_hPLmBG94j8VTkX,Euphorbia_Trigona_Triangularis_Cactus_43_aug_00415.jpg,7832,0.1560905612244898
1qNjY076jx7UhSosrHowf4Y81bd9fhzW6,Euphorbia_Trigona_Triangularis_Cactus_1479_aug_00416.jpg,8215,0.1637236926020408
1kmQb2jAFuNDoIVnTUr12YlQTAcpgqOrk,Euphorbia_Trigona_Triangularis_Cactus_1568_aug_00413.jpg,7084,0.14118303571428573
1LqW-zBJiZRtCUEA86YZ3k_gMCI40B5tb,Euphorbia_Trigona_Triangularis_Cactus_1478_aug_00414.jpg,10271,0.20469945790816327
1qjid1FEVIAOQ3bl1siXJCH6XW_CdRhzu,Euphorbia_Trigona_Triangularis_Cactus_1759_aug_00412.jpg,9486,0.1890545280612245
1vMNN976AIdT1-K_FC0zL833Sp7pXqq4T,Euphorbia_Trigona_Triangularis_Cactus_386_aug_00411.jpg,12229,0.24372209821428573
1YH2Ooury2B0Nn9-nK8SK5YVafV5YuECK,Euphorbia_Trigona_Triangularis_Cactus_1680_aug_00410.jpg,11696,0.23309948979591838
1PmxbStZ2cYG7mxb-I06kevTjTVNZas8b,Euphorbia_Trigona_Triangularis_Cactus_1675_aug_00407.jpg,5355,0.10672433035714286
19-pNg_RBXjndeJO9_92w9qRiRJQCr__p,Euphorbia_Trigona_Triangularis_Cactus_1636_aug_00408.jpg,6653,0.13259327168367346
1j5iWslMPMtV989u_1Z0Xo8jQpk7G2gqT,Euphorbia_Trigona_Triangularis_Cactus_13_aug_00409.jpg,8504,0.16948341836734693
1jZ7QGTyDQQFKaW5RZafp2NrJWPbxljHL,Euphorbia_Trigona_Triangularis_Cactus_270_aug_00405.jpg,5233,0.10429288903061225
1sJzs3ub1-TWhhNCAdKzSUeWkVgYNOvt9,Euphorbia_Trigona_Triangularis_Cactus_1390_aug_00404.jpg,6232,0.12420280612244898
1HQq3kUMXZ9qpjlQmyUBtw5RjJforo1n_,Euphorbia_Trigona_Triangularis_Cactus_1561_aug_00406.jpg,6290,0.12535873724489796
1zbkwYAVrBQC0kTnL7yi6uzu_T1SmXATt,Euphorbia_Trigona_Triangularis_Cactus_1865_aug_00403.jpg,3728,0.0742984693877551
1xwNFLaaH3WUqSE-bZO9HXTuQTMhVS5VF,Euphorbia_Trigona_Triangularis_Cactus_1559_aug_00402.jpg,8604,0.1714764030612245
1p5xPcSSQmV0p4j-TImcGWZZ-vlAU-Pyv,Euphorbia_Trigona_Triangularis_Cactus_1728_aug_00400.jpg,8069,0.16081393494897958
1_ZlkIT8gDHAaJ-bGAQ9LfiRYc3wWNOyZ,Euphorbia_Trigona_Triangularis_Cactus_1680_aug_00399.jpg,7529,0.1500518176020408
1UtCvbOOxhkHE3KNrSmu8vRFEGLq6xuWm,Euphorbia_Trigona_Triangularis_Cactus_531_aug_00398.jpg,8437,0.16814811862244897
16C42DQzkDCT6bbWGuTex733BXggxUytC,Euphorbia_Trigona_Triangularis_Cactus_1530_aug_00397.jpg,5329,0.10620615433673469
1yH_5Bv62otJgJOH0hHKKvCuLY3cXNpdy,Euphorbia_Trigona_Triangularis_Cactus_1709_aug_00396.jpg,10409,0.20744977678571427
1L_XBao8NwNvdLeo0MstmXxAj-LiUbn9c,Euphorbia_Trigona_Triangularis_Cactus_1479_aug_00391.jpg,5603,0.11166693239795919
1yp_PVhcDT0TvxEKZPawdCtwlBaxYeL-6,Euphorbia_Trigona_Triangularis_Cactus_1905_aug_00395.jpg,10398,0.20723054846938777
1P7SBIfqftg9etSkNak8OV_rD5OlFUgXF,Euphorbia_Trigona_Triangularis_Cactus_1709_aug_00393.jpg,6896,0.13743622448979592
1XOK4bmU9RrKA0MUr_Uiyk7a5Sq1LWAO5,Euphorbia_Trigona_Triangularis_Cactus_1865_aug_00394.jpg,10584,0.2109375
1fyJPBEZVcLy7ezzhHiQAQrg63O4L5vus,Euphorbia_Trigona_Triangularis_Cactus_156_aug_00392.jpg,7934,0.1581234056122449
1P9o3EgZPzdGJI5Xx2PTmAZk4T_A__bO6,Euphorbia_Trigona_Triangularis_Cactus_1858_aug_00390.jpg,9032,0.18000637755102042
13JPjJquLT0e8rF7AHgJbCDfjfXrEJp11,Euphorbia_Trigona_Triangularis_Cactus_1479_aug_00389.jpg,12968,0.25845025510204084
18tmBktjZxNK00xptS2E4HXCgNm-vjlyO,Euphorbia_Trigona_Triangularis_Cactus_386_aug_00388.jpg,9017,0.17970742984693877
1PgYMZtfdwFazTNbkNDRpliN0Y1FCHBH-,Euphorbia_Trigona_Triangularis_Cactus_386_aug_00385.jpg,7855,0.15654894770408162
1gVt-MRf4ZqqYWNS-qMcLUgyMzvYD8e8N,Euphorbia_Trigona_Triangularis_Cactus_1695_aug_00387.jpg,7038,0.14026626275510204
1ScsAMrId6ag6nM4oq-aR-gloIX0zG53i,Euphorbia_Trigona_Triangularis_Cactus_1750_aug_00386.jpg,11736,0.23389668367346939
1mehiP5d0DSYiv1kz87pGYTOIwzATPf-F,Euphorbia_Trigona_Triangularis_Cactus_1739_aug_00384.jpg,8662,0.17263233418367346
193q_VZsmUb-j1E0i9wG_kODh4IlBoENK,Euphorbia_Trigona_Triangularis_Cactus_508_aug_00381.jpg,4652,0.09271364795918367
1xDZbsS0RUq7az3Tc-vZmhqFUc1vwPRTP,Euphorbia_Trigona_Triangularis_Cactus_1849_aug_00380.jpg,9599,0.19130660076530612
1ywuCq8YIuXllufm7cxnHo4hwa-uDxYiV,Euphorbia_Trigona_Triangularis_Cactus_114_aug_00382.jpg,11518,0.2295519770408163
1uNzu38w4FOugTXuyDYCr3KCiUbKl9P1A,Euphorbia_Trigona_Triangularis_Cactus_1688_aug_00383.jpg,11494,0.22907366071428573
1uHLmXdwMlTlRINVw06P3Fz6KAIn4Eq8l,Euphorbia_Trigona_Triangularis_Cactus_114_aug_00379.jpg,5615,0.11190609056122448
1RJKFoPw3EQUCJ-udUQhLlvEP1qQ12TFl,Euphorbia_Trigona_Triangularis_Cactus_1642_aug_00378.jpg,12463,0.2483856823979592
1XLj0wUs8hTxrMqpHGsfx-n7C1Ejq_4qH,Euphorbia_Trigona_Triangularis_Cactus_1777_aug_00377.jpg,8768,0.1747448979591837
1pCovX4xgJmgVe0j6XO7JycT76puRvaX-,Euphorbia_Trigona_Triangularis_Cactus_1912_aug_00376.jpg,11482,0.22883450255102042
1pO1WE6pQWeD_NdCHnntcAiIiyTD0U6K1,Euphorbia_Trigona_Triangularis_Cactus_1191_aug_00372.jpg,9579,0.19090800382653061
1ClVdnZopdRXgBmGhvxh4sXCWA9R3lHVz,Euphorbia_Trigona_Triangularis_Cactus_383_aug_00375.jpg,11733,0.23383689413265307
1FEVH8WV_w2h1RMWMmElqEB-HdL5GjIE3,Euphorbia_Trigona_Triangularis_Cactus_1799_aug_00374.jpg,5521,0.1100326849489796
1l-2nE5bj2Aq9ffHEoIW_NbiVjaxXJQUS,Euphorbia_Trigona_Triangularis_Cactus_1695_aug_00371.jpg,4776,0.09518494897959184
1XZZPS56WOl3hfrCSB_kQLvRYdF5Vfhep,Euphorbia_Trigona_Triangularis_Cactus_1833_aug_00373.jpg,2746,0.05472735969387755
1r4gtxHryGe04PtpfJKIrMUzK3H2C5Hzh,Euphorbia_Trigona_Triangularis_Cactus_270_aug_00370.jpg,9524,0.18981186224489796
1EFy07zpV9QNFVf10wp-TNo3BoayXlvwS,Euphorbia_Trigona_Triangularis_Cactus_114_aug_00369.jpg,7812,0.15569196428571427
14fTOSru3srBeJqnDXqvt9gDytKrTU_6Z,Euphorbia_Trigona_Triangularis_Cactus_1709_aug_00367.jpg,11658,0.2323421556122449
1OuD3A5ygwpPrYve0zUEHJIVkhnFtlBTg,Euphorbia_Trigona_Triangularis_Cactus_1682_aug_00365.jpg,6346,0.12647480867346939
1bhvL9izBDrMfp9CftE7xPhSyIPfDvdA9,Euphorbia_Trigona_Triangularis_Cactus_1530_aug_00368.jpg,10266,0.20459980867346939
1Yhud4gJ_Y-BRRITKT0FpCY7rUwdOTjGo,Euphorbia_Trigona_Triangularis_Cactus_1490_aug_00366.jpg,8564,0.17067920918367346
1EH-b4RgT40nPV4tctOgVUVQM2nMhgarQ,Euphorbia_Trigona_Triangularis_Cactus_508_aug_00362.jpg,7707,0.15359933035714285
1ZeeMRIZBsNjL_gfJ_HovkalHFEMW3rje,Euphorbia_Trigona_Triangularis_Cactus_1473_aug_00363.jpg,10659,0.21243223852040816
1zlauO2RpbTF_F1uT9kgijQtXDQVigrcH,Euphorbia_Trigona_Triangularis_Cactus_1682_aug_00361.jpg,11472,0.22863520408163265
1vs2C-GcZvaFLRqNMiiqtQ3xLf28pjP5_,Euphorbia_Trigona_Triangularis_Cactus_1611_aug_00360.jpg,10887,0.21697624362244897
1K0QdwlC-AOREt6AeZCzPL2VNdSj-U6Wj,Euphorbia_Trigona_Triangularis_Cactus_162_aug_00358.jpg,7703,0.15351961096938777
18xbfbiEdX7z9mji4z1tQtvD400G0_TwK,Euphorbia_Trigona_Triangularis_Cactus_1308_aug_00357.jpg,12595,0.25101642219387754
1i20KJrCIo--GxCK3ldMtsz6nJ6qblE4x,Euphorbia_Trigona_Triangularis_Cactus_162_aug_00359.jpg,5720,0.11399872448979592
102zdJqmPrA-DTpWUWYmBBXFv2wkaqAwc,Euphorbia_Trigona_Triangularis_Cactus_1715_aug_00356.jpg,7611,0.15168606505102042
1Tw2XdBqvYmmPR0bCZWo4dByg_yMAOj1D,Euphorbia_Trigona_Triangularis_Cactus_1715_aug_00353.jpg,9631,0.19194435586734693
1_yslnU4mvCH3lf4rcxsThBuy3Ucijpg3,Euphorbia_Trigona_Triangularis_Cactus_1765_aug_00355.jpg,10069,0.20067362882653061
1ffx08GM0RmDsYgbK_TdNwVcu68te2fI9,Euphorbia_Trigona_Triangularis_Cactus_1725_aug_00354.jpg,5477,0.10915577168367346
1paecPGnbsPe3J3Qf-qoMPpN889QL0iL0,Euphorbia_Trigona_Triangularis_Cactus_1479_aug_00351.jpg,9333,0.18600526147959184
1MtAn-4taVfVGE1G_jVgAqebyE-DFn4WO,Euphorbia_Trigona_Triangularis_Cactus_1799_aug_00352.jpg,10085,0.20099250637755103
1qK2tlsGvC-TEjsIQZRkZJl8Qbe2WsQvJ,Euphorbia_Trigona_Triangularis_Cactus_1709_aug_00349.jpg,8365,0.16671316964285715
17jkihhyGxPXRTzd9g4ujtROW0UE917vs,Euphorbia_Trigona_Triangularis_Cactus_1739_aug_00350.jpg,9777,0.19485411352040816
1IMM75UbzacWzww6vX60RmWlt_QUaSZ6b,Euphorbia_Trigona_Triangularis_Cactus_1187_aug_00348.jpg,6883,0.13717713647959184
1KQbK9rYcQSqkVgr-BibpUpE1AX-z41u6,Euphorbia_Trigona_Triangularis_Cactus_43_aug_00347.jpg,4918,0.09801498724489796
1HzV8OJZdgXLx0g5F4ZC_BSghmItkWwes,Euphorbia_Trigona_Triangularis_Cactus_1728_aug_00345.jpg,6133,0.12222975127551021
1pINMGY1SB_XbiZwLy3qifxIUhM6Pu5RW,Euphorbia_Trigona_Triangularis_Cactus_1249_aug_00343.jpg,10216,0.20360331632653061
1InIo32c3WdXWDlh8s3JXQgK8KKZbrIXc,Euphorbia_Trigona_Triangularis_Cactus_1187_aug_00341.jpg,10659,0.21243223852040816
1mrds0yVHcacdaiLDYqHEGIYkTIEsKXMO,Euphorbia_Trigona_Triangularis_Cactus_1695_aug_00339.jpg,9962,0.19854113520408162
10MOyIiImXaCT4jKkIjhvfr6b0ZgE9yiA,Euphorbia_Trigona_Triangularis_Cactus_1308_aug_00340.jpg,8583,0.1710578762755102
1DiI_yx0_8A4IVc54U9G2HdSIwhhEyOcP,Euphorbia_Trigona_Triangularis_Cactus_1725_aug_00337.jpg,9411,0.1875597895408163
10atUaYrg7V2jZcmlXUWRkzsbLgSLllQf,Euphorbia_Trigona_Triangularis_Cactus_1865_aug_00333.jpg,4595,0.09157764668367346
10s5CRs0-MgQCP3HSedVhqG0yihDpPrP8,Euphorbia_Trigona_Triangularis_Cactus_508_aug_00334.jpg,9397,0.18728077168367346
1LwxdToQq0Q20kWRUhhE4AspB37uMzLU7,Euphorbia_Trigona_Triangularis_Cactus_1636_aug_00332.jpg,10117,0.20163026147959184
1MDLSk8ZrDIWVbMxCstRPoIgDx3cLX6I6,Euphorbia_Trigona_Triangularis_Cactus_531_aug_00336.jpg,8519,0.16978236607142858
1n4gsL-yIlwbjr7S62JGmPEM6R4uYtfLW,Euphorbia_Trigona_Triangularis_Cactus_1739_aug_00335.jpg,10164,0.20256696428571427
1iVxAJ2oGIGKTxxeBkhu77huv_HJDIXvM,Euphorbia_Trigona_Triangularis_Cactus_1308_aug_00330.jpg,10105,0.20139110331632654
1nNcOKsc_5cgfCwpHDDzz1I1fWKuCDy1N,Euphorbia_Trigona_Triangularis_Cactus_1905_aug_00329.jpg,4783,0.09532445790816327
1JhyH7yS1IrNkV2vXOB6JrqBN7FnLnPtB,Euphorbia_Trigona_Triangularis_Cactus_1526_aug_00328.jpg,10751,0.2142657844387755
1S38zzdhKQ3n1dIL7hy538Cr7Jt1HzbC7,Euphorbia_Trigona_Triangularis_Cactus_1849_aug_00326.jpg,6786,0.13524394132653061
1-UGJJwnuTC1Gc8NXhqhKz7B5LAs4lbPQ,Euphorbia_Trigona_Triangularis_Cactus_379_aug_00327.jpg,11164,0.2224968112244898
1pjbQpik4gv-jQZJDCuaflic3th2Vhzpc,Euphorbia_Trigona_Triangularis_Cactus_1849_aug_00325.jpg,7556,0.15058992346938777
19eLsG_GJH26HCLvz8wUpktoYBu6IRO4z,Euphorbia_Trigona_Triangularis_Cactus_290_aug_00323.jpg,5667,0.11294244260204081
1R32Aixrm-20dRV33XUUPkky2GI1InirI,Euphorbia_Trigona_Triangularis_Cactus_370_aug_00322.jpg,9992,0.1991390306122449
1kBFMoblrvHXq2zqrqCfJYfRtwb-w7VoW,Euphorbia_Trigona_Triangularis_Cactus_383_aug_00320.jpg,10181,0.20290577168367346
1fKfvvzh5SnwIUaHYWeVbao1u1cJlY7p3,Euphorbia_Trigona_Triangularis_Cactus_1858_aug_00321.jpg,9411,0.1875597895408163
1U4bVlPkHZHSjCLe5aSZM8QVZ-hrtUo13,Euphorbia_Trigona_Triangularis_Cactus_1490_aug_00319.jpg,9134,0.1820392219387755
1lQCiNMuU9xeTXl1EEQ8q2aF_U78CCWa8,Euphorbia_Trigona_Triangularis_Cactus_1858_aug_00318.jpg,6576,0.13105867346938777
1zBa-FXLzjR64zW38H4sbCVfxkwTh0ARD,Euphorbia_Trigona_Triangularis_Cactus_1750_aug_00317.jpg,9091,0.18118223852040816
1lpTggLkFAGofByfJb-zSMQ4k0Y3MrlmW,Euphorbia_Trigona_Triangularis_Cactus_1499_aug_00315.jpg,11175,0.2227160395408163
1J-bXbTt1KV4z7gioE0d9I3MVoyKjkb79,Euphorbia_Trigona_Triangularis_Cactus_1803_aug_00314.jpg,12725,0.2536073022959184
1BZKsXa2gzJQcJkxVODiIeLkTlJXldHey,Euphorbia_Trigona_Triangularis_Cactus_1682_aug_00316.jpg,9576,0.19084821428571427
1ZNVBZNsB1J7mYjArXjZYSlxOSVk2CQfq,Euphorbia_Trigona_Triangularis_Cactus_1858_aug_00313.jpg,11313,0.22546635841836735
1ZcwGEI0RVcewou0X2XFlBcUD1Kl30clg,Euphorbia_Trigona_Triangularis_Cactus_1530_aug_00312.jpg,11939,0.2379424426020408
1j-UytaIy6NK33tmDhgFH8gfFcMCjqzU9,erythrina_variegata_96_aug_00472.jpg,12256,0.24426020408163265
1Boyx34z9l2i9T08ZryktiuoItMjw4QLO,erythrina_variegata_96_aug_00471.jpg,8702,0.1734295280612245
1Zo9ir6g4adAZHb9LtiAbKLjJYcxJb-nT,erythrina_variegata_125_aug_00470.jpg,7745,0.1543566645408163
1Iud2j4A9M47oxce-wNW4ICWWFCMKL4qN,erythrina_variegata_502_aug_00469.jpg,13486,0.26877391581632654
1cDTLXtEUXTlKc4EpBwtOv30WNo584F-3,erythrina_variegata_420_aug_00466.jpg,11572,0.2306281887755102
1ML_rhpZ2YXW2k10oxrCDyE3uqityTbNN,erythrina_variegata_20_aug_00462.jpg,8868,0.17673788265306123
1O89XIr65wY-yGIrgpQ750h0dFj6H_dli,erythrina_variegata_238_aug_00463.jpg,13440,0.26785714285714285
1iqicqPxJ5fpGLdJGQApIoVqNUIhvGQDF,erythrina_variegata_468_aug_00458.jpg,15977,0.3184191645408163
1mav6dlsAN5OHWPK9fFVcqdLhKJ6unLPw,erythrina_variegata_60_aug_00460.jpg,9831,0.19593032525510204
1dk3yDZT3zDco4txs6giVvmYDKfILBtG4,erythrina_variegata_748_aug_00461.jpg,14966,0.2982700892857143
1MqX-t2KsB_18mO1NPGYdlcC6QytsfKB5,erythrina_variegata_223_aug_00456.jpg,12699,0.2530891262755102
1h0NE7ZYkx4hWQKVPNwdCFAM3MWFt0kmk,erythrina_variegata_590_aug_00457.jpg,16615,0.3311344068877551
1LdmMf6kgCj5MlVb2UmOW6PwZKVpAMYB9,erythrina_variegata_657_aug_00453.jpg,13753,0.2740951849489796
1cbMGTYka4wuAz7ebm4h7U0Tf1Xf7Lyog,erythrina_variegata_439_aug_00455.jpg,10955,0.21833147321428573
1wO-zfZomx92B-nDyeP-qspxFUZMaR8Ld,erythrina_variegata_439_aug_00452.jpg,13964,0.27830038265306123
1xHJc6nOd1aiCnO1LC0dKLc8znHr2LNhN,erythrina_variegata_337_aug_00454.jpg,14556,0.2900988520408163
1zCMG3SP8G7HK5EGbx9t_XPT98i6JUXJU,erythrina_variegata_748_aug_00448.jpg,14452,0.2880261479591837
1Bhx2cCxaht7FYRINVC0aTYvsFPOHAeEX,erythrina_variegata_420_aug_00449.jpg,10599,0.21123644770408162
1o4WgpGou7-R_aIk4l6K0PF7fUHf1aTpL,erythrina_variegata_60_aug_00447.jpg,7656,0.1525829081632653
10_t5aR1xTgr4hFSGPHcoC7EJD0w8xOpZ,erythrina_variegata_160_aug_00446.jpg,11584,0.2308673469387755
1lPTFTR1Z3_vkxIXmWQdmLmfhJrBgbNn1,erythrina_variegata_361_aug_00445.jpg,9715,0.19361846301020408
1PjTUa1Z3dDk0akewgQdJ8K7inaQC0RL2,erythrina_variegata_502_aug_00443.jpg,14782,0.2946029974489796
1yEIHx04FAtK0gfBlU06q9XauOA-UFvEe,erythrina_variegata_356_aug_00442.jpg,11141,0.22203842474489796
1i9ENJq9oGlhOI3yE0OnRAfayreeYekVZ,erythrina_variegata_60_aug_00437.jpg,10963,0.21849091198979592
1FDVfeYEYG7L_yTBipl3KJtuG_hvKN4wd,erythrina_variegata_238_aug_00441.jpg,14813,0.2952208227040816
120tXgWrKZptaITNc35V_VHJ2a9A8XSuO,erythrina_variegata_160_aug_00439.jpg,12006,0.23927774234693877
1L-Cut7VnvRIEiDm3zn5MSzaZx6T2a58E,erythrina_variegata_620_aug_00438.jpg,7951,0.15846221301020408
1hVmzBkaK-7I-LbmbgRewunYl1nwGkwiW,erythrina_variegata_20_aug_00440.jpg,11766,0.23449457908163265
1aRoRTrQjM_KW-U8TRU4ytC1ACYEkI1us,erythrina_variegata_698_aug_00433.jpg,14177,0.2825454400510204
1c-rsMRoTNvIlYHYV7MxktK2P4iVSeo9j,erythrina_variegata_96_aug_00436.jpg,11016,0.21954719387755103
1M-OUF4tfB0ifAKHdXKuGruEoj4OYww75,erythrina_variegata_439_aug_00432.jpg,13848,0.27598852040816324
1CH8uIB7n9CdGOYhXWv6Txk_jtFbJPsgZ,erythrina_variegata_76_aug_00430.jpg,7407,0.1476203762755102
1MS28iy6nUw5GdEaLX_ZKoL2g_-JYUQcZ,erythrina_variegata_698_aug_00431.jpg,9970,0.19870057397959184
1lUjI2WT2ejMGViCYxkrsyvV_VzKCIVrc,erythrina_variegata_468_aug_00427.jpg,14536,0.28970025510204084
1HmywwBt84zS9y0n-vtVEqOF2H2D39q29,erythrina_variegata_468_aug_00423.jpg,14655,0.2920719068877551
1L4-saRN7q_BTA73mVNn8ySHzIXTU1Jxc,erythrina_variegata_76_aug_00426.jpg,11621,0.2316047512755102
1Y9xRS08Mhw3j2TGpa_Syn5TjCk0z3gL7,erythrina_variegata_698_aug_00424.jpg,10155,0.2023875956632653
1RfaOrOhpvohgphe6VvX2rWSSFV6aLmN8,erythrina_variegata_238_aug_00421.jpg,6169,0.12294722576530612
1jIgHNwa68vJXCbX-ek_5lFhLJilY85sv,erythrina_variegata_160_aug_00420.jpg,12297,0.24507732780612246
1Bi_wnLFo8hthNYbPklBHXI2EdFGp-kl-,erythrina_variegata_590_aug_00419.jpg,17194,0.34267378826530615
1Y817s7181N9olA-FgJZ--xCU2M_npLot,erythrina_variegata_382_aug_00416.jpg,12583,0.25077726403061223
1YKB5FtTcx4gKUKuhKBngNhU7baUnV-L7,erythrina_variegata_356_aug_00417.jpg,13017,0.25942681760204084
1_m_enuHSDgDR9LxMgQjIzVF_m5RzK5Va,erythrina_variegata_468_aug_00418.jpg,12797,0.2550422512755102
1SSfV0bP9W52MUg2L_U3jlfJljdRGV7To,erythrina_variegata_382_aug_00405.jpg,8745,0.17428651147959184
19DNnDrdfxop9da2-L5OfEWqNluslJypS,erythrina_variegata_356_aug_00414.jpg,11157,0.22235730229591838
1Q2d4UXz1OBt4CRCgdIiCiShbICKaMDYh,erythrina_variegata_671_aug_00408.jpg,12024,0.23963647959183673
13oMwOP2BHioYgsrr1E3nhHjTDeB6F_Kb,erythrina_variegata_103_aug_00413.jpg,13989,0.2787986288265306
1-DipDhvP3bnxKFq-4wIwdXAzN3ebzwq1,erythrina_variegata_665_aug_00404.jpg,14039,0.2797951211734694
1EZ7zU7GLGIyXiN2Pb3qq2gUwGHIRY7-w,erythrina_variegata_420_aug_00406.jpg,10243,0.20414142219387754
1zOal2_Gxxg_F5RT3-F8D5bdTdK_XrL1v,erythrina_variegata_125_aug_00403.jpg,9757,0.19445551658163265
1WRCqy3xNgtxaZx4oUhaq5Gij0gg9fxmV,erythrina_variegata_620_aug_00401.jpg,16301,0.3248764349489796
1KGFhKRStPY-4qz5Gy9zhB1D3cB6qSZBr,erythrina_variegata_620_aug_00400.jpg,11679,0.2327606823979592
1dIIwEQHZHqAwkt3yiDDnT9MG0t5oPCio,erythrina_variegata_361_aug_00399.jpg,6866,0.13683832908163265
1TK8_nQzkswxmfbFKn3Z4RBLppAZ93an4,erythrina_variegata_665_aug_00393.jpg,15228,0.30349170918367346
1KtSEBt1vQficwFyYObGEf22pkEdCsBNB,erythrina_variegata_420_aug_00396.jpg,9222,0.18379304846938777
1YUwDrOS8LPzOJ_AAUMujYoYu45UAXvle,erythrina_variegata_557_aug_00395.jpg,14102,0.28105070153061223
12YWasi2M7pBz0R9YXL82V-3CGQM73sIn,erythrina_variegata_160_aug_00394.jpg,12112,0.24139030612244897
1A2U839ZEWqMbwodYr_qmYzlDcwzZAFae,erythrina_variegata_160_aug_00389.jpg,12685,0.2528101084183674
1iYcbBxwW--f99VZ2LIxpkxQiqNJ2jD6h,erythrina_variegata_590_aug_00390.jpg,13042,0.2599250637755102
1lsa8B3_qVHAJ35mGa30MTQj2e4pZnjVA,erythrina_variegata_468_aug_00391.jpg,14376,0.28651147959183676
1uRxyDW8xXxiWMIzTk_lriUtNA6ZnDlOl,erythrina_variegata_103_aug_00388.jpg,6780,0.13512436224489796
15j1AVd0q9QjVtpcst6C_bg76tB2Zzvki,erythrina_variegata_748_aug_00385.jpg,13150,0.26207748724489793
1M3VBTY1USXr20r4u3vmPr5TMHzTBf5if,erythrina_variegata_238_aug_00387.jpg,12207,0.24328364158163265
1qcR_4m4tGHHJ_RIzs0o1Ma74zHMnV9N7,erythrina_variegata_238_aug_00380.jpg,13233,0.2637316645408163
1p4QJ6p38lFMRHzPtW5qfx3h3a6pWA6ot,erythrina_variegata_76_aug_00384.jpg,8441,0.16822783801020408
1RQo_ltSJb7OXfHJdjGpiEToBVijHrZZ8,erythrina_variegata_557_aug_00382.jpg,15198,0.3028938137755102
1eaxTr4Wg5I5dI7dwydYcT4G8IWIBjheh,erythrina_variegata_160_aug_00375.jpg,7765,0.15475526147959184
12o9R-fTwhqRSfkeHKILb9ktd5tqINbCJ,erythrina_variegata_382_aug_00374.jpg,8036,0.16015625
1GHB27x0jQyTdrhUtGHYuHlkE-EnwcSqA,erythrina_variegata_361_aug_00376.jpg,12137,0.24188855229591838
1hOVGJG2-CIRuzL7dIzb6QurC1FWsX9qE,erythrina_variegata_620_aug_00378.jpg,14849,0.29593829719387754
1WJjfwxNCrornln2s1ivht6VY6Spe4w2u,erythrina_variegata_620_aug_00370.jpg,12194,0.24302455357142858
1Ni_n3z1rQhh_aul4k1FAfz4jA5KOCwgP,erythrina_variegata_96_aug_00371.jpg,12612,0.25135522959183676
1tgyjZ6rggE12h4a2wyLoPVYriZ3W4smq,erythrina_variegata_356_aug_00367.jpg,12564,0.25039859693877553
102AQHY1NTEonyWMnu4E6d0p92FPxHZAx,erythrina_variegata_590_aug_00365.jpg,15081,0.30056202168367346
1Crpco97tsaxS3bXSfLBd8srN0jbrOdd0,erythrina_variegata_195_aug_00366.jpg,11728,0.2337372448979592
1G7joCXtO119B_j6eZo1MOcqv42HHIyb4,erythrina_variegata_103_aug_00368.jpg,12602,0.251155931122449
1GMtSTty6RtNR8vQ3HSNZmjXFiJFFWT88,erythrina_variegata_665_aug_00364.jpg,15656,0.3120216836734694
1r1mdzF-YW8umuzz7GNs0lc_MooBqBRbI,erythrina_variegata_125_aug_00362.jpg,10560,0.21045918367346939
1eGKzBB1JaXFC0tga_lo8sSKOAqWoIGPK,erythrina_variegata_20_aug_00363.jpg,9014,0.17964764030612246
1xK1q6656eK2r6XNTWwUuH9zGMaLLR60P,erythrina_variegata_698_aug_00360.jpg,14213,0.2832629145408163
1P7D2S3Yqtdszt4qp9KFxByLIilHmx69J,erythrina_variegata_361_aug_00357.jpg,13862,0.27626753826530615
1j7zl2UV_xVXB1yd-7hzUbis6s4KTyU-1,erythrina_variegata_468_aug_00356.jpg,9200,0.1833545918367347
14F11YRqKumEan3qMUNhsyIul3wjTK9Ol,erythrina_variegata_195_aug_00359.jpg,14666,0.2922911352040816
1iKNOQEhtWaToFzVNcpMVwV25Z2Nysx-r,erythrina_variegata_698_aug_00355.jpg,15986,0.3185985331632653
1OPIRSLbccNo9-VHRSw-Jm6gyjzkcA3ob,erythrina_variegata_60_aug_00354.jpg,9581,0.19094786352040816
1QRKVryrun6jzsgGBEdfARtia6wnrnRKW,erythrina_variegata_60_aug_00350.jpg,12725,0.2536073022959184
1rhYnsmQThMRO_6kFjicpZUOG6ZAS8SfE,erythrina_variegata_748_aug_00349.jpg,9836,0.19602997448979592
1QuRGHtuW649KS5UQWKj1Gbg3Vi2BymQV,erythrina_variegata_356_aug_00348.jpg,13886,0.27674585459183676
1Qx4VYH6wAn6XbxfvWjZSa6GKhufgbz8c,erythrina_variegata_502_aug_00347.jpg,8007,0.1595782844387755
1wIdlo6Yk5KmgiPj_BLDmds5e1WIERIpB,erythrina_variegata_671_aug_00345.jpg,12433,0.24778778698979592
1uJoTitW0hvCIJvxIGVuUQboJ3hae3YIe,erythrina_variegata_356_aug_00346.jpg,13189,0.2628547512755102
12mkTGAI9WU231zZpNIcqnK2kjdZG8520,erythrina_variegata_657_aug_00344.jpg,17008,0.33896683673469385
1WgsFuM-RNuFdRZhDVq4-rJWQwddwjZsn,erythrina_variegata_361_aug_00343.jpg,8735,0.17408721301020408
1HwxBFGq43-aleMkK2WAMIUhfVFpvDETI,erythrina_variegata_20_aug_00338.jpg,13011,0.25930723852040816
1RIZgWF9_6PLrclw20UbR-lZm9dWt5cLr,erythrina_variegata_557_aug_00342.jpg,14855,0.2960578762755102
1Pd7wJKNO9RY361TvKGb18FdG7imYKgkt,erythrina_variegata_20_aug_00335.jpg,12579,0.25069754464285715
1CcWZK29-fqdRXpWqcb2Qj2W0dOiXnjLq,erythrina_variegata_590_aug_00341.jpg,14195,0.2829041772959184
1G2ed__EpcW1m7c75veiNs5yPtqOElqau,erythrina_variegata_103_aug_00339.jpg,5464,0.10889668367346939
1omBAT_x0CYtuhAvx_JsghZWksojnMlHW,erythrina_variegata_468_aug_00336.jpg,14695,0.29286910076530615
1LHIWkXo9I7uRxFwJTqLgLbR7soJBJUjJ,erythrina_variegata_361_aug_00337.jpg,12420,0.24752869897959184
1My8RMIzaiXNfRTigjHdyaCcPiuHx1H0m,empress_tree_264_aug_00340.jpg,6653,0.13259327168367346
1f0eapPu1F5glw_ziYnh1nCIzTVd_oLbU,empress_tree_94_aug_00341.jpg,4163,0.08296795280612244
18zlLDHFKXb81Nx_tw73PimFNi5nCchxh,empress_tree_486_aug_00338.jpg,6004,0.11965880102040816
1zRvsjOgCOpzVgBeyGqq930BgeafYvnOJ,empress_tree_195_aug_00339.jpg,7268,0.14485012755102042
1lT7x3j3_X3hE4Li_hexpTSVi5jiEsSAy,empress_tree_146_aug_00337.jpg,8626,0.17191485969387754
1J4kRHuU2u4vHOWYQAyasJr29Y160Cmsl,empress_tree_526_aug_00334.jpg,5309,0.10580755739795919
1ZmPRS5bXwG2SjTQHCDb_UIlYKiT7kjK8,empress_tree_545_aug_00336.jpg,4444,0.08856823979591837
1bl3ZhhJXY6few0vAeaTCwkrut2NTWJm4,empress_tree_671_aug_00335.jpg,4129,0.08229033801020408
1fbVaTKKVZsoxTFq9MlUunYeW73PfGgrO,empress_tree_265_aug_00332.jpg,7546,0.150390625
1F_E6dYSP7sSq-fvgxwc9k91rWPZnjDMb,empress_tree_412_aug_00331.jpg,7489,0.1492546237244898
1ZtBNJ3q7ougznC9iSjtKq9C5954zS03e,empress_tree_176_aug_00327.jpg,4697,0.09361049107142858
1_ii2XkDkQS2WeXOofU2QaZ-grq_m8Kqn,empress_tree_278_aug_00328.jpg,6537,0.1302814094387755
10Q7svrBmbPA2fOM66Q1k7KYVbovuq3jg,empress_tree_46_aug_00329.jpg,5097,0.10158242984693877
1Fhbc0x5yjWtOTZmLiB0EtsbXgd9d0g-G,empress_tree_274_aug_00326.jpg,6605,0.13163663903061223
1ZdtWpj5dr7Jg7PgCVJElwA3bUzRZOML1,empress_tree_274_aug_00323.jpg,5127,0.10218032525510204
1G0SmR_r1wS__oZkHKmWDMaCgYfSrHPnB,empress_tree_366_aug_00325.jpg,7245,0.14439174107142858
1Xblgr0bUzcVb-SPl5SlbwGsQG1_96mJe,empress_tree_18_aug_00324.jpg,3698,0.07370057397959184
1GfARbBvj7v4DS5D1yDIcLvEfIi4aVp6W,empress_tree_366_aug_00322.jpg,7760,0.15465561224489796
1uShgOkG7SztQFr1brhO4uI1ER39mtjjc,empress_tree_249_aug_00321.jpg,6218,0.12392378826530612
1JasNb2XX4tPyMEniqREBVYuhc_gutGXy,empress_tree_473_aug_00320.jpg,6076,0.12109375
1AusFgk4EHWL1AJdVSzVlTV7xHA6bACWn,empress_tree_366_aug_00319.jpg,5127,0.10218032525510204
1k5j3lK-ByrAsdNp0fvF4YVCDAInkX12m,empress_tree_669_aug_00318.jpg,5472,0.1090561224489796
1WbTPBb1SLUokA5yfdimWKtKRCWlYl40o,empress_tree_505_aug_00316.jpg,6501,0.12956393494897958
1vuMdigjo8oDRl7VBGOTFex6_qC927jvd,empress_tree_278_aug_00315.jpg,5462,0.10885682397959184
1JXaOE9k2YgTyONHdHYFXP9Co1Kp2rrMW,empress_tree_569_aug_00312.jpg,4834,0.09634088010204081
1YCcMjjkWnCnIiB0o9gdvgZWKcJe_Shd9,empress_tree_16_aug_00314.jpg,6615,0.1318359375
1xyvGGOndFQG7WYhhtXHrnlybIQIFkR4v,empress_tree_545_aug_00311.jpg,5538,0.11037149234693877
1of8kYyRO-GhPRohTyFPYwix349kXvzTG,empress_tree_233_aug_00308.jpg,7602,0.15150669642857142
1QBVIXBL9U4hgIsZ8ysQ11KlLl7WKW561,empress_tree_12_aug_00310.jpg,7059,0.1406847895408163
1P7p1dNUkVH2LreLXSDSE17vV23DHz_e1,empress_tree_136_aug_00304.jpg,4762,0.09490593112244898
1dhr2LX4R7JiazZ9jWozhHWYjsTn3K_Oe,empress_tree_209_aug_00309.jpg,5981,0.11920041454081633
19F2U3_SB1UTcnDVsMhVtOv2HOsWsqBgI,empress_tree_601_aug_00307.jpg,3609,0.07192681760204081
1DJjBXK8otRnOnk43QLiw1_YPMrnlxmjw,empress_tree_177_aug_00305.jpg,7269,0.1448700573979592
1oYA9aGTUVRH2op0Hwgf-OM_ybSxDIw-S,empress_tree_513_aug_00303.jpg,6765,0.1348254145408163
1_rGyayhR4Z56jstDRgOwWqSgmRMvxPCz,empress_tree_373_aug_00301.jpg,4881,0.09727758290816327
1roEqOl_o6pOBvLiRJ28ChgwjhAsV1PU2,empress_tree_97_aug_00302.jpg,6558,0.1306999362244898
1X1vJ-hZt2fKvcipp4LU83KiHWg55xk6f,empress_tree_290_aug_00300.jpg,8201,0.16344467474489796
1t9_K-gw_U1MJg51-UHU8rqIhL-5u9OoX,empress_tree_486_aug_00299.jpg,5491,0.10943478954081633
1TFHvIXn48JmOlQ3iwIu1z3oIT5vffxBs,empress_tree_32_aug_00297.jpg,6452,0.12858737244897958
1fhOy4UazoIwaXZUC_BgAfE48EPctHLWn,empress_tree_18_aug_00288.jpg,7872,0.1568877551020408
1cTnJyEPG2LA_Os-OGP8ovq049XSP8u88,empress_tree_26_aug_00298.jpg,6016,0.11989795918367346
1Kz-VDDHol_01UsVW4vMmqNnU2bSN--Qm,empress_tree_146_aug_00295.jpg,6849,0.13649952168367346
1yzqpFIvtcIPex9CIxmt3nIKc4Pgm7xJ0,empress_tree_233_aug_00292.jpg,7237,0.14423230229591838
1DRTDfYbWFFoop4rN7IuBOiKpKunx8hQS,empress_tree_556_aug_00291.jpg,5476,0.10913584183673469
1009d16bMfXbP-omyfoX0yMx5e2kIQlci,empress_tree_534_aug_00290.jpg,5248,0.10459183673469388
1fAcjyOqetUvo86nqd7hRuBURFoOPIJ-Y,empress_tree_246_aug_00287.jpg,5894,0.11746651785714286
1fPMcAY-k8po9doJ1s4R_Fmpd3G6uAYFA,empress_tree_146_aug_00286.jpg,7266,0.14481026785714285
139UxoyemshRSgzB-Gc-LsAciPcAaN_P4,empress_tree_199_aug_00289.jpg,7175,0.14299665178571427
1Qsvf70GiESrjNE9f-MjW5XZ2o12Yko82,empress_tree_314_aug_00285.jpg,5838,0.11635044642857142
1yFogXSZSTRRxKSWWi3gPvrLMY1tkIV1k,empress_tree_520_aug_00283.jpg,3731,0.07435825892857142
1MGGZXLIdktOnNhgPW8K2jEgI1PPuqBtk,empress_tree_265_aug_00282.jpg,5547,0.11055086096938775
1ooK44o16Cbr1kqYXOwz18TQTacpZ6MqG,empress_tree_26_aug_00284.jpg,7099,0.14148198341836735
10EZnpJRPpPrHs2RmCe1bemRI6yQNNsZC,empress_tree_564_aug_00281.jpg,3961,0.07894212372448979
1FlacQLg8H33JMwbirXWZEU_eBxCN3DYi,empress_tree_607_aug_00280.jpg,3857,0.07686941964285714
1laO1ZB2i9LA4Wz0Oltk5vphdmhN5-4uE,empress_tree_246_aug_00275.jpg,6650,0.13253348214285715
1y8Tw7FW7Kgpx2JUZoidsSiW13Vetvmdf,empress_tree_400_aug_00279.jpg,6709,0.1337093431122449
1Cw7_Aez0Xmn_1SvroI18btVSc-VLUZVC,empress_tree_174_aug_00278.jpg,5356,0.10674426020408163
1Zsm-pcgUekw22U8l_QPcEmnhhsaFvqqf,empress_tree_636_aug_00273.jpg,5509,0.10979352678571429
1V5tMHxWzg8Ilv2uEQs0yi_j6T9a2NMhe,empress_tree_590_aug_00277.jpg,2947,0.05873325892857143
18O6dy4cnifaaNQeA4Y96JLmSpnY1Ci58,empress_tree_181_aug_00276.jpg,3869,0.07710857780612244
1_HxbTSyKTmb_xR6IWFB7DXUBU7POOydE,empress_tree_473_aug_00271.jpg,4476,0.08920599489795919
1yOfsTrzxJoO7xG6SdjYXUXsTLL2joFh8,empress_tree_100_aug_00272.jpg,4389,0.08747209821428571
1gX7MI7k7w8Lg43eVjwQmcwh8DpFDDZiW,empress_tree_94_aug_00267.jpg,6340,0.12635522959183673
1WG2aceUf7sZs4sK9LNKMj7RVCSIMiRUM,empress_tree_172_aug_00268.jpg,8032,0.1600765306122449
1rK7itlgkh1b9CFLQGxb5b9pjkZcbxIo4,empress_tree_387_aug_00270.jpg,6047,0.12051578443877552
1a_EME-mmuigyBH7FtldPWKYmI415gU7j,empress_tree_341_aug_00269.jpg,5022,0.10008769132653061
1XDfNwdpsuyytw9DkqSlEvg8rjYbnF9QO,empress_tree_556_aug_00266.jpg,5909,0.11776546556122448
1JyMv1zNimWlYg7pOdmg-GMr9XGYC57U-,empress_tree_132_aug_00263.jpg,5015,0.09994818239795919
1s7SmDvtMHqSTQoKl8QUOgbc_EhnXC-4C,empress_tree_94_aug_00262.jpg,5663,0.11286272321428571
19nNiOkvhmU-47LiH4ZAGUMZgsk7A5Nuc,empress_tree_235_aug_00265.jpg,4910,0.09785554846938775
1s8VlNupU0XgU8cOEUKF2QtU5dJrhpO6T,empress_tree_81_aug_00264.jpg,5053,0.10070551658163265
1_LpGK9jC1-EeZLhcQzc3ICcV5w-456qd,empress_tree_23_aug_00261.jpg,6404,0.12763073979591838
1rt4GHvDBuc2dTd0pTp_CYcxIQ1uV2zur,empress_tree_283_aug_00260.jpg,6707,0.13366948341836735
1e2vBr7v6TR4aVzDQjyYrKWhCdlLPDv9S,empress_tree_46_aug_00259.jpg,6623,0.1319953762755102
1u2wahJSniAD7Mcm77m1Jvxi-iTiGl7fe,empress_tree_510_aug_00258.jpg,3691,0.0735610650510204
1Z_ogAgEsHTOPs-xpe88Fdsa2BMAoGkZ2,empress_tree_258_aug_00254.jpg,4021,0.08013791454081633
1p15dGgqOucwUjn02GYrihTKevs5afiiS,empress_tree_311_aug_00256.jpg,4157,0.08284837372448979
1Uy0gGYD1rSJi1TrUiLPggqc0SPLWfbaH,empress_tree_534_aug_00252.jpg,6195,0.12346540178571429
15nID5EOAqxcmZi_3KbAUuKsAyUixeumV,empress_tree_32_aug_00250.jpg,6964,0.13879145408163265
1iB6b8pR-Veiv-luTEwa4v21MnXdo-iS3,empress_tree_186_aug_00253.jpg,4441,0.08850845025510204
1gBSqR46GovSrtSTRx02vZaiR_dZ6tc7P,empress_tree_468_aug_00251.jpg,5092,0.1014827806122449
1M5C8V97GhrTDDfB-kLB65ioLxk1z_6Vr,empress_tree_79_aug_00249.jpg,7269,0.1448700573979592
1-f8SKHie_BYdIFfnQZWx1fCEZHmvVN4X,empress_tree_172_aug_00248.jpg,5590,0.1114078443877551
1K95MCMMhLXt2u98Svk-j6b-KM1F39Sfy,empress_tree_233_aug_00247.jpg,6497,0.1294842155612245
1lpX5a_gcbqSk-kSddXnvvSrFihhs6g6Y,empress_tree_100_aug_00246.jpg,6450,0.12854751275510204
1qxjb4nnT_nDlpKE-Ljd7j70giC-IO5g8,empress_tree_100_aug_00245.jpg,4752,0.09470663265306123
12d3-PHylgCxz7ZOqadyc9fyY9BN3_mhy,empress_tree_169_aug_00244.jpg,7072,0.14094387755102042
1KEVlvlVK_uNLGl9LO66VRwC9y9992MHm,empress_tree_412_aug_00240.jpg,6068,0.12093431122448979
1hW-maSpXocfgW_uVZet9KUIs1B1zL7df,empress_tree_209_aug_00241.jpg,6248,0.12452168367346939
1-ziLLmK1RN5NcULZNuJEG0j9qeAY19NS,empress_tree_134_aug_00236.jpg,7723,0.15391820790816327
1fuBWl-nQ0gJHY4DFyNBtCYncMxj0F9ix,empress_tree_176_aug_00238.jpg,6807,0.1356624681122449
123oghdQvOkXwAQStNgSgE29mg7xF1FGu,empress_tree_19_aug_00237.jpg,7079,0.14108338647959184
12oUVP7k2CJOuuoMUXAFEGApnDcZb8y29,empress_tree_285_aug_00234.jpg,5531,0.11023198341836735
12AsT-QGFEubdYh45hiv6785MOOugb7m3,empress_tree_669_aug_00235.jpg,5868,0.11694834183673469
1qWQlrE2O5INkGHlWHrWKc2Tqn1Hq8XO9,empress_tree_501_aug_00233.jpg,3842,0.07657047193877552
1V-UQdlzK2E_NRZ8OierCdLM6t-NgSADU,empress_tree_222_aug_00232.jpg,7165,0.14279735331632654
17juxBn0lUN18UyNTlmQRhACVvEqz9wh8,empress_tree_632_aug_00231.jpg,3592,0.07158801020408163
1W2DPgO7PYXoruX5C16OVSoDPAUa3NPVl,empress_tree_408_aug_00230.jpg,6726,0.13404815051020408
1u1gOLAKDl0LU8qU-FSE6I3N5CzT8MgSj,empress_tree_223_aug_00229.jpg,6109,0.1217514349489796
1EZUf4gs7CH2wW9MYvkLM79OS6p00YkfQ,empress_tree_468_aug_00228.jpg,4888,0.09741709183673469
1gY_224AZcnRN7HA6sgMv0GYJWRn-5D5D,dahlberg_daisy_747_aug_00445.jpg,10839,0.21601961096938777
12sZwaog7RrYGW35560YLWxZp16dOd9P3,dahlberg_daisy_376_aug_00444.jpg,7769,0.15483498086734693
1w_lZ5jG6rsy-IbjqKiPc2OL6LOOSsqfk,dahlberg_daisy_561_aug_00441.jpg,15381,0.30654097576530615
1BORE_igfVCOz9C-D0rtv2ZIX5JEcu3p1,dahlberg_daisy_495_aug_00442.jpg,13235,0.26377152423469385
18QwMlhx3XoOmaR8hpUiCb9A6mL2SkaJR,dahlberg_daisy_364_aug_00439.jpg,11920,0.23756377551020408
1t4Gv0MA_4thciA7iOrojJWYUcmseQG3a,dahlberg_daisy_456_aug_00437.jpg,13494,0.26893335459183676
1_gT_Pmtn1qavfwZP2qFHrnxybj32bb-o,dahlberg_daisy_233_aug_00440.jpg,12027,0.23969626913265307
1NfJWBk3k8Gz_4i_h2uTNTOxH3fcbX054,dahlberg_daisy_531_aug_00438.jpg,12600,0.25111607142857145
1eWP6jJkh9wl3AqfbltCWl97ld_L9KeVW,dahlberg_daisy_700_aug_00436.jpg,13053,0.26014429209183676
1YAHS8S_KNtdb4D0hnaDquZxFM5Wv99wX,dahlberg_daisy_682_aug_00435.jpg,11965,0.23846061862244897
1ea3ekAKlmhl2rt1Sx1BkUp1w2V1BaFW4,dahlberg_daisy_331_aug_00433.jpg,13721,0.27345742984693877
12gnWIXBQHPX63PvcPF1Syts7KBt-lEj5,dahlberg_daisy_456_aug_00434.jpg,14113,0.28126992984693877
1-3SFjaFSY38nA2SnhpvcZS_kwlSpbCCh,dahlberg_daisy_590_aug_00432.jpg,11846,0.2360889668367347
1EWQKkka74jS1p4OA_pWEL9dVj9QHHvjj,dahlberg_daisy_721_aug_00431.jpg,13464,0.26833545918367346
1dwhfOTByQA0m6FgYuFKBlwO4hUE2Rof-,dahlberg_daisy_72_aug_00430.jpg,9562,0.19056919642857142
108eKiPRf0tXynXKr0xlx-CEItN6G3iVl,dahlberg_daisy_392_aug_00428.jpg,9933,0.19796316964285715
1nw_pgG6m_fsmWWRR7KhB9vFUGHk16d8U,dahlberg_daisy_531_aug_00427.jpg,9002,0.17940848214285715
1AiDqQR7-y-w5x0nqSXMyNyK8a8N7gBYR,dahlberg_daisy_474_aug_00426.jpg,11964,0.2384406887755102
1XWUHNwbabuMOLYd4vMYL0WswjvVNsJdV,dahlberg_daisy_526_aug_00425.jpg,13125,0.26157924107142855
14Uyv6Q1TRjYZvaOnlj5QlcZgSNkspPuZ,dahlberg_daisy_274_aug_00424.jpg,9064,0.18064413265306123
17XQd4lGzN6elntcohwlfTr3v-xYRCM2i,dahlberg_daisy_131_aug_00423.jpg,4655,0.0927734375
1aGFsMFcNuQdN7WDSLFPSJuoRQY50Nh8i,dahlberg_daisy_784_aug_00421.jpg,11640,0.23198341836734693
16i47a-_Yc-PI_NrMTovI5bhAC8aH0eKA,dahlberg_daisy_721_aug_00420.jpg,12874,0.2565768494897959
1P9l8kBPZTqWzk_na9OxdjM02KpRV-dM4,dahlberg_daisy_364_aug_00419.jpg,13320,0.2654655612244898
1LJhD6WLplbzaQ5ll9WzgYi_NzeRqYEkl,dahlberg_daisy_668_aug_00418.jpg,11348,0.2261639030612245
1JWe09vbgZnNM-Fv7I62ucE4jvi6v0dsk,dahlberg_daisy_798_aug_00415.jpg,7047,0.14044563137755103
1FaQ0fv8tJFD_74LGWI9AOS-XJzLdbEns,dahlberg_daisy_624_aug_00413.jpg,13705,0.2731385522959184
1xcpo3GU_bxTu9I20TdKVy9nKzpdAWBIa,dahlberg_daisy_309_aug_00412.jpg,11853,0.23622847576530612
1sfMtmYhO8Uw7BdQQmrPi300aZSpVldrS,dahlberg_daisy_512_aug_00408.jpg,4207,0.08384486607142858
1Ia1wju773JEKo7unI9BdvD3WK9Dd31Zz,dahlberg_daisy_661_aug_00410.jpg,7892,0.1572863520408163
15LjuP9i1tpcujWZfayDg_WQnsDe80oc6,dahlberg_daisy_349_aug_00406.jpg,8956,0.17849170918367346
1-WCxR0mk9rGdmiF5SHuoKg3QMhoKmUYC,dahlberg_daisy_672_aug_00407.jpg,12347,0.24607382015306123
14Wy9HicdAPayaYYKiwTkYfA83wgUaSrD,dahlberg_daisy_709_aug_00409.jpg,12262,0.2443797831632653
17cjK7e9ni5HmOQOnXLTM3FiansJkzDYQ,dahlberg_daisy_721_aug_00402.jpg,10026,0.19981664540816327
1rLFPWYtGh3Ni_4CLBB775rcUBxuUx0Gt,dahlberg_daisy_456_aug_00405.jpg,9518,0.1896922831632653
1_zTOVP3R-dgIOihthZMhyuxyxTjJEvpf,dahlberg_daisy_49_aug_00403.jpg,8940,0.17817283163265307
1u9gLsVMMmdAyC6BpBLdi3Ey6PjSzW6iI,dahlberg_daisy_730_aug_00404.jpg,11353,0.22626355229591838
1kmp4mUVPTRG-gNBzfY7tt4zHUjMN7A8t,dahlberg_daisy_542_aug_00401.jpg,14419,0.2873684630102041
1T3DpGa8tVRUmSA-r5CA2vOJUlYD4wkqi,dahlberg_daisy_233_aug_00399.jpg,13802,0.2750717474489796
1BQqpyHzR2PsQtoG1C64YcGW2cObXMpMy,dahlberg_daisy_798_aug_00400.jpg,13175,0.2625757334183674
1grcCJiuY0bbB5L7lngrCR8nU6797JL7W,dahlberg_daisy_643_aug_00397.jpg,14808,0.29512117346938777
1dQjTTryAgUTQqeJM8vIhBcpYVURmptyJ,dahlberg_daisy_184_aug_00395.jpg,6238,0.12432238520408163
1YK5kSUOL19zhG7p3yEnyuFjZKwJOTWoE,dahlberg_daisy_41_aug_00394.jpg,6134,0.12224968112244898
1-HJOGoIPYpzs5j2pjZnQbGMP1XkYBD-B,dahlberg_daisy_233_aug_00396.jpg,10830,0.21584024234693877
1ILInMsDKKbJVkGMequMZCJ7djIET0SEQ,dahlberg_daisy_13_aug_00393.jpg,13386,0.266780931122449
1LdhKD7uQJRFcR7SBdnMjN9V9jdhbZd0n,dahlberg_daisy_561_aug_00392.jpg,12169,0.2425263073979592
1lhm-NUYCsjeRN-DA419dd0xhFE7n18V_,dahlberg_daisy_747_aug_00391.jpg,10294,0.2051578443877551
1JSMkW9_wVIkhMX6w-GUr_mRWvgHDiqb8,dahlberg_daisy_349_aug_00388.jpg,13852,0.2760682397959184
198XaSgehrpD5RcK0V5swp6sulRY0RKXm,dahlberg_daisy_297_aug_00390.jpg,13586,0.2707669005102041
18O-Fw3xWb7FUscc1UrnmLc6_tel6NVMk,dahlberg_daisy_542_aug_00389.jpg,9828,0.19587053571428573
1xwmr0rVB56mBKSW5Tq1eN03EiXltZeFY,dahlberg_daisy_688_aug_00387.jpg,14446,0.287906568877551
1EVBToR9rm42ij01kyuLmNiFJ_PXhpuYO,dahlberg_daisy_747_aug_00383.jpg,10491,0.20908402423469388
1pohUrie2LB-AGS5Zd5eqdrGuCBQ4bCl-,dahlberg_daisy_364_aug_00385.jpg,14045,0.27991470025510207
1Lr67aS2l0EZfnCE55SBRaXNaBQs2f4ol,dahlberg_daisy_512_aug_00381.jpg,8941,0.17819276147959184
1QykM0QtqWPYMVDPL2iM9ITA4mNaL-eUD,dahlberg_daisy_446_aug_00382.jpg,6208,0.12372448979591837
1P8mV8fOLKBog4YNB2JVcdwVyI6tUCIpU,dahlberg_daisy_672_aug_00380.jpg,13478,0.2686144770408163
1uZVSJd25UTcaOvTvTqV3eRBpf3uBBNZa,dahlberg_daisy_233_aug_00379.jpg,12635,0.25181361607142855
1i_GG67nfSMuk87U82zC5FdOKn4SzcSHT,dahlberg_daisy_637_aug_00377.jpg,12975,0.25858976403061223
1j2F4-Bb_GjiN8qEI5ra9BODNLb6PcSLp,dahlberg_daisy_72_aug_00378.jpg,13779,0.27461336096938777
1hv19laSk6l1zN7QpkihcH7BEZgFf9xRv,dahlberg_daisy_297_aug_00376.jpg,7954,0.15852200255102042
1mUbgDIptMfe6qxHQtcJ4CNKjQC5B8BDX,dahlberg_daisy_72_aug_00373.jpg,10167,0.20262675382653061
1gJwEClb3Ce2DpWun---xXhfiqpf0H3eG,dahlberg_daisy_204_aug_00374.jpg,9556,0.19044961734693877
1TsgL_Ukl2Oj7IdQa9H1Gxgb6DzPCKln6,dahlberg_daisy_643_aug_00375.jpg,13337,0.265804368622449
1VbNsGBWbIvq_qLPHnHUVTyh__rkw7NfT,dahlberg_daisy_37_aug_00369.jpg,11472,0.22863520408163265
14FVzKzEVT9o229tKzHisi40J1zXxnmpI,dahlberg_daisy_37_aug_00370.jpg,15381,0.30654097576530615
1A6bBK2ZG24V3jYG6KzxbQj2A4FA6_hZ1,dahlberg_daisy_651_aug_00368.jpg,10662,0.2124920280612245
1MA7DelC4DQMNX8unuk9Kg3LH_2BgxSgg,dahlberg_daisy_364_aug_00366.jpg,13593,0.27090640943877553
1R4YZimjr58lnoOL8wsuscvhRz0NfG8vd,dahlberg_daisy_37_aug_00365.jpg,4685,0.09337133290816327
1SE3ZT9Ac3aNJ5190xxQleLM9kOD8Q_4W,dahlberg_daisy_737_aug_00364.jpg,13839,0.2758091517857143
1z4F385VWmrcCl1T7x8DNQGMnnZDgSFXx,dahlberg_daisy_163_aug_00363.jpg,14755,0.2940648915816326
1Dc7YHuYhlvImi7GYMtPT_32LmOgZ_SaJ,dahlberg_daisy_23_aug_00361.jpg,12566,0.2504384566326531
11gYxTbJdwElKGTHmqAjJaeeNF37qoaTK,dahlberg_daisy_545_aug_00362.jpg,14468,0.2883450255102041
14Ly1_IcB0vBUue7i0W0zdDbZRW_CUf3i,dahlberg_daisy_184_aug_00360.jpg,11305,0.22530691964285715
1NiDJ_WV0LntqxD8qMxv_gUlF9mXOW4Oy,dahlberg_daisy_376_aug_00358.jpg,14950,0.29795121173469385
10LuD9aTV5igGlwVCpR4_Jr50MqIZnS0S,dahlberg_daisy_542_aug_00359.jpg,6993,0.13936941964285715
1xin-5NqmNYHa3hotWkRFeD6e5DGgtApB,dahlberg_daisy_126_aug_00357.jpg,12274,0.24461894132653061
1d2QNLNRXg-9VE9jUCIJ7YCkLa5X3rWGn,dahlberg_daisy_72_aug_00355.jpg,11794,0.23505261479591838
16p5JQeBSRXBpJZZfIHdpb9SCDJfzAQ0m,dahlberg_daisy_651_aug_00356.jpg,14369,0.2863719706632653
1lRyapGZFG2DLwSKD3T6DrqOYVNGkn2dI,dahlberg_daisy_624_aug_00350.jpg,9094,0.1812420280612245
1TP2ftN18vxxaLAGzP0fZQc2cZgXC-LLQ,dahlberg_daisy_747_aug_00354.jpg,6850,0.13651945153061223
1MkepGJiZwp_q9qLwdFmDxQuTFM0sbrdK,dahlberg_daisy_376_aug_00353.jpg,11345,0.22610411352040816
1Ev_EcIVtCYUXSHbdo9L1e4E2UnK8IFSD,dahlberg_daisy_531_aug_00347.jpg,6008,0.11973852040816327
15qxTfTGOb1fD0aTDXhS6OlA2PWcrYdGw,dahlberg_daisy_624_aug_00343.jpg,13852,0.2760682397959184
1dOTjhHpXIxmp_qj2_Gksgc5SB3c1YmM1,dahlberg_daisy_131_aug_00351.jpg,16006,0.31899713010204084
1ldunuARhS0wzG1OOdhDD23sQdxbptmgp,dahlberg_daisy_637_aug_00348.jpg,7383,0.14714205994897958
1qpm2tVs73n2OnJRCY-9Dggqrg9NeLyEw,dahlberg_daisy_661_aug_00346.jpg,3242,0.06461256377551021
1Icribf53PusK1cQwkjDVn7bcS2BwqoVt,dahlberg_daisy_131_aug_00345.jpg,10357,0.20641342474489796
1RThTuiJkCoqicC7hK2wG3bzJnCph-HrD,dahlberg_daisy_364_aug_00344.jpg,14472,0.28842474489795916
1tW7GUJiaV_8sskOq0AEslIbGwxoDVPH_,dahlberg_daisy_392_aug_00340.jpg,15578,0.3104671556122449
1iw6P2J7waFv6NG4k6kS513czVLQWgF1Q,dahlberg_daisy_72_aug_00339.jpg,11846,0.2360889668367347
1RrEJ_kmrYFpuGGDy4IaV45-fQMGMqW1u,dahlberg_daisy_376_aug_00334.jpg,9520,0.18973214285714285
1TQdbKdBnTD4xD-OctFyBvkwsKR20geqV,dahlberg_daisy_709_aug_00341.jpg,16192,0.3227040816326531
198BPmUIJPIFLRr6GUaYCBVV6RsABm6z2,dahlberg_daisy_49_aug_00330.jpg,15132,0.301578443877551
1kSy9KjGZ7Qlaep3bOON9M1a0pERU1_pj,dahlberg_daisy_688_aug_00337.jpg,14936,0.297672193877551
1sLmw00AOn2XUVsvC_JYJ3HCPznNhxcxD,dahlberg_daisy_643_aug_00338.jpg,10237,0.2040218431122449
1Ep0v8O6uPN06Zy6qTn62YIrKnud5kBs-,dahlberg_daisy_274_aug_00335.jpg,7803,0.1555125956632653
1v4AZ1wZ9sYazybAylvbUbndGJYr0ukMX,dahlberg_daisy_433_aug_00331.jpg,11168,0.2225765306122449
1ar5lXQlhq1i6L7QeKv9xfmuxFn_7D8Lj,dahlberg_daisy_747_aug_00332.jpg,11279,0.22478874362244897
1Z_DNt2ei5CaMgi46kK_PcQgnp88uovXJ,dahlberg_daisy_376_aug_00333.jpg,12836,0.25581951530612246
1Wl3cyGDLCPtltmmhI2O8qM-D6fkCY_y7,dahlberg_daisy_709_aug_00328.jpg,13052,0.26012436224489793
12bmX6YXMAHP_t53Yf2IcI6sF2du_V-8D,croton_308_aug_00461.jpg,15780,0.31449298469387754
1AJVxDFUpPyFiwGZYQsJN-qokiEn0nMLA,frame_000573_aug_00459.jpg,14266,0.28431919642857145
1vFSNLD-WsJtt7ywsgiKTbBIu-338lgRb,frame_000666_aug_00458.jpg,12793,0.2549625318877551
1pKaNpKCog2ccgQqSkJdi-BqPbudt-qi5,croton_178_aug_00460.jpg,16432,0.32748724489795916
12qBB1PRGUwcv5MxhHWGNl8FHAnbl-eF8,frame_000468_aug_00456.jpg,9078,0.18092315051020408
1IauHfzXNN_BlDSLDVfV2QSgF8ocSVVCx,frame_000486_aug_00457.jpg,13059,0.2602638711734694
107pMsB8DBCRXFQxf5WT-6YIOkYsilOZw,croton_198_aug_00455.jpg,17298,0.34474649234693877
1tRQwQTIcRT2PSsTQ_pxYl_DUZK7T9wGq,frame_000458_aug_00452.jpg,15253,0.30398995535714285
1x1c09UWg8bEZfHxJe2IcFuNKQX9tw8yD,croton_40_aug_00454.jpg,15426,0.307437818877551
1hNoJ5Dh54078pDzE8-BrjtByPFMkTPmg,frame_000441_aug_00450.jpg,12973,0.2585499043367347
1Us904zHeTuwkNcJNymbBED3T-4BzAZAA,frame_000396_aug_00453.jpg,15521,0.3093311543367347
1uesafcSg8NRFPzSdU3hymWGoIN3EUQuH,croton_316_aug_00451.jpg,14629,0.2915537308673469
1CGALAo1iQE0BmXmzZ5hRfr91U_LNoa7U,frame_000475_aug_00449.jpg,14151,0.28202726403061223
1ztpk1yQEZsUcqqfJt_7WpyOuVNY05eeR,frame_000492_aug_00447.jpg,15589,0.31068638392857145
1rXpqlKvuV45A3EMqQRh9BJMvdpq2WVcm,frame_000666_aug_00446.jpg,14626,0.2914939413265306
1FTRhEbJqcQfQDUXOxYFTmBTvXYmH2XTK,frame_000365_aug_00445.jpg,14990,0.2987484056122449
1YnCSRt4zyKwabfSVbI5D8TqnhqDQ1qbN,frame_000634_aug_00443.jpg,14385,0.2866908482142857
1qlIJqBjlNiXaREAWKmA6xKj_GMxZVdiM,frame_000692_aug_00442.jpg,15038,0.29970503826530615
1miH_OCz1QagisFsYVEVUK4oMYrksxyKF,croton_40_aug_00438.jpg,17330,0.3453842474489796
18-Y3z44COX1mZCtuayuT3Xal06WnnZsY,frame_000441_aug_00439.jpg,16144,0.32174744897959184
1j463_O6h0hJejCSAGI9Zy1qn4SPlmoX_,croton_100_aug_00441.jpg,14625,0.29147401147959184
1E5l76k3dsU_ozQ2NxMJdeGzLprYpdFac,frame_000475_aug_00433.jpg,11561,0.2304089604591837
1XwW-m3BuTjmforCMeP13Zn5UR9UlnZgf,frame_000573_aug_00434.jpg,13809,0.275211256377551
1fD0wrES3u2L2dS-G-tL1WNW86F7oK7sq,frame_000666_aug_00432.jpg,15423,0.3073780293367347
1s8WrQCN4eqj_gm5oYt-Gxr3l0CeK9cFa,frame_000343_aug_00429.jpg,14776,0.2944834183673469
17HEZdhBV8RyinFbT1p7mRZ_tyy9fjJHo,frame_000343_aug_00428.jpg,14511,0.28920200892857145
1vzzC1cI00JqKbUygsXeaDQV1JxV_F9mk,frame_000458_aug_00430.jpg,11639,0.23196348852040816
11ZKw_9RZ2TMvdsC9mCrI2pzzymf46l6Y,frame_000475_aug_00427.jpg,16389,0.32663026147959184
1QiUT_zw6lIAUAf6cQYDPikBkWVMZFhrm,frame_000365_aug_00426.jpg,11230,0.22381218112244897
1KKoyvvDQFeX7DDfWWzHn_8BztERy0S2M,frame_000468_aug_00425.jpg,14512,0.2892219387755102
1B9HrGGotAjeefelryQYVhEZx6umbYk8T,croton_136_aug_00424.jpg,13647,0.2719826211734694
1S84X2wZTL6LaJle5SuBDRwKqruKShi2s,croton_154_aug_00420.jpg,14369,0.2863719706632653
1C25QGFSCjET9kUHFTYul4BzZP9eT8hB7,frame_000486_aug_00418.jpg,14978,0.2985092474489796
1AzhnTDgzQEdhd-uWgG_EKytVPWryQ_P9,frame_000641_aug_00422.jpg,12262,0.2443797831632653
18GVW4aXPGcEz8LtdVRV0RA95BAHc_meO,croton_260_aug_00421.jpg,15059,0.3001235650510204
1BqbcRaw3LzINNU7h4AoNzqTPEXf3wXct,croton_154_aug_00416.jpg,9973,0.19876036352040816
1TGUHpBjA99Hnl7OORPZAXvrGwrkuxBCo,croton_234_aug_00417.jpg,11648,0.23214285714285715
1iJQniu72SY1CgsD7uUsFVZz75oOe6nsn,frame_000598_aug_00419.jpg,14331,0.28561463647959184
1FxKuTzTPpnF7zzvKghcuq9tfvXUBBhW2,frame_000468_aug_00415.jpg,15213,0.30319276147959184
1bIt_u-onfEV81gtPArx1nnZN6XsAVTYG,croton_100_aug_00414.jpg,12250,0.244140625
1VuHm4ssiPmV2f3DlL__hgGqaKvmYoptb,frame_000508_aug_00411.jpg,16251,0.32387994260204084
15qI3SkioctZdjtgSrp1ZpGk6BLz0KXaf,croton_270_aug_00413.jpg,15648,0.31186224489795916
1BPzO6SE6VALimHvHx6-7YuAzfGKGHRpP,croton_154_aug_00409.jpg,13470,0.26845503826530615
1muSl5_WZndKYTgO6P3rKC8VkCeVYQ-kz,frame_000365_aug_00408.jpg,14802,0.2950015943877551
1Q4cvKPueuZOfvlYQ50mTo3rey2MKqLfu,frame_000612_aug_00400.jpg,13448,0.2680165816326531
1NhGl0cBZJuIsv69T84bLM3XsENKQYGUV,croton_260_aug_00405.jpg,14932,0.2975924744897959
1M2wWqah7TpqKE7hWVsZX6JYGAlFmbkPq,frame_000468_aug_00402.jpg,14257,0.28413982780612246
1N_hLtZ_cGNIgM01Ic0eHQtzWl1t2mhry,frame_000486_aug_00399.jpg,13262,0.26430963010204084
1F4l1d1zZlG0LapAvHVPdbhSkJfKZK_Gu,croton_316_aug_00397.jpg,16224,0.32334183673469385
1Wn8ge245DrLrCUPCZaWebjVYM-Ir01hk,croton_136_aug_00394.jpg,15194,0.3028140943877551
1qp8cG22z_ybgeiOfp54iXrj57j7uEL5R,croton_234_aug_00391.jpg,14756,0.29408482142857145
12gGXI6Gqmd17MtNCVumfYJgasdHTHyRI,frame_000634_aug_00396.jpg,16467,0.3281847895408163
16kBpzW8nRChGwgKTqOlungeMpjxOizwg,frame_000573_aug_00392.jpg,12646,0.2520328443877551
1VOUMJUvL1fvP3t06I1PnEVV1tjyk5p0x,frame_000634_aug_00393.jpg,14597,0.29091597576530615
1dsSplN_Kh0aWlhAe6P38WtIneUQsh32C,frame_000343_aug_00390.jpg,14903,0.29701450892857145
1XpmB6RW9OXEuCMbKUhOC2IhFvhMYS6Qj,croton_154_aug_00389.jpg,14456,0.28810586734693877
1tzyraJ-0TK4NcC0oxxdYOjQ5xXY1gj6I,croton_71_aug_00386.jpg,15874,0.31636639030612246
19jcQFdFMtkMQFbnrTNOsI78jnR9vu89p,frame_000468_aug_00385.jpg,11824,0.23565051020408162
1DlV63dLqLSpc8rx5UAuEZD8hky1Ce6O4,frame_000641_aug_00384.jpg,15487,0.3086535395408163
1KPWir_GFuC_wkhPJi_rn3eYsnIuNO9h9,frame_000468_aug_00382.jpg,13957,0.2781608737244898
1-JsdbxhtQhZ7WZnwIcI_9V9DEqNVV3oD,frame_000365_aug_00383.jpg,15670,0.31230070153061223
1DDJc28r_A-O5ltlZhC_EMmOyW_tKyDFW,croton_234_aug_00377.jpg,15840,0.3156887755102041
1NaRpUOdbXAUmzOvHCaXPgzF5oX9h7P74,frame_000441_aug_00375.jpg,14494,0.28886320153061223
1KlLXnvIeZUnlw-fa8WwXQj71nqrXtspU,frame_000396_aug_00379.jpg,15483,0.30857382015306123
1V4iSQCvd6Fne56gn27NwwoZZqtfARAg3,frame_000475_aug_00373.jpg,16441,0.32766661352040816
1dZE09Pr4RMlGQjU6ubZKyjOrfOjCaX_6,frame_000525_aug_00376.jpg,16226,0.32338169642857145
1yF42k75y5UaGf98Bak8AFoO27D2yx1JI,croton_154_aug_00374.jpg,13915,0.27732382015306123
1sgccJ-qHmHhfyTkBlq5uvZ3ilGcvSe_O,frame_000468_aug_00372.jpg,11274,0.2246890943877551
1whS63EntFHasjm3vFFpndZEEY5duBrDa,croton_40_aug_00368.jpg,15274,0.30440848214285715
1Pdc0-nk2GcPH7FmLrBKMfTPiV84CCCo2,frame_000508_aug_00369.jpg,13886,0.27674585459183676
1nloPuN4KEefXWHT55ONiz4f4E4xv0QZX,frame_000508_aug_00366.jpg,13979,0.27859933035714285
16MEXXjWzK3FIWvGePOKgZaUAnc8XDdnx,frame_000666_aug_00367.jpg,10908,0.21739477040816327
1PCpN1VbJCLElIQrvcnqng11jeqkQGC2K,frame_000486_aug_00365.jpg,10966,0.21855070153061223
1EMZbcCYaSn2Wwgz4oWbnLuoDHhLJM07x,frame_000441_aug_00363.jpg,15296,0.3048469387755102
15YolJrq_rnfMYDCvcayF6yK8jJCcNyqP,croton_136_aug_00364.jpg,14085,0.2807118941326531
12n44OzJxa2Lc9LoDOSWZWMdIG69UFD4B,frame_000492_aug_00360.jpg,13783,0.27469308035714285
1VgAZ9X5sKbmzwVM19sKdhUY2tm9dXysE,croton_316_aug_00362.jpg,16363,0.3261120854591837
1ktja_GMJRDFNCAkpuwejdcsw8RkjC8ZX,croton_198_aug_00361.jpg,11053,0.22028459821428573
13ycqMO9ZLTfG1e2pwCUg2M2nykNZ5igM,frame_000486_aug_00359.jpg,13449,0.26803651147959184
144C5JbG9cSwSJNYRa8Ld92PgGLU2_0yC,frame_000365_aug_00358.jpg,13572,0.27048788265306123
1v5sspH7hUtRj2j3-mekBJ-f0cNL0uKlx,croton_136_aug_00357.jpg,13576,0.2705676020408163
1ywiMe7UHQ-CcdJ2IRtMvWr5n_N2TfkBY,frame_000692_aug_00355.jpg,13555,0.27014907525510207
1vWqPV7ttgDbSYRzRPu2MoWHY5RqGyzNW,frame_000666_aug_00356.jpg,9812,0.1955516581632653
167LRteOcA0tjIGXYRjeexw-kFD2RuhAM,frame_000475_aug_00354.jpg,12017,0.2394969706632653
1ZYklB33QUwwDeqJc5Wsoy4svVUjcHlyr,frame_000641_aug_00352.jpg,13344,0.2659438775510204
1rrPHBcr7xUkagQjz4bBRfXG7xmdsAMJy,croton_178_aug_00351.jpg,16856,0.3359375
1O0H_3Tzd6KfCItH7dTEMDKL8eVKtskxq,frame_000468_aug_00353.jpg,13970,0.27841996173469385
1SzzeWbLa9ctgDxgah_jOeCcMporc-_Ck,frame_000486_aug_00338.jpg,13839,0.2758091517857143
1-UdJIK2oSLeIto-mWXIduqPX5l7PQPtg,frame_000525_aug_00350.jpg,14975,0.29844945790816324
1jarHB8l4Tzl8e1sDj8ipAQGkQ2dWKMQr,frame_000486_aug_00348.jpg,15711,0.31311782525510207
1YTQYCnVbDkCZq_L-i_mXKOCJRU_U7sRn,frame_000598_aug_00349.jpg,15608,0.31106505102040816
1aAfjXRgh2eOmA_ze0YauDtmuXhJLeesM,frame_000612_aug_00344.jpg,14898,0.29691485969387754
1WlPCbYQ2RCxmGpZWtB45TLXVzfckeLfv,frame_000666_aug_00347.jpg,14634,0.29165338010204084
1cnjI27fNa5hL99_4n_pXS5BGjo7PL1mT,croton_316_aug_00345.jpg,15067,0.3002830038265306
1vrUa3f9zD87_FsFJM8ip4K6yppjpiGd_,croton_154_aug_00342.jpg,13249,0.26405054209183676
1YSjiElwV0QMZtd846gWsMtNHJQpsng-h,croton_308_aug_00343.jpg,12158,0.24230707908163265
1qzMPCh8JRozyzatfEX4GfCnHQinwDB-5,frame_000612_aug_00341.jpg,13339,0.26584422831632654
1BFhh580JcnOeRxMEWIR2i4nJLTF0ZDZQ,croton_270_aug_00331.jpg,11902,0.23720503826530612
1LTRAFC9Q8YHjo7_TqCRef_nsD3gxbH3x,frame_000486_aug_00339.jpg,11785,0.23487324617346939
1rweVbHf4jaBv6iQ5wCaiwFWoVDCfHMgD,frame_000612_aug_00340.jpg,14212,0.28324298469387754
1UnNVWvsVWz6XdnSChwyolYUUmDLv1TN-,chinese_fan_palm_302_aug_00462.jpg,7523,0.14993223852040816
1YTGLyqXTyzgfJcHwjCi20DYM9kc7F2Nl,chinese_fan_palm_437_aug_00461.jpg,8741,0.17420679209183673
1X4q3GmQuAE4EPPg6EXYRvyzXsfMZ_crk,chinese_fan_palm_162_aug_00460.jpg,8800,0.1753826530612245
1DyVv6bSa1b1RAGMRv4I3ZU8IQ0WXE0SV,chinese_fan_palm_686_aug_00459.jpg,9046,0.18028539540816327
1cHK_noweuVpY7h3U0m0ZY9LRPNWB8lQU,chinese_fan_palm_549_aug_00458.jpg,9519,0.18971221301020408
1vaeifCdnDtEQ2c_TCbm8_HbA5nHIIgva,chinese_fan_palm_702_aug_00454.jpg,9911,0.19752471301020408
1_quz3m7Lc9ENrt4_PBGaxL28MNtdUIdT,chinese_fan_palm_650_aug_00455.jpg,9072,0.18080357142857142
1PeKluuNK8fe2LAxWqwLzn4Orr8HWoVe1,chinese_fan_palm_686_aug_00452.jpg,9521,0.18975207270408162
1L9W6SbIyV0pBM4iJ4WG5IOkEjCxsDB6x,chinese_fan_palm_437_aug_00453.jpg,11007,0.21936782525510204
1KWLsmtq0zt0Rgk7BL6Rfj0QhuCobY5Pv,chinese_fan_palm_372_aug_00449.jpg,8682,0.17303093112244897
1ACoVmkP2jtMOZoSJm3KXFm6aw68MBmrp,chinese_fan_palm_693_aug_00451.jpg,10579,0.21083785076530612
1AUYmZYq4hVda4ackavhvr5D21IcPpSli,chinese_fan_palm_372_aug_00450.jpg,6940,0.13831313775510204
1SiVNeXxsNdBJaYWflLQmiOyrcNgvmRsc,chinese_fan_palm_693_aug_00448.jpg,7424,0.14795918367346939
1zOr70GXUUQDK1EPbV02ck87TgaZXn5Gt,chinese_fan_palm_454_aug_00446.jpg,6929,0.1380939094387755
1naXDdKhSxY9j1eFEeflqsODavINrj6aJ,chinese_fan_palm_372_aug_00447.jpg,9950,0.1983019770408163
1XX5kqUGbCLx2idO0BBtvce3nVUV4sZBP,chinese_fan_palm_446_aug_00442.jpg,8748,0.17434630102040816
1h_tqd2C634UDowbGB_xlJWVyRGKE1LGn,chinese_fan_palm_650_aug_00444.jpg,10379,0.20685188137755103
1ln7KxfI6zC9KvZg63xJ2iH9oljmyuLVf,chinese_fan_palm_113_aug_00439.jpg,10174,0.20276626275510204
10EjIbiDszmFidHVfxoJsmO543jJOm5Qo,chinese_fan_palm_258_aug_00434.jpg,9946,0.19822225765306123
1-_kgs8XYm1lou5aNhjE3776IBQyIT4oG,chinese_fan_palm_237_aug_00433.jpg,9203,0.18341438137755103
10-khUxl4O4ZLsEZeoggrXTJB2u7MKaLw,chinese_fan_palm_281_aug_00432.jpg,7969,0.15882095025510204
1QqgciXz45rgLkB0IF4YOn0giq-4OtUH4,chinese_fan_palm_42_aug_00429.jpg,10202,0.20332429846938777
1MhaHMIjKDNY5eRPoR9MN-OcCn5dmCqNI,chinese_fan_palm_625_aug_00427.jpg,9370,0.18674266581632654
1NVPsQQ7aYvNfcmatDv0juSC-HYfKWlws,chinese_fan_palm_527_aug_00431.jpg,8608,0.17155612244897958
1Ixc_YAEE70WrqqkECwYr1ijm121lNNK8,chinese_fan_palm_162_aug_00428.jpg,9895,0.1972058354591837
1yJknxHoeiOYk6UCQbgyjjDWWKPbGZucq,chinese_fan_palm_281_aug_00426.jpg,7861,0.15666852678571427
1ope2P_shsCxJzSsyCsA8vQEyi8ZOvba7,chinese_fan_palm_625_aug_00425.jpg,8085,0.1611328125
13ME_I1reOezlCNlpNr956Nr5fTRdDXzm,chinese_fan_palm_446_aug_00422.jpg,9919,0.19768415178571427
1AGxpj_LFhvBVuoYWBwzM9cB-1wwJ4fR7,chinese_fan_palm_506_aug_00424.jpg,8164,0.16270727040816327
1es9LAD0sgdbYUjdV0--259TiGgX6SW8_,chinese_fan_palm_506_aug_00420.jpg,9889,0.19708625637755103
18uOA6_fuXH-e6tDAbos424P8gt1-myNr,chinese_fan_palm_450_aug_00419.jpg,8840,0.1761798469387755
1nG-u1To89itjH7qAVH3f93KSU92ZDeVV,chinese_fan_palm_605_aug_00414.jpg,9436,0.18805803571428573
1Pn6-24A0H2bZeQ1DH3XkgpGNSuiKu36I,chinese_fan_palm_527_aug_00416.jpg,9065,0.1806640625
11SNxmrrICBMsOdVuoaFhYJjz47Kc3iGh,chinese_fan_palm_617_aug_00415.jpg,10177,0.20282605229591838
1dmoRDf_wWD2YaCQeTUoMEBvf-520frLP,chinese_fan_palm_258_aug_00413.jpg,7556,0.15058992346938777
1QfHdMeYoaen1Z48AFK9qARZecBLyVI2u,chinese_fan_palm_237_aug_00412.jpg,7164,0.14277742346938777
1djMrrtmVuBOdhEC2olsMc8_39dOOV2ob,chinese_fan_palm_617_aug_00409.jpg,9748,0.1942761479591837
1Mulo7CoBrtLzYDBc7mANQpwMreq4a256,chinese_fan_palm_721_aug_00411.jpg,10530,0.20986128826530612
1yyaUI6_0LM96nfIMU514BbHKUou-k5mJ,chinese_fan_palm_450_aug_00410.jpg,10518,0.2096221301020408
1tSg2M4pUVaXA2YR0wsgvknriaXbM0fbd,chinese_fan_palm_434_aug_00406.jpg,10035,0.19999601403061223
14hSOMm2gsC2M3W4_qaRcvYAHIyT6kByj,chinese_fan_palm_440_aug_00408.jpg,10568,0.21061862244897958
151RvtInhkmZ2ESLZ5ukgVVNZJsy52suB,chinese_fan_palm_686_aug_00404.jpg,10016,0.1996173469387755
1b23_gUkUKgb7Z0KyPHCF9bzSysSbWeRm,chinese_fan_palm_434_aug_00405.jpg,8053,0.1604950573979592
1xk7brddT48aY5Y_JG7w4KZyrNv7P_I0r,chinese_fan_palm_702_aug_00403.jpg,9476,0.18885522959183673
1SoIhcqsPM2-VA1WIt9F9s6HgxmyNitWl,chinese_fan_palm_588_aug_00400.jpg,7729,0.15403778698979592
1OzyICf1y6sSehBRD3ah3NJzYvjUCr2jR,chinese_fan_palm_350_aug_00402.jpg,8974,0.17885044642857142
1PqCsOkcFAnlOEkIlkZO_U3iiAmcWInOX,chinese_fan_palm_702_aug_00397.jpg,7779,0.1550342793367347
1gfygCscztf2uEGtcW5PEOZ5FEilfLdYT,chinese_fan_palm_665_aug_00399.jpg,8212,0.1636639030612245
1lQJIQusQ0qmm4TRM2bU03P69Ee3EOn1l,chinese_fan_palm_350_aug_00398.jpg,9460,0.1885363520408163
1qWaLOaumYi6yVxtekwu9xHbEzqHiFBSF,chinese_fan_palm_278_aug_00394.jpg,6752,0.13456632653061223
1sQaT0Bg1i99z6g359CMf-egpLApTNGta,chinese_fan_palm_617_aug_00393.jpg,8581,0.17101801658163265
1W1GvO1oe-_Ie0t5MFUusqq0zkAQf4yCt,chinese_fan_palm_278_aug_00395.jpg,9784,0.19499362244897958
1aAUtBsObWsWCLLi9Kg--ezbRP0yNIrW9,chinese_fan_palm_650_aug_00396.jpg,7556,0.15058992346938777
1y0m9UPz2t750pEfUBk3gHQW27o5foY87,chinese_fan_palm_237_aug_00390.jpg,10120,0.20169005102040816
1Qg6SJQVbXfN8FeNIHxN9WFEIFO0MwHIH,chinese_fan_palm_674_aug_00392.jpg,9326,0.18586575255102042
1KD_A_6I85nysWIHxVSurtmfLn68hvsDa,chinese_fan_palm_588_aug_00391.jpg,7987,0.1591796875
1IbQTy_yt37p9f4O-9x2cucrUMULVo1Do,chinese_fan_palm_437_aug_00389.jpg,10215,0.20358338647959184
1Lzu_DqeJWJnK88Kzoe_aL9gDovb8FYG2,chinese_fan_palm_702_aug_00387.jpg,11377,0.22674186862244897
1U1CVFI4wdMAvS2a8Xm9iltGS2OvfFMj4,chinese_fan_palm_588_aug_00388.jpg,6322,0.12599649234693877
1697naOSegsPcudsj5fZ9G_o8iQcq_UW1,chinese_fan_palm_237_aug_00383.jpg,7005,0.13960857780612246
1B_h1ThZDxOwCvtvcRwhpqw31RJKdPM0K,chinese_fan_palm_454_aug_00382.jpg,9448,0.18829719387755103
1QqdyAQKLhGC9ii2ehwXA5pM-qLO6KDQH,chinese_fan_palm_42_aug_00376.jpg,8475,0.16890545280612246
13ToVk-5L4-JhISxs-Y3vG671SUirygAA,chinese_fan_palm_278_aug_00381.jpg,9631,0.19194435586734693
10AcjK0ZSZtX0bDsJ8ce7M1PRSppO48YG,chinese_fan_palm_442_aug_00378.jpg,7861,0.15666852678571427
1Phmrwk0f__0FDIyOXA2apD9xTCMJvoM3,chinese_fan_palm_617_aug_00377.jpg,8549,0.17038026147959184
1pLD_AgyxXaRiDF5p7QvY0_1fr-hD1z9H,chinese_fan_palm_281_aug_00380.jpg,8846,0.17629942602040816
1JymsH-JwYuPikxUJRvKs2zKDjmFEaqP9,chinese_fan_palm_237_aug_00375.jpg,6402,0.1275908801020408
1xb3bim2yccL9Vg1Ftgdsp8rRSQjSw9YI,chinese_fan_palm_674_aug_00374.jpg,5620,0.11200573979591837
1ASYa57WpP0nX1mCrYU2e8aKChFZ7Xfz_,chinese_fan_palm_721_aug_00373.jpg,7251,0.14451132015306123
1bpHeHmTcsntWlq40615mVb5M6jHNcf8K,chinese_fan_palm_588_aug_00371.jpg,8137,0.1621691645408163
1EggMwWiwjk9x2Xu_UanKv97wgRj0twUU,chinese_fan_palm_42_aug_00368.jpg,9444,0.18821747448979592
120Ru12YfJhiAqp7bqCZ51P1LEm7V4kPZ,chinese_fan_palm_674_aug_00367.jpg,8368,0.16677295918367346
1FIkV4MPI6UZusM0zkyZdUUKUeRU3LkWq,chinese_fan_palm_450_aug_00366.jpg,9070,0.18076371173469388
1_zuvX8h5oYXxon3w9-dN7Bd9WpOWICMQ,chinese_fan_palm_281_aug_00369.jpg,8945,0.17827248086734693
1xTYtGFfzcBu5HDSZWs7M28wnBbcr7nNr,chinese_fan_palm_721_aug_00364.jpg,9372,0.18678252551020408
1oAGS2O18-VtHIfP2UlaWBNp8vxAIYFrb,chinese_fan_palm_281_aug_00365.jpg,10350,0.20627391581632654
1dQz9V_-eS8C6CM0aGttWNUsiWpnXZ1Uq,chinese_fan_palm_450_aug_00362.jpg,9432,0.18797831632653061
1zZXxvqPQnVOjoSKlvviC90yvnTWC7cXB,chinese_fan_palm_693_aug_00363.jpg,7849,0.15642936862244897
1HH3ijd8HDTvG-cVw3NDP5X-vzoG8Ymbk,chinese_fan_palm_686_aug_00360.jpg,11048,0.22018494897959184
1C0JjTUcY0ALx3AZOremlWiCT45nxBm3c,chinese_fan_palm_446_aug_00359.jpg,7365,0.14678332270408162
1-tUSiLH9wOX4POvx_q8UdOpu_hNn-rwV,chinese_fan_palm_162_aug_00361.jpg,10180,0.2028858418367347
13NQkE3IWJN_PpW8cjjfuxQwkRGfveH0E,chinese_fan_palm_113_aug_00356.jpg,9565,0.19062898596938777
1SMPlBp8VQUi_86lZboUyqMKSsFLJC6yv,chinese_fan_palm_167_aug_00358.jpg,9657,0.1924625318877551
1YJJI_05ixfAZyKL-hUr8sGEWPFW68I-r,chinese_fan_palm_42_aug_00355.jpg,9031,0.17998644770408162
1n7S2XbKMZt1y6dbCrnSJkggovkAHNFu4,chinese_fan_palm_506_aug_00351.jpg,9340,0.18614477040816327
1pPfhFn3fMIaxCFg1g5UVIR2AsusPyy5-,chinese_fan_palm_617_aug_00352.jpg,9159,0.1825374681122449
1C_R0lRHkIWNGLxaHWda8e0IEz6WScR6P,chinese_fan_palm_605_aug_00353.jpg,7858,0.15660873724489796
1u_W0pk6ZutXaLGJ0K-37fmUdg6OpVlHo,chinese_fan_palm_237_aug_00348.jpg,7265,0.14479033801020408
1iPCYd9xAzCnJxMhf8BIDH24RW7PyZLDO,chinese_fan_palm_549_aug_00347.jpg,7985,0.15913982780612246
1y7RqDI0JFjv3CYI_xI9XQ8WNzakjsaAg,chinese_fan_palm_721_aug_00346.jpg,8901,0.1773955676020408
1OhCpxLY2aaafgxqz5UZ9T4hG60icCvOy,chinese_fan_palm_162_aug_00345.jpg,9086,0.18108258928571427
1Af0YTkCe6d5QfD-9l4R6Rjk9qgc6SIFO,chinese_fan_palm_246_aug_00343.jpg,10046,0.20021524234693877
1jyc7Tm_DCX-DZEb8zc1lbt7_R6yO2bHt,chinese_fan_palm_665_aug_00341.jpg,10105,0.20139110331632654
183TcCLpJPP5KH07yDavSB3KgQYvlaD0y,chinese_fan_palm_446_aug_00344.jpg,11175,0.2227160395408163
1P_6nd2Eo50jAwRBEupTkCa1ThYqJLj44,chinese_fan_palm_721_aug_00342.jpg,9479,0.18891501913265307
1Kxwz786H4Zv7Hb6RzOn0DdIeO03Abyub,chinese_fan_palm_318_aug_00340.jpg,10148,0.20224808673469388
1Z94L_4bJ8PbAJQp8iRGsfXv5txCBG5mh,chinese_fan_palm_650_aug_00339.jpg,10612,0.21149553571428573
1CdjNh_onBIDBzUBwMSRnKzOnzV5mwpb_,chinese_fan_palm_450_aug_00338.jpg,9395,0.18724091198979592
1Rmbg-yKbMOfGIM127AgO9UdROxVVVN1d,chinese_fan_palm_208_aug_00337.jpg,11115,0.2215202487244898
1hg5TniD6bpqG6h4M-mbE-Z4W34FJYZRd,chinese_fan_palm_588_aug_00334.jpg,8418,0.16776945153061223
1ckb5Mlt1TiZCZMcvNSsTmTr5DynX0wFO,chickpea_183_aug_00410.jpg,14204,0.2830835459183674
1rPnMRRSBBWbzXFnJHDydknn6ytngSr_6,chickpea_292_aug_00409.jpg,12828,0.25566007653061223
15JwdBJ_W-wFQjuFcnvbNkcPWFfOv9WWr,chickpea_543_aug_00407.jpg,13420,0.2674585459183674
1BLOEPqMted4ZXsMP41Cbdzu8zAe6TX26,chickpea_593_aug_00404.jpg,15734,0.31357621173469385
1xvVR35JV9ULv6kAL_9fkGYX6gtfvwTpu,chickpea_379_aug_00405.jpg,14295,0.2848971619897959
1HYrGIl5_U9RwTWqeIwmKEErARdGt7qSo,chickpea_496_aug_00400.jpg,16277,0.324398118622449
1hOZBDANKJMZNrCfLGuCGtQu67qgZ9pEu,chickpea_687_aug_00403.jpg,16969,0.3381895727040816
1JtTBoZwSXHVgOLJ305bu_CUpneeyQPUm,chickpea_687_aug_00402.jpg,12954,0.25817123724489793
11j0MAueuKI5JD05MMMS91zffPbj8XSTg,chickpea_620_aug_00399.jpg,14053,0.28007413903061223
1w-HuVo-bUV8_HM3gvQFjfmZQVKXUn2ZZ,chickpea_583_aug_00401.jpg,8492,0.16924426020408162
1nej-JLhSOnRbjWPmRzWsg8_p3kyREK4N,chickpea_638_aug_00394.jpg,14891,0.29677535076530615
1J85wrdzeazf9uggjHMcCRVYKn7NOD7Ro,chickpea_532_aug_00396.jpg,16034,0.31955516581632654
11IbfUcibEX2BZy5pgvKMPlmbqYaE2MHC,chickpea_687_aug_00398.jpg,12104,0.24123086734693877
1pdAD_G0EzLsHYsTBwhSXBCauKpJPqct0,chickpea_665_aug_00397.jpg,15035,0.2996452487244898
1AAQ-SVMcUNo305tJh3l0CcEtVSmkqwk4,chickpea_25_aug_00393.jpg,16137,0.3216079400510204
1T_NiYvRIGlHoitQwkJJfsRzBDvfj8SXI,chickpea_229_aug_00391.jpg,13814,0.2753109056122449
1va0mEpvIlwVWhz_smOoHDN_PF79Fo26c,chickpea_641_aug_00395.jpg,14493,0.28884327168367346
1l-cPWqQNwPsQQhpeQLAwaDZfZsZ6FENL,chickpea_601_aug_00392.jpg,14262,0.2842394770408163
1UpEgFh_ajb4qJlsV5kq2vXTWOiqa1iWf,chickpea_511_aug_00390.jpg,15926,0.31740274234693877
1qed6s0ZrVfq0bs7JC6tuOJ2dm7CPmDUm,chickpea_534_aug_00386.jpg,17557,0.3499083227040816
1ThMRmenlH3kb1vVWIIB6ppGY3kRaMzy1,chickpea_341_aug_00388.jpg,15264,0.3042091836734694
1uxw7jRjmitFHGl3Z-nGI4C4W_N7uuQ9f,chickpea_601_aug_00387.jpg,16153,0.32192681760204084
1MZu2cc90kh47zYrMAzhyZGeyL7buxNGS,chickpea_704_aug_00382.jpg,15181,0.302555006377551
1NBRBACYME3z_XpFohgfB2iaCuk1d-HpD,chickpea_385_aug_00384.jpg,17017,0.33914620535714285
1XFxKh8_FjSLKVedJI_zM7uYiHKwe5jVO,chickpea_424_aug_00383.jpg,16746,0.3337452168367347
1BTaa7QBkRkVB7a7RmX1mmguE2nGGPv4Z,chickpea_123_aug_00381.jpg,13218,0.2634327168367347
1-MC4dl6d_6NnPVAs8hya0RJb3y8-_bNr,chickpea_12_aug_00380.jpg,15443,0.3077766262755102
18SmME_StfpIYBN0WRaIP87YtHVwXT8H9,chickpea_249_aug_00379.jpg,15108,0.3011001275510204
1uMp_W823wvgxGV8ALufJhgeTxOWyIJJ6,chickpea_225_aug_00377.jpg,15289,0.30470742984693877
1zoVfpuBqhN8RVy9NJeOKc6SIBDL1OrR_,chickpea_583_aug_00378.jpg,16866,0.33613679846938777
1-LXSeZoh8v6m5l30x3hOK_LsF__5tUbf,chickpea_225_aug_00376.jpg,15020,0.29934630102040816
1YEAK851L91LVWR12BB6N4iihCLkJ__Ld,chickpea_511_aug_00374.jpg,15219,0.30331234056122447
19C5rCILklDJi-GYtJ39eYEQTujB6BOFY,chickpea_310_aug_00372.jpg,14455,0.2880859375
1tuT-KiKI4Pvotf9jKW9lpXKaOLJBMEzq,chickpea_665_aug_00375.jpg,13866,0.27634725765306123
1uOhKXeWprYRfrFCsLZ-ecGz7evpwNRdq,chickpea_292_aug_00371.jpg,14931,0.29757254464285715
1CFs-2N5ZaRzE5D11_5a5Tga0L3O_h9ZV,chickpea_379_aug_00370.jpg,13009,0.2592673788265306
1U0v1u1FgwDJgdKgWwFX9gPkvPozmivg9,chickpea_701_aug_00368.jpg,17102,0.34084024234693877
1vJ7zYbk6EzPtvuPx5HzoFBKbryb-B4aO,chickpea_660_aug_00365.jpg,16578,0.3303970025510204
1hgffoO4VkFpqmvUe1kFT73XWB1P6R54q,chickpea_160_aug_00362.jpg,16131,0.32148836096938777
10XOnBcslBuXGjvuq_oPUAJp9Lvz49el4,chickpea_212_aug_00363.jpg,13540,0.2698501275510204
12XcIr29V4kGHmHwVTwBZQPwlOs82onBL,chickpea_469_aug_00360.jpg,13885,0.27672592474489793
1vFk4cenxFy0CpUXE_ycrMDvCLPH6HxpS,chickpea_12_aug_00359.jpg,14030,0.2796157525510204
1A8aO9tacVmuaJgCWpQOazQUWWi0WrpgD,chickpea_609_aug_00357.jpg,14900,0.2969547193877551
1xo_65Rue052EFkdKYDWU6iF7WT81IEGU,chickpea_583_aug_00361.jpg,17256,0.3439094387755102
15PmUO4moCLJfyM1B0OhMQQYFI3Kq5U6t,chickpea_126_aug_00358.jpg,14454,0.28806600765306123
1-ZMAA3kGLaq5sA4zojGJWaj97Ie7Mdff,chickpea_538_aug_00356.jpg,16184,0.32254464285714285
1lBS3SJsuEM_pA7lMBic7JFdLj8JRDZHl,chickpea_208_aug_00354.jpg,9440,0.1881377551020408
1fK6Amr6qwsMZZDp9r7BiSt-iVDzQYElK,chickpea_212_aug_00353.jpg,14680,0.29257015306122447
11SevSUY3vJHt1jJJcab9aj5NqCvSV67N,chickpea_249_aug_00351.jpg,15494,0.30879304846938777
12uV3muLG7E430D0bDbPzpZarGNVi0I38,chickpea_301_aug_00346.jpg,14020,0.2794164540816326
16Q3TU80MxCuppjg4jX-IPXRJrvHdlNfa,chickpea_160_aug_00349.jpg,12518,0.24948182397959184
1s9f0SHLCdUftdG5bBAGx28Fm-Qvb483N,chickpea_330_aug_00348.jpg,14833,0.29561941964285715
11Emugo0qfgv9_5X2LgHucck3TDWjYly5,chickpea_118_aug_00344.jpg,8538,0.1701610331632653
1PKi4kUOdr5RavyHBfr0qNKuKSktWq0Pj,chickpea_225_aug_00345.jpg,13991,0.27883848852040816
1im9tqCw51pqk9NRpv_GkMOG7xkSxuJkP,chickpea_249_aug_00342.jpg,10261,0.2045001594387755
1et8RSvmtM_-qv4L8TPWczv9WjnoCu_wS,chickpea_253_aug_00343.jpg,7840,0.15625
1uO4ZGkUW4rdVNkGWVOq3FnWZ0bfD6nbp,chickpea_520_aug_00340.jpg,13762,0.27427455357142855
19gOK_L6jFYK3ndSFb1pXiZTILnN9YRkN,chickpea_48_aug_00341.jpg,14588,0.29073660714285715
1pIc8-fVcmUA2tLJ6yRMuJsLMOljtZ7Kk,chickpea_568_aug_00339.jpg,9903,0.19736527423469388
1PiX7COJWrF-Y4yV35mMHqHcldDWpkS-b,chickpea_511_aug_00336.jpg,13121,0.26149952168367346
1yNfMbCisfWLMsQpyLZHYKAGSjuZN4Rgk,chickpea_69_aug_00333.jpg,13046,0.2600047831632653
1QkV_orUa9eIfAJabqJyMO5sVfUAMPR4T,chickpea_469_aug_00334.jpg,14529,0.2895607461734694
1KBCYTp1HmqU39rIaTIAlWtFIHI4Afedb,chickpea_645_aug_00332.jpg,16926,0.3373325892857143
1PccSmhtd50wFp94_LUVCcegRARNnVh2r,chickpea_341_aug_00335.jpg,16515,0.32914142219387754
10OzT-zecwaYn5dmCw6bQxTfKjUubGG4C,chickpea_357_aug_00330.jpg,12683,0.2527702487244898
1FIWa3n0ykxNGAU2PUakaJnj94ISBFTFM,chickpea_341_aug_00331.jpg,16372,0.3262914540816326
1I6QYa9SZqpptTxXwHvnQAczAPD_wNxbf,chickpea_701_aug_00329.jpg,18258,0.36387914540816324
1GF-9ribwTxKganaksTW4P51bIeaTCbI9,chickpea_382_aug_00328.jpg,15103,0.30100047831632654
1PvM-_g4mWsS88lMWwKr2CdAI8L1gbjcO,chickpea_382_aug_00327.jpg,17124,0.34127869897959184
1XkWRzZKj6wvyagRoYrXq5wVQ94_p8Fzt,chickpea_292_aug_00326.jpg,13897,0.27696508290816324
1_JtAte3z5eKbCvNAUZ-JzlIQD9UE3RCz,chickpea_40_aug_00325.jpg,14826,0.2954799107142857
1YIi_ikxknIfJpgjmxxUAropvFxRH_zPB,chickpea_148_aug_00322.jpg,15047,0.2998844068877551
1BoMSua6odyi0ljPcUNV4RQ4YszJpKFo0,chickpea_246_aug_00324.jpg,14869,0.2963368941326531
1oc-3ymt5GAg7n46MpwRCijwgeYj-Le5V,chickpea_160_aug_00323.jpg,15487,0.3086535395408163
1LWC6PuIHaMAQf9U7KE6qiGded3XieKcZ,chickpea_471_aug_00321.jpg,14744,0.29384566326530615
1BbC8e9eEGSAOn-8-j-8Xl1-dRZQfkzac,chickpea_630_aug_00320.jpg,13863,0.2762874681122449
1ERgh4sq06hv-B6me5WUau0in_Eejf2Ee,chickpea_483_aug_00317.jpg,16896,0.336734693877551
1OWMIoTt2VPDAdNpYcSQ-H1jxSc8DRT8A,chickpea_653_aug_00319.jpg,14449,0.2879663584183674
1ANxxsH9QsyWOUeX-HJ_EHzOeeW-wOGHc,chickpea_665_aug_00318.jpg,15372,0.30636160714285715
1Fvpqqf3thUrTUux_XsFIaapyY583rO1w,chickpea_687_aug_00315.jpg,16503,0.32890226403061223
1il0TjbY-g2ih7GnNr7UoN5aR4HoLvhRi,chickpea_40_aug_00316.jpg,10626,0.21177455357142858
15dg7CU-ieUeeBVzpVCUHp5qhqTCqJqkA,chickpea_249_aug_00314.jpg,15370,0.3063217474489796
1h9EjlRvuinBFjhIQq3TWPqplqa5Shnbi,chickpea_238_aug_00313.jpg,16631,0.33145328443877553
1SQBB3RtI9CjE-YZGOXHFIt6zA9g6TPVC,chickpea_665_aug_00312.jpg,13937,0.2777622767857143
1LwDDocZQ4-o70jQm1P6_DTF-KYrzGLmh,chickpea_534_aug_00311.jpg,14861,0.29617745535714285
1LXdJ3lDPUptt-fOW3F39GuW_1Xxptixa,chickpea_453_aug_00308.jpg,15729,0.3134765625
1dxESAh9P8_N0rw9theVfcN6R065klKzs,chickpea_653_aug_00309.jpg,16997,0.3387476084183674
1xP6kuaMr4u21d14yzu5F00l60HX1WNIF,chickpea_554_aug_00305.jpg,12253,0.2442004145408163
1-_avwVDnVIGpd21f_JuHROVVjEJHyHCX,chickpea_160_aug_00307.jpg,15497,0.3088528380102041
1Q5kAP_qa1JY7b8hGgJCRh1Kl9nFC-4wL,chickpea_520_aug_00306.jpg,16119,0.32124920280612246
1yW3IrL7rJGZ0neVcrmRcT5RgKWxd2VIb,chickpea_567_aug_00304.jpg,13119,0.2614596619897959
1u2BIw4jASpYZeNPVri97SepPwDTisIq1,chickpea_79_aug_00303.jpg,14083,0.28067203443877553
1e4f8HbWL6q_KW1kexp4aM2o1xT7UZd9W,chickpea_701_aug_00297.jpg,13790,0.2748325892857143
167x2jkA-x1c9YwD4Jx89zNyNZVssMWeZ,chickpea_385_aug_00302.jpg,13586,0.2707669005102041
1JmgGqXH0HZEHXGdOycMqG6VdD5rXLhp8,chickpea_424_aug_00301.jpg,15530,0.3095105229591837
1Gd_M-zvKx_2gi3ndEoArcviklt0GqX6R,chickpea_352_aug_00300.jpg,17285,0.3444874043367347
1hdnkAYEoqpQbSoL9jerQUYKXZvR5009Z,chickpea_25_aug_00299.jpg,14113,0.28126992984693877
12J5sQHaqZv56npQISXms3qEAmK1vLbDy,chickpea_275_aug_00293.jpg,16189,0.32264429209183676
1mTGQlFJ6x6tgKeeXPLjCI67_F6fKGO62,chickpea_593_aug_00298.jpg,16597,0.33077566964285715
15CERKgnz3JjGj6EfY4fN6cKDXkieg9H8,chickpea_701_aug_00296.jpg,16264,0.3241390306122449
1lxLwsA6j4txoPj4Z9TLDANwi1Whj5xCt,chattim_598_aug_00341.jpg,12792,0.2549426020408163
14RRlvJhTOKty8kBepSAAvZdLT0w0ojB-,chattim_919_aug_00335.jpg,12745,0.25400589923469385
1C03RZ9dzUMKMGPdT9eQxe3dM0xXNiZ1o,chattim_935_aug_00339.jpg,15255,0.3040298150510204
187vI4OyKQeQjAb5Vs1bfIDmeZbHglc0m,chattim_398_aug_00340.jpg,6074,0.12105389030612244
11NpiDrnheVvZG1VjHAmlQKpJfj_YyJ57,chattim_231_aug_00338.jpg,14025,0.27951610331632654
1o8FwZcnhW9BLODjsE-hrL_okLKrV0v1d,chattim_923_aug_00334.jpg,15786,0.3146125637755102
1h13uIpANW9r-1jIAtVaSYXS77TBAtTe-,chattim_580_aug_00333.jpg,17056,0.3399234693877551
1cg3zUypJIwQ0_uD942vDLeC7qUJiP0ph,chattim_751_aug_00331.jpg,13038,0.2598453443877551
1mU7xlF7SJLOtwQBY2dTd9Q2OAMisvd7v,chattim_919_aug_00330.jpg,15647,0.3118423150510204
1luKOrivPg4Doa8WgCFKkQJqHGte2-Eoa,chattim_598_aug_00326.jpg,10145,0.20218829719387754
1pxepby9f9eUh6vKksiUN0cwisy-Jw8bR,chattim_161_aug_00327.jpg,13224,0.2635522959183674
1c91xIVY0InQWSAAJ2bkeskMTA6KjiUkN,chattim_1854_aug_00325.jpg,16001,0.3188974808673469
1ZnB76nkyITDI2OUH3be2nQH-4H844OaN,chattim_926_aug_00322.jpg,8457,0.1685467155612245
19RTQ1nQ4E2G6YIitEtP1gmA5zhbJlcby,chattim_578_aug_00323.jpg,15420,0.3073182397959184
1u_i6urlR9jSeVhHmxzwK0a_eZ3zpw4Yq,chattim_980_aug_00324.jpg,14215,0.28330277423469385
1ec2DrG4OU_2FdjFYlQkZnxsTXdGP8R9V,chattim_903_aug_00320.jpg,5360,0.10682397959183673
16qw6huWJLp-dt8ewInyoMv9tKDwLRCGs,chattim_1764_aug_00319.jpg,14421,0.2874083227040816
1LTBHMEsw36nPandS7SEDCJ7ARE9B3sHn,chattim_942_aug_00317.jpg,12889,0.25687579719387754
1xhwkpLTP02QlPgrFbl3ZCxoiiInMa8Wi,chattim_1737_aug_00318.jpg,12231,0.24376195790816327
1SzPw6IVDenXvhJRGdfcKopbitIUwvnBW,chattim_1425_aug_00315.jpg,13481,0.2686742665816326
1gzrN6ns_UcPX9dPMROWdVrUGu7GXjcwI,chattim_636_aug_00316.jpg,8968,0.17873086734693877
1DVSuI5tTnfKYo0Lamfao7T65dcSK4LDB,chattim_611_aug_00312.jpg,7746,0.1543765943877551
14e1IAZCgcqvJ_flCBd6U_mtvy5mFKTef,chattim_1262_aug_00314.jpg,11725,0.23367745535714285
1_zakn6FrcTrzJsYTX7_5XStnxVQ5pXsZ,chattim_576_aug_00313.jpg,11934,0.23784279336734693
15tnRL_Cbg4pjKd-n4X-1kzmxjvlJCC28,chattim_161_aug_00310.jpg,11848,0.23612882653061223
1L2KHENQq6jHUQM6_0Ge9i-hkUeOTzgb2,chattim_314_aug_00311.jpg,13969,0.2784000318877551
1vx9C2E06EDlNPRQi2k2WlM6L3v7sIR3D,chattim_585_aug_00309.jpg,15695,0.3127989477040816
1fEYtEotRb_nyfGNgLWroxYt1gWqtLeC5,chattim_885_aug_00307.jpg,10418,0.20762914540816327
1TcoueKjbLv5x3ZO4c59n7jdacBXAZ-Hc,chattim_1269_aug_00306.jpg,10313,0.20553651147959184
1AYQStDxX3LyHwy0H8as2mKuCzwyjsUPq,chattim_935_aug_00304.jpg,14503,0.28904257015306123
1Yw6SyKEul9zXHZtZLMcBP31jq3EuPiW_,chattim_1035_aug_00303.jpg,8923,0.17783402423469388
1pjjUwmQVXHw_EcJV5noKphdVCOkc8U-2,chattim_885_aug_00305.jpg,13259,0.26424984056122447
1zM03FFp0oa_RDWBoyDiRQR01KcV-O6R3,chattim_174_aug_00300.jpg,11972,0.23860012755102042
1ifbZiMOQtQbL84C5Q-tS7QboELhUXTdZ,chattim_611_aug_00299.jpg,10146,0.2022082270408163
1oRa4SaWJGdeY78xLM6pOMoaYIcH0UOPT,chattim_1035_aug_00302.jpg,11068,0.22058354591836735
1wsgtR0n9COROkgUeHFEUi54UkCJw0oKY,chattim_958_aug_00297.jpg,16080,0.3204719387755102
1JcIKz2gM2Uu8aoL0UdmyIYzaA9sne6WJ,chattim_1530_aug_00301.jpg,16142,0.3217075892857143
1h5jzvb-8ECuixWNVuSCcah3Ueky2UFzA,chattim_911_aug_00298.jpg,14781,0.29458306760204084
1MzPXpBwswWJD3GEvyu4j7yKW_HczTktD,chattim_1233_aug_00295.jpg,13179,0.26265545280612246
14eadL4RxcHfQy83dT2CY5SfHJqaigsDh,chattim_1689_aug_00294.jpg,14598,0.2909359056122449
1LQxUWEZvh2rGSLs6pwz9XUrvgHReFzgZ,chattim_748_aug_00293.jpg,15090,0.30074139030612246
1QXYKEy_KMy0ucMWlbp8cf3hA70Kic3lt,chattim_632_aug_00290.jpg,12254,0.2442203443877551
18K5H7MvQZABmsueaYkUDg-f6FD3ztMxN,chattim_1369_aug_00291.jpg,13872,0.27646683673469385
1UlsQ82EvhH9vgPti7VBMzxBczvUe1K8j,chattim_174_aug_00292.jpg,13881,0.27664620535714285
1dl5TIPFooCjccvBFW64wAG3I6GSo58wi,chattim_1254_aug_00289.jpg,16790,0.33462213010204084
1RdR71hXuKLac72IclkWP978EH06R8tU2,chattim_935_aug_00288.jpg,6236,0.12428252551020408
1zm0sOy-4A1a6t5GbmMAVM5mHcKiOcTOx,chattim_945_aug_00287.jpg,16920,0.3372130102040816
19KEooQYsQeImpSRELcynvtOzYtbJjOI-,chattim_563_aug_00286.jpg,9271,0.18476961096938777
1nZrtUzBy_KbC2O1F33CAOUjRh3oKjjAH,chattim_587_aug_00285.jpg,11326,0.22572544642857142
17M7JRzI7MDlhVJmkXXeZ348M1TeRmVIw,chattim_751_aug_00284.jpg,7420,0.14787946428571427
1Jrg8zbSi_6y76FMD8Tww_LFipuiRuo3f,chattim_1170_aug_00280.jpg,16384,0.32653061224489793
1VLgiFosKpc69vrDcq5Cmmo0UIBajRoyc,chattim_1684_aug_00283.jpg,13807,0.27517139668367346
1LrMJU3Y80vf814WvIrpPwy8-KWZNsZzU,chattim_897_aug_00281.jpg,11963,0.23842075892857142
1U6u963CLrV1RqifIPaFYPXaigEUQNo2z,chattim_624_aug_00278.jpg,16227,0.3234016262755102
1s0CW2B0EyPX4slBijHMSSL3vlglQMwo1,chattim_644_aug_00276.jpg,14256,0.2841198979591837
1f-o8UorQymMHKK5eUfm8nb4A5K-Dczm2,chattim_885_aug_00277.jpg,13075,0.2605827487244898
1ICK1d6fWPdTD5XQpaPYNhCNP7U_fGX0J,chattim_100 (1)_aug_00275.jpg,15651,0.31192203443877553
1gtacWoFUAwSAYybiweFLGuX86SVs_hdY,chattim_906_aug_00274.jpg,11186,0.22293526785714285
1ToRLIhfiSi6zzxsonQtsMe8fbdDGEK8I,chattim_133_aug_00272.jpg,5823,0.11605149872448979
1NEW1MSKIDQfi7unua58SoPW2pnf6MaVx,chattim_751_aug_00271.jpg,13611,0.27126514668367346
1Np6Ulfh7UVKWTl_xfnzOkL8FnTLoN3vw,chattim_963_aug_00273.jpg,16169,0.32224569515306123
1SkL22JTpN7zdjZWn0UQ3IszOG2ODjhV3,chattim_1247_aug_00270.jpg,6368,0.12691326530612246
12GVNCxt6gPtd0ERx6tcXBG7-VCoJPJV3,chattim_1269_aug_00269.jpg,13858,0.276187818877551
1Xtsdiz9xtQmzZjLpStPBnxe8Fx_abxcJ,chattim_840_aug_00268.jpg,2720,0.054209183673469385
1_CgH9maJODhZ68nWt28P3DYaSbRly2lC,chattim_1164_aug_00266.jpg,7914,0.15772480867346939
1sD3vgvuvQz3O_3X58W7uAX6iT8q7GdKq,chattim_900_aug_00267.jpg,11981,0.23877949617346939
1mJgyC4TEHro99ZK5LObYcdnp2t6HRVjj,chattim_987_aug_00264.jpg,12885,0.25679607780612246
1Pw_QuKui34CIWPI5CjN3Q6qoH7okW4f4,chattim_745_aug_00263.jpg,15597,0.3108458227040816
1rKkCG4RDIU3SlAysSlD-UN3v7po5zrHF,chattim_958_aug_00265.jpg,15759,0.31407445790816324
1JFRXZYGU9RP7jvmJBfDcuaUZRf7AJdJP,chattim_1470_aug_00262.jpg,14611,0.291194993622449
1PkoxuLvefZuIWHdsxe9wqFHaKieL1Mr_,chattim_1252_aug_00261.jpg,15801,0.31491151147959184
1UYwkOOdCJgFTmTjnS89LPTkTIhohAjpR,chattim_624_aug_00258.jpg,15186,0.3026546556122449
16ejJIcte80ITXT4Po0cO5kEvtS_pyoBY,chattim_969_aug_00260.jpg,14543,0.28983976403061223
1epB04f5Tsq45DP7MtUJUwK3FLFrXrgaY,chattim_1413_aug_00259.jpg,12446,0.248046875
1uqEZAhLawne-2rQM24JxaohgyhmfneIB,chattim_885_aug_00256.jpg,7003,0.1395687181122449
1rJTJXwnhxJi9cZGJXj1WuoWX9HThktPI,chattim_853_aug_00257.jpg,3820,0.07613201530612244
1S9OXTQR7QNI4DAFzeRd6vvdSHA6sNTT8,chattim_1551_aug_00255.jpg,15944,0.31776147959183676
1EkUMMEHVWY5b8bZX117fBUi1GEm5drJn,chattim_133_aug_00252.jpg,16259,0.324039381377551
1604WhEn-uOpvcALygS56KtPv-J3HYWxS,chattim_108_aug_00254.jpg,13925,0.277523118622449
1XOG6xh_nW9Bnq7JvrANVlOQ3OmToz9D-,chattim_1262_aug_00253.jpg,11088,0.22098214285714285
18bP1cJSv2kWeMVK6Rp-W5KiSWQ0BjQcL,chattim_585_aug_00250.jpg,14472,0.28842474489795916
14yGa3g6VBd_DgEGE0gv8eakMrpo7935N,chattim_592_aug_00251.jpg,15254,0.3040098852040816
1ho4LR7n8feS9flw7Ul1x5FfBs6Lisuy5,chattim_951_aug_00246.jpg,11402,0.22724011479591838
1Z5NM2ZDpXL4vBzXjZ2V2UPCQXbQ-oKTQ,chattim_395_aug_00244.jpg,8385,0.16711176658163265
1MWUZ0rSKiBbHIOx6TSgs2PFPQiOJNmdY,chattim_947_aug_00247.jpg,15259,0.30410953443877553
1D6bHoRt6m9TGwipxkvfHcOEtQKo3bSoM,chattim_729_aug_00245.jpg,12870,0.25649713010204084
15JZztHp9zkBBvdGBCgbm2lSoMIiv2Lx_,chattim_1435_aug_00243.jpg,14875,0.2964564732142857
1cIkeitPSE5OLvRx4XXRaFp3bikk9U9kg,chattim_178_aug_00242.jpg,12126,0.24166932397959184
1GqS1Ojd8AKgSSEuSfyn2ehluvmxKrJmn,chattim_865_aug_00241.jpg,10282,0.2049186862244898
16RPvAtZHtkiTNLdCOyYuu0N3JGe3NhRh,chattim_1492_aug_00240.jpg,15232,0.30357142857142855
1hk8pbcupAXogA_k4fpdWfHEgHR78oUN1,chattim_958_aug_00237.jpg,12685,0.2528101084183674
1ydppgBwhR1q_-gCUmXefqokiUbZnnoxG,chattim_942_aug_00239.jpg,10889,0.21701610331632654
1t16NQ_ub6V7G4hCPCST_fTOqBugfYuWc,chattim_742_aug_00232.jpg,14870,0.29635682397959184
1rA4p6xkMOM-wUzeeMQseqoTd0tesHtGN,chattim_1399_aug_00238.jpg,16002,0.3189174107142857
1y9hcS-KHUOJTmJpBp4v4LkhAtGQF6Lp2,chattim_1676_aug_00235.jpg,13284,0.26474808673469385
1fFNPNVFv8SJjhfbVPZe8PobvVTEiv5-P,chattim_673_aug_00230.jpg,15461,0.30813536352040816
1wYcr-cyW6bBBo6uLh2DzM4wLmdFCVCju,chattim_751_aug_00233.jpg,13507,0.26919244260204084
1tQBcrT3cbHL-fJfIFrDKbO4UQx9cu30B,chattim_108_aug_00226.jpg,13492,0.26889349489795916
1oRPY4iem6K7aLcAEfyKbc3M8XzJ8rr7S,chattim_969_aug_00231.jpg,16165,0.32216597576530615
1zc5l4xD0marYAa-aa7DZy8vnE81dX-mW,chattim_926_aug_00225.jpg,13159,0.2622568558673469
1jTXu9BBj8n-bdgtPQDMTl4G0ax87a2mU,cardamine_asarifolia_195_aug_00457.jpg,14011,0.2792370854591837
11PTETBsEjSEiW6ZlKEIFnrNAF4oVI9pp,cardamine_asarifolia_252_aug_00456.jpg,16233,0.32352120535714285
1GxSAqRoTSpVQilHVUe-KVGRgrfdbGNIV,cardamine_asarifolia_57_aug_00455.jpg,16289,0.3246372767857143
14xjh-Vfi_H5Ndnvp2-Lobdsa3SpgsmKZ,cardamine_asarifolia_521_aug_00453.jpg,14726,0.29348692602040816
1fKXLoJmaRALvaDbTrC0QhEjuprN6kn0z,cardamine_asarifolia_113_aug_00452.jpg,14490,0.28878348214285715
1l7HNNhw1zJfAnoGfz3PUkhbyMBEMIZd8,cardamine_asarifolia_330_aug_00448.jpg,13742,0.2738759566326531
1aaBcFn6xCYXOnEOW9lRorodembPLrAVD,cardamine_asarifolia_434_aug_00451.jpg,15207,0.30307318239795916
14FCZY9Cr3pq9VxgAv1KdYX2E42AXXD_t,cardamine_asarifolia_503_aug_00449.jpg,14661,0.29219148596938777
1Yf9fWKX37OFWfv1h6v0cf9soBuT0bXQW,cardamine_asarifolia_167_aug_00447.jpg,11872,0.23660714285714285
1kQXtHOQwFdmvbgey6hxmlXTB32Bsy6tM,cardamine_asarifolia_654_aug_00446.jpg,14522,0.28942123724489793
1xjTjfDAlXinQIVFV2IrUD9ocJXauNQGH,cardamine_asarifolia_339_aug_00445.jpg,14696,0.2928890306122449
1E4xAq4SK8xWc0Eh1WE_lz-MuhCAX2jR4,cardamine_asarifolia_330_aug_00444.jpg,14274,0.2844786352040816
1f5ybBan725C6UtNRp7D3SoUZT7-FqwzP,cardamine_asarifolia_132_aug_00439.jpg,16949,0.33779097576530615
18zqYs4Mm5lDQ2pHgsfaGShUkb3A4x0fI,cardamine_asarifolia_393_aug_00441.jpg,14607,0.29111527423469385
16tNV1ZvZHMBRPJMCDIwaSroMP-JWirvP,cardamine_asarifolia_611_aug_00438.jpg,11751,0.23419563137755103
1Fd4SzUHoJT0-UvGrcL5mJsXDbhEhkxDO,cardamine_asarifolia_157_aug_00437.jpg,16173,0.3223254145408163
1MOiX1FZC6ZsQJ6gtd6zK6q3VJTUY36Lx,cardamine_asarifolia_100_aug_00435.jpg,12541,0.2499402104591837
1-NgRtjCHXkS1d3aqQ1OJ2JfqoPgpjf4C,cardamine_asarifolia_43_aug_00432.jpg,15964,0.31816007653061223
1mXD6PZxEYCZtPpKRW0T_axied7hHB6kN,cardamine_asarifolia_57_aug_00434.jpg,15828,0.31544961734693877
1XxoGSpzzf1U2zVoKDPaJQDfzlLUSir8j,cardamine_asarifolia_113_aug_00431.jpg,12985,0.2587890625
1jrqOY3hX5-5a8oEgSFq4sEkeu-UFOoZR,cardamine_asarifolia_434_aug_00428.jpg,14836,0.29567920918367346
1g5c-XgYHHOzHPCQiz4rNYQ7lUUeEGEea,cardamine_asarifolia_477_aug_00429.jpg,14864,0.29623724489795916
1plq-maSPHsZ-nqGKJrFLuFTupU_OgQxF,cardamine_asarifolia_90_aug_00427.jpg,15665,0.3122010522959184
1NDpLDlN3JDsm7jomMSNOvVNXir3Z9co3,cardamine_asarifolia_503_aug_00426.jpg,15403,0.30697943239795916
1vVA64570e2APfE37HP6tFXzU7OpY16Yl,cardamine_asarifolia_43_aug_00425.jpg,14965,0.29825015943877553
1l-4LOUaXI51GZ8vrGazNEJs9Bg2_ERAc,cardamine_asarifolia_281_aug_00423.jpg,15628,0.3114636479591837
1it_pUOacJRu26G7fCb0QSOUjitnz37Uy,cardamine_asarifolia_252_aug_00422.jpg,14386,0.28671077806122447
1yHenHXoTZlI66YKz-yreLN0AwnoVpfmz,cardamine_asarifolia_157_aug_00420.jpg,14693,0.29282924107142855
1c2llsrPBoIliQMknNudmN6xJsgNgZ6ZD,cardamine_asarifolia_574_aug_00419.jpg,14813,0.2952208227040816
10QdcAI9LIiRX40B3KlXOe8owlDAdFQBJ,cardamine_asarifolia_157_aug_00415.jpg,13774,0.27451371173469385
1A826ErWaV5f72NMQyv1l9nk5_EMEr-U3,cardamine_asarifolia_132_aug_00413.jpg,14242,0.28384088010204084
1oP_4B9eB5eDqs9-R-F33E7DePR_3nVwj,cardamine_asarifolia_281_aug_00418.jpg,11482,0.22883450255102042
1dMIg2gV7CBTSAnawzwbr9Sk5bx0ovDKL,cardamine_asarifolia_167_aug_00414.jpg,16148,0.3218271683673469
1Yi9-4HUGC5kSOKhXdy1rhRGbxk4TfLUx,cardamine_asarifolia_148_aug_00416.jpg,15554,0.3099888392857143
10Kopge_1URvBp4Z03HXZwpg-e1hZF_FO,cardamine_asarifolia_371_aug_00412.jpg,15814,0.3151705994897959
1YAtXxSUfgQffxeCJKytGmyghHgThhf91,cardamine_asarifolia_2_aug_00409.jpg,12505,0.24922273596938777
1diYUTEY4U_T176CChqV6U3yRZpH6iARD,cardamine_asarifolia_52_aug_00411.jpg,15097,0.30088089923469385
1rE4bkaX27LiqrHbt3hTQfSLH7AKWpEyq,cardamine_asarifolia_113_aug_00410.jpg,15526,0.30943080357142855
1KauTHT-jeMaWKueR0XffaFY06lPx7fFC,cardamine_asarifolia_477_aug_00407.jpg,14788,0.29472257653061223
1MC09EIWVXY27h2Yc9SEXX5j4WAPCC01_,cardamine_asarifolia_57_aug_00406.jpg,13962,0.2782605229591837
1iiNrSnwiM0A_uLYx7HiDJkbAbvwIX-cz,cardamine_asarifolia_157_aug_00408.jpg,15186,0.3026546556122449
1slRCj7uX8-fCQRA7ucR3l4nLjjEpVtmG,cardamine_asarifolia_175_aug_00404.jpg,15426,0.307437818877551
1bpNtsvVoreeEjjCFZoNLnzHEL1aQbPTV,cardamine_asarifolia_477_aug_00403.jpg,13326,0.26558514030612246
1lKNtfUozGHIR4vadfs7ufLNK5-AyM3qC,cardamine_asarifolia_238_aug_00405.jpg,16507,0.3289819834183674
1rFxpVLCi8QMyC1_Koq_d9jDJqHOcA18x,cardamine_asarifolia_90_aug_00401.jpg,13178,0.2626355229591837
1PZNyVoGKPy2vNoOVSBwKwAnJn-wJzSH0,cardamine_asarifolia_157_aug_00399.jpg,15604,0.3109853316326531
1mtDkrheEeY54LeYzt_oxovWQRKQkniPB,cardamine_asarifolia_238_aug_00402.jpg,10927,0.2177734375
1phvfheOKsUzkYd3Nw9iyLFA4lMtV7xsa,cardamine_asarifolia_238_aug_00400.jpg,15780,0.31449298469387754
1cFNn1ldJBfGzbjHXi5xd5l9_HVajtv7m,cardamine_asarifolia_100_aug_00397.jpg,16680,0.33242984693877553
1amwVLG9ZNKagZCgsvoDCPjUD5qcZrmh9,cardamine_asarifolia_57_aug_00396.jpg,15822,0.31533003826530615
163h39GD1YNtcC0w2Ww4Ao87soLms0dWv,cardamine_asarifolia_90_aug_00398.jpg,14973,0.2984095982142857
1II_qo9X2NXV-5CWPj7PIkejyUp8dqIgi,cardamine_asarifolia_167_aug_00392.jpg,13088,0.26084183673469385
1YN2q0mEbqKDPtWpMYe3M4-IjY2xKDFJm,cardamine_asarifolia_57_aug_00395.jpg,15063,0.30020328443877553
1Bb7T907hZA7hteBGBBP09zGuehK88Fih,cardamine_asarifolia_175_aug_00393.jpg,15061,0.30016342474489793
12TGoYOGc54f6TQL10uxQ2TTXjMdJNFy2,cardamine_asarifolia_205_aug_00394.jpg,13598,0.2710060586734694
1cA2V7obD0Vvkz3X0g-QgtZEesRKHIhok,cardamine_asarifolia_548_aug_00391.jpg,14865,0.29625717474489793
1FKwMlrtvnODBrwYiXLH8XmfAIzEIO3jD,cardamine_asarifolia_357_aug_00390.jpg,13377,0.2666015625
1fGIlh3LwktcE6W5IAEEF7zaO7XqHJ_by,cardamine_asarifolia_330_aug_00388.jpg,13626,0.2715640943877551
13glaFFAWrxeN8CPsT1Sf0dUuUoT5EN8u,cardamine_asarifolia_533_aug_00386.jpg,10146,0.2022082270408163
1XyZ6xgTndvYV7imihEGKsVG72THC9wto,cardamine_asarifolia_132_aug_00387.jpg,12482,0.24876434948979592
10WuBj3bFOqVKOGYRvFgZQzxlLS-RQy4W,cardamine_asarifolia_548_aug_00384.jpg,13313,0.2653260522959184
1etosE2qlu9I2Umlj77EaOe25iCX5l6gE,cardamine_asarifolia_71_aug_00370.jpg,14335,0.2856943558673469
11TAu5yHOr4167TKJdb7LbvTe6X0fpWDB,cardamine_asarifolia_407_aug_00382.jpg,15123,0.30139907525510207
1dvz6Ii-dEIFSbvk57inyLSxrTSSRrED0,cardamine_asarifolia_548_aug_00383.jpg,15448,0.3078762755102041
1eWaj52ZH3D4mitVOj-1kx4b1sPbcct1r,cardamine_asarifolia_113_aug_00380.jpg,13340,0.2658641581632653
1E2o_LvsWJA2RENd8A1m4xT12Wre6LMNR,cardamine_asarifolia_330_aug_00379.jpg,14730,0.29356664540816324
1q6TWLvxaErNEs17xoy_p3H339R81I4cf,cardamine_asarifolia_183_aug_00375.jpg,13818,0.275390625
1b9l3YzEWKW2QBrzbJRr9iWrfvjVXlxZj,cardamine_asarifolia_57_aug_00378.jpg,12729,0.25368702168367346
1Nmmo41u7moREzXLD8VWTOdHwmdfjBtJh,cardamine_asarifolia_281_aug_00377.jpg,13628,0.2716039540816326
10WxbLjbHFxhoJwT0ZeAbETaS83bkJ8aw,cardamine_asarifolia_43_aug_00374.jpg,15847,0.31582828443877553
1I7Brq3atl4kJcOqXmQJH6QAseCMm1hPe,cardamine_asarifolia_71_aug_00369.jpg,13799,0.27501195790816324
1hnDfzoo9HuVUCCs6dbsFjE_uTZBK4smJ,cardamine_asarifolia_132_aug_00372.jpg,14786,0.2946827168367347
1mf_l5AyO_AjLlqkH2DJCiYuA98PYgEi6,cardamine_asarifolia_269_aug_00371.jpg,14340,0.28579400510204084
1SOi0IA87F6JpeSAA8zu-c-VFL8wHo_Wx,cardamine_asarifolia_357_aug_00373.jpg,16273,0.32431839923469385
1uVEoHIH4gvMTu10gOQz5sfR-WkgOZ2jN,cardamine_asarifolia_183_aug_00365.jpg,15544,0.30978954081632654
1oYkO16LglrnoGqAszfkTUfr1uHGlGEDh,cardamine_asarifolia_269_aug_00368.jpg,16122,0.32130899234693877
1wsNmKO6wCzm9j6OSMjBwD32_r2VoCwkg,cardamine_asarifolia_503_aug_00367.jpg,15353,0.3059829400510204
1L_RYHgZQTg7T8AARpKdvBw9JnWSR2tmk,cardamine_asarifolia_393_aug_00366.jpg,15835,0.3155891262755102
1hNTJpkP-uJ7FucGJ-SI8uHTe0OrBmyoY,cardamine_asarifolia_521_aug_00362.jpg,12898,0.25705516581632654
15wlEz7OqE0Cbi5PhYXMFNebN1nhbfxRk,cardamine_asarifolia_100_aug_00364.jpg,14044,0.27989477040816324
10uSnBpoLKkOc968UHp9q70JBNbkcQeV6,cardamine_asarifolia_574_aug_00363.jpg,13874,0.27650669642857145
16snD3tjEQaGWpitO4jOLq_GJbBkVqEVT,cardamine_asarifolia_568_aug_00361.jpg,12753,0.2541653380102041
1N5qNufoGXgss4_Gv5Q73yxsDCcVn_WWF,cardamine_asarifolia_371_aug_00356.jpg,16579,0.33041693239795916
1pFzxWJaZf_PYkvkdz8SMjUO96RpCU9CS,cardamine_asarifolia_71_aug_00360.jpg,16161,0.322086256377551
1E8ULyj0_HHVzb_oCuBM48p38h2J5wQn3,cardamine_asarifolia_407_aug_00357.jpg,15568,0.31026785714285715
1UHGMbAwNBU4wI6bZslaAnUqfe9-548FH,cardamine_asarifolia_371_aug_00355.jpg,14240,0.28380102040816324
1Xo26ImsRa8TFgVmir7sHPKyoun1Vlmez,cardamine_asarifolia_330_aug_00358.jpg,15300,0.3049266581632653
1EEnbF4zznWN_DY9fUHJGZ0mTFrxWc8nV,cardamine_asarifolia_252_aug_00353.jpg,14828,0.29551977040816324
1QXCf8bFU8bJmCWs72MycFUBEdfpJY91s,cardamine_asarifolia_434_aug_00350.jpg,15518,0.3092713647959184
1Ltzx-VlElV-CIHD9UBak0XQUq_1sJSey,cardamine_asarifolia_167_aug_00351.jpg,16520,0.32924107142857145
1-PuwkOxblzB7IakTaMUbw-FmYtumO3n-,cardamine_asarifolia_57_aug_00348.jpg,14784,0.29464285714285715
1_9FhXLiD92VwgWCpe6Ian_FjTH2qRJqp,cardamine_asarifolia_205_aug_00346.jpg,15117,0.3012794961734694
1YCRiXRcaDiozK8iSMeD0RkjVYjs1VQtY,cardamine_asarifolia_548_aug_00345.jpg,14026,0.2795360331632653
1gwvKJ2qULQ5mzDrqy6RextWXrVCBH8F-,cardamine_asarifolia_157_aug_00344.jpg,15769,0.314273756377551
1UJnaSgttSUP28De772zrZjbhvDXTmfmF,cardamine_asarifolia_213_aug_00342.jpg,13652,0.27208227040816324
1RMyqIo9mr3wwhL4eXaJdTFd-zTQSBf6O,cardamine_asarifolia_357_aug_00339.jpg,12149,0.2421277104591837
1ZCDX48giHZWzdHZfABmuZ89AMiQMSHGX,cardamine_asarifolia_589_aug_00335.jpg,12883,0.2567562181122449
1dEjqZP7JBeAiHsmqECNSnqWwyLYbZeT4,cardamine_asarifolia_393_aug_00337.jpg,14805,0.29506138392857145
1C78VlRxcTMTiv0wtejzqwy9SevoZSJBK,cardamine_asarifolia_574_aug_00336.jpg,12151,0.24216757015306123
11lvSn0Z-qDfYH_rpUD98T5c9DuAu0Z_C,cardamine_asarifolia_157_aug_00338.jpg,13972,0.27845982142857145
1-mkc7K47Ee_oILqzMKAn4997SS2wq8Dl,calotropis_610_aug_00441.jpg,11189,0.2229950573979592
1Xrsu9d-q2304Uvw5mtcs-pEV6SIyX95b,calotropis_473_aug_00439.jpg,9433,0.18799824617346939
1Wf2Jwq5zdavJKvMIc-9eWqArWXdhDhOT,calotropis_464_aug_00442.jpg,9104,0.18144132653061223
1ApaN-8_GumV_AQnQySEAPNVl4GsGwR-J,calotropis_114_aug_00437.jpg,10462,0.20850605867346939
15tglsq50rVMY-Xw9XRoy3pstCPcFbPRa,calotropis_520_aug_00438.jpg,9854,0.19638871173469388
1Xn6QkPswZfyNxpgwHbyQqealEKI_zV3i,calotropis_615_aug_00433.jpg,9603,0.19138632015306123
1FhUUGpn_AD6SqfHb8e2aCsqs_OdZfqoW,calotropis_210_aug_00436.jpg,9742,0.19415656887755103
1x5Cdph0FCXcu3Nd7juqbEzt7FJTtevcR,calotropis_35_aug_00432.jpg,12073,0.24061304209183673
18nbs77N6IdgBGBttDTGaDR-fm0kUHdhT,calotropis_298_aug_00435.jpg,9224,0.1838329081632653
11N1ZVCPXWcrmr-f784NEpGc4CFwlDgTR,calotropis_397_aug_00434.jpg,10366,0.20659279336734693
1q65sKNW-2ePXosGb2GtA52_k0s12c47v,calotropis_669_aug_00429.jpg,11994,0.23903858418367346
1aQBp-vdfiZB2HSaJKyx2VD0qQWNtJ0Er,calotropis_242_aug_00431.jpg,9610,0.19152582908163265
1APt6K5b2JJQmq_OfVo_EkKdZL0qIbohr,calotropis_242_aug_00426.jpg,9425,0.1878388073979592
1v5IbXXrTlQvBNaJE9x4-hYrscqXVFjZE,calotropis_242_aug_00424.jpg,8296,0.16533801020408162
1o2Mne7u_ybicY7FQAHDi3h9Ey3oEei0P,calotropis_648_aug_00427.jpg,9189,0.18313536352040816
1YYSg-2RgzU949Y1un-_31fnjkNgus_Fe,calotropis_554_aug_00425.jpg,9837,0.1960499043367347
1j_ScN2J8J-r7EU2YQZfZftavlbp_kVH9,calotropis_156_aug_00422.jpg,9838,0.19606983418367346
1Dp94FKdyBp4T7Riabv12hlGlvfTO5XZ3,calotropis_559_aug_00417.jpg,9166,0.1826769770408163
1nm923HIJMP5GOOmW_K1GKH98New-W9Gl,calotropis_473_aug_00423.jpg,8229,0.1640027104591837
1mB1vEL-uNMnoEEuyzuu0s0_iRJsDzk4r,calotropis_669_aug_00413.jpg,9008,0.1795280612244898
1jq8iLUmCUlyrHHPdhJmzaqmiL_PSdVp1,calotropis_175_aug_00418.jpg,10768,0.2146045918367347
1Vlopn_JLpTRs4gpja3R1RTJ1O9VCdRhL,calotropis_175_aug_00420.jpg,10435,0.20796795280612246
1UsYmTau-OEIsRVyPf1L_JKoBjEEJu5ue,calotropis_298_aug_00419.jpg,9115,0.18166055484693877
13NnoxvsrZX7q4hYqABPwk061O3kuL8uA,calotropis_489_aug_00415.jpg,9452,0.18837691326530612
1PQUEqf4zR8zObqlJWV3jbM3cnqIpr3rg,calotropis_628_aug_00416.jpg,10475,0.20876514668367346
1GIKLtbRUzRWroIIGMmTELZAahh0ZoIB-,calotropis_610_aug_00410.jpg,9976,0.1988201530612245
1uQvHtGs65Yfaw3aTkCjHKodfArCz5WpW,calotropis_156_aug_00414.jpg,10308,0.20543686224489796
10JCyLrjBYKEq-Ms_s8zYLdf7JH2Mp7Su,calotropis_559_aug_00408.jpg,8467,0.16874601403061223
1UX2AAjc5bgkVpV9s-homHm7YpmQ94t4u,calotropis_156_aug_00404.jpg,9690,0.1931202168367347
1ODif0A6UDEF0zZrCbDXVs2yP1N_PdeoC,calotropis_187_aug_00411.jpg,9579,0.19090800382653061
1C6VhQhrdODyGrh7F0VTBPK8GDAvjNy5Q,calotropis_280_aug_00407.jpg,10566,0.21057876275510204
1-uzUotZC1G_BPqANnvKKaHlbnXmU5ugF,calotropis_554_aug_00409.jpg,8951,0.17839205994897958
1LfbqeylVvTR_CWBhTcH8hjLlApTBHDMe,calotropis_587_aug_00405.jpg,9827,0.19585060586734693
1UR75eD-TjN6-FXG2RmDuqf38svXdv4G2,calotropis_499_aug_00406.jpg,9020,0.1797672193877551
1z0oVNlx-8Gw8lo8F29JuUqHGJVofQW6p,calotropis_397_aug_00402.jpg,9809,0.19549186862244897
171F5sg6Z7ZWPWfnsTpY6DtlVa-7G0H5I,calotropis_1_aug_00400.jpg,12764,0.2543845663265306
13z6MfpUsGYolNLGeMr4LrJ_-f8faoIPp,calotropis_324_aug_00401.jpg,8951,0.17839205994897958
10LK-O3kgOYwlPHW4-K2OqKe3_lBZPR1t,calotropis_599_aug_00398.jpg,10744,0.21412627551020408
1yyGhQYkqDysBA-qG67ygMDy9d_HP3WKa,calotropis_587_aug_00403.jpg,11018,0.21958705357142858
124g0dLGjfG4KVSio1GnPC-hpumb0UMZB,calotropis_571_aug_00399.jpg,10069,0.20067362882653061
1PAVPvVHkxjiNX2wWOCin6g5wUrqQFjlc,calotropis_464_aug_00393.jpg,8428,0.16796875
1ExhLMCFX5G1ZrzP85JJOiRLNAXYrFUWO,calotropis_249_aug_00396.jpg,9095,0.18126195790816327
1URacn0DGFY25NQ6kBBM5QD8MXBxOx0ru,calotropis_196_aug_00395.jpg,10034,0.19997608418367346
1gg8lP4F8k4HOIq6vKlPq48fFQjHJ9Ve5,calotropis_610_aug_00394.jpg,9987,0.19903938137755103
1Iru697XnqMRLjx0HZS5DfOZcR7_KA17u,calotropis_520_aug_00391.jpg,9768,0.1946747448979592
1cXq9KCgOdif-zFKb-dm3S-JsnG2wspfl,calotropis_271_aug_00392.jpg,9772,0.19475446428571427
1brTM-cv_V4wHpVAL45nXL-nX__Aa7KoD,calotropis_379_aug_00389.jpg,7994,0.15931919642857142
1NFxO3WiWUAvs-3HiVj8PAgy2yXS3efmX,calotropis_397_aug_00387.jpg,5735,0.11429767219387756
1nIcMg1d_DeYMThDWGNM7uMICJ3lAZqA-,calotropis_425_aug_00388.jpg,7473,0.14893574617346939
1r21KTPxP2Jm0zaJ4W31yQrC-U55DV777,calotropis_610_aug_00385.jpg,8824,0.1758609693877551
13NcGAxOKBdBHqtBIBkRlGdhPqjTOcg9z,calotropis_175_aug_00386.jpg,9574,0.19080835459183673
1nenpJUJnpiG-u96lacdoiCDq8ovRCotC,calotropis_128_aug_00384.jpg,10190,0.20308514030612246
1ogLB7ukTuotTBdFG7s_e19MoVFduKnJM,calotropis_102_aug_00383.jpg,10452,0.20830676020408162
1WzWJxNrHqCuwoiMsvfb0hjHyIh92P5G2,calotropis_669_aug_00382.jpg,7876,0.15696747448979592
1Sch0j6NQLX0K4vnBQTRlhoNJpOJsQFMP,calotropis_156_aug_00380.jpg,9297,0.18528778698979592
1Ly-W5syCREYzQPbp7qfqsbnhLUXSoNGi,calotropis_128_aug_00378.jpg,10422,0.20770886479591838
1P2FmZrZgh-hYyE32k300C4nn_xfeHoUe,calotropis_554_aug_00377.jpg,10272,0.20471938775510204
1kgvu2nzviWetwzfUgJ85FHun_9VCPt0U,calotropis_559_aug_00375.jpg,9028,0.1799266581632653
1QEnheBIB2wmxDReEGQ4thJwNuTTo4zEN,calotropis_510_aug_00374.jpg,9414,0.18761957908163265
1ZC-Tl1K3wwkIPJ2QydVx6iyFd9w1DTcW,calotropis_648_aug_00373.jpg,10325,0.20577566964285715
1KYPNZL1dsQAJ70ZW2f00_GSMHrBOBoJI,calotropis_271_aug_00372.jpg,9611,0.19154575892857142
1jxrwrostPUu7KMLlYoyy3u12ssLf3oj-,calotropis_379_aug_00369.jpg,9487,0.18907445790816327
1oeSJPDPPhRBaWnelC3HkqED9O0vCd9WV,calotropis_74_aug_00370.jpg,9426,0.18785873724489796
195oL3u2h6I6X0K3M0EhTtGL2PYpDiMW_,calotropis_114_aug_00368.jpg,11212,0.22345344387755103
12ZeOnbPbRFzBWSEv-FJtp3AJ3K9kHi9v,calotropis_571_aug_00371.jpg,8008,0.15959821428571427
1rZVEJE38_slSzZdJPngPy7CfoXxOZnVC,calotropis_580_aug_00366.jpg,9434,0.18801817602040816
12Y1NBF5xuxANNNpoxwAxqIQn2_1iytWu,calotropis_615_aug_00365.jpg,8299,0.16539779974489796
12pAd0zOALX-T-sznuHxWyA-X811yjUCr,calotropis_652_aug_00367.jpg,10482,0.2089046556122449
1bta64kuLJ9KM72Lbpy8bwMA6GInXl_tz,calotropis_175_aug_00363.jpg,9579,0.19090800382653061
1K6_ybZ6AWhboamey5hRL9zCe6iVhXC4H,calotropis_489_aug_00361.jpg,7404,0.14756058673469388
1TdBEjILdl4b8f5QhT3Q4HEEciIXIoaoR,calotropis_210_aug_00362.jpg,10697,0.21318957270408162
1TnWmviSivoZM7LWDwfGxsRRSyqtYxvEM,calotropis_539_aug_00360.jpg,8156,0.16254783163265307
1CbQZ9X88oIWiMmQnT_UCxhagPk9Fe3fL,calotropis_102_aug_00359.jpg,9444,0.18821747448979592
1V9S5NuwCMytl1agISbgndT1pYlw574-W,calotropis_249_aug_00357.jpg,7961,0.15866151147959184
1WlEcjdlTFuHx2jnfEvhj4Rw3OZ2FAgKl,calotropis_628_aug_00355.jpg,10416,0.20758928571428573
1htToCjuFXGPk-eIeXSciGg9l6nqYfrVf,calotropis_187_aug_00356.jpg,9261,0.1845703125
14hJyZjmBujJ-fugL6TyUjKBEZ8qAIopV,calotropis_257_aug_00353.jpg,7635,0.15216438137755103
18OtCU6mCDI-cbMuFTXB7V-oT_JjUfbSo,calotropis_257_aug_00354.jpg,8927,0.17791374362244897
14vN2eK5Kk_fsj75WMrwLuSb7s6PgDtiO,calotropis_210_aug_00349.jpg,9144,0.18223852040816327
1pSXUb7aNpQ_G0bV07G6vxKcwLc9z98Ad,calotropis_102_aug_00352.jpg,12601,0.2511360012755102
1zDuC_0Yo8frVChAQhDAVZMzj87mQjS_y,calotropis_383_aug_00351.jpg,10011,0.19951769770408162
1opeirF2VyGgYcn_9rfbsF0yG42kAjmfm,calotropis_656_aug_00350.jpg,11409,0.2273796237244898
1MsSzNLbdmhsdeIL8zXTog71i7VBWGlkc,calotropis_644_aug_00347.jpg,10201,0.20330436862244897
1BcHivEL2GnnRU3Uw26VLOLc-3Soigt2M,calotropis_242_aug_00348.jpg,9282,0.18498883928571427
1PCvFFJrS4uJKW1QJt5qw8Gi3YoS3ZO37,calotropis_35_aug_00346.jpg,11198,0.22317442602040816
1Tm2PmN9FSDnNPY21KWmAH0DXos4-BD_5,calotropis_349_aug_00344.jpg,10215,0.20358338647959184
1eBSb09V1875XNRxIBI6Lz3UVzhOPKPfi,calotropis_599_aug_00342.jpg,8924,0.17785395408163265
1-EntFgERN91MBI14RqdJeY8xDnpkiirC,calotropis_473_aug_00345.jpg,5588,0.11136798469387756
11Mdv-jZW9YrjwCjQvPoe-6CdKbFEtd4A,calotropis_499_aug_00338.jpg,9185,0.18305564413265307
1ozGnRM7afgKDIX481Kx_Hbe19r9EKERV,calotropis_187_aug_00343.jpg,7658,0.15262276785714285
1aAfQ0WgYx2ebPMHLFHOzKTgqoHUmgPX-,calotropis_349_aug_00339.jpg,9365,0.18664301658163265
11X_Bg1v8nNt4nC5yVrBzgbyjg2K7L_NX,calotropis_74_aug_00341.jpg,11333,0.22586495535714285
1iNSbpb7j575laR7HXHxnqwY6TSA1AF8l,calotropis_554_aug_00337.jpg,5477,0.10915577168367346
1yid8OKqhlH5Al8Ad_0f2TXOdlkNxysRZ,calotropis_324_aug_00332.jpg,7428,0.1480389030612245
1QvH_BF1dOXKo5bgCQuLrW7nQfZL9eXdi,calotropis_298_aug_00333.jpg,9470,0.18873565051020408
1Fy0FWmf9xbRS3OS_1ORAppawSEeSZZXU,calotropis_499_aug_00336.jpg,8705,0.1734893176020408
1zoWg0JZDNBZPY-j_2jsKjONoY_-ZOx1N,calotropis_660_aug_00330.jpg,12013,0.2394172512755102
1X1A_fycioDEFVrotXecSBldI4nSCGU2o,calotropis_489_aug_00325.jpg,10358,0.20643335459183673
1r61ZDVpia7s1xY6FIc5pGNASaBk917yB,calotropis_324_aug_00327.jpg,7411,0.1477000956632653
1-5OoQlQcQTn5ZzirOAJDouXgxc0X5CdN,calotropis_210_aug_00328.jpg,8626,0.17191485969387754
1snrQ2J0_Rut79FruDauJoxHUIs1D9l4F,Buxus_sempervirens_317_aug_00450.jpg,17089,0.3405811543367347
1Ixnt4IBkpiE2kabF-dxLbneD4N7o7PTK,Buxus_sempervirens_331_aug_00453.jpg,16405,0.32694913903061223
1GKtzo5w-K6oalJgd1r3zE2Y52XE4mmhC,Buxus_sempervirens_312_aug_00445.jpg,16394,0.3267299107142857
1LiJXCt7Dxb0KaOF8xUsaAvVlZB9AfMgF,Buxus_sempervirens_242_aug_00449.jpg,14551,0.28999920280612246
1PkccGg4p5E60GbxckWTjNfy1roLmGfGt,Buxus_sempervirens_312_aug_00452.jpg,15677,0.3124402104591837
1QEOMu-hwYeaZjTQCNvJWXXp6Ld8JEcrD,Buxus_sempervirens_390_aug_00446.jpg,12798,0.255062181122449
1tfb4khc-syw8GzzPW05sI4AGALuM1CW3,Buxus_sempervirens_417_aug_00447.jpg,16555,0.32993861607142855
1uXfnD9HdgAOz2DHwuRHwISCB_XW--6I7,Buxus_sempervirens_268_aug_00444.jpg,14918,0.2973134566326531
1tuLnth8zQtKpGkChKlHwKvqGBLGlP7bX,Buxus_sempervirens_281_aug_00443.jpg,13989,0.2787986288265306
17uEpgM4McBMdmdZ_UzNAnue-gdWIP1Mu,Buxus_sempervirens_277_aug_00441.jpg,13046,0.2600047831632653
1777WUNA7VBPU6uIWcJq2hn38NpZ5BXQV,Buxus_sempervirens_252_aug_00439.jpg,9308,0.18550701530612246
1Ynu_ZBS424MwSIllAIwmCm-J8JPxn2US,Buxus_sempervirens_71_aug_00436.jpg,14947,0.29789142219387754
1baWrbTYUo6zQ2drPE8IUuU5XlF2Gkpqd,Buxus_sempervirens_216_aug_00440.jpg,16492,0.3286830357142857
1rSdviu9SnZR2dmwiWHWmdM0sl-cOFuUB,Buxus_sempervirens_331_aug_00435.jpg,17427,0.34731744260204084
1q1KgN3oun90J9DB9h28NzEoyYR9OzgqH,Buxus_sempervirens_58_aug_00437.jpg,13972,0.27845982142857145
1ltiqPu1llg3qGqPTPaXJu9BjU9tlx5KA,Buxus_sempervirens_268_aug_00434.jpg,14911,0.2971739477040816
1xUI1nzR-Wxef1OfWizE8uFerrv2rBU9q,Buxus_sempervirens_277_aug_00432.jpg,7985,0.15913982780612246
1SI_8gk0udt9-fYgbeiBVFHPpXyp32IdT,Buxus_sempervirens_285_aug_00431.jpg,18718,0.373046875
1c3iczVg8x3RivEcs_1DNXbg1TkYGu1Cx,Buxus_sempervirens_277_aug_00433.jpg,18840,0.3754783163265306
1y7e33d1a14vsVQDRbO6YiFm4iW_fBdon,Buxus_sempervirens_268_aug_00428.jpg,16994,0.338687818877551
1Se-OgVL956D1EtFpteV8U4HeaUFgnIKQ,Buxus_sempervirens_149_aug_00426.jpg,13234,0.2637515943877551
1VQ3fZq4TxIUbYOSKIKkbcIPZayQcqJEb,Buxus_sempervirens_31_aug_00422.jpg,7175,0.14299665178571427
1FMzbRub4sF56No5BPE84xWouJmiNQEQ3,Buxus_sempervirens_259_aug_00425.jpg,17137,0.3415377869897959
14YMCjJJNhEJ0Om1LGFZD_IkM37-zgUBm,Buxus_sempervirens_71_aug_00424.jpg,17297,0.3447265625
13sY-iDSOqdMuKMOaTuwxNW_RDsNbNgms,Buxus_sempervirens_285_aug_00423.jpg,14723,0.29342713647959184
1y-8Tp1kl6Nr9_M1J1_dqEpsx__SraTK_,Buxus_sempervirens_133_aug_00421.jpg,11538,0.22995057397959184
1k0e6881ohWKHdknR6M546ZdgE3blDQWu,Buxus_sempervirens_31_aug_00420.jpg,16710,0.33302774234693877
1vw7uQ5SysqImfSPo0cJeStgL_2uq6ilt,Buxus_sempervirens_390_aug_00417.jpg,11308,0.22536670918367346
1p1ahub5rocw-ko0LGSlxJvDxkch_z1rl,Buxus_sempervirens_393_aug_00416.jpg,16174,0.3223453443877551
1lX3kGDveS8kVdYvfahRrP1LkMaDRo-Sr,Buxus_sempervirens_58_aug_00418.jpg,11836,0.23588966836734693
14cfTkpR_kI46srxR3dCCkqI3e1HMR29_,Buxus_sempervirens_268_aug_00413.jpg,16770,0.3342235331632653
1D-8fI9ZJShGGbEnK7Di-YbrXW7B0eryP,Buxus_sempervirens_31_aug_00414.jpg,17593,0.35062579719387754
1dmrUNraKBYWH6n51EdRBICikKlEGWZCP,Buxus_sempervirens_376_aug_00408.jpg,17180,0.34239477040816324
1769XE303iaGs-Bge-3L9NKraJg7X0Spw,Buxus_sempervirens_417_aug_00406.jpg,14668,0.29233099489795916
1vKZMt0QN1MqKGzeLnXUDHAd-mfBGXj6Z,Buxus_sempervirens_322_aug_00410.jpg,13699,0.2730189732142857
1PgjJt-UMd4gjXmsD20jG6ElowR7PiDpm,Buxus_sempervirens_390_aug_00409.jpg,17717,0.3530970982142857
16a9NnsGUiUhqZ3Uj9h9fApqeHgy30Ooc,Buxus_sempervirens_133_aug_00411.jpg,12117,0.24148995535714285
1Scaykm-DnUQdMWq4PTFpfr9-8MckSktG,Buxus_sempervirens_264_aug_00404.jpg,14188,0.2827646683673469
1Sty7unZR8trA3xjP9TyNM2BzYuYQBwL-,Buxus_sempervirens_312_aug_00403.jpg,14353,0.2860530931122449
1t-I9hUSBGFRDmi9Xt_MHVU6xAAFg_py_,Buxus_sempervirens_309_aug_00405.jpg,7955,0.1585419323979592
1o5kq_htRVguHULOYn3Hz9Yb2T8bPzeT_,Buxus_sempervirens_198_aug_00396.jpg,10796,0.21516262755102042
1IsrmnhZjsF2u4mPTvaa3T4X5IgY_EE7e,Buxus_sempervirens_376_aug_00398.jpg,13352,0.2661033163265306
1wJnemWAUTjRcsQ_oNJGhOZ3mlSDKIWio,Buxus_sempervirens_350_aug_00401.jpg,14480,0.2885841836734694
1oQHiDPg95NCz4QQ2vGjsn_eZPKn8Cy15,Buxus_sempervirens_275_aug_00400.jpg,17796,0.354671556122449
1kpxwDsxlTdyQDfIOpgmpsd3wj9v-fuaI,Buxus_sempervirens_383_aug_00395.jpg,10454,0.2083466198979592
1cBKsT0oLG8CD7pQMFq0KV8jESTQj_bnb,Buxus_sempervirens_299_aug_00402.jpg,18663,0.3719507334183674
1pAsArVDsF6Tdp9fToKk7SCFxHYK62jmG,Buxus_sempervirens_198_aug_00399.jpg,11225,0.2237125318877551
1tdD-sPDz8rApHBVDsQDz8Lxx2tCCH9c-,Buxus_sempervirens_383_aug_00394.jpg,15499,0.3088926977040816
1cwO2DeqJC_XhvvEG7dmp5-gdEdCDYZzc,Buxus_sempervirens_376_aug_00393.jpg,14036,0.2797353316326531
14e0iieuBGeGSk1-WuCQfo-gQoqpbLmmj,Buxus_sempervirens_198_aug_00397.jpg,16427,0.3273875956632653
1iyuwq_xcFsohAswrvEa-P7oSpBulo5ln,Buxus_sempervirens_222_aug_00391.jpg,11232,0.22385204081632654
15459_YhMt81k2VRTThDoPf2L2d_ZVSQS,Buxus_sempervirens_35_aug_00387.jpg,14193,0.28286431760204084
1GFkT0xdm6brZC2Zp4mPqvJ-LMLEuYJUa,Buxus_sempervirens_210_aug_00389.jpg,15392,0.3067602040816326
1NTGtiTSaZdy0lI9M4agt1nOMf2Bd5ZS1,Buxus_sempervirens_383_aug_00386.jpg,15967,0.31821986607142855
1e7B0BBx_KBRCnBe7v6yxZN0DQJde-m76,Buxus_sempervirens_71_aug_00384.jpg,16866,0.33613679846938777
1uF0r-H8PL1gzJV26xVfS-eBeaxot4ruG,Buxus_sempervirens_393_aug_00385.jpg,15952,0.3179209183673469
1tc5JZwiCvyE4CwZXAzUHzaDc9tKjwwpA,Buxus_sempervirens_35_aug_00381.jpg,8888,0.17713647959183673
1DqtDCcCXkLbnrV75mrcZ5AfKqnJ9YNIh,Buxus_sempervirens_31_aug_00377.jpg,17699,0.35273836096938777
1J3cuteMGMliiKkm_fmuDDLfF6t59QnmW,Buxus_sempervirens_309_aug_00375.jpg,15163,0.3021962691326531
11s7Dsge4QRa0_T40LNy-zNlAM4qYihbi,Buxus_sempervirens_268_aug_00380.jpg,16179,0.322444993622449
1evmUscF_2Tq6rioYNwSG2KbcRekznL8W,Buxus_sempervirens_319_aug_00382.jpg,13999,0.2789979272959184
1azTHtQ7-RJwwZd_OiA-Wmn9eLtxyTF3h,Buxus_sempervirens_357_aug_00378.jpg,15098,0.3009008290816326
1pT6hxtDlibT8BbW-0cbsC7TBKlpR4jLo,Buxus_sempervirens_357_aug_00376.jpg,16032,0.319515306122449
1zq6OViEcEV3FvYdcdmxMz9T8n_N4TlQb,Buxus_sempervirens_281_aug_00379.jpg,16995,0.3387077487244898
18idDNj_xUc9L4ju3ROoQW7fZ6KZ2-WZn,Buxus_sempervirens_171_aug_00373.jpg,17073,0.3402622767857143
1GfnZjtjLfmzHuFK4QfTV3kpyLYG1DHIZ,Buxus_sempervirens_281_aug_00372.jpg,14593,0.290836256377551
1YAslJTfCTVzZaVE7WdKVGmlOynLYovTi,Buxus_sempervirens_242_aug_00367.jpg,10956,0.2183514030612245
1GGcBm5sOBJUgNto7-WTGZk4TkiHzS8Or,Buxus_sempervirens_58_aug_00365.jpg,14029,0.2795958227040816
12KWUbZin7S06X0sCkXkhWywOY75w7eEQ,Buxus_sempervirens_398_aug_00368.jpg,17120,0.34119897959183676
1VPulX5OPiUvlK2bpk6J7rWUVl7wcRNUN,Buxus_sempervirens_314_aug_00363.jpg,14093,0.28087133290816324
1ipbQQgXtkABZb8WVSG2NdblYTO9ol2pG,Buxus_sempervirens_222_aug_00369.jpg,10186,0.20300542091836735
1jnlH19Vx33jzEzfRCRgB2lNrt4dAfGvN,Buxus_sempervirens_314_aug_00366.jpg,13358,0.26622289540816324
1nd7Joe67ksbUAx3tpFvQ8rW8synCr4Vq,Buxus_sempervirens_216_aug_00361.jpg,15066,0.30026307397959184
1RGZtwS1fYbFET-Xg-Y7JzxVYv2twOB1i,Buxus_sempervirens_234_aug_00358.jpg,14456,0.28810586734693877
1Zhbt6bMDOBDCsxu5wsmia9aZpQfi00OH,Buxus_sempervirens_242_aug_00360.jpg,14496,0.2889030612244898
1gpgtUJ1WbdFFpQ5sqXuNVYnbkW5YKRLE,Buxus_sempervirens_210_aug_00355.jpg,17778,0.354312818877551
1lH0AIzsB-vTKeb6xx7MPH8586APES7N7,Buxus_sempervirens_246_aug_00359.jpg,5150,0.10263871173469388
1DM4TUKLu-U003wxHnXLL7FZMWnFETwEf,Buxus_sempervirens_222_aug_00354.jpg,17402,0.34681919642857145
1Mcr5Peua1yth-ceByxupQ0QvJHdZ595B,Buxus_sempervirens_58_aug_00352.jpg,17156,0.3419164540816326
1QgFRB5oKwiZ-Bg0wWq_h_d6i2yFyH1ch,Buxus_sempervirens_376_aug_00351.jpg,17153,0.3418566645408163
1jKPs3DYSazsg9CJvp04U38seY7qVPZta,Buxus_sempervirens_393_aug_00353.jpg,11071,0.2206433354591837
1GELGRolIfwbHL_zM1fuqK3-WuGHIBzas,Buxus_sempervirens_35_aug_00350.jpg,15357,0.30606265943877553
1DVDdV9pkv_K3FB0u1K6gRND72Bz4KUK5,Buxus_sempervirens_376_aug_00349.jpg,16351,0.3258729272959184
1TNyEf9-c02FXovRpUFTll0mwqqfWnF7T,Buxus_sempervirens_133_aug_00347.jpg,12324,0.24561543367346939
1tKqcLD255_eiC8hpsp4gphuwKK9oweJz,Buxus_sempervirens_342_aug_00348.jpg,12363,0.24639269770408162
1G0L380NBnOHzpAKIsM41sIEN6oIYHgU1,Buxus_sempervirens_31_aug_00345.jpg,12863,0.2563576211734694
1lUcmfaNZ-K2nTDRLF_T7E9-wktla0KyE,Buxus_sempervirens_184_aug_00344.jpg,17091,0.34062101403061223
1BQyaDvqSSR7UaZ67bFExXHaGYzvNTIkL,Buxus_sempervirens_79_aug_00346.jpg,13456,0.26817602040816324
1PbO6p-caPBEEw0urEwY7cUVEDrQ0hB9d,Buxus_sempervirens_277_aug_00343.jpg,1198,0.023875956632653062
1MOQN7Cs3paFoF7ZUT35WG_eoxQdXon6T,Buxus_sempervirens_259_aug_00341.jpg,16107,0.32101004464285715
12_3VPOY5BHVBq94Y0PRhsEBCgS-qR0WN,Buxus_sempervirens_322_aug_00339.jpg,19010,0.37886639030612246
1cx1UKrMvlpPeyQ7JPXCtf1n3Ysz4q57M,Buxus_sempervirens_376_aug_00340.jpg,15538,0.30966996173469385
1d1JE4bhd18j5abDQMZhF8I7uEW8prYzA,Buxus_sempervirens_322_aug_00342.jpg,11069,0.22060347576530612
1dQcm2vzpg6BdZIJJNtJq2R0Zwg1Fx4Py,Buxus_sempervirens_35_aug_00335.jpg,12280,0.24473852040816327
1euCaHY0GSaPWh6uLkXzbqGojaQsKBH8N,Buxus_sempervirens_252_aug_00331.jpg,10791,0.21506297831632654
11lpSNmv6jdFzceCaG0mDDjXDDbdBGGIZ,Buxus_sempervirens_350_aug_00337.jpg,9444,0.18821747448979592
1HbwOufHnmk9MyiaJCptNXvyrsvgfch9U,Buxus_sempervirens_312_aug_00336.jpg,16252,0.3238998724489796
11H5KVJpqeBYrfLZZ73DvHkAqrO5RTnp8,Buxus_sempervirens_383_aug_00330.jpg,15248,0.303890306122449
1Q7kQ6vxcXy2-1omZsTAk3flUHlZylBm0,Buxus_sempervirens_357_aug_00332.jpg,16673,0.3322903380102041
1Atqn4N1o9oxM8KlluM-2-vpCf6poG1Ok,Buxus_sempervirens_149_aug_00333.jpg,14457,0.28812579719387754
1t5MvTDXFjRfPJ-kLTLq_3_momr_Q5xEP,Boxwood_154_aug_00371.jpg,13866,0.27634725765306123
15Ks5JoreIePeXbJ6WpdJOqVoh3VE-_0a,Boxwood_122_aug_00370.jpg,12993,0.2589485012755102
1xZqhel5bKI9bMGsvb4e8rr5wSEJdFb9f,Boxwood_157_aug_00369.jpg,17197,0.34273357780612246
1yokaoyVpTIofOBmW1WYnBvmjAxqHnrcw,Boxwood_159_aug_00367.jpg,14202,0.2830436862244898
1rb_h_HS7J4fAEYKY18qhiuSrUzClRcch,Boxwood_247_aug_00362.jpg,17758,0.35391422193877553
1l_-x-le1z_Rj7cW9cP4sBAu5Csgpx1wU,Boxwood_2278_aug_00364.jpg,16271,0.3242785395408163
1KEet4HFnL3MJ1cigdSCoRFjet0T9cW9t,Boxwood_270_aug_00368.jpg,16214,0.32314253826530615
1eHvQANoBsKJnKsIsbrLCW0azhcDu-X8v,Boxwood_319_aug_00366.jpg,16123,0.32132892219387754
19uvQDN76p7bMLCTtBW_vneiNS09fKG5H,Boxwood_340_aug_00365.jpg,17009,0.3389867665816326
1-cAM3GmCvVOWuKL7TgnGNhvHIzT--K2l,Boxwood_104_aug_00360.jpg,13613,0.271305006377551
1PqIelkNcfwFuE9GTlwlm-FNsyAkGv5x2,Boxwood_182_aug_00363.jpg,15735,0.3135961415816326
1G02Y59aZbzJtlW4yabUnM9G0pkyqJpdr,Boxwood_167_aug_00357.jpg,12810,0.2553013392857143
1IXXksrBkvqYx6xmNVe5LOIguq_ECtCVC,Boxwood_1523_aug_00361.jpg,12505,0.24922273596938777
1Pb4Uk67y6hh_VhMhdh6xd7ZAoL-VAMlb,Boxwood_53_aug_00356.jpg,16055,0.31997369260204084
1wMthWBK0HZehvdMRSb0S3gsYL0UJrFGO,Boxwood_2606_aug_00354.jpg,17333,0.3454440369897959
1U7s04Bl8W5-kXj-fNNo-e6bpAgQ4NTwd,Boxwood_4_aug_00353.jpg,14233,0.28366151147959184
1KaXGyyQSI7jQma7xrLZnXkLaUv1Nja0L,Boxwood_164_aug_00355.jpg,16666,0.3321508290816326
1uREJs7LyXqDOEk68HlqpHFNmmssklCDQ,Boxwood_175_aug_00359.jpg,17683,0.3524194834183674
1GdcMvIXx5mddhszeyqWj7l9zZjAfuXP5,Boxwood_184_aug_00358.jpg,14859,0.2961375956632653
1yVi1xNx4poKHyok3xZa3Z-oNzqy5fDax,Boxwood_342_aug_00352.jpg,16651,0.331851881377551
12nRR1mn37a59LgGiOsPCnhbCEEeKizdM,Boxwood_220_aug_00350.jpg,17102,0.34084024234693877
1nPgm1MHlSzajnmSu5CXkwZP9tw6TRscY,Boxwood_137_aug_00351.jpg,16701,0.3328483737244898
1LtBEok8KecmyVhsUZEszKDvYoKgdBPs2,Boxwood_270_aug_00349.jpg,16728,0.33338647959183676
1Hfyu-UBHt7XBmvimlN4muNl48MQ8c1HD,Boxwood_2794_aug_00348.jpg,18176,0.3622448979591837
1MTJ_IP6f90JyVjIu5bHtKxMShD4479wT,Boxwood_162_aug_00343.jpg,15481,0.3085339604591837
1Ga2_uh867HLtrP9XSZdlUzcK2mZmaLk-,Boxwood_2606_aug_00344.jpg,7837,0.1561902104591837
1ZYkNgbhhYJbL2sx6RzAR9ht_ovJU8R-J,Boxwood_190_aug_00342.jpg,14159,0.28218670280612246
1HWYIrS6POzVkI4pG99e53eG1VaEV0vQh,Boxwood_2445_aug_00340.jpg,15359,0.3061025191326531
14nOyfj4ek-cc4obMaV7tJrlmGwozJYpM,Boxwood_303_aug_00345.jpg,16686,0.33254942602040816
1lHjCJmRLYGEhrg9lWbSzSxQfLnDfcrXt,Boxwood_148_aug_00347.jpg,17667,0.3521006058673469
1k21xohOB_Lnl3sf8WpheN71xrAEzUQ59,Boxwood_284_aug_00341.jpg,18476,0.3682238520408163
1hPbVxAyonQjJbJjuxIkyYTfFRhBrP6Ai,Boxwood_162_aug_00336.jpg,16510,0.3290417729591837
1roZB0FPvNwyJ0qvruSInsAFJNMCnN6Dv,Boxwood_146_aug_00339.jpg,13177,0.2626155931122449
1uZ0qZsQrpnxip4tS7Bh5UxuTDckh2kEp,Boxwood_2795_aug_00338.jpg,12133,0.24180883290816327
1x4-hPIvpaodl-5vKn2KK0nRDv6Uqf5g1,Boxwood_173_aug_00335.jpg,15662,0.31214126275510207
1lSu7bNmqr17cFg0DbL1zxQG88cS5YoSz,Boxwood_205_aug_00337.jpg,10509,0.20944276147959184
1C-4C5LtOBcLFiImSHtVxs_dJHJ40RahP,Boxwood_173_aug_00328.jpg,16231,0.3234813456632653
1KKbxuYuXaNNIM4EZ0-urdr1zJgtmkMkn,Boxwood_4_aug_00331.jpg,16685,0.3325294961734694
1BAIiNs0N9U3jdl67oz13a8z_WbXbNRJ6,Boxwood_2797_aug_00332.jpg,14676,0.2924904336734694
1VrFlr2tz_C8KUNjZzcZC85Nk9ho9Cu9N,Boxwood_271_aug_00334.jpg,17269,0.3441685267857143
1kSHOFg_noeAThS_c0Qbe_CQEU1b8_WLJ,Boxwood_53_aug_00333.jpg,17348,0.34574298469387754
1249O60S00rQ7kPtvBxBIR1zM1F068TBn,Boxwood_60_aug_00325.jpg,14904,0.2970344387755102
1j785qCqR8L8vL_3i7NxhvIvTJSVh5f6c,Boxwood_281_aug_00326.jpg,16909,0.3369937818877551
1v-lk6Ul5JStqU49Zne13AlnQAyAHAM_I,Boxwood_347_aug_00327.jpg,16847,0.335758131377551
1nRTXcWjAapyhKEMSI3yxqe2J87ROMpof,Boxwood_214_aug_00323.jpg,16030,0.31947544642857145
1E9iQ5xyEOFY58XonpTpwWacPPz12vqit,Boxwood_168_aug_00320.jpg,17320,0.34518494897959184
1hKZ3AkZarw3mEI9z3SSfz7mxNqLW94Ud,Boxwood_4_aug_00324.jpg,15017,0.29928651147959184
1Vri6LBhre-HdCykoRY2qgzDNzZZBN_VC,Boxwood_2327_aug_00318.jpg,16603,0.3308952487244898
1BR8qY838B3GEidbS7OYnN71Nj4PncZSL,Boxwood_203_aug_00321.jpg,17520,0.3491709183673469
1kKRHsyOC_xRQA7Ko0Pw1Piy00Le9bYIW,Boxwood_183_aug_00319.jpg,14985,0.298648756377551
1P2LLaR5C1astjDabQBC2EIfsgVS6curL,Boxwood_2739_aug_00315.jpg,15671,0.312320631377551
1WO87wD14QhS-0Oykmfgtitz5oj0y9GVM,Boxwood_2810_aug_00313.jpg,15844,0.31576849489795916
1MkIFFN96gcJf7-W-ovIQT-VYG4Bs7s_V,Boxwood_4_aug_00314.jpg,12559,0.2502989477040816
1e9sWdEduVylya_8aFvs9v3I6CZkXQFgt,Boxwood_284_aug_00312.jpg,16311,0.3250757334183674
1ciG8KG2kc7Z8_G9y5998mklDzXb6tQNB,Boxwood_332_aug_00311.jpg,17505,0.3488719706632653
1WeMPw2iCDVCqFnrehKs-vhwitVdpyDn2,Boxwood_281_aug_00310.jpg,17958,0.3579001913265306
18L-RJ6Dq-oWBgXU5NMmLG-MkaU6OkpPc,Boxwood_364_aug_00305.jpg,15405,0.30701929209183676
1M_VcCk5nCKMbbldyEKidnX-rIcUq5qOG,Boxwood_270_aug_00309.jpg,17084,0.34048150510204084
1kVbO4KuotsrvrEScdY92H3zSx7ljV3r6,Boxwood_2561_aug_00307.jpg,13892,0.2768654336734694
1-0PIo-9rRbkM-m1SEfOneCLDRlE3aRuL,Boxwood_2782_aug_00308.jpg,15299,0.30490672831632654
16FCsozz98J3BN6mHDh7x2eq-SdKqlFjr,Boxwood_164_aug_00300.jpg,14545,0.2898796237244898
1Dov1dAoZto4c8mZGcFWT0Xbgu7bbDSUf,Boxwood_182_aug_00306.jpg,16982,0.3384486607142857
1eamnsmVKZV9jhF9GSiYu-merzMHOAuHB,Boxwood_332_aug_00302.jpg,13937,0.2777622767857143
1Hx2AW0tW0gokTJAk8kHZZaaZgo67ZnUV,Boxwood_1523_aug_00304.jpg,7368,0.14684311224489796
1buccAFYgz-SUCyyOfAiCkocUqTnFe2ZZ,Boxwood_351_aug_00296.jpg,16273,0.32431839923469385
1NyoesiQ_U5gxJg9sYmSnpDeYdVMYJUgM,Boxwood_183_aug_00301.jpg,17260,0.3439891581632653
1lvHwKACl5ochHdMDuHqOvNHyDRwCFeV1,Boxwood_319_aug_00297.jpg,16637,0.33157286352040816
1G9YtUmXEntNQ70557fXVFpYTrvLZbzD3,Boxwood_50_aug_00298.jpg,15772,0.3143335459183674
1GqgCkB-da32qbThAkGJIgWg92suAT3XE,Boxwood_159_aug_00299.jpg,15490,0.3087133290816326
1ow9oDWLqI4izRoIQ05ZS2N_DvCPRtdhg,Boxwood_255_aug_00295.jpg,13917,0.27736367984693877
126_f5hf2JvdDru5cGHhthn4ChY6IJrWl,Boxwood_187_aug_00291.jpg,12776,0.2546237244897959
1RadFYcIqWAs1Z0tMpD6BhGpzScmnxQRT,Boxwood_2761_aug_00292.jpg,15378,0.3064811862244898
1f-_u0ZVWSm8nd6dqt7Cup2yJ-AM-S-a9,Boxwood_147_aug_00294.jpg,17488,0.34853316326530615
1--2BUbAwwE-3zGHLQIPaaIrO43nh4tVi,Boxwood_167_aug_00285.jpg,12582,0.25075733418367346
1aIRjd81EEiCq4lbuj_yRzZsV_xvWm-fT,Boxwood_933_aug_00289.jpg,13896,0.27694515306122447
1YR-yQ-_j09xeC6_DKwVSxz73f6HQCwJa,Boxwood_2344_aug_00286.jpg,15264,0.3042091836734694
1yHikw3Ry4LixvJHvp0gLzPqoBTCdh7In,Boxwood_323_aug_00283.jpg,17668,0.3521205357142857
1GECfm_5D-qG490OzRhB5X0jWhe8YQsNg,Boxwood_255_aug_00278.jpg,16212,0.32310267857142855
1QHTgNSTr1ZOW05M9QqhOJtzecVLUlq6s,Boxwood_2561_aug_00287.jpg,11195,0.22311463647959184
1AEKMLnh0E5QP9jB-VmTF6M-Dvux-66QA,Boxwood_10_aug_00282.jpg,16589,0.3306162308673469
1npBjAAyXKgshTjYLqO5CsbDz138soONs,Boxwood_102_aug_00280.jpg,16636,0.3315529336734694
1zWoCnzJ0UZE10eF8wiQFuKd4LdkJakI5,Boxwood_2797_aug_00284.jpg,14172,0.28244579081632654
1hqxxj-yGv2TMtUJn7DS8TekKAzO7eSDl,Boxwood_133_aug_00277.jpg,17051,0.33982382015306123
1zKvSpd0kTpWu1MSIOBQoJnoq7fwnqS6w,Boxwood_2984_aug_00279.jpg,15459,0.3080955038265306
1ssvdWTeu49aiUHDX7iMEbLVQszENrryJ,Boxwood_101_aug_00275.jpg,13782,0.2746731505102041
1bc-ykmlRgvOeKqLGXApPGXzi5EPUnpc_,Boxwood_347_aug_00276.jpg,17075,0.34030213647959184
1XB0_Y6tZ12n0jSlObypmqnp5MYQ5JMfi,Boxwood_195_aug_00274.jpg,17987,0.3584781568877551
1F97KEiqqnM5pDSnuL6mwIfR47ADBDTSg,Boxwood_53_aug_00269.jpg,8799,0.17536272321428573
1PtgZp27wifKqWH-5IluNqzmgLekQMom8,Boxwood_2278_aug_00272.jpg,17155,0.34189652423469385
1SnHpmjxU_K7YZg6ngnaXaVwV2E1i2dPP,Boxwood_2584_aug_00268.jpg,16300,0.32485650510204084
19AZPNP5KMw9GatOYSfRpqA_z4tcJ7HAE,Boxwood_2782_aug_00266.jpg,15313,0.3051857461734694
1FVpLjfiKjyhu1jMZd2uhHhJBH-zrHT9s,Boxwood_2795_aug_00267.jpg,11460,0.22839604591836735
1CFLSwH9tZMthmebf3T6KVSW8COc5DQpe,Boxwood_318_aug_00264.jpg,15451,0.3079360650510204
1wGMfaeYED629Gb4Ks_-gaZ5dqLCfUslm,Boxwood_2327_aug_00265.jpg,18354,0.3657924107142857
1e7U-2bswJqOwrPWHt-FIu-7ZVdMMK-7s,Boxwood_102_aug_00263.jpg,12329,0.24571508290816327
1Lic3CKRAWmUeH-TDbmnxYbcCMNBognrQ,Boxwood_60_aug_00257.jpg,5404,0.10770089285714286
1dKJLNcq1R9_qlAhGXFgkPFdROGFNsjLA,Boxwood_2775_aug_00258.jpg,14406,0.287109375
1Wft_ZtJZ09hnkr9tth5ZhavyC8loezzQ,Boxwood_160_aug_00261.jpg,16938,0.3375717474489796
1V3rlenldfNy4GcXyUiKEIc3Y0jecago4,Boxwood_147_aug_00254.jpg,16518,0.32920121173469385
1kGnWOtaQiPYj9AUmZtaZsuqQ1z8oPi7U,Boxwood_340_aug_00255.jpg,17009,0.3389867665816326
1WcStMG9wq2fkWyR9R8LogHEm6FoOrY9F,Boston_fern_623_aug_00391.jpg,12451,0.24814652423469388
1nMeU2oD8gE6SCMz7qSnk1VB2cW-PBQDv,Boston_fern_20_aug_00389.jpg,11112,0.22146045918367346
1TVKcQpdQBpgRNINWzqJBWGgtNfWOxSCI,Boston_fern_399_aug_00388.jpg,12357,0.24627311862244897
160vfU15SBFAgVLZ-Ob6JQO5NDzUNPIkK,Boston_fern_603_aug_00390.jpg,11711,0.2333984375
11egEd66AtIjuFBrNiEc6zKnHFRlTBEen,Boston_fern_169_aug_00387.jpg,12078,0.24071269132653061
1MwZPolEWdHOsSmTyOVSZscid0jdv_K5H,Boston_fern_340_aug_00385.jpg,9116,0.18168048469387754
1nlOP7G4xG3-f-sKF4vnq1ZQUEfzka7mq,Boston_fern_69_aug_00386.jpg,4661,0.09289301658163265
1WivCeDKVLYwu9CerjA7vhkeH2BISVIkH,Boston_fern_40_aug_00383.jpg,328,0.006536989795918368
1N_kVMwi3cHpuXXs6jvin7wR1bsaHyHhc,Boston_fern_284_aug_00384.jpg,11095,0.22112165178571427
1Gzzt8UK9c89Tzc5VLBdsF3oHD3uZyQRX,Boston_fern_316_aug_00381.jpg,9642,0.19216358418367346
1qFDdtJb0c3xV230PHNkif4zFLwmV8nNf,Boston_fern_117_aug_00382.jpg,12127,0.24168925382653061
1PBqNUbTT_VJ6vlXMbw6Ol5KLyyZrSAYu,Boston_fern_589_aug_00379.jpg,6322,0.12599649234693877
1A4U3VgAd9xtpHzzGB_4dpOx86imbNC8n,Boston_fern_28_aug_00380.jpg,11490,0.22899394132653061
1Ys6UIa29U7A6T0u9hkt1vRYRpmislCBv,Boston_fern_537_aug_00378.jpg,9467,0.18867586096938777
11Xx5vz1DB6xroLs7Z_gyOeDdOvdIpEey,Boston_fern_81_aug_00377.jpg,13127,0.26161910076530615
1M-oqNQIfnEXW7v6qyp_DKa8hcr9UwIly,Boston_fern_187_aug_00375.jpg,13254,0.2641501913265306
1c4j7XkAKaPMKNms8fsUezjcHeSyd57Oh,Boston_fern_393_aug_00374.jpg,13839,0.2758091517857143
15aKaL0gJHR6NxpU1m47Z3ziU3PjK8gc2,Boston_fern_399_aug_00371.jpg,9992,0.1991390306122449
1SsydZ1WxMCRReKc64qjL-1sUB_spHlOs,Boston_fern_259_aug_00373.jpg,10553,0.21031967474489796
1kto7cO26D8APdiI44A005UXfHzsOs77I,Boston_fern_595_aug_00369.jpg,11850,0.2361686862244898
1Uksj5c8DrvQvy45IWBnf4VWRKy82YEuc,Boston_fern_127_aug_00368.jpg,7973,0.15890066964285715
1kldS6Pscy4_-inWEv5BvqKoM8Mjq1lxr,Boston_fern_589_aug_00367.jpg,14064,0.28029336734693877
1FvvmLDhKRy_s1zuz8ZxUEpQnLvIFlKdX,Boston_fern_47_aug_00372.jpg,1385,0.02760283801020408
1hQAqIkYyF9SxQvonePS50rGqBI3P7G3D,Boston_fern_73_aug_00366.jpg,9126,0.1818797831632653
1jQoZM85UXZHmV9W0Kv1ZwnKlika0vwMV,Boston_fern_350_aug_00364.jpg,6133,0.12222975127551021
1g05Kl8k1sEeRXvPAHc7T-DRNZ_XfMCxM,Boston_fern_297_aug_00360.jpg,14481,0.28860411352040816
1Hun7ao8TTcb8MDBF_ZhFwZrW91hlH_67,Boston_fern_195_aug_00359.jpg,12594,0.25099649234693877
1y3UTJ2vszez5dhO3KXzk-MewKBgOw2ie,Boston_fern_603_aug_00361.jpg,11547,0.2301299426020408
10fvxCsZ13qZ05XXnJzcjZv1p0wBoxxtR,Boston_fern_73_aug_00363.jpg,13465,0.26835538903061223
1DCIV0D4TZHtYwobydqm5FFaFfeQwBiVH,Boston_fern_435_aug_00354.jpg,11020,0.21962691326530612
1syrcyDEaJpctiC2klYEI7KiMy1EcNnKR,Boston_fern_47_aug_00362.jpg,10771,0.21466438137755103
17Z-dOe8sKXzTwAFGWyErIB4jKej8xGyI,Boston_fern_447_aug_00356.jpg,11294,0.22508769132653061
1ROp34hoPF0F7RUcrEOVg15rGwCh2gr14,Boston_fern_479_aug_00355.jpg,6554,0.1306202168367347
1K17aL7YHEyAaCTcHbVv35KTtJ1wC3X-q,Boston_fern_585_aug_00351.jpg,13379,0.26664142219387754
1_xyZSGU5u9e0JaQFkef2un9TWYBmta_q,Boston_fern_403_aug_00349.jpg,9755,0.1944156568877551
1tAnRUF8PLGom4iWmGjihgKwbjp3ggayJ,Boston_fern_488_aug_00350.jpg,11035,0.21992586096938777
1v2tzM-wvwdnW8_2_kFAkNkYKVc5vfBd7,Boston_fern_469_aug_00345.jpg,7502,0.14951371173469388
17KCQLPCcw3pPIR4mvHMvEzrSaCHRnltt,Boston_fern_300_aug_00343.jpg,12220,0.24354272959183673
15S7gY0LvjbmXrCsiVGPW1W0yqtCP-AfG,Boston_fern_227_aug_00347.jpg,7381,0.14710220025510204
1DdH_cUeXeYBEcaoP4vUePzAlTFNNUUK2,Boston_fern_307_aug_00346.jpg,13032,0.25972576530612246
11YsSaLFcMWUrMscmS4vGyJvvezrkBaQP,Boston_fern_595_aug_00339.jpg,10348,0.20623405612244897
1hrNSoQdNSxBx0KSaJguDndFskS_yz2GF,Boston_fern_117_aug_00342.jpg,12896,0.257015306122449
1Uwhkx-qZCKJd9f37Tm65EDJXAmqS-M0X,Boston_fern_313_aug_00341.jpg,10170,0.20268654336734693
1kXKjHdDnwXpKBDIdYgpGmxss9ZxgUvrM,Boston_fern_263_aug_00340.jpg,6482,0.12918526785714285
1y4yCm72xzDXDimQJjX5x4GiBE98T4xJB,Boston_fern_607_aug_00338.jpg,7653,0.15252311862244897
1nidPfIdbPtgbgDro6patd3ktgctKXakO,Boston_fern_488_aug_00336.jpg,12011,0.23937739158163265
17z2fVNdZzXQeT1tFYxCTyaK0mxDahgFc,Boston_fern_112_aug_00337.jpg,12819,0.25548070790816324
18I-Mv_ucOcl3Y0c8obION66XMIJZAfqD,Boston_fern_227_aug_00334.jpg,13531,0.26967075892857145
1nq7jvtc4tlDPUSfFKeKlq7q3QL5YHcXW,Boston_fern_167_aug_00335.jpg,14899,0.2969347895408163
1B8LhGcFQ1Wj1fKQKl9NbuHHsNnsN5FOA,Boston_fern_432_aug_00333.jpg,11877,0.23670679209183673
1PcJeT-dotr5aDhxsnnIxobqq4VVfrhVq,Boston_fern_399_aug_00332.jpg,10093,0.20115194515306123
12vghuT-CRohMfYMlIVyYZRspuRbxe57M,Boston_fern_92_aug_00331.jpg,11327,0.2257453762755102
1HnTt8pO7pcd65TZSHuxdGg9VsKEQzVVQ,Boston_fern_563_aug_00330.jpg,13610,0.2712452168367347
1974pZ2qQQLVRF44FvYsdkoZ-AXjgFirE,Boston_fern_551_aug_00327.jpg,2703,0.0538703762755102
1cBJ3TZ-Eh__gz011UZkO1kt1tKzj0BTL,Boston_fern_388_aug_00329.jpg,11924,0.2376434948979592
14Lc-ph_U0ImKYGJz2CDJ22QwzU7JMsrW,Boston_fern_432_aug_00328.jpg,6340,0.12635522959183673
1EdgdzCrjrYHkTGu5CWfJzydoF-QJNMWQ,Boston_fern_347_aug_00315.jpg,11349,0.22618383290816327
1c2bdOb6ctTSeX7YpWarTZnhsYTWeuCZq,Boston_fern_379_aug_00326.jpg,10602,0.21129623724489796
149enmtar0v064wuxLrSKZIyZWNXCyK2t,Boston_fern_483_aug_00322.jpg,12170,0.24254623724489796
1FQMolb7bEYjPq6vnzH3jiCHXob3DVAt7,Boston_fern_442_aug_00323.jpg,5372,0.10706313775510204
1TkHxZjEtMXVgAJf7SBcninhG3RAMreBf,Boston_fern_69_aug_00320.jpg,12554,0.25019929846938777
1XhAQBLdOR_5zRxXWmJotYTZBWKLHg-eL,Boston_fern_210_aug_00318.jpg,8001,0.15945870535714285
1oW3KakDfOfcsC79N7Yux8vGG6NdKrbwY,Boston_fern_526_aug_00313.jpg,2890,0.05759725765306122
1AqP-2PXsLNwElPmrxKxWKoMBUFsWR8DO,Boston_fern_432_aug_00317.jpg,11209,0.2233936543367347
13xQamkxpbJWZfcQWw4MIEPSS_vB5_t64,Boston_fern_140_aug_00314.jpg,8447,0.16834741709183673
1wlLdUNA5GF9W4hKEPjWc9WYfknMsi6On,Boston_fern_92_aug_00311.jpg,9471,0.18875558035714285
16tCadQRg0TTkjgRWMzWBG27h9AKm32UK,Boston_fern_328_aug_00310.jpg,13739,0.27381616709183676
18jP8WgWqYQOLgI6To7dkMU2VXiTFJreR,Boston_fern_210_aug_00308.jpg,13134,0.26175860969387754
1E-RPGx54iQGv5fL6iHXlKAFeL-CefZaq,Boston_fern_307_aug_00307.jpg,14553,0.2900390625
1w7Ah7zOyLmhngcL4E9451B0hvsBu0bnd,Boston_fern_235_aug_00309.jpg,8123,0.16189014668367346
1eHedc8wCyPCdcu0ZWsD5GLhxq4BWTcqR,Boston_fern_432_aug_00306.jpg,12092,0.24099170918367346
1_pEFFZP7XYa54RMxhSg2nxcPckf3BxhA,Boston_fern_483_aug_00304.jpg,5377,0.10716278698979592
1gevvGlSuJ87gRKO3Q-uZysD2p1OZpztP,Boston_fern_469_aug_00300.jpg,3739,0.07451769770408163
1SGLDQuk5sK2oxO-HJ_93Q9Vye_9PYoou,Boston_fern_234_aug_00303.jpg,10480,0.20886479591836735
1rge3hYdN1I8cOPuYpZTfXikXhGwDILlX,Boston_fern_557_aug_00301.jpg,10168,0.20264668367346939
1PHjLWBkcOZJmRaDxbmjUWSE7jdGDy8Io,Boston_fern_530_aug_00299.jpg,12420,0.24752869897959184
1_3GHBht7mCD1nuPA4B3NhaH8PzTf-Nui,Boston_fern_432_aug_00298.jpg,11953,0.2382214604591837
1Nf6X6-CzP3Mz5yvlG1LiIFhgBMo8NEeN,Boston_fern_235_aug_00297.jpg,8620,0.1717952806122449
18CfYfIf8DiuCHR7IGQbUUNli6tOTHFuR,Boston_fern_363_aug_00295.jpg,10643,0.21211336096938777
1ioqJEZnSQh045zllfRSBYW7dyrzR_4WX,Boston_fern_210_aug_00293.jpg,5102,0.10168207908163265
1W6b1QdZkicOeigq14B-HWXYCgSXaHGm3,Boston_fern_388_aug_00291.jpg,10733,0.21390704719387754
11er5ojLPFmoSpLnf4_68oH3gwsyAWwNC,Boston_fern_215_aug_00288.jpg,10415,0.20756935586734693
1nYIDukO-JbIx62Lchn_8x46T1obL43Bb,Boston_fern_447_aug_00289.jpg,11432,0.22783801020408162
1ezO6L9z3YaNwVA-hqdvH1NslpHiY-uTn,Boston_fern_363_aug_00290.jpg,12994,0.258968431122449
1bNA7e1eaPT4TnTZyb-CflbQuwDT5rDit,Boston_fern_353_aug_00286.jpg,7833,0.15611049107142858
1GFaBlxpWpCdNLucST3YQekW7_YL_rFQs,Boston_fern_526_aug_00268.jpg,11646,0.23210299744897958
1Gg76UwD8w41wpaEc--_GAptmhqCutYIY,Boston_fern_235_aug_00285.jpg,7584,0.15114795918367346
1u_7UuraikpJK54TOo1ajqF1qgN9RZ-GU,Boston_fern_195_aug_00284.jpg,12625,0.25161431760204084
1q2qys5smfd_N1YAOy5a2FDrYEnVTbVk6,Boston_fern_328_aug_00280.jpg,5976,0.11910076530612244
1r0slzfs9EUV1yNUGfu9eW8oQcmCvTpT-,Boston_fern_210_aug_00279.jpg,5738,0.11435746173469388
12JGdBTVfNneUD9iL39H2qnw6CZBXY7ON,Boston_fern_20_aug_00281.jpg,9839,0.19608976403061223
1hvwdmZVpg3ENYgSKEYQUSznCTnntw254,Boston_fern_277_aug_00282.jpg,13170,0.26247608418367346
1Z5_LHfKVzg6t_-vyowCY_OP6xMsSllst,Boston_fern_508_aug_00276.jpg,7894,0.15732621173469388
1ipLaw8LS-Mho40Pb7QLpkpeCJ-QFf5zT,Boston_fern_167_aug_00277.jpg,14002,0.2790577168367347
1-i1Cw9LKdfnckGAvGJVc49-_ioQf8NKe,Boston_fern_549_aug_00278.jpg,3331,0.06638632015306123
1QFDqGqnwV6yVC6qYomKGW55SK8g0g-bn,Boston_fern_615_aug_00273.jpg,8684,0.17307079081632654
1mMCJNg1VNhUACa6gIO3I5wfrQcEvoMhS,Boston_fern_563_aug_00272.jpg,13165,0.2623764349489796
1X1VpW6FbDPQGzTNQgIKoiQLDZUmSg0DY,Boston_fern_522_aug_00275.jpg,8384,0.16709183673469388
174j3sRt-9AXIdnyAVtG3w6DtY6Q8BeCV,Boston_fern_234_aug_00269.jpg,9586,0.19104751275510204
1EigDL2Vena1H830CXmPMCU4r7S3MRbtz,Boston_fern_403_aug_00267.jpg,14857,0.29609773596938777
1hE7MYR3Gh7MZT0GcGcsIJRmZQpYTYcVX,bitter_185_aug_00385.jpg,12890,0.2568957270408163
1tEcIZjXgg-IjptFanc2uLvNTWJjngNfO,bitter_297_aug_00386.jpg,12913,0.25735411352040816
1pz9u6w0YGWw7tI_8wELdAZOc7TSvrmUS,bitter_310_aug_00387.jpg,14057,0.2801538584183674
1uzgHEK3EHVqHtU8_f2vhepJP9oE6H6WW,bitter_220_aug_00384.jpg,10071,0.20071348852040816
1Sccj9DA_YFeIbmejhandnP-t8uvY51T6,bitter_547_aug_00379.jpg,12569,0.2504982461734694
1WuDXjzsH-C7q0EVmqDlCS_cin3Jgsqe1,bitter_384_aug_00383.jpg,10605,0.21135602678571427
1HQJP3_HShpduPZvLIRHpRMoa01LtnOyd,bitter_659_aug_00382.jpg,14035,0.2797154017857143
1wZpLl7Ho54x-z46bTvEpF1aFEa_nVsHB,bitter_513_aug_00380.jpg,12601,0.2511360012755102
1lAaEuA4DdIwWMFoL5tfqrn_78JyYMu_k,bitter_280_aug_00378.jpg,8962,0.17861128826530612
1XqmJRyTL1RAkMvL_xGJ4h-d5MeZw7JeH,bitter_220_aug_00381.jpg,14117,0.28134964923469385
1IukvD4MnIC4mqVoR_oBP-s4sO3I04wHb,bitter_680_aug_00376.jpg,14293,0.2848573022959184
1WmhiwSeUsalPdgK-7j6OiolQ8yZBhCSw,bitter_537_aug_00377.jpg,13001,0.2591079400510204
13l1Cv4-pCdTE_qKDGJN2i-XZDpMphpTa,bitter_710_aug_00374.jpg,13721,0.27345742984693877
1XQGK091TEUo9kqR-qliyc5kX8Y5k0VTv,bitter_100_aug_00370.jpg,13439,0.2678372130102041
1rEq_U0OXPUvC2to1NZ9bzWog4ZTngnAd,bitter_155_aug_00375.jpg,14164,0.2822863520408163
1IySCW_gRZEmOJ_feBSU4cSmZZeXwgnFS,bitter_31_aug_00371.jpg,12831,0.25571986607142855
1mN-CrgE4SGLfyzILuqHxsbqpnchpaXsc,bitter_418_aug_00372.jpg,10177,0.20282605229591838
1cQ22k__OW0RUGoWHzhUXRUEhVVOT-cWE,bitter_334_aug_00367.jpg,14354,0.2860730229591837
1gM4A0dIGaeAzNv8ByHCqH4Mcxa8T2PqS,bitter_392_aug_00369.jpg,11742,0.23401626275510204
1zn5cS-kAxhr7_u7EOL_C0_04nk8wCl7y,bitter_392_aug_00373.jpg,9905,0.19740513392857142
1mZKvc3ml1ZkOq3YbJT88cWnPtcSF-neV,bitter_82_aug_00368.jpg,15394,0.3068000637755102
1uNt4tXenF3U1vz0YxTVXdNQERInYFoVB,bitter_573_aug_00365.jpg,15142,0.30177774234693877
1zbNzfhMtsIioASudH7hlUeXP4wnbYzi9,bitter_530_aug_00362.jpg,11185,0.22291533801020408
1VsBwOCgyLvqTqcKqFONi8CP2lUnd1mcT,bitter_717_aug_00366.jpg,12903,0.2571548150510204
1ISF79HGyldTK_FP8Dp_ObQBk31xohksk,bitter_162_aug_00363.jpg,11577,0.23072783801020408
1EwCIoQ5pcU5z055tGykRhK8gAqUVJHxX,bitter_107_aug_00359.jpg,14512,0.2892219387755102
1XiXHyAGr164bPe0g-EW31ZJUNEr2gIEP,bitter_573_aug_00364.jpg,14474,0.28846460459183676
1IAuSqjIPqBd4GkakvZWhSo1WFYzm9Dpx,bitter_162_aug_00360.jpg,14478,0.28854432397959184
10zLYwwQ8hshFhIPYUoNgjI182f6NDsvi,bitter_369_aug_00361.jpg,13848,0.27598852040816324
11ZPYhKI1cNs0zp35aVyG424uJ0AX757P,bitter_169_aug_00358.jpg,10321,0.20569595025510204
1sh9NO69EXya_cesMzoHp7Ywhq47QqeJL,bitter_474_aug_00353.jpg,11006,0.21934789540816327
1G2oYUPQtc1vlF7Rv9AQ8Y_FbYVgACkbO,bitter_418_aug_00357.jpg,13760,0.274234693877551
1yzein8jCKhCxxGatriMm8fYCdAqgzLgE,bitter_449_aug_00352.jpg,14647,0.2919124681122449
1m9VtjEcmiO8x6CU-264lOTugTUTWvdsC,bitter_507_aug_00356.jpg,9762,0.19455516581632654
1q17iIPB381wgSHkDO66YHCZcz16yNZKU,bitter_182_aug_00349.jpg,13706,0.27315848214285715
1kllxtVC_JpSZV2_HQ282njghu-Ekvm6S,bitter_239_aug_00351.jpg,12970,0.2584901147959184
1-J7oBXG3_Pwk9gPxeUfDDX-c7nPPHVJB,bitter_537_aug_00354.jpg,12625,0.25161431760204084
1nYPoofZRdL5zYck0G8FLw-k6y68J_jhl,bitter_162_aug_00350.jpg,10687,0.21299027423469388
1aLoNQYaXkVLB8THtSenQ9mlhWU2vT63B,bitter_169_aug_00348.jpg,11534,0.22987085459183673
1B7txORJBAebZJjvyhykjYtyB4ytGvMeg,bitter_297_aug_00347.jpg,12915,0.2573939732142857
1WuWZwWbJzS99N7dVxeVqSM8yE9O0Z0Eq,bitter_703_aug_00346.jpg,11314,0.22548628826530612
18raXci86HwBGwYitHW_akWMgchm3Cufe,bitter_317_aug_00343.jpg,13600,0.2710459183673469
17p8AE8zFkAkmA5rXGNgqY4f4UVQZfCo0,bitter_1_aug_00342.jpg,12648,0.2520727040816326
1oNHvlG0qDvt-g1GdEB5ggcquNU6gq6Y8,bitter_460_aug_00344.jpg,9050,0.18036511479591838
1gf0qCW8qXJ0eqIMIOxMQGIy0Kglf27bm,bitter_373_aug_00339.jpg,10877,0.21677694515306123
16berrl_2TWe0aAJEkCnUJKs8YE9gBdHE,bitter_324_aug_00338.jpg,11994,0.23903858418367346
1k4vfm5rtkoWjr6rI6QaCUHyzGAyoOcPy,bitter_169_aug_00340.jpg,14256,0.2841198979591837
1m68jZFMRrydFubJSvMVUe81h0aDbv8wN,bitter_717_aug_00333.jpg,14697,0.2929089604591837
1hOdka10DmEoF65iNH-kUyvNd4PqHvKCh,bitter_162_aug_00341.jpg,14328,0.28555484693877553
1Idbo-TJwQYiDhRUDv7UdSlf75IBRsOnX,bitter_686_aug_00336.jpg,13979,0.27859933035714285
180iEmFipjJp1QIImfQXLkUf0n11uCowm,bitter_392_aug_00337.jpg,12787,0.25484295280612246
1Sipeb2P8nlGx7n1LqJkGmF7d-EXByXEM,bitter_199_aug_00335.jpg,11016,0.21954719387755103
1_ZbDO5Y8M39KsUllh3xRg2RuASfOPmLh,bitter_615_aug_00334.jpg,13235,0.26377152423469385
1nxTvMf4Jj3zL4qAwI67nVVSvR-SZQwR8,bitter_677_aug_00332.jpg,13621,0.27146444515306123
1sMHgZb3gAnXw9XQuXWy-Uti8bbepJ025,bitter_199_aug_00330.jpg,14087,0.2807517538265306
1q_GiiZw8LxCQl7F01VJ6fzy_9T22RCCA,bitter_297_aug_00329.jpg,12280,0.24473852040816327
135lqch8TsG39tSR3TqjhWUKPLNf_miOK,bitter_384_aug_00331.jpg,14430,0.2875876913265306
1vRK9BfqZavtaSBydqX5P_mTPcqHhcNTZ,bitter_155_aug_00328.jpg,14087,0.2807517538265306
1vWZuy44Dft_lIAFwSzFgjBPWj9Z3E20N,bitter_677_aug_00326.jpg,14328,0.28555484693877553
1t0LMOnS5BkiFnfmwziJyTaOl3CgVDswT,bitter_146_aug_00327.jpg,12909,0.2572743941326531
1q8WPNPGScx6HeUpNjn_8LrN1ywkXuHE5,bitter_280_aug_00325.jpg,8336,0.16613520408163265
1reEDaYwd0vB4txNWCsNk5jIxBzbG1Hx5,bitter_730_aug_00324.jpg,14862,0.2961973852040816
1den_eU6HTrVcK6b7BW_e-vvwCqlPlx7M,bitter_31_aug_00323.jpg,15695,0.3127989477040816
1hpWDRR4fXkMZjKXkVWLeO6XIieGuTgx6,bitter_594_aug_00322.jpg,14451,0.2880062181122449
103bRkA5V-FUFyDVobvd1xiz2otazgNCm,bitter_635_aug_00318.jpg,14352,0.28603316326530615
1AZet5UE-gEpMFN67HzZl9E8-MV4K4Vwp,bitter_706_aug_00321.jpg,12842,0.2559390943877551
1l7lfi38kAZDa4SHvoKlbyS8Gwgd8d8Em,bitter_384_aug_00319.jpg,12958,0.2582509566326531
1ZvPUwLhELlfqkFRFiLIrU9WKnO2izz-J,bitter_155_aug_00320.jpg,14593,0.290836256377551
1xSwAaQApMLSLfvfM4ySny6HovFeJ-XgC,bitter_384_aug_00313.jpg,12861,0.25631776147959184
1mLAkP0y0HRwac9i3VtNL8d8T7sc1_Rxs,bitter_659_aug_00316.jpg,15395,0.306819993622449
1_kOS_eks8oCqhjeXvUwU9WUK0tqeOlhW,bitter_239_aug_00315.jpg,13505,0.26915258290816324
1vaNHDeBw9XlaWI61Ey1giMqch_IWXaZ3,bitter_449_aug_00314.jpg,14082,0.28065210459183676
1pxpQXz6uklolL2Z_p3YuNuLURXpOIQuC,bitter_492_aug_00309.jpg,13657,0.27218191964285715
15REs-KBa303L-G3FW62tbf0teMPcTHhS,bitter_369_aug_00311.jpg,13085,0.26078204719387754
19odMfgWq2R8H4rrW0lnf8nOVI0gShN59,bitter_271_aug_00310.jpg,13202,0.2631138392857143
19LFl3YCpd3IyL4sjRRdD8A3gI5IE421a,bitter_710_aug_00302.jpg,14398,0.2869499362244898
1THualT4o0dkiMxdHto00yP862d3Cq5A7,bitter_717_aug_00307.jpg,14534,0.28966039540816324
1lL424Mbrb1MoK09v5lFUL8cDVzTAsEnb,bitter_297_aug_00306.jpg,13533,0.269710618622449
1RdDl51Ho3GH9i6FPEGOlPUXUE1x0TJr5,bitter_334_aug_00303.jpg,14785,0.2946627869897959
1FfSsea7-kiS4nOubn0bTceP2BtBwMFPV,bitter_615_aug_00305.jpg,13790,0.2748325892857143
1T8FGR7dkulxKYf0_JyilynKmOny5L97m,bitter_406_aug_00301.jpg,12525,0.24962133290816327
1wSL3ZTyjY_gqcMTYVrm7-QAOQSdWuqyM,bitter_107_aug_00304.jpg,12876,0.25661670918367346
1-deKAFXJfArw7SKHu3_vdCgMd0yhzclo,bitter_573_aug_00300.jpg,15447,0.3078563456632653
1zFCGpMZUJLq7dXgUNxtxC6yRlLwi_3Nh,bitter_583_aug_00299.jpg,8946,0.17829241071428573
122AO8G3n-54OPoolkD-vaKjbcsCXMbed,bitter_449_aug_00292.jpg,14044,0.27989477040816324
1oVwXM7Ac2porVgORW-TVkK6iWGzYYzGZ,bitter_706_aug_00298.jpg,13894,0.2769052933673469
1Wb99BSRHAymRDqrXrDS2QU1cxWzks5m9,bitter_58_aug_00297.jpg,9159,0.1825374681122449
1EQoF5Yj_-TbfPu798RcmbT_K8nwyqtFO,bitter_762_aug_00294.jpg,14746,0.2938855229591837
1BIR_M95XKwGmq1vegp11VOyXVDGdNmlm,bitter_357_aug_00296.jpg,11053,0.22028459821428573
1Lp89ufDGTkeaAzSzXbpQLWXuckyXCE7J,bitter_271_aug_00293.jpg,12149,0.2421277104591837
1sDbCoEq7v-wrO711xdiNNVoeV6bPIs86,bitter_166_aug_00291.jpg,10042,0.2001355229591837
1lQJO31SRrKdgI1pqK95nDJ4l8qOUMpcd,bitter_680_aug_00285.jpg,15062,0.30018335459183676
1lYBbNO_kGIOyEdkzd3nFyxYo3JPJ1Wbz,bitter_126_aug_00290.jpg,12253,0.2442004145408163
1s13eIRGpBESZg2-f8rrVOOBehK-LR_L5,bitter_155_aug_00286.jpg,14784,0.29464285714285715
15sbOSSuzsFQ-GCTN0CRYDzq6UP39Tbhn,bitter_367_aug_00289.jpg,12340,0.2459343112244898
1F9O2Nfx9J50D15r2-VwXnhgKGUGWqp1u,bitter_695_aug_00288.jpg,13306,0.2651865433673469
141t_aLNDGI9q_xWTetGHMOwr7NGcKX9G,bitter_73_aug_00283.jpg,11930,0.23776307397959184
18FB7oPFWLeuVO8VKxiDgvwsQy3BjWSJJ,bitter_185_aug_00282.jpg,14914,0.29723373724489793
1L9vYAEmjArGen1pHv9_ehRIv3X2QYCSM,bitter_66_aug_00284.jpg,15152,0.30197704081632654
1is7yKGb1cyWPKnQGEVYOO2FUor45utij,bitter_392_aug_00279.jpg,11949,0.23814174107142858
1cbv2qEIDBSL4PNOPj44exufups46cm6S,beach_morning_glory_703_aug_00371.jpg,16341,0.3256736288265306
1VkWU4RK_4CqO-GEvlZMjT0_nScoAHh8f,beach_morning_glory_367_aug_00370.jpg,14740,0.293765943877551
10luGm6ddKoz0YbAlqSDsang-2TIGQHRt,beach_morning_glory_582_aug_00372.jpg,14511,0.28920200892857145
1U6BabCEbzF0H8zDbXU6iY7oVmYKh3Cis,beach_morning_glory_729_aug_00373.jpg,13758,0.27419483418367346
1CpxH5iZpJChG8e0yp5tM1vi0gagcwO0T,beach_morning_glory_713_aug_00368.jpg,13342,0.26590401785714285
1qcAal79dHf3YhUN3k5ZteAFwwl6i-fuT,beach_morning_glory_682_aug_00369.jpg,11081,0.22084263392857142
1pzbjsFUMgP1aFW6t70Y72ZhHvbOh1F4i,beach_morning_glory_477_aug_00364.jpg,14285,0.28469786352040816
1VjLQVBUw5EZxGBwT3hl5h_88AVJQVzyS,beach_morning_glory_457_aug_00366.jpg,12804,0.2551817602040816
1H7QnnG5qLvZZXuVgEYJ6H_OyHl9iPbtw,beach_morning_glory_711_aug_00365.jpg,10425,0.2077686543367347
1d-qdBIDj5HyfYfQAOQsBxqjmM29CBBx8,beach_morning_glory_585_aug_00363.jpg,11408,0.22735969387755103
1SkBdiV8hLHdbY3MrF0Xnsh3KIevsYL0c,beach_morning_glory_630_aug_00362.jpg,13042,0.2599250637755102
1g8wZc7gAjpNliTjwQlShTusXq-6tjfXU,beach_morning_glory_692_aug_00361.jpg,14137,0.2817482461734694
1JozSVvsnMIZOKDzU_rjHuiWXZjzCjh_5,beach_morning_glory_559_aug_00359.jpg,13004,0.25916772959183676
1jD1b93QuhPDliTztTEHnVYy2ADs6xkiO,beach_morning_glory_681_aug_00354.jpg,12756,0.2542251275510204
1Q_TXXq4Z-OaqMDhnaPTWUbEzt_LsQYF_,beach_morning_glory_409_aug_00360.jpg,14102,0.28105070153061223
1BT2WeTK6t9tIlI6IIIUvLPWyRabwBtet,beach_morning_glory_371_aug_00357.jpg,9654,0.19240274234693877
1nHLv_yTQ-Dna_V3b9xHfNs-_fsC39hqy,beach_morning_glory_569_aug_00355.jpg,12684,0.25279017857142855
1vRcHS33A0ihaLHjumjuMbg-XtSQmHC8q,beach_morning_glory_536_aug_00353.jpg,15578,0.3104671556122449
1g3PiruANdLtDNXW_Oyl7SG7IT19UNn7X,beach_morning_glory_568_aug_00356.jpg,13572,0.27048788265306123
13tyWb5S2w8E8YzCkpZFwWukCB-PHETQR,beach_morning_glory_623_aug_00352.jpg,14245,0.28390066964285715
14JXzkfQ38kJVdQpmR-17bYXc_jA38M-w,beach_morning_glory_666_aug_00348.jpg,11752,0.2342155612244898
1HeGHopB725G2XSgQGTFoayhblB4dEbTr,beach_morning_glory_699_aug_00351.jpg,10112,0.20153061224489796
1eA4mkzzLdFW6t4QklO3iIxoF0NsYVuFx,beach_morning_glory_673_aug_00349.jpg,4918,0.09801498724489796
1AEP0h1VsM7qEMFiyT-5IWBkXlwRFnqtn,beach_morning_glory_548_aug_00346.jpg,13800,0.27503188775510207
1GF78iFtSalS8U2wrHfDq0TErNmMeI-GR,beach_morning_glory_597_aug_00343.jpg,13864,0.2763073979591837
1aanXsV8EZ8OylPmXH5FM1YKeOLNiuv6h,beach_morning_glory_269_aug_00344.jpg,14801,0.2949816645408163
18bEKxcp1SlqE-xaPPFSvMniJ7aGB-wt3,beach_morning_glory_741_aug_00345.jpg,15626,0.31142378826530615
1WeTxww7pZHfE81-In8j8QchdlB45O_JT,beach_morning_glory_395_aug_00338.jpg,15048,0.29990433673469385
1gTseXpazPSii8zs7krT9CbmcqROxpbYQ,beach_morning_glory_639_aug_00342.jpg,11055,0.22032445790816327
1w524LsoBRB0Yegu_Ocq-2W7dNbfgNzQ7,beach_morning_glory_675_aug_00340.jpg,13300,0.2650669642857143
1U9KxXxsdWmTl-QqacnVqtgmSfhaYzvis,beach_morning_glory_571_aug_00341.jpg,5916,0.11790497448979592
1TrMfZydE3C8F5mLFM5eDvPC2Oxkmkqyx,beach_morning_glory_662_aug_00339.jpg,13661,0.27226163903061223
1rFf6S3e6SYTKVOlD53us38DUCRtvNYeT,beach_morning_glory_728_aug_00337.jpg,12122,0.24158960459183673
1XylTSrprQYWHjf_W7wdTP39_t1HeSl9p,beach_morning_glory_689_aug_00336.jpg,12736,0.2538265306122449
1Z-iPRLgEXc7cUwA18kVa-BjoTMaRH5X9,beach_morning_glory_671_aug_00325.jpg,11706,0.23329878826530612
1bauPzmQjdTo8pP7NjwIJLSY8c_N5phz0,beach_morning_glory_639_aug_00332.jpg,12604,0.25119579081632654
1-G2FfrkthT7O_EAvQ7ewotdd87QhHAwz,beach_morning_glory_720_aug_00335.jpg,14859,0.2961375956632653
1YBdRkfRtaHYkxsify0_lZvYa4l_pZ2hZ,beach_morning_glory_281_aug_00331.jpg,8702,0.1734295280612245
1pgwsBXtrWrX9z1a5rM7EoP2dadqydg3i,beach_morning_glory_651_aug_00334.jpg,11844,0.23604910714285715
1n-HKoYAOb9DTHV6ri6z-lawgCH2pykhL,beach_morning_glory_506_aug_00330.jpg,9478,0.18889508928571427
1hOpckDy6zsCmtYq0GAqNQ36woLtd5sQW,beach_morning_glory_53_aug_00329.jpg,14412,0.2872289540816326
1e2gGf4T0n32YcfszSfH8LAQthdv6fkKh,beach_morning_glory_568_aug_00328.jpg,14460,0.28818558673469385
1gk22JSVKLUDqWneVIp8xTKprnlnEGa_T,beach_morning_glory_617_aug_00326.jpg,11734,0.23385682397959184
19biVs15hPRtLDRGSqbOm83XN-Wv5CxxB,beach_morning_glory_704_aug_00319.jpg,13167,0.26241629464285715
1bpu0WYNAU8d2aD2NSdCQkM-ktbU2Vqp7,beach_morning_glory_53_aug_00322.jpg,14120,0.2814094387755102
15hw-JqfFppg_-5Cs_JerIJhe30LpFxQa,beach_morning_glory_675_aug_00318.jpg,14013,0.27927694515306123
1D1-l7LDx54JS3sxw9SzvqXyuR98PwwKo,beach_morning_glory_367_aug_00324.jpg,11896,0.23708545918367346
1xcu32Vc7hww2pUysHEZ0HQKanKXgQgAx,beach_morning_glory_477_aug_00321.jpg,13548,0.2700095663265306
1WJhnWnruwNub2iq93ON7DXV08AJ93bSV,beach_morning_glory_729_aug_00311.jpg,14472,0.28842474489795916
1z9WjnfHAiUQdmETpIjjMlRwJ_aF0Sgzi,beach_morning_glory_695_aug_00317.jpg,10173,0.20274633290816327
1sqHGYb7G4buXYf62P9JqijdmdlKqJfnx,beach_morning_glory_536_aug_00314.jpg,12388,0.24689094387755103
1YukDWQWwmAZCHBasBj3j13oP26zElSNz,beach_morning_glory_654_aug_00316.jpg,9355,0.1864437181122449
1QjCeMEO5ZxYdcy5om7kBY7xVYP6vtw2s,beach_morning_glory_646_aug_00315.jpg,15560,0.3101084183673469
13kejlVw-z9Jjmy2uFWKnt_NDlMZKcMLh,beach_morning_glory_471_aug_00309.jpg,16228,0.323421556122449
1vW9HfIVKYpaM1ewZqLgYbM4daMWpFwha,beach_morning_glory_704_aug_00310.jpg,13360,0.26626275510204084
1q3ayELywBzxIqGMmj-g6HxKurdnY6A6P,beach_morning_glory_646_aug_00313.jpg,13304,0.2651466836734694
1I8M7cTr_9qel2TVsmWUBjlFGXPZLCmNs,beach_morning_glory_692_aug_00302.jpg,11536,0.22991071428571427
1xffCab1O31pa6JmJMDjVHxstO5Cq9_P4,beach_morning_glory_687_aug_00312.jpg,15244,0.30381058673469385
12Ls0P8KMMlnKzt2g_yvdIv_8tFdYIdqy,beach_morning_glory_604_aug_00307.jpg,13409,0.26723931760204084
1AUK6Tf2ao5UlBiKK7nguX4XWczVMOLdM,beach_morning_glory_525_aug_00308.jpg,15672,0.3123405612244898
1BuOIq61CcvLj-UP_FZ2RNMhX-NH1q-3W,beach_morning_glory_281_aug_00305.jpg,11742,0.23401626275510204
1rwyH4oA6YwUlVUhjdlVJl2sVl6Qe8eyQ,beach_morning_glory_363_aug_00306.jpg,11456,0.22831632653061223
1n6g3-rAon9VysJHNJdnvjPkBjzbJvuBO,beach_morning_glory_452_aug_00301.jpg,12683,0.2527702487244898
1eZDtn7Pc1CF61K_vTrXM8nQ9BXRnWpVQ,beach_morning_glory_715_aug_00303.jpg,11690,0.23297991071428573
1D1ZyevmlQiicP1f-gb2oLtAsCDNtFN9A,beach_morning_glory_696_aug_00304.jpg,15262,0.30416932397959184
1i5iwsKGRj1j1RDqMVyj4tAk3jB7cx_p_,beach_morning_glory_251_aug_00296.jpg,14745,0.2938655931122449
1TcO7RCTNXAtjkFgGM0W3HFxEbSbLswD9,beach_morning_glory_634_aug_00300.jpg,13974,0.278499681122449
1R7mjp1t-w7tCoRNG2W2FgLvc-cwvDO26,beach_morning_glory_471_aug_00299.jpg,14295,0.2848971619897959
1ZQ_HVuGz8nYPWlw3qJQp7KTH3LEXWZwi,beach_morning_glory_576_aug_00298.jpg,13297,0.26500717474489793
1M7rFLXaGyhBptCOoguKhR75VurvyqR-t,beach_morning_glory_718_aug_00292.jpg,10698,0.21320950255102042
1knBrfciTWQlI8MhNlCT0Ppl1X0K2EKzo,beach_morning_glory_689_aug_00295.jpg,15023,0.29940609056122447
1_t_2M5TAZOvaGy1UBwbI3rIJrQQVlceJ,beach_morning_glory_482_aug_00294.jpg,9854,0.19638871173469388
1xtWXWWrAZZlVTGnlLfa5mao3Lh1ftHrM,beach_morning_glory_682_aug_00291.jpg,14506,0.28910235969387754
1aMlzpmTKH6_MF2JxaUC7pQanJHto074P,beach_morning_glory_269_aug_00293.jpg,13266,0.2643893494897959
13l-vAggsZq2CrzzmzgYxf2vadI51mSmB,beach_morning_glory_566_aug_00297.jpg,11937,0.23790258290816327
1yDQsBRZXI5DjtXhmobnhXG0f1ZPX4Anh,beach_morning_glory_675_aug_00290.jpg,8733,0.17404735331632654
1_yYNo2u5YlmOck7mU_hHGyyvujaPItU_,beach_morning_glory_58_aug_00288.jpg,12302,0.2451769770408163
13hPAHUdDgY3HpsQdl15lgOI18gN70oEq,beach_morning_glory_328_aug_00285.jpg,14190,0.28280452806122447
1YWAYV6xsiAO8tsLyDbFDTIN_fKLFeavB,beach_morning_glory_214_aug_00287.jpg,11970,0.23856026785714285
14Quc1IwjEJDRR6M9N4FMlrDLWTUwvS_J,beach_morning_glory_447_aug_00283.jpg,15849,0.3158681441326531
1U3XuIVB67D8K-BXjTUNythRLcusj3yS3,beach_morning_glory_477_aug_00282.jpg,8679,0.17297114158163265
1TkvdxuXlYvVU4A8KvVHsCnsqdakO1dg-,beach_morning_glory_177_aug_00281.jpg,14085,0.2807118941326531
1taqK643hQ6Ojk8wIho6gII0PoruZ-SIg,beach_morning_glory_722_aug_00280.jpg,12889,0.25687579719387754
1nr2LglBuV0pj8etvgUg1qRIwehP8PutO,beach_morning_glory_695_aug_00277.jpg,10517,0.20960220025510204
1TLEa4y3red9LTZe5AyvmYTb-DW1GGMyY,beach_morning_glory_722_aug_00279.jpg,12712,0.2533482142857143
1GO8gt3n5TorThdcrizusGHS_7anvbdse,beach_morning_glory_569_aug_00275.jpg,11303,0.22526705994897958
1QL2QAcw7ZovU7bAo1zUNcsd9BvThAxNT,beach_morning_glory_731_aug_00278.jpg,15243,0.3037906568877551
1OdtknTQFbpa0GNFgQY8EeN9jjcN98-SF,beach_morning_glory_703_aug_00273.jpg,13205,0.2631736288265306
15US7fBirzSMW9ixTcyOgOzA9mT_mmkOM,beach_morning_glory_658_aug_00276.jpg,8261,0.1646404655612245
14BmoyEbbJwSsUvCbLgYXYQ9jPaxs_Hae,beach_morning_glory_335_aug_00271.jpg,13961,0.2782405931122449
1RSxROu2glYMOgrXs1Vdl5gyOyU1HNyT-,beach_morning_glory_214_aug_00272.jpg,13847,0.27596859056122447
1LQC5xYhNCISVJwFN5ny2f7yHVYZPiQmZ,beach_morning_glory_720_aug_00268.jpg,10082,0.2009327168367347
1HKa9OBrFYJW32pLoAEQ0ioJrzNb0oAWW,beach_morning_glory_686_aug_00269.jpg,14637,0.29171316964285715
1yT8YZnOiGuKjDThrhNnnmiI5w_R1GG-P,beach_morning_glory_731_aug_00267.jpg,16771,0.3342434630102041
1-vII-9KKTZpavlwFNRzpiKpLR96xzBju,beach_morning_glory_506_aug_00265.jpg,7161,0.14271763392857142
10W5BRNmfcBkalWaSiUpwoLQELPze1YkF,beach_morning_glory_417_aug_00266.jpg,15199,0.302913743622449
1O3g8VD1OZ6lM8zu94w04ggraS1iqzrPV,beach_morning_glory_548_aug_00263.jpg,14958,0.2981106505102041
1VHnyK7Xgc3UdlfRXHQCbSN_z9WfrlIhi,beach_morning_glory_706_aug_00259.jpg,15128,0.3014987244897959
1wIbreCXXK-LSLQ3g-4ls1xWmeVOTCna8,beach_morning_glory_371_aug_00264.jpg,10688,0.21301020408163265
1g_exRCCUj939zwmciPKWI1qAb_wPpKFn,beach_morning_glory_580_aug_00262.jpg,13015,0.25938695790816324
1cCRre5FoiKfGqD1s1yFO5w341ML7wm9C,baby_bamboo _789.jpg,0,0.0
18c1p7bsFu08bxyznZrGsda_YQf5ROQto,baby_bamboo _783.jpg,12138,0.24190848214285715
1w0Rc4cap2WVKMAOp4Gh4sBpKOd3iyeaA,baby_bamboo _775.jpg,12598,0.25107621173469385
1VfJ4zmHP3KQ4ySTNAUeyU9cGHkJBquvY,baby_bamboo _77.jpg,13377,0.2666015625
1-CUOkpwGOiqTh7b_Ltip7XnuxU2TYBJa,baby_bamboo _769.jpg,12574,0.25059789540816324
1oeOUM3oMNfzxXWcefNadr9uVOCzZHm_L,baby_bamboo _763.jpg,12793,0.2549625318877551
1C-9nwZ_-JcMh4Xwts4wErxW-uPP_x51R,baby_bamboo _758.jpg,12784,0.25478316326530615
1zQJxCokua-f-kBjP0ff07feMW1kqfIhj,baby_bamboo _754.jpg,12771,0.25452407525510207
1Um_ysB4HCzZDHHHQP2xKha0nwaCHKE5I,baby_bamboo _761.jpg,12807,0.25524154974489793
1XTIqCFKK7lckmumk-9mrxqY_aDw_wNst,baby_bamboo _741.jpg,13610,0.2712452168367347
1V6pT9eEmdzg376HiZ011HGhtSvQoIHzT,baby_bamboo _747.jpg,13353,0.2661232461734694
1RmiQ8fPWQ1cyW6owDDHOFFheSlDDF2_P,baby_bamboo _751.jpg,13079,0.2606624681122449
1QsIL2juJJb_Z0w5O0F_cJdgmOU7DxSWr,baby_bamboo _738.jpg,13721,0.27345742984693877
1aQT2cdL_WMhH6xsrx6wEpvzEVGqQT7zY,baby_bamboo _734.jpg,13824,0.2755102040816326
1WyA_WSvJznK2Y3bIhmfVOrJQUFC_CzKB,baby_bamboo _730.jpg,13895,0.2769252232142857
155ELuq4xjxFm80YuBQNNtxfa3X181Lp9,baby_bamboo _726.jpg,14101,0.28103077168367346
1WPsnLdA0_n7LXGdAtY_v5ykX_kVWdtP5,baby_bamboo _728.jpg,14043,0.27987484056122447
1ycbU1kZW-XF_AaDyTCj-mbu3PsgRfmmG,baby_bamboo _725.jpg,14183,0.2826650191326531
1P7dGuFf4JSiI0WtmHUZItis61XHonMAr,baby_bamboo _723.jpg,14177,0.2825454400510204
1182JY6TFM1k6cYJhpQR5eOeww9mig3UO,baby_bamboo _720.jpg,14281,0.2846181441326531
1K5VNnDK_-sIxvsf8nZxmBnPb6iJh0CwQ,baby_bamboo _717.jpg,14257,0.28413982780612246
1zWETlM-GD6TeKjAheMB5-WX4d2aaxS2T,baby_bamboo _712.jpg,14228,0.28356186224489793
1t11i1Ypqj4sffrCYk7RKPfm-9_0svq-g,baby_bamboo _709.jpg,14259,0.2841796875
1bKDezaT-RwEuhgPzWkfLoXsMG0fJ88Le,baby_bamboo _704.jpg,14378,0.2865513392857143
1-K4knQlv5OG0dgO7EpTliDhyFzEZFqpL,baby_bamboo _698.jpg,14287,0.2847377232142857
158xew5OEcejuVsXYEV--nBAHDOgElNfk,baby_bamboo _690.jpg,14075,0.2805125956632653
1YSv3Vc0GI5szk9JUXaoYaIhll0HQthoX,baby_bamboo _700.jpg,14247,0.2839405293367347
1zuQBchh2uFO91e9UM_qZZCJbUYlCHZt4,baby_bamboo _674.jpg,14176,0.2825255102040816
17J3s0fBagGhADZOmn7ALPbO1a3TrV-gx,baby_bamboo _67.jpg,13104,0.2611607142857143
1DN7-Fr2vlPBCh1XYgsuwHwxEf3IqUQnK,baby_bamboo _668.jpg,13990,0.2788185586734694
1AiBu4b47einxFrIC3XjO7RokFrcQ4INJ,baby_bamboo _650.jpg,13947,0.27796157525510207
1ifR33fG-rsvwCpDmDqh9JIRsjjqFY3W-,baby_bamboo _626.jpg,13953,0.2780811543367347
187paeSh6r-jco_cuIWVz3qxMsBdfQLMU,baby_bamboo _612.jpg,13889,0.2768056441326531
1LX68OCkE3wVJRsGH2K9tnwuCjdlfiawC,baby_bamboo _601.jpg,13802,0.2750717474489796
1weJEqMrVW6vpDYUf5p2r0XpL1O1SUlUG,baby_bamboo _593.jpg,13963,0.27828045280612246
1daQNIeUFrgS37VrWc7pdAZwN_Y1HxPtS,baby_bamboo _586.jpg,13833,0.2756895727040816
1TL3741Hm2AAmxFgtX-dQSs-2DNA6PweQ,baby_bamboo _59.jpg,13286,0.26478794642857145
1dN1_l2gNJ8n250qlJfS5hM7zRV4jUxQq,baby_bamboo _583.jpg,13554,0.27012914540816324
1Sd0i4K7cPb5WyeXYI1eB_MqYfBOXleDH,baby_bamboo _578.jpg,13623,0.27150430484693877
1N6WjLD2gQst8st-E99zFZunz3S8D5udc,baby_bamboo _569.jpg,13627,0.27158402423469385
1VeZZDEksd35tuBlMan6mKZvyJl1QtZru,baby_bamboo _573.jpg,13775,0.2745336415816326
1ALrwVRtcavwfYWpvXyYafs_wLhbAaXEk,baby_bamboo _567.jpg,13445,0.26795679209183676
1Sg8SJn3MmpocK1GJAxgWyYmyyO3J3uR4,baby_bamboo _563.jpg,13378,0.26662149234693877
1dG-jLSIEKfc5U0z0bM7-YklM5YlwGMyv,baby_bamboo _553.jpg,13211,0.26329320790816324
14Cx137EaQuVXsCRqO9Q0EWqfltP2JHrW,baby_bamboo _560.jpg,13331,0.2656847895408163
1KDN7hqQ7gVZemTdf0ezM0KFgePhf1Bba,baby_bamboo _557.jpg,13230,0.263671875
1uwc0Y04Yzqpp3IXqKgQkNbuQeRexpaCV,baby_bamboo _551.jpg,13193,0.2629344706632653
1bK7DexXsl_nWBSue70InITTVZNNUhyhc,baby_bamboo _517.jpg,12829,0.255680006377551
1HsKXSDS7m9ES61Fo2uukVox5Yxs6XKad,baby_bamboo _549.jpg,12967,0.25843032525510207
1XRLkxdB7ZFrR1XYCepl4LU7kixDQQ13a,baby_bamboo _527.jpg,12791,0.25492267219387754
1YHAZRqvOc64p95jRnD1qtN7Yuq9fijyQ,baby_bamboo _537.jpg,12972,0.2585299744897959
1sS6JJZl8kM1b2nFfgqZAhQ5ZE6vo-7Js,baby_bamboo _475.jpg,12775,0.25460379464285715
1CPurvww_Be0LAPwnmZR9zfIMO2asOyCL,baby_bamboo _503.jpg,12838,0.255859375
1V6o54xnc5UAVNEBprbMu4EZmvvHb5HEB,baby_bamboo _431.jpg,13093,0.26094148596938777
1srtrrrE3JGrkMQ9669QPJIjKGUu1Rrjk,baby_bamboo _418.jpg,13239,0.263851243622449
1byRjRfCoKrKE-CM2YVVGDCcnoSrI-oOy,baby_bamboo _387.jpg,13503,0.2691127232142857
1tBYmf1dwTRhg-nMHQzrW3YfNps0Iuf1e,baby_bamboo _377.jpg,13411,0.2672791772959184
1LzIamA1xXDpsiX5rNPLYK_FgWeNlRBBM,baby_bamboo _366.jpg,13571,0.27046795280612246
1zbtY2IUvZaDbKf3KRB0S6-BGLvAdR73k,baby_bamboo _357.jpg,13653,0.27210220025510207
1-oVACEa4NiEl_PHIfgsiwgBe5y-QSj_L,baby_bamboo _349.jpg,13740,0.27383609693877553
1SvDuFRTtICDNWiIAMuCoAjzD_DB4_kXh,baby_bamboo _341.jpg,13568,0.27040816326530615
1j4_MglMfcumogYOoJp883Hlord4koPOT,baby_bamboo _317.jpg,13758,0.27419483418367346
1LudBw_wSRjLCI9RGB4QWNLCZsX_x7-9Q,baby_bamboo _299.jpg,13867,0.2763671875
11atT_aEMb5oyAlVR0OBR9-Pglkn-t2ND,baby_bamboo _306.jpg,13537,0.2697903380102041
1W026E-c1y5EYmyvMWGnrBGYy6uQ4aSbV,baby_bamboo _292.jpg,13754,0.2741151147959184
1MZrOVOh-WcWhxgGvBnmISlYjpM3ohVLD,baby_bamboo _284.jpg,14095,0.28091119260204084
1f3Fq0mP3Ax815mIDkDmb0Dcu-9M9p9BX,baby_bamboo _269.jpg,14050,0.2800143494897959
1euEgCCEKfI7cJAKB8wwJZl3Sj48bO64S,baby_bamboo _28.jpg,12902,0.2571348852040816
1xa7Iyy0nQXcC6zFw0rJl0MwkqeqR6qvQ,baby_bamboo _249.jpg,14198,0.2829639668367347
10U_aW-vNhjGooDgLSye_Rvd9xG29Wisx,baby_bamboo _224.jpg,14424,0.28746811224489793
1d8Zd9Laa_RysudKoRKdcKKd0g3mb71iY,baby_bamboo _228.jpg,14185,0.2827048788265306
1Sa_PHzejs2A60k1cPylPM87eOj-HdbH2,baby_bamboo _215.jpg,14401,0.28700972576530615
1VYPbhA3DC9fTiIkT6CqVYqOUe9MbRo8I,baby_bamboo _203.jpg,14389,0.28677056760204084
1Ue6C9yTNdHC8U-O6f_j1dMh8D7lc85sR,baby_bamboo _200.jpg,14263,0.2842594068877551
103_MlNlpJBxsRjeZBOwjAxEg8q23IC-b,baby_bamboo _198.jpg,14211,0.28322305484693877
1OPBoprDev7JdvxqbbwVRfIqYT1f74Pkt,baby_bamboo _189.jpg,14195,0.2829041772959184
100B3garN3pGe_k7TleoeCr3VLyKqMCup,baby_bamboo _150.jpg,13898,0.27698501275510207
1esWrZ7doaYpkGwHW0w9fiw_P8foOhjUP,baby_bamboo _165.jpg,14315,0.28529575892857145
1I_keybuh7g0NzNnG-fhNVxkwqmYYQlXA,baby_bamboo _179.jpg,14370,0.2863919005102041
1svztQ3f96_dbkfPZr2m6LtU0yZWnIwjJ,baby_bamboo _135.jpg,13721,0.27345742984693877
1Ub5dL39PTfAZIL0NvPP8vg8kpRIBnCWh,baby_bamboo _140.jpg,13685,0.27273995535714285
1MyPuR4vsG1b2UbBgk0OLP-_atP8hp0eD,baby_bamboo _126.jpg,13200,0.26307397959183676
1RZf7VyQZcH40tCOXTaD-Gc4TXjaVZK5e,baby_bamboo _102.jpg,13250,0.26407047193877553
1E2msb9AdKzBuMNhTcmAU-7DYiS03W7jw,baby_bamboo _950_aug_00378.jpg,3075,0.06128427933673469
1_SdLkYDX-yhuYzEma_vprPpY1Fr0pFRE,baby_bamboo _912_aug_00377.jpg,13594,0.2709263392857143
1yvPoAVBzXTvhvPjVJdfkJdG_Ozg3K_Xj,baby_bamboo _873_aug_00376.jpg,347,0.006915656887755102
1xKHLyA_3StM9e2eAz6pz9nXNnrfOd6kc,baby_bamboo _957_aug_00375.jpg,13938,0.2777822066326531
1kSuUakIO9Ctyqa4e5B_2-aDXURfQ34Js,baby_bamboo _349_aug_00374.jpg,4946,0.09857302295918367
1eoGlAyGBHY46JSfzEhBTgO_fubPXgc_A,baby_bamboo _720_aug_00373.jpg,11665,0.2324816645408163
1OSYnvWb21lbS_22qxrzR_CcV8r0vaXS-,baby_bamboo _612_aug_00371.jpg,14610,0.2911750637755102
1uX0kMBP7qRC0ZdKhyJf5-wBz6BDjKAnq,baby_bamboo _902_aug_00370.jpg,14485,0.28868383290816324
1_7UDL4N9vPTLFsJ3L_cPJlNIDl1PaV23,baby_bamboo _917_aug_00364.jpg,11131,0.2218391262755102
1WNSE3aFmzdMP-KzKo4CTnHWRAdaOtya7,baby_bamboo _957_aug_00367.jpg,12898,0.25705516581632654
1O3SXoYaMkmfm9T712VnwErJ4_a7G0VHW,baby_bamboo _341_aug_00366.jpg,14100,0.2810108418367347
1fHgct2PdZS6bGIa0DAbRcN9jsAUNkn-t,baby_bamboo _668_aug_00363.jpg,13538,0.26981026785714285
1ODpdTTRR3lf_HsBag_RhRoAkE1jE0qNq,baby_bamboo _902_aug_00365.jpg,12240,0.24394132653061223
1LE_ULXBVyxT08f2jd7v9PTqgD8S9NNaD,baby_bamboo _957_aug_00358.jpg,14277,0.28453842474489793
1MkmzPAGzagNOEqmNH3lxyH4o15NXfq-I,baby_bamboo _938_aug_00361.jpg,13060,0.26028380102040816
10Z1khMAbtBPZUrPlv1B5XdrxC9eM-kt7,baby_bamboo _906_aug_00357.jpg,9377,0.18688217474489796
12ZFhKEK2BJ5qvTyY1iuijvyNP6BcdEHK,baby_bamboo _863_aug_00356.jpg,14481,0.28860411352040816
1Z7TiiCfFxdRIBZWRHtRnJegOche4bOKg,Azadirachta_indica_119_aug_00039.jpg,15737,0.3136360012755102
1U-2EivS2okaZCxdyWM0Y6-9sIvazrLec,Azadirachta_indica_452_aug_00022.jpg,10585,0.21095742984693877
1HXckcZvxurA-xsOoh6xVOVRM-41TVRmP,Azadirachta_indica_83.jpg,16957,0.3379504145408163
1F0j0qIkDqb_aybKy3-JOkXrndx3Zt7Dn,Azadirachta_indica_70.jpg,17020,0.33920599489795916
1hYb6NlTXS9ljXhp5WGxCF4wtOWGkszqu,Azadirachta_indica_596.jpg,16896,0.336734693877551
1IDIQ4MYXNJpwRgX3WcQCSEXdnaNs5M8r,Azadirachta_indica_581.jpg,16997,0.3387476084183674
1XPp5JhpVrFZzvdZWTrxjpAv_6vnzvnXh,Azadirachta_indica_446_aug_00077.jpg,11753,0.23423549107142858
1gI56SalS3TUmUFaTlxqdeT7qecE7U_fB,Azadirachta_indica_287_aug_00076.jpg,13519,0.26943160076530615
1fe1eZ6zSdUuZyks3MmCnBoXHU7CnkRZC,Azadirachta_indica_381_aug_00075.jpg,14802,0.2950015943877551
1YCJFC9JvZaQ4o_d2taulY8MUxhX8bk6k,Azadirachta_indica_10_aug_00074.jpg,7774,0.1549346301020408
1i3uc39_Fmv8cQcHZxbJKew1s5H1S3h5G,Azadirachta_indica_381_aug_00073.jpg,14580,0.2905771683673469
1yClRR0SO7O95trTmh2gFSqbatzI0w6Ty,Azadirachta_indica_197_aug_00072.jpg,16767,0.334163743622449
1eDioCFmO01QmC_3BCLm4ABWcz5L89DMe,Azadirachta_indica_119_aug_00071.jpg,16005,0.31897720025510207
1Xq5hx0XPgkOir8Y8UXh5PV689v8ctBeG,Azadirachta_indica_395_aug_00070.jpg,13422,0.2674984056122449
14nmyzxD8bIL4rA4DNIoX_x1eCEK-IhNj,Azadirachta_indica_230_aug_00069.jpg,16849,0.33579799107142855
14dFTdFPR6VTs5LNaxwcAlb_QVOem_3ny,Azadirachta_indica_452_aug_00068.jpg,15534,0.30959024234693877
1uwwoCf25P6vYTUYrbX4ATtglZwSTeXNB,Azadirachta_indica_458_aug_00067.jpg,18303,0.36477598852040816
1AwchYy2URpKM5KRr0jTDHu9HmbDv3mzv,Azadirachta_indica_551.jpg,16962,0.3380500637755102
1HrilIn2OThM6NmopwSS7RrHuMjBDx17s,Azadirachta_indica_410_aug_00066.jpg,14081,0.28063217474489793
1LZZIDDxH8BAcIC0ZXGxAjzhfjiAaRStS,Azadirachta_indica_197_aug_00065.jpg,4179,0.08328683035714286
1EY70_-vIMIhMKBRuq8YkCGWJQ7Fk31Ge,Azadirachta_indica_270_aug_00064.jpg,16533,0.32950015943877553
1x35e72i-KvKs2L1v02UX3OqNpAM-fYN6,Azadirachta_indica_131_aug_00063.jpg,16852,0.3358577806122449
1qrCfcA_KpflqTshTseVQBHq6y010Owp2,Azadirachta_indica_10_aug_00062.jpg,15860,0.3160873724489796
1yWgPQ_jsklhBgeI53lXYi4kXMF_wsTql,Azadirachta_indica_483_aug_00061.jpg,17123,0.3412587691326531
1tdIbb7EmVrKHY0UALcv8hH62spdQUiKO,Azadirachta_indica_564.jpg,17135,0.3414979272959184
1nU2iIkZxO9WRCv-CK6iBCdd6TdUH_UK3,Azadirachta_indica_551_aug_00060.jpg,16769,0.33420360331632654
17ZjBoJQGtO43nIPJiDB_1XNBagbticZR,Azadirachta_indica_119_aug_00059.jpg,15668,0.3122608418367347
10R3QYQWaiW2ZfjrkYcvS2QLWvsJfhVkt,Azadirachta_indica_144_aug_00058.jpg,3117,0.06212133290816327
1tXH8yf4cU4Ja0O8ke3yYS1LeGxa9wVP8,Azadirachta_indica_491_aug_00057.jpg,15200,0.30293367346938777
1czqu_u-dxJ1hJjKksyAXpHpGd2T4eU96,Azadirachta_indica_424_aug_00056.jpg,18538,0.3694595025510204
1MlbStZM1Beq43mhcBhSTILw-lLBHq2rO,Azadirachta_indica_13_aug_00055.jpg,14684,0.2926498724489796
1JvbG7tGV5nZ0bYpTPUvVoD3mLItr9w1T,Azadirachta_indica_270_aug_00054.jpg,15492,0.3087531887755102
1LDmCPH9G3whBzbmWb8c7v2X86Oj30cbq,Azadirachta_indica_446_aug_00053.jpg,16794,0.3347018494897959
1e_txBXkm3wgqPfOQ0dgBgTv_tebATUip,Azadirachta_indica_293_aug_00052.jpg,13160,0.2622767857142857
1yUl-CxPk2dHvV6ETA49odBoQsKsz5Ahc,Azadirachta_indica_210_aug_00051.jpg,16323,0.3253148915816326
132FW7UIkCkhbDU55YtczZNG3T3KJ0PtL,Azadirachta_indica_412_aug_00050.jpg,9863,0.19656808035714285
1ASz3-lnFjjRKwJY05gHPULrEDaJo3GTQ,Azadirachta_indica_187_aug_00049.jpg,17670,0.35216039540816324
1rgjMyBmdSD43nZf54OwMdLYZiMu4lQE1,Azadirachta_indica_424_aug_00048.jpg,15962,0.3181202168367347
1QEfgFiuefhU5_7t0gX9v8jjNNEmfa_em,Azadirachta_indica_483_aug_00047.jpg,5077,0.10118383290816327
1x27MD9S-oF0l8S0mAaQjs4iCb54oeJC_,Azadirachta_indica_22_aug_00046.jpg,14558,0.29013871173469385
1yZ3L_uyw83sqi3Z73jTDlulISCfTNI9O,Azadirachta_indica_22_aug_00045.jpg,13811,0.27525111607142855
1MZDskS6QpOLkpxJGSWJvlKIAuQaGOW4y,Azadirachta_indica_270_aug_00044.jpg,14169,0.2823860012755102
1_ykr7WMpi34f5621ntGPPvZQx3LlQ7Kf,Azadirachta_indica_144_aug_00043.jpg,18005,0.3588368941326531
1xHwmN2_XREMAG_ac9noMBj9aMSYpdB5M,Azadirachta_indica_344_aug_00042.jpg,16626,0.3313536352040816
1S9bAlWhg4U6xRJ7i4Y8WwZ9n5UnbEtTo,Azadirachta_indica_83_aug_00041.jpg,8321,0.16583625637755103
1LT2HdVDj9Jk1jXvs1YLRGcfHzCzAmVxb,Azadirachta_indica_395_aug_00040.jpg,8816,0.1757015306122449
1_wmkEBP47Y62AFiPV5MVpbdtVQasuKJz,Azadirachta_indica_144_aug_00038.jpg,13637,0.2717833227040816
14pVLLlf5mYJ3JZHJLTeWBGTmE3GHyI6q,Azadirachta_indica_536.jpg,16712,0.3330676020408163
13WZC5z4U85okPVDegRlhze9H0bvl9Poy,Azadirachta_indica_551_aug_00037.jpg,17073,0.3402622767857143
1LT1FxKGdKHmFrXpeLkPJa-pGt-VO4fAU,Azadirachta_indica_549.jpg,16858,0.33597735969387754
1FiBXHuFXUJmc2r_2ONJI5r-0srRIClJF,Azadirachta_indica_551_aug_00036.jpg,16082,0.32051179846938777
13RwN1jZKE2Kkn_WG2d4o9d5UDfnEOlO2,Azadirachta_indica_581_aug_00035.jpg,17641,0.35158242984693877
1ViumMsum4jSwiLFmd6-BMqyXEAxW-pRq,Azadirachta_indica_119_aug_00034.jpg,14801,0.2949816645408163
1g2E7JT3ydC6b7Wvm4XfpcMIgcOK_WFyE,Azadirachta_indica_83_aug_00033.jpg,11936,0.2378826530612245
1sDrXzzEvszd5is7wMdA0mC96vxj8dxps,Azadirachta_indica_446_aug_00032.jpg,15054,0.30002391581632654
18PEyzBI1h3QUkLV12XDWmcHEN_PecV-Z,Azadirachta_indica_410_aug_00031.jpg,15583,0.31056680484693877
1U-Yrqpc5vbpeG7BX-Ah4LPAMZpe1Cjcg,Azadirachta_indica_412_aug_00030.jpg,17478,0.3483338647959184
1UikKKZEuI0C1qljYbPWnWAPzmGSZkOdD,Azadirachta_indica_356_aug_00029.jpg,14646,0.29189253826530615
1y735Q9Jc1zjtl_qz1tGkRbct8lJZQn1e,Azadirachta_indica_412_aug_00028.jpg,1901,0.03788663903061224
1V-jfspLDKMbqu8MWgaC9-3Nx7hBvSkOU,Azadirachta_indica_564_aug_00027.jpg,14952,0.29799107142857145
1csbpL7McflLrQlleRZCx2ll2HD1HXBFp,Azadirachta_indica_144_aug_00026.jpg,15785,0.31459263392857145
15eCnIFmvpFFStlFD1pqfRuwEQ8Iw4k_v,Azadirachta_indica_144_aug_00025.jpg,17794,0.35463169642857145
1yXiMwtjzgKAKTrYwyctM35KvzFC647Gc,Azadirachta_indica_22_aug_00024.jpg,6024,0.12005739795918367
1L_YlJgxJ7qYyoVCaOskLPuhErq4f4naJ,Azadirachta_indica_410_aug_00023.jpg,15345,0.3058235012755102
1V-5oDvm2seRCgsrDOxHShYitxosa0Mug,Azadirachta_indica_270_aug_00021.jpg,8684,0.17307079081632654
1fLqbr-mH_GQLCprNQ7Vrh90SF0XJrgWI,Azadirachta_indica_452_aug_00020.jpg,14046,0.27993463010204084
157yl_r5ClH9nmxghnXotpU9ToubJ0Rzf,Azadirachta_indica_509_aug_00019.jpg,15704,0.3129783163265306
1CbNBWSO4CTLfb8TzhQsOJlbbYKKm7-L6,Azadirachta_indica_509_aug_00018.jpg,14470,0.2883848852040816
1UbpITQ2HzWSp5dBZglB6-zHUduOmlwy-,Azadirachta_indica_83_aug_00017.jpg,16963,0.338069993622449
1rJC7pGvb-9q6Ag4jZyYHxMGI42paWuJL,Azadirachta_indica_187_aug_00016.jpg,15668,0.3122608418367347
137afH_OpX6llA2e2Mh6f7rWARMAxHvJl,Azadirachta_indica_483_aug_00015.jpg,15013,0.29920679209183676
1_S587zrY4x2KM5Pie7mO_A9YpLyRRqYA,Azadirachta_indica_230_aug_00014.jpg,16288,0.32461734693877553
1uHnsLR4Y6pBVfx22eKP4_5SoPHvGUPIZ,Azadirachta_indica_458_aug_00013.jpg,17786,0.35447225765306123
1XW6ju1sdSt0aSTcfPZ1ywyQW7-yxiZlO,Azadirachta_indica_564_aug_00012.jpg,16365,0.32615194515306123
112fgvjjzvwjW8g7Jg_XEK9Pmx06izJWC,Azadirachta_indica_293_aug_00011.jpg,16900,0.33681441326530615
1uIyGoEBs21Mgip9RAn6TF1uYnuMiCxB_,Azadirachta_indica_270_aug_00010.jpg,15220,0.30333227040816324
1F2w3MyC8w2nJX5dWLbW75b26SsaqTG9y,Azadirachta_indica_474_aug_00009.jpg,9452,0.18837691326530612
1VyS8ZqNTR5Q1dwkoJCy0sl5GKeBuV-9S,Azadirachta_indica_13_aug_00008.jpg,12362,0.24637276785714285
1qCimbkMkrulYCRw7_nJVc1BVtT5sJFSG,Azadirachta_indica_344_aug_00007.jpg,8443,0.16826769770408162
19leCHFbPjRoUWDAMg_r3ZbwVg3dRbhCd,Azadirachta_indica_113_aug_00006.jpg,17319,0.3451650191326531
1v2RHugaueMLWKHOGU7FGxvKmHezSjKO-,Azadirachta_indica_13_aug_00005.jpg,16315,0.32515545280612246
1dcm_XNDs5dg1SLSJzvEUOlBPF4eR5pqy,Azadirachta_indica_242_aug_00004.jpg,17367,0.3461216517857143
1QYVAHHdJ7f_z9ngiwDthGSpnruDeB0rf,Azadirachta_indica_119_aug_00003.jpg,15548,0.3098692602040816
1SiEXFkoGHtNxTeYonvicorTGplkAEKTw,Azadirachta_indica_549_aug_00002.jpg,15686,0.3126195790816326
1SdSQHNs_Q1uj4ubRvuTCKZJ43VLsC6TE,Azadirachta_indica_70_aug_00001.jpg,15138,0.3016980229591837
1FgrL9MDdJ4m1rawKpYKolfe3iqmPWTNA,Azadirachta_indica_13_aug_00000.jpg,15686,0.3126195790816326
1Ze0t6syl8EhF13LYIYGckuOBVZZZGqFe,Azadirachta_indica_528.jpg,16850,0.3358179209183674
19mFh6ydx4V-Hfg_I3n20RgeVv948tF5r,Azadirachta_indica_526.jpg,16778,0.33438297193877553
1WHFzOQ8hBcpHshwds8Ohh7Pz1FhAm4D6,Azadirachta_indica_509.jpg,16939,0.3375916772959184
11sTA94BGgl4mFl7D-4CY-VJjThzxTsTc,Azadirachta_indica_491.jpg,16800,0.33482142857142855
1fzOtzdfixwZFYAGiqAE8x7FIgCzb88Gs,Azadirachta_indica_483.jpg,16832,0.3354591836734694
1lydOa79TG6VgQImSaReSaVBEYRQ9gHR7,Azadirachta_indica_475.jpg,16881,0.3364357461734694
1ypQSoJmYdmNtaLR8Ac9WYRGslELUHG9F,Azadirachta_indica_458.jpg,16904,0.33689413265306123
1pwVHal_aq6eAVqPxvHmESu9CvDtq0Xq9,Azadirachta_indica_474.jpg,16797,0.33476163903061223
1ly7zqKo5CcK6XZsFKbJy5oZ2i9lPIKYM,Azadirachta_indica_452.jpg,17000,0.3388073979591837
1KabX7-PC9DhyGXIcF1wIG2C2q-9-YRSe,Azadirachta_indica_446.jpg,16794,0.3347018494897959
1Ast3SR3cJ0nQr9fLnXvRNKF6j25a9TtB,Azadirachta_indica_424.jpg,16954,0.337890625
1nf182-h87u5zSOslwi5QLoniMDPUOuin,Azadirachta_indica_412.jpg,16881,0.3364357461734694
1NGWtayk7cgA2xwQGw9Gec89-1MCpfytN,Azadirachta_indica_410.jpg,16791,0.3346420599489796
1ar41Gkom_BjopvA0yReoVjzSpnWf4EPU,Azadirachta_indica_395.jpg,16811,0.3350406568877551
1Rne7tRjdkEclPQPQFRl4kdKlGGx_WpyW,arabian_jasmine_992.jpg,16299,0.32483657525510207
14cf77KhkR2rBkbCEWSI11ttLsnLyZSCR,arabian_jasmine_979.jpg,16494,0.32872289540816324
1z7-8WEPoRn27S5nW5IfO4bpF_BelLx6F,arabian_jasmine_948.jpg,16536,0.32955994897959184
1K29_79RcGETupkmV2WqxJSm0ZfxIdN4W,arabian_jasmine_937.jpg,16448,0.3278061224489796
1ijaISZKZiIakY2IzakO7qmgY0XRdj9yY,arabian_jasmine_925.jpg,16475,0.32834422831632654
19yaEqyb88YxogJZZzoVV6LLs64nnSukW,arabian_jasmine_912.jpg,16410,0.32704878826530615
1DXq5e9mZ3I0EeWSj_v4K0zhA_LpDt3m8,arabian_jasmine_10_aug_00054.jpg,11811,0.23539142219387754
1-weRld8Bq349LCfOd-h3kNaiAKenH4Ur,arabian_jasmine_530_aug_00053.jpg,13044,0.25996492346938777
1CWtS9463uJpWFRvzBUp2mrzY4A6qjmo5,arabian_jasmine_534_aug_00052.jpg,10767,0.21458466198979592
1p_jWz_6IcawBVsNSIh8yxo52rlSM_PFl,arabian_jasmine_948_aug_00051.jpg,14643,0.2918327487244898
1UPpzu2DHWF52_JC1LRNYaF75QEBmPYw7,arabian_jasmine_101_aug_00050.jpg,12351,0.2461535395408163
1A6m9_lsOZKTcg4scDvYyxlRCzMBgs4QI,arabian_jasmine_689_aug_00049.jpg,14983,0.29860889668367346
1s2Lzk9LGjwsouI7wi4Rd6zWGKieaeqx9,arabian_jasmine_240_aug_00048.jpg,12746,0.2540258290816326
1xDk936So0e35Q4lewl8t8XHJAywXFKws,arabian_jasmine_530_aug_00047.jpg,12580,0.2507174744897959
1XvgofLXY6yowBGKCGC6DFd9LF5D8xYMS,arabian_jasmine_555_aug_00046.jpg,13868,0.27638711734693877
1GGsXYho8b0u-HyG2dHu5LR1CSOF-M4ZQ,arabian_jasmine_366_aug_00045.jpg,12737,0.2538464604591837
1t-e8IdgHnIFilP_1UiKf1Kk7u3hiHLHO,arabian_jasmine_834_aug_00044.jpg,15550,0.30990911989795916
1cKTNGNDAoBoa6FkjrBrXNAW2Vc21WfS1,arabian_jasmine_908_aug_00043.jpg,14359,0.28617267219387754
12oxHjh7ckcdnmJD-Lf9dx0ec0a_iM2HG,arabian_jasmine_825_aug_00042.jpg,14654,0.2920519770408163
1_5soPVYTiy6hEAHegR06L_mRv-r27WBL,arabian_jasmine_899.jpg,16420,0.32724808673469385
1RO7UaRx3zElzXVmr2KJxF1nYgJPAdJpU,arabian_jasmine_727_aug_00041.jpg,10785,0.21494339923469388
14A6LGm0a4QJIccVd4lUkmzV5AdkZPUwl,arabian_jasmine_782_aug_00040.jpg,13786,0.27475286989795916
1gaEAXQ6Et3pkMMhRJsbB32yXNDhxHywj,arabian_jasmine_644_aug_00039.jpg,16158,0.3220264668367347
1y54MatfOoryAxQ4-A5BLHYL0Xb6ACkCD,arabian_jasmine_908.jpg,16312,0.32509566326530615
1o96fPSNFVi0BGD_3iZS8Q7_hVidZesDT,arabian_jasmine_489_aug_00038.jpg,9962,0.19854113520408162
12N5SLzBPtLKCJE9zn9DqoVaauZ5aKRRj,arabian_jasmine_937_aug_00037.jpg,12124,0.24162946428571427
1eOEvC2Lck2PoPKuX90_VyGcnMDSnqu-q,arabian_jasmine_512_aug_00036.jpg,14805,0.29506138392857145
1NcZShYr6q-zDl7BhgRyfD0Cb8ikU4Qj7,arabian_jasmine_807_aug_00035.jpg,14922,0.29739317602040816
1M2vlRdlrFi21IVrjuPui5jhVtx11N0im,arabian_jasmine_912_aug_00034.jpg,14203,0.28306361607142855
1JZxzkX2GBave_XYSCTRtDYPaWaCaqB7t,arabian_jasmine_572_aug_00033.jpg,13684,0.2727200255102041
1StbC2lxbpkoNbY3QFDC6AwW-XJl2q8CC,arabian_jasmine_451_aug_00032.jpg,14023,0.279476243622449
1HS8waQpxzWtFZLAjd4x8QgE21wweartq,arabian_jasmine_948_aug_00031.jpg,13027,0.25962611607142855
1LG9vBiBi7O2Ibh6UQFGtPiLaDm9X3K6n,arabian_jasmine_852_aug_00030.jpg,14980,0.29854910714285715
1uvYXseguyO1d04pRjVOkE1nWpV0kVAX9,arabian_jasmine_400_aug_00029.jpg,14049,0.27999441964285715
17JXej9cy3KeJu5YetJ2CG8a7e_BRPRuG,arabian_jasmine_400_aug_00028.jpg,12432,0.24776785714285715
1MfRG3pQnWDYdg1Sy778nvsI05jmjcrmJ,arabian_jasmine_925_aug_00027.jpg,16480,0.3284438775510204
1mn7iAoGF9etHTpnD5LNkuqSPv5QB3Xa0,arabian_jasmine_240_aug_00026.jpg,15119,0.3013193558673469
1FjwP8KPHdBD6wJ4Qt--2EaFVAFMwS8oK,arabian_jasmine_877_aug_00025.jpg,11392,0.22704081632653061
1igzBFQ7O66gPbko_yr6vquU1LnLir3wx,arabian_jasmine_295_aug_00024.jpg,14728,0.2935267857142857
1toe5vO_N6nwtFdnWy_wIBmRR8E0JnVf4,arabian_jasmine_295_aug_00023.jpg,13284,0.26474808673469385
19S3XApsOA70QDXHFNiILJfTpvby3G5jm,arabian_jasmine_992_aug_00022.jpg,14479,0.2885642538265306
1mcWhIhQBlxjn7wovn5sXiKaMh_WwA5cT,arabian_jasmine_549_aug_00021.jpg,15577,0.31044722576530615
1ANhEXVuH9si6akv5mrHJM7sKeTH38DvM,arabian_jasmine_226_aug_00020.jpg,13173,0.2625358737244898
1GFzTLse_sVB8y-x6UVpELkYCvU20G1Jj,arabian_jasmine_549_aug_00019.jpg,14438,0.28774713010204084
15fYudSql7PyQ2i0NDLejFFs_WfdcVD2g,arabian_jasmine_644_aug_00018.jpg,13819,0.27541055484693877
1tb1ax9-SUiIgLaUbdtRBp59yuIPie8vp,arabian_jasmine_712_aug_00017.jpg,14452,0.2880261479591837
1D2Rqx1yBCOFxXmqHV29dhcfIJoMFhpHI,arabian_jasmine_341_aug_00016.jpg,13016,0.25940688775510207
1XbUCEmS_BOSuzKdj-9Bwp2_csFzKXEjj,arabian_jasmine_101_aug_00015.jpg,14356,0.28611288265306123
1a02pPom8-M9qEQdOmiepJy1wUsG0uQp8,arabian_jasmine_877_aug_00014.jpg,14605,0.2910754145408163
1IwUFzq31EJYuYqrAlm_SrYs2Uv4BeHry,arabian_jasmine_668_aug_00013.jpg,10085,0.20099250637755103
1uKSNWs4a04AxVmY-Z9l9zqP7rhpRcOL7,arabian_jasmine_10_aug_00012.jpg,14386,0.28671077806122447
17QWdo556UppLP4JMl-hyD_bmO1Mr4jEY,arabian_jasmine_912_aug_00011.jpg,13979,0.27859933035714285
1LDjxhyLYsIf6IuVdC0uqlwlRFw6iV-jR,arabian_jasmine_937_aug_00010.jpg,11018,0.21958705357142858
1Ux3JnE1xpLYYjENM1kpgDUA0xuC1LoV-,arabian_jasmine_439_aug_00009.jpg,14033,0.27967554209183676
1hHzoaDv8iKejm06gcNKtnKrv9CiLHo0K,arabian_jasmine_727_aug_00008.jpg,12319,0.2455157844387755
1ng56O1_cr3KYJbcV4L57BfBWeuAautax,arabian_jasmine_434_aug_00007.jpg,13518,0.2694116709183674
1luXarhi1MYDE9a2OhfAaq1-bUArjR9Jp,arabian_jasmine_489_aug_00006.jpg,12733,0.25376674107142855
12q3pLaqcuVqzZMYUrqFF2ilqXA_ScHNl,arabian_jasmine_891_aug_00005.jpg,14397,0.286930006377551
1u0mg3Xhvbbnnsz7s7PpJxpIAatLvmXV_,arabian_jasmine_635_aug_00004.jpg,12430,0.24772799744897958
1_xqO1fAdFOjocIvHO-p6N1rl06eQrYCF,arabian_jasmine_337_aug_00003.jpg,14253,0.2840601084183674
1wiftG5oEvZ_dXBX1_fkqOfhIXm3uWuQd,arabian_jasmine_891_aug_00002.jpg,10924,0.2177136479591837
1IfpQfzGG2Udnmf6q9a_S3Ul69uKoOAPc,arabian_jasmine_461_aug_00001.jpg,14512,0.2892219387755102
1KMHvCEj3Vcl-zfMuIOvC_M8ySptDIDij,arabian_jasmine_891_aug_00000.jpg,15160,0.30213647959183676
1UtEIzQfCMm7PDEhZQmfamY6gQSY7iCOj,arabian_jasmine_891.jpg,16496,0.32876275510204084
1fA1M57r6JzKsh8dFtL3PwWpz3hDTJ-HS,arabian_jasmine_885.jpg,16238,0.32362085459183676
1QpZa2DLO78idoKbfqXXFJX3mGAimdDvr,arabian_jasmine_877.jpg,16370,0.3262515943877551
1yPldNGTt2uynrbENiM6a2IcAMSxXVI3U,arabian_jasmine_863.jpg,16379,0.3264309630102041
1cbTBYjWMrfIFCimFpVinf3YmNBXiXfLd,arabian_jasmine_852.jpg,16416,0.32716836734693877
1wIcgZ14E5bfri_ZDS6JLoeJ5kqV9qJCj,arabian_jasmine_843.jpg,16310,0.32505580357142855
1mni2xQWC5ZgJxDGliQJ56TBpWISR6X7w,arabian_jasmine_834.jpg,16335,0.32555404974489793
1JOwzg6La2eLIp06hiruM8ppKV5kuaAYe,arabian_jasmine_825.jpg,16399,0.3268295599489796
1VetTQc9hKwl8U6DSfRKeYp4hu5Kiqc1z,arabian_jasmine_812.jpg,16579,0.33041693239795916
1ZvFyKUdEgqifszrTrIYTq-WHYTMXpNxw,arabian_jasmine_807.jpg,16449,0.3278260522959184
1xBdXH3usFlEzK0XYKmJoSPKEd10Ikhs0,arabian_jasmine_801.jpg,16310,0.32505580357142855
1DyOJtEGtHb2xAgQjhQ5u8aRS45EV1XyI,arabian_jasmine_782.jpg,16485,0.3285435267857143
1R4uN7PGhG6ZVtB6D5WZn1jm_IbCZJAzh,arabian_jasmine_848.jpg,16447,0.32778619260204084
1-KpnijUcAopOZglQlFv39c8duvTIw24d,arabian_jasmine_771.jpg,16436,0.3275669642857143
15TJAjoP5ou9ElXZYN7QPO8EV3iCc9gp_,arabian_jasmine_752.jpg,16324,0.32533482142857145
1MUSovFE2BFJ6cs_-8EVna4v5C6LMupFT,arabian_jasmine_744.jpg,16247,0.3238002232142857
1TYYESEtlPevEC5UDJrp06KAFKp6k_xUi,arabian_jasmine_727.jpg,16274,0.3243383290816326
11YrwDdJIeRsuFagSJVS3aXG6TWg7D-xE,arabian_jasmine_712.jpg,16319,0.32523517219387754
1Ds0cnWzfe-4dBW9JvcsRLN3xEpkRPMAz,arabian_jasmine_705.jpg,16334,0.32553411989795916
1Ltly1ObM7__tJnjT3S4AjMP0tiq9esCF,arabian_jasmine_679.jpg,16204,0.3229432397959184
1dEZRyy9xgMI7GpSlFi4mnXZ-ioCzU7FG,arabian_jasmine_689.jpg,16362,0.3260921556122449
1RpKVKdzlk_CX11y-Df5RpxyCOrHOGcUg,arabian_jasmine_702.jpg,16443,0.3277064732142857
1JFXwXVBuFcLncsMNUtzPIxLNKcIuK80H,arabian_jasmine_794.jpg,16282,0.32449776785714285
1CM-s_FVoDWsk5Mf0N7Vgw_n-k8legXEc,arabian_jasmine_668.jpg,16322,0.32529496173469385
11hzCWMSCeSq26-zLdRDp6oQ1dDv_icQB,arabian_jasmine_644.jpg,16143,0.3217275191326531
1_fzEq7j5PUzF0BjkiYsi8kB4a5cFzeBr,arabian_jasmine_652.jpg,16169,0.32224569515306123
1XYqnEwvza1WunbutVIw93oxpf6EiVHBf,arabian_jasmine_635.jpg,16130,0.321468431122449
190YRd2HpQMgH68-WIUjZS8dmih3G-zwo,arabian_jasmine_623.jpg,16018,0.31923628826530615
1rZZmwHhx_BIqC4L4gQIooAJJzaFWgQiB,arabian_jasmine_611.jpg,15974,0.318359375
1uOGzpUh9f1q0ZLM9UU-CAK-BPJmZHUDJ,arabian_jasmine_600.jpg,16059,0.3200534119897959
1AZB_oN-QEYZ7u69KKHZO_p8Nd8nGZQMr,arabian_jasmine_582.jpg,16021,0.31929607780612246
1rfFtiAdy_nMyHOxyXFoNLfebavF35is1,arabian_jasmine_572.jpg,15874,0.31636639030612246
1k1CMdppKS3oqMzIoG69hY77RBa0_Ec-i,arabian_jasmine_558.jpg,15866,0.31620695153061223
1CRaXjYVHSc4lijhjfZCz625bRbWD9KhV,arabian_jasmine_555.jpg,15805,0.3149912308673469
1S3EoEnyK_bih76ZdxE2Qt_HuQg9RptSO,arabian_jasmine_549.jpg,15688,0.3126594387755102
16AkQFQQ5SWDnEIrh8z6NWw34f55vwQWz,arabian_jasmine_534.jpg,15614,0.31118463010204084
1Y-fbEtRP0MrzjlZQS2oXa74QG1nTEFTP,arabian_jasmine_530.jpg,15631,0.3115234375
1QQ-DZP0bQ6HaorXtdssKBBOS1aF3ZBo_,Antigonon_leptopus_607_aug_00046.jpg,10553,0.21031967474489796
150JNiJsKII77odqB12MmMlNIxUYh-LA3,Antigonon_leptopus_582_aug_00019.jpg,12955,0.25819116709183676
19gKaz4L_tps1qN2gufMuhu4kj-X8C2F1,Antigonon_leptopus_71.jpg,16131,0.32148836096938777
1oJyN4rsrY0crxBtEUwppRvvvVboM79RQ,Antigonon_leptopus_630.jpg,16206,0.3229830994897959
152TYCFVLVe83PuqrHSmUk2cZKGnBbwDX,Antigonon_leptopus_649.jpg,16145,0.3217673788265306
14xyTBhnBtLELC5nUR0bYmEnRvkeQy61y,Antigonon_leptopus_607.jpg,16136,0.3215880102040816
12yzU_Gli0VNZWB500GqOUj72e_5UQlIW,Antigonon_leptopus_600.jpg,15945,0.31778140943877553
1YweWz73KMJigrNn7YDvyXJqw30YfwA2F,Antigonon_leptopus_344_aug_00060.jpg,11328,0.22576530612244897
1p-rjppDeaUvazUrY6H9ipoqpG4MH9G6f,Antigonon_leptopus_101_aug_00059.jpg,16936,0.33753188775510207
1AIy-DUWPXH5QtqrVb6p7L3E5M19nq1ol,Antigonon_leptopus_582_aug_00058.jpg,12452,0.24816645408163265
1rw_XumXidUnLrzqIp7vmvq20rNqmYCws,Antigonon_leptopus_237_aug_00057.jpg,11431,0.22781808035714285
1ErhmmYIouLDhp4b7rw081hem59bT8uLX,Antigonon_leptopus_553_aug_00056.jpg,13508,0.2692123724489796
1wOLOBq0FaN5pxl4Oc2uA5TsFyKH2u4zT,Antigonon_leptopus_357_aug_00055.jpg,16555,0.32993861607142855
1dJDlP6byZQx_ZargOmlc-27GhX2VLkHl,Antigonon_leptopus_190_aug_00054.jpg,13682,0.27268016581632654
1tkHn7WoaoXKnaD39H2B2Y9Md6fhIxKQU,Antigonon_leptopus_423_aug_00053.jpg,14758,0.294124681122449
1vObeaFLS78cnUiDclw3x1V7hYlqSCVz3,Antigonon_leptopus_351_aug_00052.jpg,16275,0.32435825892857145
1xkYV41Lz6LJrxdMPdWwMBCperxFCR21j,Antigonon_leptopus_613_aug_00051.jpg,14118,0.2813695790816326
1gqDr7RIfNjIe7kmTp3yyeL24CrRXRemj,Antigonon_leptopus_190_aug_00050.jpg,13963,0.27828045280612246
1_LtcJ7_EJt7fdIkfgPz_gliAs33BzbPk,Antigonon_leptopus_101_aug_00049.jpg,16816,0.335140306122449
1TIJSo_O50nc3vjibmNp8dg0E7pAMxJvP,Antigonon_leptopus_630_aug_00048.jpg,9307,0.1854870854591837
1pmAAYcISLCiQ6eCjfRqAihGBtPFMdqwJ,Antigonon_leptopus_344_aug_00047.jpg,14623,0.2914341517857143
1iKZWu7lVrjs4SLsOJkAwvRh4TAY9rwjJ,Antigonon_leptopus_582_aug_00045.jpg,8035,0.16013632015306123
1dJeXh4ACNsXCpM51U5HClebRUO17rVI0,Antigonon_leptopus_488_aug_00044.jpg,11128,0.22177933673469388
1anRf_fYb3ZzGvW-N3ig2ENd7MxOyvC-n,Antigonon_leptopus_488_aug_00043.jpg,16164,0.3221460459183674
1AR954mgCAk0DpnxnlE6wFypLpyf92k7b,Antigonon_leptopus_173_aug_00042.jpg,13865,0.27632732780612246
1ojJM27c3Sfcb7T5AyYTbmEztohJnl2JS,Antigonon_leptopus_553_aug_00041.jpg,14991,0.2987683354591837
1mkB2Id760PL-PD0Lh4mKqdhC0MqpnnEv,Antigonon_leptopus_237_aug_00040.jpg,13544,0.26992984693877553
1_-XzbA08JcG-KL_o2ZlhVQqiKGoh2EWA,Antigonon_leptopus_594.jpg,16122,0.32130899234693877
1kLcagDU0Dg03nXu-zCGuHqh-QKH_qQS7,Antigonon_leptopus_214_aug_00039.jpg,13908,0.2771843112244898
12xigTFn3vjkIsQ-ms1QCNILPWNyE0dfK,Antigonon_leptopus_190_aug_00038.jpg,13754,0.2741151147959184
1UcdFQ1QTBmGyM55maCNLyR_Hr8NwO_SD,Antigonon_leptopus_166_aug_00037.jpg,11874,0.23664700255102042
17xqS9CiC7TKoONtowfp5_etl-TZcuZhn,Antigonon_leptopus_179_aug_00036.jpg,15283,0.30458785076530615
1xhw3eJd4-Ngc7PW6MGYpR6WXGNpoIAoD,Antigonon_leptopus_594_aug_00035.jpg,13658,0.2722018494897959
1fT_xvoA0Xo4hdseB6aDts2aR-g39LIuf,Antigonon_leptopus_600_aug_00034.jpg,8256,0.16454081632653061
15wib0a9w9bJswQOSvTXEjs8QrOg2dgq0,Antigonon_leptopus_194_aug_00033.jpg,14293,0.2848573022959184
1GIQlLnSRwWDwrY4buA17qqehtBwOr3_b,Antigonon_leptopus_326_aug_00032.jpg,15516,0.30923150510204084
14aINhFwPKzMwj9Ql0Jfyq3Lq5J3N6kr4,Antigonon_leptopus_460_aug_00031.jpg,14594,0.2908561862244898
1_y-Ky4LydIFvq8URT8EQQlZJAxYY49KY,Antigonon_leptopus_500_aug_00030.jpg,14634,0.29165338010204084
1oBpCUf5EcSv34WMLIguTWOrLvGQ00zWa,Antigonon_leptopus_71_aug_00029.jpg,16059,0.3200534119897959
1bkdPzu3dUiF3S11I3b8BoLBKRiQ9EPKt,Antigonon_leptopus_553_aug_00028.jpg,15567,0.3102479272959184
1Nw_h8bumRavzIY18PQABiQf_xCRU-gbj,Antigonon_leptopus_71_aug_00027.jpg,9675,0.19282126913265307
1HIfB40KN6Wknz2bekWazuWpzKEINp5qN,Antigonon_leptopus_344_aug_00026.jpg,15665,0.3122010522959184
1zS5nEoW6nwMsYswulHDNIkrzuvqI0doV,Antigonon_leptopus_613_aug_00025.jpg,14007,0.27915736607142855
155PfqsTPJp0P-M0y_kRqwEba1xEfx_08,Antigonon_leptopus_630_aug_00024.jpg,6172,0.12300701530612244
1VhuTqu8sk4hMZ377ZI2-luFk6qW4DmCq,Antigonon_leptopus_337_aug_00023.jpg,12180,0.24274553571428573
1WNVjV17n_pGqeNndxZiFjF8-PfJBDNlb,Antigonon_leptopus_194_aug_00022.jpg,15272,0.3043686224489796
1ELfRvTCuHqu-bocXQYbidO9EW_lMjpdt,Antigonon_leptopus_344_aug_00021.jpg,16558,0.3299984056122449
1iTeNKtnlsuHCaljD6ZXP7FB8QiNgyGJJ,Antigonon_leptopus_214_aug_00020.jpg,12981,0.2587093431122449
1WmzUCP0kyZQEvYOtayNMfovDh2jUvjB7,Antigonon_leptopus_500_aug_00018.jpg,14737,0.2937061543367347
1nTXBuPPGTlZBz89YYev6KDRxdXbbwjeo,Antigonon_leptopus_591.jpg,16141,0.32168765943877553
1k8e_tIlh2oDCz8wEaStZC24nwnOWyoxx,Antigonon_leptopus_594_aug_00017.jpg,12420,0.24752869897959184
1SDW6YesYMF_sEnehZbd4CpINTgp7tkM7,Antigonon_leptopus_302_aug_00016.jpg,11092,0.22106186224489796
1WAmTtuMjGDoVHeNwHmUIF6K4dJIwJWt-,Antigonon_leptopus_411_aug_00015.jpg,14734,0.2936463647959184
1bNrbdV40k4MyF-OCRhyvUEWSBYZOg562,Antigonon_leptopus_649_aug_00014.jpg,14066,0.2803332270408163
1lODasoFE-qU5ZKSAV-40TB448NentuJ_,Antigonon_leptopus_302_aug_00013.jpg,16048,0.3198341836734694
1zxr0nPSqqDVVgnfqFhqhIr-VL_m2WflQ,Antigonon_leptopus_173_aug_00012.jpg,14798,0.294921875
18sJcK3sE2Mr8AX7MBtnxRAfy0rNsCEuL,Antigonon_leptopus_351_aug_00011.jpg,6645,0.13243383290816327
1xi_8seVe5fVhA6Yr16EUo5l2FgG7x-gN,Antigonon_leptopus_500_aug_00010.jpg,12879,0.2566764987244898
12xBsrzZ4S_PC3xUScwSbgAfF2dg6Ar05,Antigonon_leptopus_411_aug_00009.jpg,14705,0.29306839923469385
1Vv2vRSqqWv-8_-iAdBkMQlhkgT72thqV,Antigonon_leptopus_15_aug_00008.jpg,15865,0.31618702168367346
10V--Mrp-qMLVBb-zZgCpYhYtL9ZbaJjk,Antigonon_leptopus_326_aug_00007.jpg,12926,0.25761320153061223
1G6E8ZkOeQW7GVFtLnsUTjGKLyC3F_a-1,Antigonon_leptopus_166_aug_00006.jpg,16891,0.33663504464285715
1_dMue-l_e6dAYK2ovpfm5QDYjDvVldhc,Antigonon_leptopus_411_aug_00005.jpg,14512,0.2892219387755102
1eQmyKYQS8bg9SaxSmz7RQzRU0wwOZqeM,Antigonon_leptopus_326_aug_00004.jpg,11779,0.23475366709183673
1SI2FVwlNRdTu27P1oR3Nei8HFf3ebkKk,Antigonon_leptopus_630_aug_00003.jpg,16718,0.333187181122449
1hsCvrcwWHZSnzV2JDAR8FkkSKZoGd-Uu,Antigonon_leptopus_351_aug_00002.jpg,15219,0.30331234056122447
1GdyvGxrRCF1Qk8o3eYWeYFqxoOMnXb9y,Antigonon_leptopus_488_aug_00001.jpg,14846,0.29587850765306123
18GbfiL3ePEsKLmRc9IWn371wO3u8m2mE,Antigonon_leptopus_582_aug_00000.jpg,13606,0.2711654974489796
1mRQe_xbvG171K5y6vaBm9bDdFxiBlgNu,Antigonon_leptopus_565.jpg,16088,0.3206313775510204
1p4PJM_X14Nppn4gnAsTtWIImwjYG6ahq,Antigonon_leptopus_582.jpg,16171,0.32228555484693877
1ZEblsPLeSub7N5lcMDBM67hjlWPEp21A,Antigonon_leptopus_553.jpg,16127,0.3214086415816326
1PdimnDCyddCOY2e9nj3VV284vOel9HHx,Antigonon_leptopus_516.jpg,16129,0.3214485012755102
14zFDO0egTIUo7I1Yp6M9QHVosh2b7Z_k,Antigonon_leptopus_613.jpg,16162,0.3221061862244898
1L5vtIeROaUkbwtzvBtKbCZtNNS2eIhqj,Antigonon_leptopus_500.jpg,16000,0.31887755102040816
1sfQmXuZn-CKs9MmdTGUiyhhJ1wVc6N6E,Antigonon_leptopus_488.jpg,16164,0.3221460459183674
1VDTQ76QnZTx_I9yxOy8szYts1kb1PKL7,Antigonon_leptopus_460.jpg,16021,0.31929607780612246
11fJmnikPsPeOaSkgskvklY7U-B1-dnV8,Antigonon_leptopus_423.jpg,16240,0.3236607142857143
18lttXvBvESrakht0Tuv7u4C2jec-0zDI,Antigonon_leptopus_393.jpg,16174,0.3223453443877551
1UhE8uVjuFHAJX4CYRYOqm4AmRhp9iukj,Antigonon_leptopus_411.jpg,16165,0.32216597576530615
1812qaqdlAemEl29AJmiA4Zu_e7CWRP7v,Antigonon_leptopus_357.jpg,16186,0.3225845025510204
1evVOtCB8Q3wr1q6Too3hkaLU5yrJPOHc,Antigonon_leptopus_344.jpg,16230,0.32346141581632654
1GImPur61OY3d79goXGRlFfad0MTBhPDw,Antigonon_leptopus_337.jpg,16037,0.31961495535714285
1zciOswoszd_r8JEINoZO5tveYF5ET1I6,Antigonon_leptopus_302.jpg,16167,0.3222058354591837
1PbiOJFNpUZitL1_6q6R8-zMHTyBl7Giv,Antigonon_leptopus_326.jpg,16093,0.3207310267857143
1tr4GNc6fUM8uahg8Q2WW7hp5c5UuwfKi,Antigonon_leptopus_433.jpg,16105,0.3209701849489796
1_xTHvweC87JXrHZueAK5hz4-FWXNqgyj,Antigonon_leptopus_280.jpg,16141,0.32168765943877553
1XdX79w1_dzbnk0WRDsdrNikhakW4VQqH,Antigonon_leptopus_255.jpg,16075,0.3203722895408163
1KiXN6OgeBZpwvgxMDYEnQAQ5glJovJx3,Antigonon_leptopus_237.jpg,16137,0.3216079400510204
1USgnHUnDDzkCd9pPnlE9S_aB_iY6tqq2,Antigonon_leptopus_351.jpg,16189,0.32264429209183676
1qtV_u2cpxU1ndd0A3tV2xf3iNi8FiEv9,Antigonon_leptopus_214.jpg,16075,0.3203722895408163
1Go6IVHcBCamAGJCwFx1Wo_PKM0y3h4zD,Antigonon_leptopus_194.jpg,16131,0.32148836096938777
1LdAsPEpeIr4ipKXDWIncnIWUV1HjkQ1j,Antigonon_leptopus_190.jpg,16167,0.3222058354591837
1P8VQn6tADde2ymTgakRKa5RWfxbLHmmC,Antigonon_leptopus_186.jpg,16097,0.3208107461734694
1X6BgRnEi5tIdopl1H2Q2wDi9YfRwi0tW,Antigonon_leptopus_173.jpg,16121,0.3212890625
1fe_Zu-RFvaM3_P7SDIqB3I8YtDF0e-iF,Antigonon_leptopus_15.jpg,15968,0.3182397959183674
1yLRcRUt4b9nwJxaXsYMuPm6cZXKxk1xM,Antigonon_leptopus_166.jpg,16046,0.31979432397959184
1ISLDc7mdbLd5PpLGb0iqownKY2n8RPzr,Antigonon_leptopus_126.jpg,16045,0.3197743941326531
12z754lQvygbdZUGsm7hGV9djBWb6ARez,Antigonon_leptopus_101.jpg,16162,0.3221061862244898
1yN7Yvn3BRtd6gOpRYwy4KY2AmmkRoZ2a,Antigonon_leptopus_179.jpg,16103,0.32093032525510207
1NOx1fysPxM4ZsEJb1uXJcCtyEt8xalC9,Antigonon_leptopus_500_aug_00461.jpg,15100,0.3009406887755102
1lzl_vaegySwKEZaImBGlWuTMV9r3HFFb,agrostistachys_indica_96.jpg,13084,0.26076211734693877
1fcx6u7QlvneFWRFoQHPbAWlRQ6wN451z,agrostistachys_indica_92.jpg,13204,0.26315369897959184
1IY-Y1oUwuAz6L5zdmOGriN2HSJkZCxGD,agrostistachys_indica_87.jpg,13260,0.26426977040816324
1dFOGW2hDmIwmIOHRJxB8Y0wHAds2YEIP,agrostistachys_indica_78.jpg,13123,0.261539381377551
1wV3C8MDLf7sryaKaDipyRn-StV20ecOL,agrostistachys_indica_73.jpg,13131,0.26169882015306123
1XBiAefC0XfgoFn_wx4ktp9lKc4uSRgiO,agrostistachys_indica_556.jpg,9795,0.19521285076530612
1aYX7OO57jxJLdpbf7q-_qduW2X68eq6y,agrostistachys_indica_243_aug_00048.jpg,12111,0.2413703762755102
1tVfiHyMJC-M6HRxe6XQKA7epSWNfl7sk,agrostistachys_indica_307_aug_00047.jpg,11692,0.23301977040816327
1Q4Pm7WQ5VIHWpXbrKulAC8zFpdnl7zjJ,agrostistachys_indica_543_aug_00046.jpg,2462,0.04906728316326531
1oV5YzArAla1T0JfBx0IR0H_UVkA5yVsI,agrostistachys_indica_25_aug_00045.jpg,6781,0.13514429209183673
1In68GnbIBnbns8ponHNqCsueGDrUSwx1,agrostistachys_indica_153_aug_00044.jpg,8597,0.17133689413265307
1HuaKhhmO7ruY8VP8hazHcCV9cd-efbva,agrostistachys_indica_325_aug_00043.jpg,10400,0.2072704081632653
1OzwmA-JchEEzr6Xx4e0B5Vh2e_JhUxOb,agrostistachys_indica_277_aug_00042.jpg,8097,0.1613719706632653
1WteOTa9dFN9uJ0naaML4FzvKTBpALKwS,agrostistachys_indica_42_aug_00041.jpg,14608,0.2911352040816326
18R3BdwaQnLMnxHFMNVgQP-QGZkcg3Pg2,agrostistachys_indica_425_aug_00040.jpg,9613,0.19158561862244897
1HKmA16Z1K7WjNoD0V_sfdr_ey6S7SZ6K,agrostistachys_indica_243_aug_00039.jpg,11746,0.23409598214285715
18kzZzlMPUHcD0JQpD4v0hbjuMfQh7sOi,agrostistachys_indica_421_aug_00038.jpg,8167,0.16276705994897958
1tgac98quZWSHgkDpZPu7Lp-rHZQu9tGp,agrostistachys_indica_485_aug_00037.jpg,11260,0.22441007653061223
1_FK7FM1iNRJK70_j5CW_3mFQL6hnzWdP,agrostistachys_indica_335_aug_00036.jpg,11137,0.22195870535714285
1_zDlvXUNEN6_LRoiz_bYMnxtuSJuUVyB,agrostistachys_indica_543.jpg,9791,0.19513313137755103
1UMNZU5clZJcSf6jDVJBcj1TBZ1JRXAdE,agrostistachys_indica_429_aug_00035.jpg,8808,0.1755420918367347
1U-tOSboeh4JnbBryA9PAtpABf0fPAdgw,agrostistachys_indica_172_aug_00034.jpg,9771,0.1947345344387755
1YMkTtL9fnHL1XedD212luRddi6yVzNqd,agrostistachys_indica_302_aug_00033.jpg,11568,0.2305484693877551
1dMKaiSSmJJGbd3Mw33uc7fZr0vLj2vdq,agrostistachys_indica_157_aug_00032.jpg,8212,0.1636639030612245
1tlWaZ73pzt3czQ5VfYHMij5eA8jnPkLo,agrostistachys_indica_340_aug_00031.jpg,4655,0.0927734375
19TROoE1_lnYVGdnBYd0cOkpHEd9Y85P9,agrostistachys_indica_302_aug_00030.jpg,6447,0.12848772321428573
1MShabOA9inKYDB7M-WShu5B7MSLOQT5g,agrostistachys_indica_13_aug_00029.jpg,8352,0.16645408163265307
1JfDbC907ROcMJOGwH-eIPqtCm_pxKCMY,agrostistachys_indica_142_aug_00028.jpg,7593,0.15132732780612246
1GGO8fj1E50Wdxc3MlSINmuma0YQ8Ms_S,agrostistachys_indica_266_aug_00027.jpg,12120,0.2415497448979592
1EBOappte6W-284GhId6MeDaPKxlWWXrV,agrostistachys_indica_92_aug_00026.jpg,7680,0.15306122448979592
1yD5ZxXDqoOACd_i70lsBuOBz4N85LXdb,agrostistachys_indica_421_aug_00025.jpg,10750,0.21424585459183673
1FcFLCdwgmSFhI2ZY-EoTFDLpE6-SVJx6,agrostistachys_indica_340_aug_00024.jpg,10644,0.21213329081632654
1SNiK3kLefc_CYJ9UT6xAy8cjy392hXX7,agrostistachys_indica_73_aug_00023.jpg,11584,0.2308673469387755
1j1zjCLvUEWs_sD0Gdl3AlBeDeIOTwlZQ,agrostistachys_indica_157_aug_00022.jpg,11857,0.23630819515306123
1HVoJPJk8xB91lJXErY3654O8ZiG_cAHQ,agrostistachys_indica_429_aug_00021.jpg,8010,0.15963807397959184
192qvndHUPtdUseTuQqGmqffWLU1NwtrZ,agrostistachys_indica_210_aug_00020.jpg,13876,0.276546556122449
18a-ShYaufTgEtZS_Lr2Uh_G60t9mf2iV,agrostistachys_indica_543_aug_00019.jpg,9738,0.19407684948979592
1cANS8dob1Kvu3PBdOfKhEJF3z99DiI22,agrostistachys_indica_54.jpg,13301,0.2650868941326531
1ouco5wcwIN8P344r34pA4NFhsPplHWJP,agrostistachys_indica_485_aug_00018.jpg,10383,0.20693160076530612
1dQHmhTqPvu9Ve6eBM3leSwVjp1mBp3Tz,agrostistachys_indica_13_aug_00017.jpg,6125,0.1220703125
1Wbj_JKOmONlzhwDrGHRk-FqJT4acLaJO,agrostistachys_indica_316_aug_00016.jpg,6848,0.1364795918367347
1qTqdKNUg-E_bd6RbZCNsMhW3QFUQC41U,agrostistachys_indica_413_aug_00015.jpg,5197,0.10357541454081633
1zZYFU4n7UR5ceHfEwbnjzKBxStR7o0cp,agrostistachys_indica_42_aug_00014.jpg,7594,0.15134725765306123
1nGrLfWHH_zCApfAj4bnYidvwz1jVI5bR,agrostistachys_indica_172_aug_00013.jpg,10130,0.20188934948979592
1Q-Wm2UI-762jUm3mnsEtmmE-5IGtPTYv,agrostistachys_indica_429_aug_00012.jpg,6297,0.12549824617346939
1zo6gQ1ZybEqCjf7U4WqnECZOst1tqGvU,agrostistachys_indica_161_aug_00011.jpg,7599,0.1514469068877551
1S9sdEuOPSLwExXXbq0w3v4LNryOS8_pe,agrostistachys_indica_184_aug_00010.jpg,12306,0.24525669642857142
1dQtGc-C5KEyV_Sfw318dw7ByWkGZ0uDJ,agrostistachys_indica_405_aug_00009.jpg,9995,0.19919882015306123
152zw8ETD2KyFaC-c3P9kAssPJRUUkaFW,agrostistachys_indica_282_aug_00008.jpg,10287,0.2050183354591837
1a4Hfx-nYwUi8Mcl4flO6dmRMVw-wGl1d,agrostistachys_indica_241_aug_00007.jpg,2388,0.04759247448979592
1qfA_wVJcOkkOEvbgSywwftn_ugAG1JUX,agrostistachys_indica_335_aug_00006.jpg,5027,0.10018734056122448
1lAgRRIK2o8r5deWb-uf2K23f56oEEztS,agrostistachys_indica_405_aug_00005.jpg,11808,0.23533163265306123
1QuBgTPV9TY6nAp-cTwZU1UB4zTBPGc-M,agrostistachys_indica_474_aug_00004.jpg,9027,0.17990672831632654
1B7MERVnlWhLAut5yHrdjTNA_Py1xLYxA,agrostistachys_indica_243_aug_00003.jpg,6619,0.1319156568877551
1BvgvouJDUKS9f2nJTjl3nELEzMDWXngz,agrostistachys_indica_1_aug_00002.jpg,7188,0.14325573979591838
19wKh7PgO_6OxZ-CvsK_K36VtWGpPePOl,agrostistachys_indica_335_aug_00001.jpg,6160,0.12276785714285714
1Ir5AjiYUAwh17w1jk9Pj5a4q_5lpk8OG,agrostistachys_indica_484_aug_00000.jpg,10133,0.20194913903061223
1qrDJPTU_yo7eOcptiNmmhFbqh1Ss2gRO,agrostistachys_indica_527.jpg,9874,0.19678730867346939
1vGCrba6sNfmS7nrvDv_jJeNyd4dGwJcS,agrostistachys_indica_521.jpg,9833,0.19597018494897958
1r3ewnV6ZcbWMaRoS3IeoILZm4f_6uXSQ,agrostistachys_indica_511.jpg,9942,0.19814253826530612
15K5ku8N0dJZLa26aBzQewBlHH2xxuxTm,agrostistachys_indica_506.jpg,9881,0.1969268176020408
1DuKbAqthOLXoTal_S7mT2SWjhgtxxGXd,agrostistachys_indica_505.jpg,10038,0.20005580357142858
1LBD9HKIEdJy5Krk9ed9PG_hcfYAor-x3,agrostistachys_indica_499.jpg,9938,0.19806281887755103
1qq6BRuN8gPOd9r2wtK0bAgBDrecaYOH-,agrostistachys_indica_497.jpg,9838,0.19606983418367346
1RTMktZl3AIKZ-Figg9tTQMsFlu7MGEEj,agrostistachys_indica_487.jpg,9974,0.19878029336734693
1reAC5wmH3E9lqjKs21rfBYRj743um6da,agrostistachys_indica_484.jpg,9974,0.19878029336734693
111Onyl_0iLbHmzJ_zTmuW6Vq_itAdsuA,agrostistachys_indica_485.jpg,10019,0.19967713647959184
1Tj8584BW5VPaxYO0z38Hux1UlqbRPqQZ,agrostistachys_indica_48.jpg,13308,0.26522640306122447
1u_yFEJZzQKju5INx7d5TLY-eVbGd_Fey,agrostistachys_indica_480.jpg,9998,0.19925860969387754
1d68LCtCmSUo0S4QAQWuT5bBqaZujey9h,agrostistachys_indica_474.jpg,10104,0.20137117346938777
1-V2owKkbDeX9_9WPckrUOEtIfMg7iItY,agrostistachys_indica_458.jpg,10114,0.2015704719387755
1CBXGU7pPHv4ciF4VUIrvdVLbx4dJc50k,agrostistachys_indica_454.jpg,10082,0.2009327168367347
1BUgc2XncfXDAWzGSO3lqeTYnhOz9E9O-,agrostistachys_indica_451.jpg,10141,0.20210857780612246
1BRLuH-MuMNANm3T3-kHI11JnqzIKxbkj,agrostistachys_indica_446.jpg,10266,0.20459980867346939
14FC6zursgUFgOoN_f__HcxtbJXhOuKWf,agrostistachys_indica_442.jpg,10399,0.20725047831632654
1OijZkSzANRmXtSlITAV9XBgb8vl2hEyA,agrostistachys_indica_429.jpg,10492,0.20910395408163265
1gje1sy_A9YsoTTx59TkWY0_ehgUom2M1,agrostistachys_indica_425.jpg,10822,0.21568080357142858
1_sIm69hmaQi2c3_fKTcU4ec7ddh_FMEE,agrostistachys_indica_421.jpg,10658,0.21241230867346939
1OdM1ggokEm16lL94oYKQNo4AgPQrxgVW,agrostistachys_indica_42.jpg,13235,0.26377152423469385
1z1WXyhoHtFGAZWZg0V-VZj21by4ql9QT,agrostistachys_indica_413.jpg,11040,0.22002551020408162
15hT7YdXfABtjBIKDFHYL8K-zI84vC3vo,agrostistachys_indica_405.jpg,11108,0.22138073979591838
1ocudJFJFTEk8DOvFTQm81tMy8moJwCxG,agrostistachys_indica_377.jpg,11558,0.23034917091836735
1GCc1XxhgOmizEiRGlpXX6sht7eCHlTTP,agrostistachys_indica_375.jpg,11201,0.2232342155612245
1CY-0PZhC_RlixcfP3NFzm8NjwtYG_pjF,agrostistachys_indica_365.jpg,11347,0.22614397321428573
134wuZte-vgvQo288Z_7T_a_Umc8ue76Q,agrostistachys_indica_357.jpg,11498,0.2291533801020408
1tFGL4Jk4m5Wlmunt00QxRhzlSPm6YYq8,agrostistachys_indica_347.jpg,11592,0.23102678571428573
1WSCupsDf6atLOCmCywSuYEMBalFFXWxa,agrostistachys_indica_340.jpg,11516,0.22951211734693877
1mrgXTUzTLToIU1zvLJDyzxH1_RuDJBFN,agrostistachys_indica_338.jpg,11644,0.23206313775510204
1a-EftzpbYYtP0Y-AKKYmUHLaVSYoA5T6,agrostistachys_indica_335.jpg,11403,0.22726004464285715
1h5lpVsUWF8q9Jra4h32zFf4TjpQuYmIa,agrostistachys_indica_316.jpg,11649,0.23216278698979592
10ZLyZ35JhrQz7xlBSG6c93VtvYXzFP0Y,agrostistachys_indica_325.jpg,11524,0.22967155612244897
1yU2mpoCZdfZmbUm6bRRBUjUNmOgRNFcm,agrostistachys_indica_312.jpg,11693,0.23303970025510204
1kUe1Yymcd8BZf7ao9UOJErMqyYjypzV9,agrostistachys_indica_307.jpg,11505,0.22929288903061223
1DSV-OS0hTA74-Zxjlk2B1XR3rcJsaWtu,agrostistachys_indica_302.jpg,11606,0.23130580357142858
1BDNyZRBtZwSa_FwKK2rdH1-Gq-uYQSPk,agrostistachys_indica_305.jpg,11739,0.23395647321428573
1b54-zxVgolJRxKoXcWVTe8y-tp2-zuaJ,agrostistachys_indica_291.jpg,11938,0.23792251275510204
1s62B5_sccPEcdMxLhlUk5F80mjsHjK7K,agrostistachys_indica_282.jpg,11834,0.23584980867346939
1ayH1X-KdaDEHASMa03gPsagiOfD94Sgp,agrostistachys_indica_273.jpg,11901,0.23718510841836735
14i8IRpFqak6ZYIc5TG88RxC58JyIDFFS,agrostistachys_indica_277.jpg,12080,0.24075255102040816
1tjS7K6lIOm42xWmCG7HI-2x-rY-Sa9NS,agrostistachys_indica_266.jpg,12181,0.2427654655612245
1qfNJd6dbi8gla_RjBjNP88LlKlyythWs,Agave_Angustifolia_Leaf_199_aug_00032.jpg,13415,0.26735889668367346
1qFGSXmPOcRfIxf_tc2icgcq_RjslR7iL,Agave_Angustifolia_Leaf_357_aug_00031.jpg,8204,0.16350446428571427
1yGC2E3Vcv-oH17OgzuhgLS63u2nxWH_N,Agave_Angustifolia_Leaf_711_aug_00029.jpg,14760,0.29416454081632654
1Uol28lsKMABVSl1vx-yjW1iSk7RVRj8L,Agave_Angustifolia_Leaf_475_aug_00030.jpg,8115,0.16173070790816327
1izQPLeB92MpAVBxMIEFBSn1wijEeZfuj,Agave_Angustifolia_Leaf_105_aug_00024.jpg,6455,0.12864716198979592
1Fc0jQn18fuOPiFkkcnI_yiBqutTzfqam,Agave_Angustifolia_Leaf_703_aug_00028.jpg,16108,0.3210299744897959
1f0fEH7gEL7EKB9BWWFkPi9Tw8crLgPQH,Agave_Angustifolia_Leaf_59_aug_00023.jpg,9855,0.19640864158163265
1BrZIhSe-V1sAgmDvbIwymfQT16Azewuj,Agave_Angustifolia_Leaf_479_aug_00025.jpg,11924,0.2376434948979592
1ZgwiUCIgomQzkT0X7xOUVTk5u375xoZv,Agave_Angustifolia_Leaf_2_aug_00021.jpg,12720,0.25350765306122447
1RR7yHotnpdKzVsJXcIit5adkh_Lfi1Nl,Agave_Angustifolia_Leaf_190_aug_00026.jpg,12853,0.2561583227040816
1oHk-DWxDHvO-XmjYNFAL6DuIDl1G6pyF,Agave_Angustifolia_Leaf_714_aug_00027.jpg,14266,0.28431919642857145
1wZwF5alSoRfCfKoqSMh6YNJtzJ8jAXzg,Agave_Angustifolia_Leaf_465_aug_00022.jpg,12616,0.25143494897959184
1nVKFHc7ipks_DSWGIeCToTS2rcoDtXn5,Agave_Angustifolia_Leaf_545_aug_00015.jpg,11832,0.23580994897959184
1i-FVEdlFVb3sloAV_3OvUsIcFbwsPoem,Agave_Angustifolia_Leaf_475_aug_00013.jpg,14742,0.29380580357142855
1P7hKKbqltHuCnAPztpi_mP0UKkrlXagC,Agave_Angustifolia_Leaf_105_aug_00018.jpg,10010,0.19949776785714285
1rC3-Rk5kTUUc5bfhi0qrF98CjdZ4MkmN,Agave_Angustifolia_Leaf_749_aug_00012.jpg,15916,0.317203443877551
1xvsBOXt4ju7NpnRx_HVo336X9IzEMNfx,Agave_Angustifolia_Leaf_718_aug_00011.jpg,13991,0.27883848852040816
1nyeWk2Y87LXufrEBf-7E4yN2W1hp9iyf,Agave_Angustifolia_Leaf_140_aug_00014.jpg,12296,0.2450573979591837
1pVQEYhfTGGgGPOWUpce7XeOUG_ZsQKxt,Agave_Angustifolia_Leaf_358_aug_00016.jpg,14695,0.29286910076530615
1KXibgnQdtjnGTuSWFuNYA9s80nQs87GC,Agave_Angustifolia_Leaf_195_aug_00020.jpg,8884,0.17705676020408162
17ibWi50haAaiEuzZLnCiCiRcueotpLLQ,Agave_Angustifolia_Leaf_115_aug_00017.jpg,14823,0.2954201211734694
1HO1pDucwgw28vNIgJUViAbJayppyV6Uw,Agave_Angustifolia_Leaf_140_aug_00019.jpg,12458,0.2482860331632653
1AQapt1fKQHzVY216sNnv3cFfArjZf26C,Agave_Angustifolia_Leaf_709_aug_00010.jpg,12140,0.2419483418367347
1reo16At6hWljmhdCT2Ym_OHdlmOhglyT,Agave_Angustifolia_Leaf_204_aug_00005.jpg,13880,0.2766262755102041
1h_Bvk5KEiW3Rvvkl_b_Ek7JelUvNmm-j,Agave_Angustifolia_Leaf_690_aug_00000.jpg,11750,0.23417570153061223
1Tfda-e9X0VhtF18z96jC72b-Cq83PFGn,Agave_Angustifolia_Leaf_105_aug_00002.jpg,7178,0.14305644132653061
1Cyg3i0vR5lH33pqPOaOhcptMkWBysebZ,Agave_Angustifolia_Leaf_718_aug_00003.jpg,12928,0.2576530612244898
1McU17rw5vjvjYrU9QMhfNuy78hZQOFnv,Agave_Angustifolia_Leaf_902.jpg,16160,0.32206632653061223
1IMG2kbH8dMsfTUeznmk--Dwle87dtIjC,Agave_Angustifolia_Leaf_907.jpg,11824,0.23565051020408162
150ao4u3lJVFo3svJm-RPBBckRhhZUW3J,Agave_Angustifolia_Leaf_900.jpg,16208,0.32302295918367346
1xD9mX0Ti2ddn5keYAouWQ_f1rJn0lYMt,Agave_Angustifolia_Leaf_899.jpg,16302,0.3248963647959184
1ECOohKCvaCzEqCyJp7epsYtnhhJV8rZn,Agave_Angustifolia_Leaf_896.jpg,16188,0.32262436224489793
1kI_kJV2q7vQ2zmS1ZMszQbXfn3V6nQAV,Agave_Angustifolia_Leaf_878.jpg,11875,0.2366669323979592
14hOBHxSbZixgaCU932DDS8qvEKOSmSbx,Agave_Angustifolia_Leaf_86.jpg,9883,0.19696667729591838
1k_MixAB_NFAjWrZwl1olynWSsMMZyK2U,Agave_Angustifolia_Leaf_834.jpg,12062,0.2403938137755102
1WkkPCImDDXLo1OAAgfxfbWGj7A6ksHen,Agave_Angustifolia_Leaf_82.jpg,9884,0.19698660714285715
1k3UtgZ_dIuCxbHYSmkybokbO4sq58Wj-,Agave_Angustifolia_Leaf_148_aug_00009.jpg,12640,0.25191326530612246
1ssidaHLLW4Ms35l6ipLucaK3faLsRHe6,Agave_Angustifolia_Leaf_718_aug_00008.jpg,11979,0.23873963647959184
1_mqVPM5GS6diH_MKalkKYfk9Wzg7UwXT,Agave_Angustifolia_Leaf_164_aug_00007.jpg,12650,0.2521125637755102
13r7RHHf-_OKdiqTcPXTBWRMdih7uoFDG,Agave_Angustifolia_Leaf_199_aug_00006.jpg,12633,0.251773756377551
1bIyKxxfa-mafQNSfL07GyZHmXXp7sshn,Agave_Angustifolia_Leaf_801.jpg,12142,0.24198820153061223
1c2Y31G1udKgdaxjMFgzmdtXB6G25_Wln,Agave_Angustifolia_Leaf_224_aug_00004.jpg,11898,0.23712531887755103
1LTjKPNPme8jvgQ2Rz3iCUBSYN8izwvZB,Agave_Angustifolia_Leaf_779.jpg,12092,0.24099170918367346
1HUPj1eQrDs859bBOKnx-fc56USWxR7A_,Agave_Angustifolia_Leaf_76.jpg,9840,0.19610969387755103
1Z6_STok04El3e16v77LyQfQnVmRMK0rX,Agave_Angustifolia_Leaf_153_aug_00001.jpg,12368,0.2464923469387755
1TStcUV7xtFcoShWMPZFF-8h_KWVQRc75,Agave_Angustifolia_Leaf_749.jpg,16670,0.33223054846938777
1Jzvl-RMizLNPOuyS_hnoL7rkUcq8YWnc,Agave_Angustifolia_Leaf_748.jpg,16622,0.33127391581632654
1wx0U-_FDL26h4IVYrJ7W8riSALQqwEkS,Agave_Angustifolia_Leaf_744.jpg,16539,0.32961973852040816
1lxPlFPomXWve-hRNc7rQY0k-F-a6Ijch,Agave_Angustifolia_Leaf_742.jpg,16362,0.3260921556122449
1BnSFvjy-oUYiEeAlyzwb7m595IPwjJxm,Agave_Angustifolia_Leaf_741.jpg,16290,0.3246572066326531
1uWNdf6djnyPQXNgGS6e5Bt371jBsd6sk,Agave_Angustifolia_Leaf_738.jpg,16215,0.3231624681122449
1pQTDBrHZoRCVTGWjmclhGzLFglYU_2RW,Agave_Angustifolia_Leaf_737.jpg,16073,0.32033242984693877
1GhqeQGLrPd_BHWJ9wFcKH-IZQYB9mc4K,Agave_Angustifolia_Leaf_733.jpg,15889,0.3166653380102041
1mFH8XQolboHxZJL9m2DO-ptS9EY5tgvS,Agave_Angustifolia_Leaf_732.jpg,16083,0.32053172831632654
1UschmitWPNGw7bbY7b8c7hIyTLsVfCh0,Agave_Angustifolia_Leaf_731.jpg,16106,0.3209901147959184
1HdKn3jTnuRZW0QTShm1Nkw2PZse_9n8s,Agave_Angustifolia_Leaf_730.jpg,16027,0.3194156568877551
1yiUSF5qume1DSk9rjH33tonXoZky1M_5,Agave_Angustifolia_Leaf_728.jpg,15854,0.3159677933673469
1HHew9QAhfBO2p8v29rdAbFWdb8GdiE5h,Agave_Angustifolia_Leaf_727.jpg,15644,0.3117825255102041
10I0J9HQrPIB_IBhwcaQIe25UieX3kf9w,Agave_Angustifolia_Leaf_725.jpg,15535,0.30961017219387754
1BccyG7dQjHQdhdKMvxc3dMv7HSttSEEf,Agave_Angustifolia_Leaf_726.jpg,15655,0.3120017538265306
1ZN1V89GF5iNTEfc1GvG0lNzfaNqxhQ-D,Agave_Angustifolia_Leaf_724.jpg,15637,0.3116430165816326
1UegtK9_bfJ2-PEUX2EL9zEJmWNI5uBRN,Agave_Angustifolia_Leaf_723.jpg,12147,0.24208785076530612
1jPU9t-MC62ssLxHc6iaY70pPoqv1tTDK,Agave_Angustifolia_Leaf_721.jpg,15775,0.3143933354591837
13s48Po8df9H4VylhYHDUy35A3fLtAW7H,Agave_Angustifolia_Leaf_720.jpg,15713,0.3131576849489796
1UdkMU4H8rmqFW_fmnvyZJQsbHPCrsFfQ,Agave_Angustifolia_Leaf_718.jpg,15748,0.31385522959183676
1hOTVatRtK53gT5URSdM2QTap3s-n1v_Q,Agave_Angustifolia_Leaf_719.jpg,15599,0.31088568239795916
1kuA0Vtd-0m2kHYP2_xFgogg13v0q-p-u,Agave_Angustifolia_Leaf_717.jpg,15909,0.3170639349489796
1rxC9byzbV4fKBN-TbFDgB99tFW305hLV,Agave_Angustifolia_Leaf_716.jpg,15937,0.3176219706632653
1ZLIaHtcwYhAwc_lZbGShWIOREQ4V5f6U,Agave_Angustifolia_Leaf_714.jpg,15788,0.31465242346938777
14OADe4r1ZbZrk9emwuiPaKLU0DzAkowp,Agave_Angustifolia_Leaf_713.jpg,15835,0.3155891262755102
13dcDcIql5N84Zi6nxwNUE1fw_uGHxJqB,Agave_Angustifolia_Leaf_710.jpg,15782,0.3145328443877551
1IsDMJhUgW3A0gPLWj_9i_CbQFcqo9pHP,Agave_Angustifolia_Leaf_711.jpg,15870,0.3162866709183674
1MFCFyKWl0oBj4LwF2WTVxMG43xApxZRg,Agave_Angustifolia_Leaf_71.jpg,10026,0.19981664540816327
15M9GtlejSYz07Ub-P1K0nD8fzSSbEyAx,Agave_Angustifolia_Leaf_709.jpg,16013,0.31913663903061223
1zz5WqOMikmEE6nFFbvnw9TgSoldx7UVS,Agave_Angustifolia_Leaf_704.jpg,16030,0.31947544642857145
1wuKhvOrJ8h_Z7X0tJdLDvRJea5PQs2Ql,Agave_Angustifolia_Leaf_707.jpg,16084,0.3205516581632653
1sbJcubqAit1JLOyuEdmTVEya0dLJOx8N,Agave_Angustifolia_Leaf_703.jpg,16110,0.32106983418367346
1qotNreuAI8F44eiocxubsf-IIMV4PYxs,Agave_Angustifolia_Leaf_7.jpg,11671,0.23260124362244897
1x_id08P_RKBfsnMbKrJr4ai7oSIOCZpa,Agave_Angustifolia_Leaf_656.jpg,12320,0.24553571428571427
1cY7a02cC_CtqDFg6JHj0z1lm4C22ndGO,Agave_Angustifolia_Leaf_690.jpg,12242,0.2439811862244898
1mElJe2BEPVgQlU6lmWdUJAZQs1v4P8p9,Agave_Angustifolia_Leaf_64.jpg,10092,0.20113201530612246
1J5YgisHVnLMScEYUvM9dgGjWjkuQYaVO,Agave_Angustifolia_Leaf_59.jpg,10199,0.20326450892857142
1IW7Ct9H_D_sU2Hz6gFyEBiaSNX-x9hZO,Agave_Angustifolia_Leaf_612.jpg,12320,0.24553571428571427
1kegxSywvE0TAbprkfqPW9Nczh-E1sQeI,Agave_Angustifolia_Leaf_57.jpg,13542,0.26988998724489793
1TVPgh-SGcbHKVCwwCY_2r5fsZaSclSuO,Agave_Angustifolia_Leaf_545.jpg,12591,0.25093670280612246
1JhwGb0G0Sf7ZH6SquBEcygPkmO-TdnWr,Agave_Angustifolia_Leaf_512.jpg,12538,0.24988042091836735
17lKU3iXpyD_GK2BDkqbtMeib0OVo2tc0,Agave_Angustifolia_Leaf_51.jpg,10314,0.20555644132653061
13O7ttWV1t42Lu7rHqhciFV2YmnNvdENm,Agave_Angustifolia_Leaf_479.jpg,13187,0.2628148915816326
1DijUFJks7jbMm12zs07cqX_iIX8U-JEz,Agave_Angustifolia_Leaf_5.jpg,11858,0.236328125
1VvPzMGM3AerVy7SUkpYl8jv3bcNrOKxl,Agave_Angustifolia_Leaf_477.jpg,16129,0.3214485012755102
1TR7OXvPMNKHfi5oz_WK4W4DTIJR718jh,Agave_Angustifolia_Leaf_475.jpg,16143,0.3217275191326531
1prR1Lw3E7hNZysToNS4ZAz90gjr6aabt,Agave_Angustifolia_Leaf_474.jpg,16326,0.325374681122449
17G2y6cfIGfwLbvmrdowZRx-OZNQlOgO_,Agave_Angustifolia_Leaf_472.jpg,16113,0.3211296237244898
1xZeJuPbetplQFgrUt8Ftywf3NMFG4G33,Agave_Angustifolia_Leaf_47.jpg,10431,0.20788823341836735
1PbRDNADhM7fRtCkWQMVTeb6SQp3tX7qR,Agave_Angustifolia_Leaf_469.jpg,16084,0.3205516581632653
1SHkdSarPX0kjZT7GoK4aqpIW6Nc12NaG,Agave_Angustifolia_Leaf_465.jpg,16129,0.3214485012755102
1YHshQHMAK1rVyfub4EedtjzTZi_PU4Vs,Agave_Angustifolia_Leaf_463.jpg,16059,0.3200534119897959
1WBDcSjtPs8PRiYELdxekxA3M0Lf51hCs,Agave_Angustifolia_Leaf_458.jpg,16058,0.32003348214285715
11nRaSwr3LJh1hA7Uv7lE_9ywUaszxrr3,Agave_Angustifolia_Leaf_457.jpg,13279,0.2646484375
1gpmVAxErNxF3ufVjEyFR4jnpEJeFOiv4,Agave_Angustifolia_Leaf_44.jpg,10589,0.21103714923469388
