file_id,file_name,num_contours,avg_contour_area,std_contour_area,max_contour_area,min_contour_area,total_perimeter
18XtBM0f71JDSm1q53DItGTcq3E_sjegY,Yellow_Walking_Iris_152_aug_00361.jpg,93,427.258064516129,4068.3130024730003,39449.0,0.0,3643.825794816017
1EXJn1VObSYBYV-6RO9fg7qpMHfmSNo8O,Yellow_Walking_Iris_307_aug_00359.jpg,2,21800.0,21799.0,43599.0,1.0,1366.1463105678558
15YhS7XsqrYZ2MpfstAn6ppwiWYFDhCRT,Yellow_Walking_Iris_24_aug_00360.jpg,22,1907.1136363636363,8738.183331234735,41950.5,0.0,2044.3687409162521
1vt-DyVKjl-3UJktDI98IY5Pd0oHnp_sd,Yellow_Walking_Iris_82_aug_00358.jpg,9,4330.166666666667,12207.127662877037,38857.0,0.0,1288.3645660877228
1sMI0MpPgeRUs50QDV4R3Doq-MLYqlFYJ,Yellow_Walking_Iris_106_aug_00357.jpg,41,995.7926829268292,6276.704192814314,40693.0,0.0,2489.294709086418
1o_f-B3r_JUQC7MhkxQejyOYteiW1z4Pb,Yellow_Walking_Iris_455_aug_00356.jpg,13,3375.6153846153848,11686.547299144771,43859.0,0.0,1678.0285601615906
1S8BG5WECgKTe-p4ZinyX7k3MASUVzuR5,Yellow_Walking_Iris_555_aug_00355.jpg,20,2213.675,9616.86193656096,44132.5,0.0,2062.1677305698395
16_P2V5MJW-gnHQtYIC4wVwuDWCk0FR49,Yellow_Walking_Iris_518_aug_00354.jpg,7,6824.285714285715,16680.119269565752,47682.0,0.0,1545.4600187540054
1AY3uo-fusjq6JGlCucZ9v8VuX2PUDM04,Yellow_Walking_Iris_353_aug_00353.jpg,40,911.2625,5679.065223462727,36377.0,0.0,2330.0398755073547
1lv9HFVdPvVCSHomhMagIvftsfe9doasm,Yellow_Walking_Iris_328_aug_00352.jpg,12,3276.2916666666665,10832.179511872511,39202.5,0.0,1698.9818773269653
13pQ0GmHmykHUIBiKGCbOC1R-ZhE8RAGd,Yellow_Walking_Iris_513_aug_00351.jpg,17,2271.8823529411766,9014.61075230489,38330.0,0.0,2171.925087928772
1pUmiChzDEFZBkAmDFn_KQiEshAFK2pVj,Yellow_Walking_Iris_563_aug_00349.jpg,18,2460.277777777778,10123.506270093247,44200.5,0.0,2059.7829542160034
1VB1K5CKC8JWTMmArDfEwOOSJQ1IOQE_R,Yellow_Walking_Iris_14_aug_00350.jpg,33,1416.060606060606,7991.984864355317,46625.5,0.0,2030.4448605775833
1-R95gojM7UBV_yr6RNCrFWzRIwbc1j4h,Yellow_Walking_Iris_132_aug_00348.jpg,43,900.546511627907,5814.084308528203,38580.0,0.0,2672.2896568775177
1Xlh5GKEY-jzerZYpvj-_26SfgudElXxG,Yellow_Walking_Iris_475_aug_00346.jpg,8,5919.5,15652.265614760056,47331.5,0.0,1357.0092278718948
1Sy3mKsTVJ5aeVw7BBBq3XVAkmlo8zzkE,Yellow_Walking_Iris_293_aug_00345.jpg,13,3672.9615384615386,12663.809478895026,47541.5,0.0,1849.4671580791473
1cUOnyA-0zcL9s767LY5J0rVDkl0KBFGg,Yellow_Walking_Iris_404_aug_00344.jpg,35,1335.5857142857142,7734.837833267015,46436.5,0.0,2384.084470510483
1fWb8wQ4E6U0h4qhu5QWRdPpCJ4Bqx8Qy,Yellow_Walking_Iris_462_aug_00343.jpg,5,9026.8,18053.6,45134.0,0.0,1431.009227514267
1tJOa-Yha4YfcTLrd9JAdZFU8QNzTO2-2,Yellow_Walking_Iris_136_aug_00342.jpg,95,395.64736842105265,3717.34803736671,36432.0,0.0,4114.03394651413
1GgmFtX9HVVf1yjnKf20lOe6SSxvU8ejO,Yellow_Walking_Iris_467_aug_00341.jpg,5,9216.6,18433.2,46083.0,0.0,1304.4650712013245
1xbuHohdP9zW4jfyeeLdzhJ-GNrZREq9w,Yellow_Walking_Iris_423_aug_00340.jpg,12,3601.4166666666665,11911.097669878662,43106.0,0.0,1615.0235077142715
1YhWe4vWu_Ar75EQ2oWloVNMPf4jfRvc4,Yellow_Walking_Iris_71_aug_00338.jpg,6,7065.083333333333,15794.429034780655,42382.5,0.0,1326.4823163747787
1aWaNsel8Xjzrbc1KWa6ZmFKLWWYvUW9z,Yellow_Walking_Iris_351_aug_00334.jpg,17,2711.5882352941176,10830.237518762124,46032.5,0.0,1987.6753100156784
15c0uhaWqYQVKD__LYFJaeru--kQSqcBL,Yellow_Walking_Iris_518_aug_00335.jpg,29,1360.103448275862,7148.564044833868,39186.5,0.0,2296.6946425437927
1g0ZnmCot2EW7WGADd3jzMp7q-s-e65eW,Yellow_Walking_Iris_272_aug_00336.jpg,37,1253.6081081081081,7487.754766802403,46180.0,0.0,2416.7362728118896
1emunA7cY09SQFc4JCahI2qTdNMe3z137,Yellow_Walking_Iris_238_aug_00333.jpg,13,3232.6923076923076,11198.23030754012,42024.5,0.0,1372.146310210228
1608fNYgFoj03xf8RZACmxXD7I_eFhcxB,Yellow_Walking_Iris_475_aug_00332.jpg,10,3732.3,11183.072804913683,37281.5,0.0,1396.3473212718964
1MjvKEGs4qOwkXeU2yWky42za83VSCudx,Yellow_Walking_Iris_504_aug_00331.jpg,28,1528.9285714285713,7907.729121058764,42618.5,0.0,2305.2043080329895
1mSoZBzZcqcB4mjUVNRiSEeh4BGahj7hk,Yellow_Walking_Iris_272_aug_00330.jpg,8,5483.125,14506.796176167742,43864.5,0.0,1413.8620401620865
1SWejou61U6kncSJRqvtnP0t_aqOUknZO,Yellow_Walking_Iris_79_aug_00327.jpg,10,4135.25,12405.083341618467,41350.5,0.0,1475.3006389141083
1RUly7Cnbt2St8k398ncO9TE--WNLaK2W,Yellow_Walking_Iris_86_aug_00329.jpg,17,2674.0,10641.851710277184,45241.0,0.0,2197.9250903129578
1b8qFmkb0FnLKPLMDPFWddJilgnkHPqC2,Yellow_Walking_Iris_383_aug_00328.jpg,40,1141.8,7089.171107047706,45413.5,0.0,2672.8611620664597
10e0gJBMFdJegsoAQvCtItXsQlnm6yW0g,Yellow_Walking_Iris_461_aug_00326.jpg,8,5584.75,14775.859634467972,44678.0,0.0,1399.1757477521896
1x5gEZTIQsr2Mx_Fatve-c12cPma-P1ca,Yellow_Walking_Iris_448_aug_00324.jpg,2,24774.0,24774.0,49548.0,0.0,1025.4802287817001
18ipfOCA_1zgCjPzd-xZlYA_eiJSAgGGE,Yellow_Walking_Iris_475_aug_00322.jpg,7,6399.428571428572,15674.722276939508,44794.5,0.0,1571.1412575244904
1KpZHrXpajN54geD4Za1_8v8IOFVrKhRG,Yellow_Walking_Iris_45_aug_00323.jpg,35,1276.1571428571428,7342.966960462848,44091.5,0.0,2717.471333026886
1j2an-dQIV99i4NN0o8Po4UxgMTdkVtJp,Yellow_Walking_Iris_357_aug_00321.jpg,30,1345.9333333333334,7234.8032796721955,40306.5,0.0,2247.322056889534
1QUbtbzMk7jVr9DciLah9FhZu_-8tlp9Z,Yellow_Walking_Iris_374_aug_00320.jpg,12,3655.625,12103.095504740719,43797.0,0.0,1605.1240134239197
1SpJkW08OdKtNsFTL6dPgOBhhNZyvBf5H,Yellow_Walking_Iris_10_aug_00319.jpg,21,1837.904761904762,8218.465562695716,38592.0,0.0,1875.0478934049606
1iA2EleLVSfwl7yvwn1XAfpwZ1tFq4PEz,Yellow_Walking_Iris_112_aug_00316.jpg,51,852.5,5982.016109581628,43151.5,0.0,3226.3384249210358
1Sr6HVWAPN-RPhDublOp9ps01wzSF2uvl,Yellow_Walking_Iris_136_aug_00318.jpg,64,658.140625,5186.501195613437,41824.5,0.0,3227.752638578415
13KHOn9Jor8thiDTDdaJdpXYITTdrkVC7,Yellow_Walking_Iris_561_aug_00315.jpg,18,2629.6666666666665,10814.164241863538,47217.5,0.0,2001.699694633484
1iYIt0gz8_wlllEHuQISPU7Wt-IiAU4Iv,Yellow_Walking_Iris_134_aug_00317.jpg,11,3349.318181818182,10587.837619974256,36831.0,0.0,1383.9280554056168
1iRiGYrgCqPmv707f8WLoX3JE2s8PWuWg,Yellow_Walking_Iris_7_aug_00313.jpg,84,523.6369047619048,4749.5450680334525,43794.0,0.0,3194.1719043254852
17fRrFVkekpmRwne5nQdyuMpVo8xbER0q,Yellow_Walking_Iris_132_aug_00312.jpg,22,1859.7954545454545,8504.011814831721,40830.0,0.0,1865.8346898555756
1H1A8bC76xw3Xvv_bN262sZXi9njpI95L,Yellow_Walking_Iris_563_aug_00311.jpg,22,2107.0227272727275,9604.456256765388,46120.0,0.0,2450.15762758255
18NN7xQqtsvbnRVIkdDZcPPHm0qNCH3DJ,Yellow_Walking_Iris_408_aug_00309.jpg,74,592.4527027027027,5019.585031282614,43479.5,0.0,3135.0592098236084
1BIReDBpAn5e5eDn7B_Y4oUYZUM0y80oI,Yellow_Walking_Iris_477_aug_00310.jpg,44,773.4090909090909,5026.857937022715,33736.5,0.0,3230.4389300346375
1OqIIvbicck9Uax6NhLmrYEleyU8bqwvS,Yellow_Walking_Iris_132_aug_00308.jpg,32,1199.875,6631.738523475575,38123.5,0.0,2366.719026684761
1-Sf7bJS4VDGfq5KBz3h2sepd9EsrdqsL,Yellow_Walking_Iris_66_aug_00307.jpg,22,1917.0681818181818,8729.81608847134,41921.5,0.0,2009.5991896390915
1H-JbTfzpgrIY_jgZVl6YDDZF2cx7TXac,Yellow_Walking_Iris_272_aug_00304.jpg,17,2604.0882352941176,10391.9857019941,44172.0,0.0,1842.2367106676102
198dLRMLjinlCmfTfeJ29COBCidTFnYP-,Yellow_Walking_Iris_3_aug_00305.jpg,46,826.9347826086956,5544.042323902745,38017.5,0.0,2785.703868865967
1CZ38kZVqLamPhHZP1qr6syv3Cta8gmaX,Yellow_Walking_Iris_169_aug_00303.jpg,65,536.2846153846153,3717.6988477874643,29911.0,0.0,3590.2105705738068
1r2QGYM7APh49qI37iONSa97vgAl6UzQi,Yellow_Walking_Iris_80_aug_00302.jpg,51,844.5490196078431,5930.080448859865,42776.0,0.0,2751.62060880661
1Vv0rhVrm6Euz7UH6EWG6KJxWpLJwEF8t,Yellow_Walking_Iris_576_aug_00301.jpg,10,3842.7,11522.767107340147,38411.0,0.0,1715.1656429767609
1l6vqa_8uEtQeZQ6bDqpsjs6rC_1uJFU-,Yellow_Walking_Iris_567_aug_00299.jpg,15,3155.1,11805.303221010463,47326.5,0.0,1817.81030523777
19-Ha_J0NzCbvPc9SG4yL4A_Jf2sTM92x,Yellow_Walking_Iris_390_aug_00300.jpg,11,3768.1363636363635,11902.933001978412,41408.5,0.0,1483.4183893203735
1wdTFCO9A75O34qFVvuKdmxVa3PSmT8PW,Yellow_Walking_Iris_374_aug_00295.jpg,31,1388.274193548387,7584.085415801482,42928.0,0.0,2705.8977395296097
1v2w_btzc0UqjtXrbwsBrlmLxqk-4rX4w,Yellow_Walking_Iris_268_aug_00298.jpg,16,2896.6875,11194.04742468486,46251.0,0.0,1814.0529458522797
1BM1j4rkFs_vhv0Etcq5qQ76MGK3VsrdM,Yellow_Walking_Iris_286_aug_00296.jpg,9,5331.611111111111,15037.340409752167,47863.5,0.0,1497.5361392498016
16xTgkAhix56xJB44vKNUDqCfcOXKaHWU,Yellow_Walking_Iris_391_aug_00294.jpg,9,5350.0,15123.424039107898,48125.5,0.0,1512.5483311414719
1MzD6Feh8ZE5typFAN1fSqwNOXywgQZhZ,Yellow_Walking_Iris_391_aug_00293.jpg,2,24456.75,24456.75,48913.5,0.0,924.6101716756821
1sccI3orq6ZUFX_MpXMQH3ulOFMq_Cjc6,Yellow_Walking_Iris_7_aug_00292.jpg,40,941.0125,5873.819197812762,37623.0,0.0,2472.927175760269
1YsTmXTGtyBqug9wBrClCTzZ_f1zuh-f6,Yellow_Walking_Iris_477_aug_00290.jpg,3,14848.0,20998.242974115714,44544.0,0.0,1335.778779387474
1GzG8tk_oSL1yGnhn_Q0CVRe6UUFUpGTQ,Yellow_Walking_Iris_455_aug_00288.jpg,7,6546.142857142857,16029.607259947552,45810.5,0.0,1393.636644244194
1OyfjJL_juS98JP1qsPMiL567Njb62bRr,Yellow_Walking_Iris_223_aug_00291.jpg,46,810.2391304347826,5422.2133323097405,37183.5,0.0,2432.317005753517
1EnFw_wHscQA9q2R9NnvX49NV_dWxLTz2,Yellow_Walking_Iris_272_aug_00287.jpg,1,45745.5,0.0,45745.5,45745.5,899.3208484649658
1JQqpGAlyg-XUIwwD8ch8i4nD1S0Ry2-T,Yellow_Walking_Iris_408_aug_00289.jpg,18,2624.4166666666665,10806.806408784441,47182.0,0.0,2038.5798571109772
1cHJUsAQSDf1qP1H-ze-6Nh2pPTDdnAZx,Yellow_Walking_Iris_470_aug_00284.jpg,3,15333.5,21684.843658647853,46000.5,0.0,1117.8305147886276
1Bl3BlWmatJoIkGQhfrtT9mMpD8fIGuGP,Yellow_Walking_Iris_112_aug_00286.jpg,15,3107.7,11627.280518676756,46613.0,0.0,1493.7026594877243
1vjOxdOJxwCqGmqERFGW_ug--J2dmBhlR,Yellow_Walking_Iris_142_aug_00285.jpg,45,998.2666666666667,6580.484489593283,44648.0,0.0,3020.1058905124664
1CgSbmLLef-kiwIxbN6Y2AD5p6kqQYmpE,Yellow_Walking_Iris_98_aug_00283.jpg,28,1271.8214285714287,6585.120824380042,35489.0,0.0,2106.635766863823
1XUxNRQ2jvQZVg2BK-S_CByTWCQO3YlVk,Yellow_Walking_Iris_537_aug_00282.jpg,11,3752.2727272727275,11811.864159632882,41104.5,0.0,2097.474297642708
1Vgw7H12icdmZMEQzz8ufLsXTyOBYIDub,Yellow_Walking_Iris_572_aug_00280.jpg,16,2306.9375,8927.50188650743,36883.0,0.0,1795.8418295383453
1EbLlZ7XrJEdUzAMS9YwmemVQCAwHU-LJ,Yellow_Walking_Iris_309_aug_00279.jpg,2,19154.5,19130.5,38285.0,24.0,1241.210237979889
1leJmfPg0Z3kjnM1fiTKSClDRCQ_OG6Pn,Yellow_Walking_Iris_174_aug_00277.jpg,41,1042.7682926829268,6565.734785192168,42568.0,0.0,2718.4662816524506
1byiRgxGs_ylLTXttz6xhSj-eubjbTOrL,Yellow_Walking_Iris_182_aug_00278.jpg,27,1483.6296296296296,7506.132180242381,39757.0,0.0,2470.2926197052
1VKtLDOOEX23lUZXdyiaYmAHZpQi0vQjt,Yellow_Walking_Iris_423_aug_00275.jpg,30,1516.6333333333334,8157.479845652224,45446.0,0.0,2254.611381173134
1u3-0X7UKSPoj2T_Z-12VZxECyqJRsHL1,Yellow_Walking_Iris_29_aug_00276.jpg,62,679.0887096774194,5248.711746339558,41672.5,0.0,2910.3140412569046
1IOswpzO2HEspgefatzVMnif7d4Q7MC1_,Yellow_Walking_Iris_182_aug_00274.jpg,24,1783.2916666666667,8546.31986212568,42770.0,0.0,2308.4347571134567
1Biun35NE53ioO96SUDXHYnfXiCXJp0Ss,Yellow_Walking_Iris_104_aug_00270.jpg,10,4064.35,12192.716668261426,40642.5,0.0,1172.7422018051147
18mC8GCm84c40ZHc88DXTsG_2oUXM6Hxk,Yellow_Walking_Iris_112_aug_00272.jpg,28,1656.7142857142858,8556.932175590331,46119.5,0.0,2531.6307139396667
19IkthqZiY_qWl_GBi-ssqWNYnvEZ6kmI,Yellow_Walking_Iris_112_aug_00271.jpg,61,649.3196721311475,4988.513604659739,39290.0,0.0,3298.823706626892
1kcZo413slOgjzgoWvns7T9yUgz4VcdPi,Yellow_Walking_Iris_118_aug_00269.jpg,45,875.1777777777778,5772.055142528964,39162.5,0.0,3077.468370437622
16Ch6Q4B53sUk5QpjDocNAE9kS86U6dv1,Yellow_Walking_Iris_115_aug_00268.jpg,14,3122.1785714285716,11204.99600562041,43522.0,0.0,1628.3788467645645
1RwFBTIwlRRPa5uRGS3VjiAkWXEoT5qyg,Yellow_Walking_Iris_29_aug_00265.jpg,30,1382.55,7428.276855312183,41385.0,0.0,2258.902791619301
1etaA3Q36mJRt8EYWSNgildW07hLthe8k,Yellow_Walking_Iris_383_aug_00266.jpg,20,2141.775,9324.429097101602,42786.0,0.0,1762.319971203804
1UQMCCslUcqe6ex6T7nPfMQkK4RoL5eMV,Yellow_Walking_Iris_555_aug_00264.jpg,28,1582.875,8196.690327967093,44174.0,0.0,2482.358636021614
1Er6-yjiG9Tf85nMM7YB9uNrN25NpMf_r,Yellow_Walking_Iris_423_aug_00263.jpg,43,1063.5232558139535,6873.75526317775,45610.5,0.0,2648.358635902405
1bMnSu8ZOcM1ibL0JdmGbNjBW4tiD10t2,Yellow_Walking_Iris_174_aug_00262.jpg,9,5040.722222222223,14186.166268413104,45165.0,0.0,1532.1635555028915
1thCEJNUyvjS9n3n-l-Nf01GGstbYlnAH,Yellow_Walking_Iris_525_aug_00261.jpg,7,6704.214285714285,16421.904126277597,46929.5,0.0,1237.9970350265503
1eiyqWR_kViUCzYCTNtJhKJn3VCROrGfd,Yellow_Walking_Iris_166_aug_00260.jpg,17,2760.764705882353,11042.808824694665,46932.0,0.0,1355.9797894954681
1Dxsue-9c1I-ygIE7hsnQBfCxpQ65qofr,Yellow_Walking_Iris_54_aug_00259.jpg,13,3646.8076923076924,12613.862524617145,47342.5,0.0,1771.7026592493057
1ZqWjBfSUG1ap0AQGE9s8zy3IoXdR-KaW,Yellow_Walking_Iris_268_aug_00258.jpg,111,300.1171171171171,3108.111866337981,32897.5,0.0,4174.810636639595
1szczwkCIwAcL7d8LGeJYs83ODDYy3Dsw,Yellow_Walking_Iris_79_aug_00257.jpg,37,944.5135135135135,5594.832948604485,34513.0,0.0,3390.095784187317
1jN9A3_6ulEY0WFUf-WX2B6cj7ehsN8_D,Yellow_Walking_Iris_189_aug_00256.jpg,2,20328.25,20328.25,40656.5,0.0,1089.2518681287766
1lw9MNH8eMyTEleXghFSYO5I5yoaB-Pmf,Yellow_Walking_Iris_253_aug_00254.jpg,1,48035.5,0.0,48035.5,48035.5,978.6345567703247
1dTGXmIl6970tBBT2qXM9qx2E6RfNg4dJ,Yellow_Walking_Iris_325_aug_00253.jpg,64,622.6328125,4865.707099694461,39242.0,0.0,3889.808550953865
1Lp3SAGsjngeaMj9N9ciBhvVRkCGbMhwn,Yellow_Walking_Iris_528_aug_00251.jpg,23,1730.5434782608695,8108.974705887196,39765.0,0.0,2014.7707613706589
1dRgYS8LlSgW72i6YywzfiOYBMOIXHbNe,Yellow_Walking_Iris_576_aug_00252.jpg,37,1021.1081081081081,6117.484428386874,37726.0,0.0,2387.0865577459335
1jdzmB4dBJBQ1YT29itgXPcn25MI7CYTO,widliczka_kraussa_880_aug_00434.jpg,8,5754.75,15218.267466682928,46018.5,0.0,1216.4995613098145
1oXDuxOvDHtAll5ClHVwXRcut4FU3q4gL,widliczka_kraussa_588_aug_00435.jpg,1,46825.0,0.0,46825.0,46825.0,859.1959581375122
1vV0vUFt1cHpW_Phgl0dbUfCv15IbbmEn,widliczka_kraussa_245_aug_00433.jpg,1,49663.0,0.0,49663.0,49663.0,942.8528121709824
1RMQVGWInfDtTpiZSyh0fCFN1JHwnSAPG,widliczka_kraussa_245_aug_00432.jpg,1,37954.5,0.0,37954.5,37954.5,903.2274832725525
1SUDsF-oPGcQjA8GynTikTnp2ZtEk3Vtf,widliczka_kraussa_438_aug_00431.jpg,1,47002.5,0.0,47002.5,47002.5,870.0660153627396
1-ELuA56CVhXP1AmouaFrZf_GoMlsK4XT,widliczka_kraussa_833_aug_00429.jpg,1,43168.0,0.0,43168.0,43168.0,860.5685414075851
1PUpJNtKGhDTLFk1QLOHj1rKAi1A50cUK,widliczka_kraussa_55_aug_00427.jpg,1,39456.5,0.0,39456.5,39456.5,815.0954529047012
1nFNpcEwGGkcUd5isffztbfUXJWC2qg72,widliczka_kraussa_833_aug_00425.jpg,7,5932.357142857143,14531.247971955092,41526.5,0.0,1136.0802954435349
1xU7Qz3bjz6m7ZSKUGDymNBLRSKsGaqnR,widliczka_kraussa_564_aug_00424.jpg,2,24303.5,24298.5,48602.0,5.0,1011.4802289009094
1whEN2I6jnOJR2wCAztmjqeRLimSytTbM,widliczka_kraussa_912_aug_00422.jpg,78,545.1410256410256,4774.534426153195,42441.5,0.0,2748.5810673236847
1uf93kSOALRau7mzvpjvy9iajzeiBan8p,widliczka_kraussa_546_aug_00421.jpg,1,46284.5,0.0,46284.5,46284.5,913.2619735002518
1aGkOp5E47N1mJ1aAVr1bhsLLk4pZz7gW,widliczka_kraussa_483_aug_00420.jpg,2,24622.5,24620.5,49243.0,2.0,1114.190905213356
124g-_tGpYbDMXZoduw2n9sxpTbmyX1Q4,widliczka_kraussa_503_aug_00417.jpg,3,14584.0,20624.89059364922,43752.0,0.0,998.0142804384232
1d6bxn4ILtYxFNHM54pTtXUjVvHhjTzSy,widliczka_kraussa_776_aug_00418.jpg,35,1251.6285714285714,7287.727733606935,43746.0,0.0,2824.6399422883987
1klgsjjW-DwtTKWZN_6txX-FNyutp9wKb,widliczka_kraussa_715_aug_00419.jpg,17,2634.5,10532.875333645492,44766.0,0.0,1545.491544008255
1SgIVPnwJpYAN6Z4JMJKic6b7hExeW2DE,widliczka_kraussa_489_aug_00415.jpg,1,44923.5,0.0,44923.5,44923.5,888.7766922712326
1yUzLmAGmfE09qQ3AYeJTlzE060NtlTNP,widliczka_kraussa_564_aug_00413.jpg,1,42940.0,0.0,42940.0,42940.0,837.8822498321533
1ZtK9PkYMgOxqOBOViFl5iKVmkd_-Rfxm,widliczka_kraussa_841_aug_00414.jpg,2,22820.75,22820.75,45641.5,0.0,966.8010773658752
13sjjhp0N6YoodUyerovRS1jT-mh-ars_,widliczka_kraussa_400_aug_00416.jpg,1,47651.0,0.0,47651.0,47651.0,947.9898953437805
14qkoRjJcFUeU0la3YpS02iXpmfCbRlZ0,widliczka_kraussa_767_aug_00412.jpg,9,4752.444444444444,13440.882137560855,42769.0,0.0,1237.1168735027313
1gf9QXKNTZhEiu7CKgp_gsBLOThbHsKHC,widliczka_kraussa_81_aug_00411.jpg,1,41823.0,0.0,41823.0,41823.0,821.3137083053589
17bXAdwNR7OkQpvKgO3unLtztJxQy9eUh,widliczka_kraussa_744_aug_00409.jpg,2,23279.75,23279.75,46559.5,0.0,1143.109733223915
1Zh1TAloJUUDl-grj6bo_xrPtv2-j3Gdj,widliczka_kraussa_643_aug_00410.jpg,1,44593.0,0.0,44593.0,44593.0,915.64674949646
1QSRtJUOd3M0rM__1TYgbeQkC49Ue5irn,widliczka_kraussa_347_aug_00408.jpg,1,40688.0,0.0,40688.0,40688.0,850.3086559772491
1Cj_C32aBYhj1VDxSr74Hfb524Q-qZnya,widliczka_kraussa_400_aug_00407.jpg,1,41227.0,0.0,41227.0,41227.0,893.4213538169861
1UdtT8cSt0-dAivky_W38U7ljuauw_aRL,widliczka_kraussa_503_aug_00404.jpg,1,47131.0,0.0,47131.0,47131.0,914.7106767892838
13Py7JwDXtmG9awyyyNrpfb0N8NDCjqlF,widliczka_kraussa_400_aug_00406.jpg,1,39497.0,0.0,39497.0,39497.0,851.7888848781586
18-1e78Szlk2hku1uhcj1-Zyii4Q-cVxa,widliczka_kraussa_676_aug_00403.jpg,2,20855.75,20855.75,41711.5,0.0,1028.600066781044
1Qn1fbNuJ7zzuNcFgW_pJsPEWBoi3C__X,widliczka_kraussa_32_aug_00402.jpg,2,24313.25,24313.25,48626.5,0.0,986.433546423912
1fMM67FTDAFiHZdkhxFOew2lecTTN0aaO,widliczka_kraussa_81_aug_00401.jpg,6,7578.333333333333,16945.668489485906,45470.0,0.0,1103.1513632535934
13IeI5rD_xRCnqUXya59Kt9Jp6aaF0Qdq,widliczka_kraussa_335_aug_00399.jpg,1,41369.5,0.0,41369.5,41369.5,834.1492756605148
1v5Cdd025HpT5VUhrCHGOxWh3qHu_IJGk,widliczka_kraussa_503_aug_00398.jpg,11,3754.818181818182,11872.828992498964,41300.0,0.0,1380.9402480125427
1Z5rY90y6hcy9mogOM441cqyTDnJ7GBvP,widliczka_kraussa_335_aug_00396.jpg,2,22565.5,22565.5,45131.0,0.0,869.1126978397369
1mD7UmNJES6oV-puia0p7gDrq1uTVQCE9,widliczka_kraussa_564_aug_00395.jpg,1,47565.0,0.0,47565.0,47565.0,934.5340515375137
1ehIrAPSm5zkpSrKPdYzmUBfQjLimrhw4,widliczka_kraussa_380_aug_00393.jpg,1,44736.0,0.0,44736.0,44736.0,877.3036036491394
1fCQRGr7aC6D1I7_0UfvtyYre5tHjNI5d,widliczka_kraussa_26_aug_00391.jpg,1,47336.5,0.0,47336.5,47336.5,955.2030984163284
1ZdU1C5yDyXuVEIvTC8niC-WUK4mBbaAi,widliczka_kraussa_197_aug_00390.jpg,1,43143.0,0.0,43143.0,43143.0,987.269113779068
18VPZGeQNZUokQrwO8RmSbWuztrZvFV_y,widliczka_kraussa_546_aug_00389.jpg,1,48963.5,0.0,48963.5,48963.5,910.811182141304
1PL7KG--LRqHc6FLSH1xVKGtUR6UMBJpE,widliczka_kraussa_527_aug_00388.jpg,1,43890.0,0.0,43890.0,43890.0,846.6274166107178
1VJBHaAQrCfrAB8OK9YT79m-UloVZxZBf,widliczka_kraussa_197_aug_00387.jpg,6,7384.833333333333,16512.542123758198,44308.0,0.0,1056.0975402593613
1aBLjB95qNM07qAFwDUhqIX_Mk2rs7Cne,widliczka_kraussa_369_aug_00386.jpg,2,24509.25,24509.25,49018.5,0.0,952.693431854248
1zr2lfQ5i7TtdCujGsCsGYiOtVEyS_RpU,widliczka_kraussa_347_aug_00384.jpg,6,7854.75,17563.53134041766,47128.0,0.0,1048.8843377828598
1rKqZjbn76by5DfYDUTUM_uZHVLTgTuEp,widliczka_kraussa_546_aug_00385.jpg,4,11842.25,20511.378675932538,47369.0,0.0,995.7888847589493
1BSIgqvoNWsuko0a1l2qhWCmUFnzT6Q1C,widliczka_kraussa_55_aug_00381.jpg,1,45929.0,0.0,45929.0,45929.0,979.0437180995941
1-p24-W83ZRvN8kDh1zJdKXYuwkkKNxld,widliczka_kraussa_369_aug_00382.jpg,1,47110.5,0.0,47110.5,47110.5,918.2914110422134
1m1fqmlRyqEd21fNqra3H3PT1WEReUU0F,widliczka_kraussa_470_aug_00383.jpg,2,22987.0,22987.0,45974.0,0.0,912.1665205955505
1X67SDd1u2DH5i5upuLYg8oVplLn4GKea,widliczka_kraussa_802_aug_00379.jpg,5,8966.3,17932.6,44831.5,0.0,1088.1980460882187
154hj9tiPPH2iJuv3cBJuRVbMKNx2ql64,widliczka_kraussa_335_aug_00378.jpg,4,10809.875,18722.675377650357,43238.5,0.0,1235.9625455141068
1tdFKh50GaT3Tt-cl4w_An_TpDrLXjD4O,widliczka_kraussa_919_aug_00376.jpg,5,9133.8,18267.6,45669.0,0.0,1005.2691136598587
1ySOWSGd3ewAJgaSJtKoAntd223HV63Ml,widliczka_kraussa_103_aug_00377.jpg,1,47240.0,0.0,47240.0,47240.0,1093.8965301513672
1I0A1JN_Ad_EZ7A3lMJ8d59QKJnc0J2zA,widliczka_kraussa_55_aug_00375.jpg,1,44083.5,0.0,44083.5,44083.5,882.7523070573807
1nuSWRVG1WPwX9EoX_3Ii5zSwDgryw3e6,widliczka_kraussa_347_aug_00373.jpg,1,42930.5,0.0,42930.5,42930.5,843.2964633703232
1Sms79_XAV5CTd23xydv-Bsgk8KasU8j8,widliczka_kraussa_546_aug_00372.jpg,1,44193.5,0.0,44193.5,44193.5,861.8406196832657
1oPmbNRzSOcV5wcPfKbKk-Xup75iksuO4,widliczka_kraussa_554_aug_00371.jpg,6,7418.166666666667,16586.854123739748,44507.5,0.0,1169.3523738384247
1tAnziDeb94YCXELLXWL0V1tL94drdM8P,widliczka_kraussa_579_aug_00370.jpg,6,7233.583333333333,16173.889635810827,43399.5,0.0,1136.139170885086
1sj5d4X7Ap3ndvAsFoJEbgZZjiQpJ4N61,widliczka_kraussa_81_aug_00369.jpg,2,24392.75,24392.75,48785.5,0.0,960.1492756605148
1y1TDMHEb2SfSzlDS494Pdi3ViW9E91Ze,widliczka_kraussa_802_aug_00368.jpg,1,44804.0,0.0,44804.0,44804.0,948.0142804384232
1o8zo6xc3MESES7Bl07imsgE8qU3uK0wG,widliczka_kraussa_380_aug_00367.jpg,1,39279.0,0.0,39279.0,39279.0,793.2203433513641
1vV0tiPd_I6Vb3WzEJQRKydYxoOW0j23c,widliczka_kraussa_704_aug_00366.jpg,30,1325.2666666666667,7133.158562578634,39738.5,0.0,2221.5718393325806
1puaCfDaTKqd4BZOnYEFmDZDxfv3DpSC-,widliczka_kraussa_833_aug_00361.jpg,79,548.3354430379746,4797.217264787913,42916.0,0.0,3706.4115810394287
1roPoApLEpI-EQh_iDSgBZzL5m6Yh8EQS,widliczka_kraussa_588_aug_00365.jpg,4,12075.875,20915.74037171228,48303.0,0.0,1136.6833267211914
1tkOPYzbIZskAbDbJ7wJuXdEiPOrXq3DK,widliczka_kraussa_515_aug_00362.jpg,2,24105.75,24105.25,48211.0,0.5,1262.7077125310898
1WrNBztE4JVplZf59UALQ4a7_AE4dHThc,widliczka_kraussa_483_aug_00364.jpg,1,41628.5,0.0,41628.5,41628.5,1003.4284938573837
1Jk9VdVQPSzYtMh_dbmfoyhu55KLWj6cI,widliczka_kraussa_245_aug_00360.jpg,1,46866.0,0.0,46866.0,46866.0,914.6518017053604
1XOHx_ke9HB1hs7cB41oVHUJOok5ZzXNb,widliczka_kraussa_776_aug_00363.jpg,1,39320.5,0.0,39320.5,39320.5,810.4091612100601
1IanVUcN6o4QFPLyspOW-OVpoIwwc-kZg,widliczka_kraussa_483_aug_00357.jpg,1,41675.0,0.0,41675.0,41675.0,865.1370829343796
1-Km3tvPJr3eP04z588tZeURCZROWQiEf,widliczka_kraussa_554_aug_00356.jpg,2,24775.25,24775.25,49550.5,0.0,1014.2325359582901
1qpFALFbLTK05rFky57r4P9CwORKRF63N,widliczka_kraussa_103_aug_00355.jpg,1,45121.5,0.0,45121.5,45121.5,893.1787132024765
1suwo_0ALH4AnNKKHFJvH_7ZDWypCTCcx,widliczka_kraussa_459_aug_00352.jpg,11,3978.9545454545455,12580.187456065672,43761.0,0.0,1140.139170408249
10qRtgr2sWMY8ZOfeGzKWkgQ0AtfKc5bL,widliczka_kraussa_369_aug_00351.jpg,1,44920.5,0.0,44920.5,44920.5,874.2325359582901
1tFm7i9tBpIFYgpd1Wf1YiQg5ppQBjw1R,widliczka_kraussa_515_aug_00350.jpg,1,43461.5,0.0,43461.5,43461.5,863.8061298131943
1sJz3rObEwC610O6uN4MRACI1uhCGOSwa,widliczka_kraussa_900_aug_00349.jpg,5,8662.6,17323.95002705792,43310.5,0.0,1256.0630505084991
1iTKjACpnr7OgR3Gk3LnWg4_l-oqXYLM-,widliczka_kraussa_134_aug_00348.jpg,1,45679.5,0.0,45679.5,45679.5,923.1787132024765
1S9l8Nz8fvZ3eJ_WUmX1JgYmd-NIoDvX0,widliczka_kraussa_32_aug_00347.jpg,1,44747.5,0.0,44747.5,44747.5,971.5462441444397
1eedwjB7Ecn8MrGBhOjjmvsmEjgHaIXL2,widliczka_kraussa_657_aug_00344.jpg,2,21244.0,21244.0,42488.0,0.0,855.4802289009094
1f_atnEUzjKxeYiFWpWumruIH5SITDOLm,widliczka_kraussa_459_aug_00345.jpg,1,46354.0,0.0,46354.0,46354.0,875.7401144504547
1I0-M9x4gZNpsOk9B2-cnA4gXS3BfR8lK,widliczka_kraussa_265_aug_00343.jpg,1,48560.0,0.0,48560.0,48560.0,989.7056245803833
13JdHbczsBtrs9iM5ZAuIyKCAkKL4QY5D,widliczka_kraussa_546_aug_00342.jpg,4,10666.875,18475.56945798627,42667.5,0.0,1125.0508580207825
1yEjXfg6XDmPUg6Q28X7bC41yPnj6KPyj,widliczka_kraussa_438_aug_00341.jpg,1,41182.5,0.0,41182.5,41182.5,882.7178171873093
154BXEPGaEcygC4bPEnycclTWWKlmHbHn,widliczka_kraussa_32_aug_00339.jpg,9,4614.0,13034.809087380008,41482.0,0.0,1471.6610292196274
1D87eXEFCw1422BrXRex6SeH6X8ok16bc,widliczka_kraussa_551_aug_00340.jpg,1,44878.0,0.0,44878.0,44878.0,965.705624461174
17N4hRM31X_KYVPq8CKLihc_N1jDxt0N6,widliczka_kraussa_900_aug_00336.jpg,10,4699.25,14095.750031924517,46986.5,0.0,1348.7320973873138
1lkSLYxOj-C44tSrlwfGnEwkxOiB9jfsc,widliczka_kraussa_197_aug_00335.jpg,1,44304.0,0.0,44304.0,44304.0,939.1025930643082
1Prt65ZhK-au3EcUShOcKU-x2I68xcawV,widliczka_kraussa_905_aug_00334.jpg,16,2733.78125,10587.501958336226,43739.0,0.0,1782.9128980636597
1Vk7_ytMbJN0IuScp-apoYvhp6mVYgM0d,widliczka_kraussa_32_aug_00333.jpg,1,39396.0,0.0,39396.0,39396.0,814.5929267406464
1YmIaxdiGW3MIQ-sNz072QJH45sGk7v0E,widliczka_kraussa_103_aug_00332.jpg,1,44351.5,0.0,44351.5,44351.5,858.8700572252274
1K7aGmsKL-gzFnPm5aU0FxZGooXzyPM0F,widliczka_kraussa_319_aug_00331.jpg,1,43084.0,0.0,43084.0,43084.0,838.2842707633972
1HlM0Xn7KYTJ2gGzbmeIt2qx0RDzdaRBt,widliczka_kraussa_380_aug_00329.jpg,1,41237.0,0.0,41237.0,41237.0,801.3380935192108
1ppvmZ9zXPoGvb-DC0l_GE-gWxnrYcX5J,widliczka_kraussa_238_aug_00328.jpg,3,14363.333333333334,20312.820800885554,43090.0,0.0,1268.3473212718964
1nk6XUKNr_FpVzRcbxVMeberBJq3IKI4E,widliczka_kraussa_554_aug_00327.jpg,1,46198.5,0.0,46198.5,46198.5,943.4873691797256
1EYOuTXEX4EtVccUXq5mTJVjezrbdBfou,widliczka_kraussa_657_aug_00326.jpg,3,14350.166666666666,20294.20032231431,43050.5,0.0,1032.9188276529312
1RbQ1KGqC58obQSaSs33Ita61MXqIwP9F,widliczka_kraussa_279_aug_00325.jpg,1,39019.5,0.0,39019.5,39019.5,861.2030982971191
18WuEuz9ojYKp6QcoxDbEdNswePhRsDok,widliczka_kraussa_812_aug_00324.jpg,5,9128.2,18248.650828485926,45625.5,0.0,1208.2051858901978
1JMWskoT-RnR__0xHv_apFhOlq2K03NKT,widliczka_kraussa_61_aug_00323.jpg,1,44893.5,0.0,44893.5,44893.5,842.1492756605148
1AdoIELDb1jYLtyYhO6p2WC1X1MvvAeXP,widliczka_kraussa_197_aug_00322.jpg,3,15581.833333333334,22035.686474192014,46745.0,0.0,1077.6295043230057
1hwL87A7aodaZzWjEkDnBLlZtIENvU3jt,widliczka_kraussa_802_aug_00321.jpg,4,9574.0,16582.654431664432,38296.0,0.0,981.4945088624954
10RFaFdi8hmGkTACyFr63_2OyHnuWx1H4,widliczka_kraussa_265_aug_00317.jpg,1,41363.0,0.0,41363.0,41363.0,921.8477599620819
1k3uKeeS3SPa1MnCdEag017LohdcfkMx3,widliczka_kraussa_319_aug_00320.jpg,1,45172.5,0.0,45172.5,45172.5,935.9726502895355
1otN8RB9i3UqZwNDvVKEdZpcRkDiPX_ug,widliczka_kraussa_592_aug_00318.jpg,20,2210.975,9636.613658950691,44216.0,0.0,1661.7758152484894
1pzbT7-JCGUJj-DsnpisLd6HUGyTD6Jlu,widliczka_kraussa_592_aug_00319.jpg,1,46226.0,0.0,46226.0,46226.0,934.9604578018188
1gpTVYA0qJAypSGJdIg4g2GkQkQg8Aa3a,weigela_290_aug_00455.jpg,137,240.70437956204378,2742.752803960002,32222.5,0.0,2659.662239432335
156LbRMClaxSGI4o4UkXqu05M11eC-A_x,weigela_433_aug_00456.jpg,11,4300.0,13583.882232263353,47256.0,0.0,1310.6660821437836
1w3To_TKP5QAeZkOQ3-vBEbsGW2RNhi0F,weigela_181_aug_00454.jpg,140,267.87857142857143,3076.391528857556,36532.5,0.0,3255.71814930439
19YhnGAaf4fbfNQaj_bVdlGZ5iH4eM1-s,weigela_360_aug_00453.jpg,109,343.29357798165137,3552.4611337032975,37261.5,0.0,2333.2286932468414
1xMC9u1gVP-KT1-yT3oDcMVnxGTgstRGW,weigela_583_aug_00452.jpg,2,20519.75,20517.75,41037.5,2.0,1052.5756812095642
1CppYTuFbLwQaBFFryCxK-CGVlpjNK7A9,weigela_11_aug_00451.jpg,90,427.65555555555557,4004.8269727115585,38209.0,0.0,3126.782077908516
11JjchkOr8lArwFWRy1IK1s8sAzRf3QPC,weigela_211_aug_00450.jpg,106,369.0,3753.3556948014016,38829.0,0.0,3159.6348892450333
1jh3mLrKf1o809iWfED9SNxFXHnqQthO7,weigela_587_aug_00446.jpg,5,9755.1,19510.2,48775.5,0.0,1084.9188272953033
1zLIdlz3SPjOg6WAJ2LS4QELOWhCFu_2g,weigela_843_aug_00448.jpg,16,2298.5,8874.444864680268,36669.0,0.0,1641.3077788352966
1UecPvEKc371sXKnb7Sn6ZBRexo8I8PLq,weigela_310_aug_00449.jpg,22,1837.659090909091,8373.88512306179,40211.5,0.0,1731.7859193086624
1noMke7r1Ettn7CppiMwSXeqUnQ9mIUY7,weigela_253_aug_00447.jpg,89,403.12359550561797,3754.965812678868,35627.5,0.0,2420.625662088394
1iOp_6xZdkFcqBaOKsaLaMGJ9ZgdnrCgX,weigela_310_aug_00443.jpg,30,1220.1833333333334,6554.36685536614,36516.5,0.0,1646.0945748090744
1_qPTVWT75QdpQhkrGCyCJjcNeJq7JZX8,weigela_253_aug_00440.jpg,21,2123.714285714286,9468.481960306683,44468.0,0.0,1811.9696847200394
1-KrBEVuMFKeLxAG98XKWy1Ykt-iCywkH,weigela_11_aug_00442.jpg,168,184.50595238095238,2275.292184264274,29576.0,0.0,4104.658396363258
1wla3pw0EUuQ-XTCJE5OJvYgxthrreYCO,weigela_253_aug_00441.jpg,55,789.9909090909091,5798.013177327455,43396.5,0.0,1914.7463773488998
1DZSpjootFzAY7KWdrKcNuE2NNFnzaP3r,weigela_264_aug_00439.jpg,28,1272.3035714285713,6561.1839501333325,35365.0,0.0,1911.9179495573044
1aFnsBgkZTCP8UtwuVVvuEp-SOgHankX7,weigela_662_aug_00436.jpg,5,8742.9,17476.55099955366,43696.0,0.0,1218.3645654916763
1TLejamNGCiWHHDctPh8bmYogpJwyPZzS,weigela_515_aug_00437.jpg,6,6890.833333333333,15408.371754954798,41345.0,0.0,1065.0437180995941
18BtsfIvzg1f0j-WozDl-Wm5o91Kdqfgb,weigela_676_aug_00434.jpg,16,2726.6875,10559.124303586626,43622.0,0.0,1745.8174456357956
1xt1h7OfdovwfSxr13Oav9zehwzjBeehE,weigela_465_aug_00435.jpg,1,47861.0,0.0,47861.0,47861.0,891.5391039848328
1pMYejxpGZeyui8mtbFQjg6nZNhggMT0f,weigela_529_aug_00425.jpg,11,3713.5454545454545,11740.573982125068,40840.5,0.0,1427.283393740654
1cr9ZBJ0adchNHDrPhFHJt_0UjUDGtZAy,weigela_404_aug_00429.jpg,13,3670.1153846153848,12709.17842341608,47696.0,0.0,1646.6976068019867
1lVznRs919fU3zhoz7us7jIjf6fOd9dQ_,weigela_433_aug_00428.jpg,3,14178.833333333334,20051.898398627716,42536.5,0.0,1182.9087226390839
1LdxfaqPNIFTuLpiC38DyJXDd7LssvZZ5,weigela_338_aug_00433.jpg,118,362.02966101694915,3892.429725856383,42465.0,0.0,2714.4906665086746
1gZNtXgirhBhX0L61SdTPUPYEzCnEdA3l,weigela_393_aug_00424.jpg,89,447.7303370786517,4186.336204910009,39719.0,0.0,2415.086555957794
1iDQEUcLoQNIV57duiHgsRWmUVjH-IhIL,weigela_557_aug_00426.jpg,2,18769.75,18769.75,37539.5,0.0,963.653889298439
1C9MiGhxXmVNNuGv4SbuTjH1fCKRR63_P,weigela_338_aug_00431.jpg,27,1436.037037037037,7262.201617413386,38465.5,0.0,1710.8813717365265
1H7Sz71sdHmrocvhc1-QW-8vaoJE3dJbE,weigela_472_aug_00432.jpg,8,5813.0625,15374.248533337939,46489.5,0.0,1451.3595134019852
1nzC3enD7cwBePagxcT90caJZg-zUEjX2,weigela_695_aug_00430.jpg,32,1478.625,8230.929402450553,47306.5,0.0,1288.3818110227585
1fE7OgLIrLXBEVJcmFeUEn2lK3Uv0QPPL,weigela_404_aug_00427.jpg,7,5733.857142857143,14043.79953094269,40134.0,0.0,1211.2346234321594
1Zx981oJbRwmfq7Cg1WdG5ROwhsYOx4Mk,weigela_281_aug_00417.jpg,114,342.87719298245617,3587.6067931787475,38477.5,0.0,2270.233746409416
1tnYDYstuOrxBXLO1S_tAHiiKh2MTBIN8,weigela_439_aug_00418.jpg,21,2120.0,9478.580465600171,44509.5,0.0,2152.292620539665
1YWL5JUzejiZsREVqaJobn51uLVkYd_LZ,weigela_662_aug_00423.jpg,8,4884.5,12922.416366531455,39074.0,0.0,1299.9452993869781
1zgjCJa8rPfcvmw6Lh7fbPOGIbWQdPLxi,weigela_132_aug_00414.jpg,128,272.12109375,2986.9220608254377,33930.5,0.0,3195.2156232595444
1iAe6U0X_r_IG6eIVS3OP6Xw4kYbUErz2,weigela_472_aug_00415.jpg,20,2226.825,9696.756974982667,44494.0,0.0,1886.6286274194717
1cNzLYG-rr2z9dpsNBR0PEqsoXa5jU-hH,weigela_529_aug_00422.jpg,3,14677.166666666666,20756.64815721031,44031.5,0.0,1211.0264728069305
1QuUNJnbSgBjB3ykKlM7MJ-_Vakjqvgxx,weigela_587_aug_00421.jpg,5,7921.2,15842.4,39606.0,0.0,1032.6173119544983
1jJzqfgarZ-etCWUdE0R2amyk0a2q3h9J,weigela_404_aug_00419.jpg,4,11046.625,19133.31575216055,44186.5,0.0,1044.0315251350403
1HQPxBRjcYiiM-s5izQNiVIYsWTRtbKPK,weigela_587_aug_00420.jpg,6,6878.25,15371.068510218583,41249.0,0.0,1182.7665872573853
1VUH4G9RDIKVdu1xoX8QKre16_LVOijgw,weigela_583_aug_00413.jpg,7,6246.642857142857,15300.066987981938,43724.0,0.0,1282.281306028366
1Pe5mFjXiY6RgH_2ZoH7hVkp7Yrjk9HSj,weigela_550_aug_00412.jpg,3,15355.166666666666,21714.777849555718,46064.5,0.0,1045.3452335596085
1mEFhyvGp0ihir8C3gxfKPEjUhbcrLnmi,weigela_211_aug_00407.jpg,98,404.3112244897959,3978.5516859700638,39588.5,0.0,2254.9027922153473
1wkAfELA_2zfdZXG80gDbgOSOhsDwingj,weigela_557_aug_00410.jpg,3,16418.0,23217.144067836307,49252.0,0.0,1033.5634887218475
1u3cuK7L4ALcmaIkoixXP4TLkiWwuTquL,weigela_529_aug_00409.jpg,4,11151.125,19314.315061551497,44604.5,0.0,1273.8792847394943
13H7Q9EhFGx7aUmPtSSi2pUQo9sX6Cujp,weigela_557_aug_00408.jpg,3,15239.333333333334,21551.671881524384,45718.0,0.0,903.7644994258881
18pUn9b48vCzf0mJbNISAliHq9mUGF9qM,weigela_310_aug_00411.jpg,115,330.5521739130435,3455.7641767203922,37224.0,0.0,2718.691677212715
1jRByMFJI_mleCiv7cowBULrJBtIF8uy8,weigela_465_aug_00406.jpg,11,4323.272727272727,13670.914429353683,47554.5,0.0,1271.695519566536
1g2d_UXZQQH5PUE1N_-RyMLUppcrua9QE,weigela_240_aug_00405.jpg,119,266.1848739495798,2835.4871721869504,31065.5,0.0,2808.7232019901276
1cpuOQEewHCijHRGyIaRM6squucKS4zc4,weigela_873_aug_00404.jpg,37,1073.6081081081081,6406.614788042644,39513.0,0.0,2339.412459254265
18nNchbhTudNh9Ixb1KBAENq-4e8QdQjG,weigela_583_aug_00403.jpg,3,14307.333333333334,20232.917738730175,42921.0,0.0,1005.1858531236649
1HzkOC5OLvdFgBPFL61XwIftM58CRNWGU,weigela_404_aug_00400.jpg,2,22073.25,22071.75,44145.0,1.5,1047.1686078310013
1aVN_Cs18WItN-K5sz_unFPjW33QFjzFi,weigela_439_aug_00398.jpg,6,7009.0,15670.364492676401,42049.0,0.0,1110.7005722522736
1fEZophzsRbVpurdCwwHmxYJLK09T6gje,weigela_472_aug_00397.jpg,31,1425.983870967742,7774.060474801369,44006.0,0.0,2523.2947087287903
17ne31E8EAmcAyTbIGYEjnX8mgeHWrtpj,weigela_550_aug_00395.jpg,5,8710.0,17419.750001076365,43549.5,0.0,1159.6366443634033
1KCk1d_AINytKvg6UV2kFXMQOsLmdQE9p,weigela_656_aug_00396.jpg,8,6043.1875,15988.771251134145,48345.5,0.0,1025.6051191091537
1DIs63k4m_Z8aIGTK4jAk8a_sj541EF-_,weigela_529_aug_00394.jpg,3,15129.5,21396.34409192374,45388.5,0.0,1062.1736608743668
1ga9TrN2GDBTEYcT_8LsW72uu8zWRCGGc,weigela_510_aug_00392.jpg,28,1495.1785714285713,7761.479854998067,41825.0,0.0,1711.6509246826172
1vtYnZfYmuVoydetM0WcK01AkcjnekH80,weigela_608_aug_00391.jpg,5,9259.3,18512.85053577649,46285.0,0.0,1278.0214202404022
1gE6P8WUYH8tEAdXplTSTYWTxIszAkqay,weigela_636_aug_00390.jpg,12,3159.8333333333335,10472.445584193258,37893.0,0.0,1347.6021537780762
17WCy7tZ6VjvOaWlZV9Znz_E4AcoZG3wz,weigela_264_aug_00389.jpg,63,585.7698412698413,4591.294378499687,36737.5,0.0,2385.0693134069443
1QBzUUnMwlZ0F-el3xiiUHrmfy64OfL7o,weigela_310_aug_00388.jpg,19,2440.7631578947367,10303.574502861184,46155.0,0.0,1415.5950137376785
1ZobGE9UHLfNKLeHdJ4ow6GW0qHA76X03,weigela_404_aug_00386.jpg,16,2543.4375,9848.883780147054,40688.0,0.0,1620.8224972486496
1sVJfQF7XohYPah3UhuSecOeAHGfwk_kQ,weigela_398_aug_00384.jpg,4,11003.875,19058.981906095483,44015.0,0.0,925.0609627962112
1U1Ow8TFMrKhXvY3vpx_ih6i2mK5yd7uN,weigela_310_aug_00382.jpg,95,413.4315789473684,3997.5407345349126,39171.0,0.0,2145.464194417
1LpQJW4T52smH2otCGr65iBqJn2YNIxvj,weigela_64_aug_00383.jpg,93,363.31720430107526,3478.3010450698653,33726.0,0.0,2404.7261674404144
1hkv_j3CRzfrIuDEfKBgnPe7p4lp1VUdI,weigela_264_aug_00381.jpg,76,559.2894736842105,4841.1063785912165,42484.5,0.0,1876.1605908870697
1pa6-nyoDelaS_N4KPQv517rss6pGJa1a,weigela_415_aug_00380.jpg,2,22651.25,22651.25,45302.5,0.0,1044.6589416265488
1Mdo5jlU3gQEgeTZhmt2kzueacIGQCnAk,weigela_439_aug_00379.jpg,4,12109.5,20973.114569610305,48436.0,0.0,1378.264060974121
1ZSAWxuzuHWSk86oMKmql7FnlIB7I-pDb,weigela_211_aug_00377.jpg,26,1429.4038461538462,7108.3351223692525,36971.0,0.0,2171.030646800995
1vALNUjfkKn5m0Ji17odR6eLUmQH3CRFo,weigela_662_aug_00378.jpg,15,2963.2,11077.526709213269,44411.5,0.0,1447.8275500535965
1mMknSQ0sYA5vrdSYgld1_pQ2XDvoqzJ9,weigela_529_aug_00376.jpg,1,47234.0,0.0,47234.0,47234.0,950.7939366102219
19gkV22xqq4orh4cb8j3hlqC3DxOIwSND,weigela_587_aug_00375.jpg,4,12138.75,21024.93174037671,48555.0,0.0,1034.0487701892853
1pSmcmAh20xiF-NzejHRS1iiwsB0AXoNa,weigela_439_aug_00374.jpg,1,44659.0,0.0,44659.0,44659.0,876.9604578018188
1iL8GQSEpSLCjd_uBsntIfzt4MzwiREtN,weigela_608_aug_00373.jpg,11,4274.5,13512.571192310985,47005.0,0.0,1691.2417633533478
1heWyG05kAvx5lG1mD1PeO_Po0IAdaTwY,weigela_557_aug_00369.jpg,14,2940.6428571428573,10589.745407752747,41122.5,0.0,1343.8031641244888
1FH5EGP8fB4njm8jrjZ5sqXGVS0LcRQrb,weigela_425_aug_00371.jpg,1,45148.5,0.0,45148.5,45148.5,1017.0853481292725
18D5jLD92TTbGmC95YhP9WNP3V6m4AHx6,weigela_404_aug_00366.jpg,15,2552.266666666667,9548.2375875807,38278.5,0.0,1501.4255290031433
1UcNYK54_x0JRrGiczcn0oDmV8LtP1eCD,weigela_624_aug_00363.jpg,10,4618.5,13855.5,46185.0,0.0,1063.3868633508682
1MdAcF8RMSYq6i9U_iYcan_qSoAQtpjcI,weigela_676_aug_00365.jpg,2,21451.5,21446.5,42898.0,5.0,982.8771970272064
1yo01IrJrT0rSPQgFa9ZDtUc6-9Mpyxnc,weigela_873_aug_00361.jpg,2,21700.25,21678.25,43378.5,22.0,1048.2325352430344
10MApUithyvWm5CZANcI3Wae7WWvX_wic,weigela_310_aug_00360.jpg,71,568.1056338028169,4743.851247070724,40258.0,0.0,2019.8245850801468
1EuwUE0-LbNP4Cn7niUz0FBJsFMs1JYwt,weigela_662_aug_00362.jpg,9,4828.611111111111,13656.490780288279,43455.0,0.0,1222.7665872573853
1U5g91DvEv5-XSKQId_n-XSsONkkvvQy8,weigela_624_aug_00359.jpg,6,6826.166666666667,15261.760319686442,40952.5,0.0,1166.1808007955551
1MI8DknfeZ65aP-4nIq3TlhL9-tHcisfb,weigela_465_aug_00358.jpg,26,1784.173076923077,8910.167405340835,46335.0,0.0,2361.672344684601
1xxGvbfu2cdj0NcmWoS9sZd5z0RYBgjs-,weigela_873_aug_00357.jpg,3,15389.0,21763.33251135956,46167.0,0.0,922.5340514183044
12ioLQCnF3ODlWNvF_4NPlgw6sh9HqtUT,weigela_825_aug_00356.jpg,28,1508.732142857143,7837.966397016036,42236.0,0.0,1351.3006389141083
1Sppd1bv-j5cdXPLc90aDFZXhgAVEWIH8,weigela_472_aug_00355.jpg,10,4846.45,14533.51715423696,48447.0,0.0,1353.8792852163315
16k_1hct8d8BncBcT8EArmcg9-fVKJscn,weigela_64_aug_00354.jpg,92,394.44565217391306,3753.3912640093845,36199.5,0.0,2812.296796441078
1BfiDaAfax3C1BY7u7HvaFR4yjw1AzylF,weigela_64_aug_00353.jpg,127,306.06692913385825,3410.261581835639,38586.0,0.0,3383.38214302063
1SoYhroOkY3A97fuPl-_8_3hVvmxUw2pi,weigela_656_aug_00352.jpg,7,5730.785714285715,14029.541321942124,40096.0,0.0,1199.3351281881332
1uRzDqYwR9EInHy0XAHbu9Qq-UEYbCtu0,weigela_415_aug_00351.jpg,1,39704.5,0.0,39704.5,39704.5,929.7127647399902
1GtH5LFMSRjMxl9fg7XYV_Zn1Iu6KJ0wO,weigela_583_aug_00350.jpg,6,7496.166666666667,16735.555596958497,44918.0,0.0,1537.057997226715
1fRaBE-UDm58qy1QwODP3TCzZ9ekgo4mG,weigela_695_aug_00348.jpg,14,3236.75,11660.56191483253,45279.5,0.0,1461.3006385564804
1KDxCFBaQZ11njrMEY91hv571LsX9YNie,weigela_510_aug_00349.jpg,4,11477.625,19879.829650222735,45910.5,0.0,1069.6883795261383
13-kjOycZ-PATtUBtEkC02TP4JR9DAJ5y,weigela_571_aug_00346.jpg,5,9418.1,18836.2,47090.5,0.0,1003.806129693985
15DCCsuAGAxYpt1siZ956HNapH9TQOiPH,weigela_253_aug_00344.jpg,101,324.6980198019802,3175.970738074422,32082.5,0.0,2683.059208512306
1Y_KeyltFrFF1gcsLe70Xk5o2ZofiEw8_,weigela_873_aug_00345.jpg,7,6808.857142857143,16678.225731504546,47662.0,0.0,973.7056243419647
1HjM6NDVoFwiRSkbL_8794rvz7UxsWwAH,weigela_281_aug_00343.jpg,86,441.5348837209302,4049.0152899872537,37771.5,0.0,2603.3607234954834
1kAY-uubJbxY6BhMFYpCIhcMNJqsMpKW8,weigela_338_aug_00341.jpg,92,433.7608695652174,4112.7705623158,39667.0,0.0,2499.1942040920258
1ueDyo3LZQpY7yAnqXgd3EwjH7SI2F1Zm,weigela_571_aug_00340.jpg,3,14631.0,20625.62970351855,43800.0,2.0,1109.2447279691696
1gBta75UDaHWDc3Qo7sPP-UwnU8GQqaiH,tree_of_haven_912_aug_00349.jpg,277,91.09025270758123,1032.2156267746086,15740.5,0.0,7517.125887989998
1YGBeQU0851hY2niR3GnlKI_M2hORdq0g,tree_of_haven_448_aug_00346.jpg,9,4254.222222222223,12021.091527235489,38255.0,0.0,1434.631591796875
1onccskyuMLk-lEEiBZmf5XwJLnoQicRe,tree_of_haven_169_aug_00344.jpg,66,616.6818181818181,4966.204407486884,40655.5,0.0,1786.503736615181
1FfOPmGqggq56d_5Rs4Yod4LWLQ8e7IiA,tree_of_haven_1191_aug_00348.jpg,367,64.03678474114442,607.2813176635049,7355.5,0.0,8235.230570673943
1SR5IAj76nQEfHCMBcAcYkBE8SlPmwjax,tree_of_haven_855_aug_00342.jpg,84,474.0416666666667,4295.739802137538,39610.0,0.0,3024.078540086746
1VDi_yYI1QauEO9wBLF7xGbPMEBR1Z8Je,tree_of_haven_399_aug_00343.jpg,11,4116.272727272727,13016.481062245726,45278.0,0.0,1288.1808006763458
1XwKgMhiIzoZRcjlKP4ZrV-lJMvK8tdUG,tree_of_haven_187_aug_00341.jpg,111,328.22522522522524,3419.680177566488,36194.0,0.0,4096.942667007446
1-tFrLqOWuJYFnH2_Hh-X2Og9sA497c8H,tree_of_haven_503_aug_00338.jpg,45,906.1888888888889,6000.57660219128,40709.5,0.0,2236.3342509269714
1iBL0PZLj_ocRHsamyCs85QxEZUtd4DYY,tree_of_haven_1142_aug_00339.jpg,51,680.5392156862745,4764.220025297165,34368.5,0.0,3788.6125901937485
1NGS8COHPSkxsW8Wb3RO_c7kKfFPCbqps,tree_of_haven_203_aug_00336.jpg,211,161.35308056872037,1989.953581879621,28567.0,0.0,5862.968260407448
1PcHB5ovMe4fvTXHirQfhG9XMh1cIBbfT,tree_of_haven_649_aug_00335.jpg,21,2178.6428571428573,9734.69069401608,45713.5,0.0,2001.8834607601166
1uHruUB9JMpcPmcnKHwErLdKeyN_KSIof,tree_of_haven_751_aug_00334.jpg,157,194.843949044586,2409.9534101355353,30295.0,0.0,4664.052400946617
1giIFWjQf4R8eQKpphC5LkCsDyK52NH3g,tree_of_haven_604_aug_00333.jpg,12,3943.7916666666665,13079.624945977257,47324.0,0.0,1284.0802958011627
19FZ_84HI8c2wZ4624sl4W4kwzR_LyREI,tree_of_haven_649_aug_00329.jpg,207,126.48309178743962,1121.9536019728325,13782.5,0.0,7334.557346940041
1IVsxhLxZ7TLnGgXJEvDxgNJTtqkqurv3,tree_of_haven_1015_aug_00330.jpg,301,77.56644518272425,994.8082624173072,16624.5,0.0,7008.38368678093
1TB7y2lV5RmGyNE7kPpf_ZrIDkPUEx7jL,tree_of_haven_1189_aug_00331.jpg,115,296.39130434782606,3125.4753946452824,33667.0,0.0,4826.221885800362
1uPt_DD7sqqiENG6Xvl2akOb2eYlPFrsk,tree_of_haven_1120_aug_00332.jpg,235,135.72978723404256,2031.7753494424728,31215.0,0.0,6230.531752347946
1NTKq2hH7vY1qUVtmCB8KUndDpRN2HOQ7,tree_of_haven_377_aug_00326.jpg,38,1149.4868421052631,6980.466276733693,43610.0,0.0,2403.7657103538513
17VuJSRLUcsQC-oixEOepUzzfcNorg03i,tree_of_haven_140_aug_00327.jpg,60,653.5583333333333,5014.349024791808,39169.5,0.0,1415.3006378412247
1d977selSCOovDfVwsLIoH1ivSl2k7GBi,tree_of_haven_559_aug_00328.jpg,24,1870.9166666666667,8963.114594997409,44856.5,0.0,2024.3859862089157
19LIL0TZNalgAz8rlwWJcXb2LZLzYlU4r,tree_of_haven_826_aug_00324.jpg,53,740.9622641509434,5338.648049700973,39238.5,0.0,2118.351495862007
18H55kQ5OHVaYHuKL3lR1F5qRpBOd1fxx,tree_of_haven_831_aug_00325.jpg,48,896.4479166666666,6139.684151620695,42988.0,0.0,2129.9911056756973
1oP-GcEEI5Hedzna0Jvcj8mQptLTd3ByR,tree_of_haven_1191_aug_00323.jpg,181,187.63812154696132,2490.5339146089673,33601.5,0.0,5617.144887924194
15XBxF1d6WvD1ruiH9Gh0quC_j7AfHUar,tree_of_haven_169_aug_00322.jpg,38,1206.5394736842106,7313.290033239754,45691.5,0.0,1366.2813061475754
1yXuBFORcOh44TjHJSdsClFhNdarSBPbS,tree_of_haven_296_aug_00320.jpg,52,868.8269230769231,6197.8741740807145,45130.5,0.0,2243.297674059868
10dJGHMacPr4ii3y07-zUDXtfGrdcqiuc,tree_of_haven_768_aug_00321.jpg,91,368.5,3437.902681309325,32983.0,0.0,4700.155869960785
1NUUfRemiEY8FboLWMR1pqIpA9QyDN41o,tree_of_haven_617_aug_00319.jpg,10,4316.75,12948.416751190085,43162.0,0.0,1406.7909721136093
16yuM3vA22Bprvy0BgfrUEUSvKKE4Vn8Y,tree_of_haven_118_aug_00316.jpg,60,675.9,5178.929118553371,40456.0,0.0,1844.5281217098236
1onfXO9ZPkolee3I6jyRrdfeUjRXh2ZRk,tree_of_haven_181_aug_00315.jpg,54,822.2962962962963,5980.157805206436,44358.5,0.0,1657.567664384842
1GSbE05BoZKw70p_QTTJ4LE7j87r9V2YL,tree_of_haven_1015_aug_00317.jpg,79,542.379746835443,4774.547225014494,42710.0,0.0,3804.5953456163406
1tahpdkhotmkglRCnqkSD-3Uf3AhhworA,tree_of_haven_569_aug_00318.jpg,9,4395.222222222223,12426.43958597758,39542.5,0.0,1496.0285592079163
1I3gruLFr6-B42RnBYEwuWguL-FcaW747,tree_of_haven_846_aug_00314.jpg,218,149.0756880733945,2166.099313039505,32057.5,0.0,6235.110397815704
12fcuQ0sczpZnXqC0fFx1FeJg7kSyZKpP,tree_of_haven_34_aug_00313.jpg,38,1128.3947368421052,6848.388231584028,42785.5,0.0,2584.1992551088333
1etXlG-q7UPy8QTQ3buQTQmo7m_NUSkoV,tree_of_haven_203_aug_00310.jpg,33,1305.090909090909,7373.694277278238,43017.0,0.0,1204.7005721330643
14G7FdhxTzsUkFlZRwLgUpYWlty8d1rrQ,tree_of_haven_936_aug_00311.jpg,59,755.3559322033898,5740.541339744212,44474.0,0.0,3013.3851095438004
1umshjTIoq_ZMhnw1nwZGIYQuv8LVx6JN,tree_of_haven_638_aug_00307.jpg,25,1736.58,8470.578279763431,43233.5,0.0,1730.26109623909
11KtvVdievW2Ip7eMM5q1mnl-EfgXu8tx,tree_of_haven_604_aug_00308.jpg,93,282.6182795698925,1278.2872012210878,8437.0,0.0,5837.664658069611
1YTJdnTUxHND_9z2tMczzJhGq9sp6DPI5,tree_of_haven_169_aug_00305.jpg,178,194.7443820224719,1989.6852174943726,25017.0,0.0,5804.968262672424
1hk1EEp4owZHl5TG-l7ll5DjKbewIxxgK,tree_of_haven_65_aug_00306.jpg,40,1097.3625,6850.384581346053,43878.0,0.0,1691.4915446043015
1McFD6LnudJtj5IkyqMmXyjPNfluydR7_,tree_of_haven_174_aug_00304.jpg,47,824.5212765957447,5585.614682604415,38708.0,0.0,1292.3889510631561
1OALP7dhEKKHlHXI9sx1WkPEC8OwwLmOI,tree_of_haven_425_aug_00302.jpg,29,1468.3620689655172,7765.4008288496725,42559.0,0.0,1972.8296370506287
1QGpoSF5qJJ4xcyf9ZB4qJyOsuEhyyrQQ,tree_of_haven_181_aug_00303.jpg,68,624.0220588235294,5098.984240998847,42361.0,0.0,1669.6092948913574
1NBwdccHe0ZBtshYHXpX7gFtjuKNgr9dY,tree_of_haven_218_aug_00300.jpg,51,899.8235294117648,6349.067341437878,45794.5,0.0,1689.2833933830261
11Rzd2aNVQm5fh5VNZXuw0vEtnSkDCFom,tree_of_haven_114_aug_00296.jpg,85,539.8058823529411,4916.100675687471,45596.5,0.0,2083.658064365387
1EGA8cn3IeZqvhCCLhRlOiiVifC-Qxfhu,tree_of_haven_735_aug_00299.jpg,91,297.5,1785.5093080157799,14744.0,0.0,5062.003628015518
1C60jKTGivz6xC3TammDGQ3zdhx5As1gA,tree_of_haven_65_aug_00298.jpg,17,2578.8529411764707,10312.287088375671,43828.0,0.0,1173.2274831533432
1qfy_dXwnVxBK2rmmLnPW49H5Ovl6zcIL,tree_of_haven_1064_aug_00294.jpg,53,544.6792452830189,2876.353215730765,20510.5,0.0,4668.006592750549
1B2dgAhUIMxdZq30E3DBOUL-URoTovG8r,tree_of_haven_1052_aug_00290.jpg,40,814.075,5058.768009048745,32406.0,0.0,3012.0125249624252
1Z_gcTIqKzsWcSn4H4oPH8ALS_fnPW8X5,tree_of_haven_686_aug_00292.jpg,33,1254.469696969697,7020.3877752039625,40966.5,0.0,2234.618522644043
1rkXPmnCCNKLKnSAzRaaHCZMbZbyX9pkz,tree_of_haven_912_aug_00291.jpg,320,82.8375,1024.9482289517114,16732.5,0.0,8339.532084822655
1Is_HtVWgEIIFnYzlEZbuMlZGL9JXSkMb,tree_of_haven_421_aug_00288.jpg,38,1081.5131578947369,6562.973294698991,41002.5,0.0,2565.92212498188
1LuTVL9HPcM3H56Nud1a1wU0W69tM4ai2,tree_of_haven_936_aug_00285.jpg,9,4176.888888888889,11807.485967662346,37573.5,0.0,1611.0235079526901
1_PBWytho2WdhdwkCuNsRoghN_5Ys2yRf,tree_of_haven_70_aug_00287.jpg,15,2646.4666666666667,9901.236149199867,39693.5,0.0,1260.2051854133606
1htliFXpLZ4jJ7YabpIVDcxw3SnLuLzZb,tree_of_haven_756_aug_00286.jpg,254,108.0492125984252,1014.561489649054,11556.5,0.0,6596.511543393135
1Xb7MEgGatYrfnZHCBDwwFrB6uP24ZaIl,tree_of_haven_797_aug_00283.jpg,51,873.9509803921569,6174.887827237806,44537.0,0.0,2374.5007714033127
1hK1Nz72wOh2MQq3BhlJ4AWmuW8yJC32Q,tree_of_haven_1132_aug_00284.jpg,198,129.2828282828283,1742.817658916269,24584.0,0.0,6124.999789237976
1H3lU-Cy-lC6NCjma7tNqKgHnHS8ScZhi,tree_of_haven_203_aug_00281.jpg,125,257.612,2478.872884892648,27546.0,0.0,4831.15081679821
1Mx_nSjcKXF_OWAN4rO7WiWCOPNJDFmGK,tree_of_haven_551_aug_00280.jpg,16,2743.71875,10623.020802378833,43886.5,0.0,1392.7564821243286
17M7I5w2XS0D3K9o3WC_JZPhHIJKAgVkJ,tree_of_haven_569_aug_00279.jpg,15,2887.6,10803.875354396372,43312.0,0.0,1099.2447282075882
1pQAwYcQtOKNuWubZJ14u9WvtelHtKoAj,tree_of_haven_218_aug_00277.jpg,53,797.7830188679245,5732.305672725479,42134.0,0.0,1758.8397426605225
1tSl7tGNRpFR235bVFuOzjlm-CKt-Z6Zp,tree_of_haven_1133_aug_00278.jpg,87,367.4942528735632,2530.143057940624,21869.5,0.0,5274.613800644875
1RDGVYdCtmIWCYnA9zRVSlvO39y8k4w6J,tree_of_haven_1084_aug_00276.jpg,358,47.16620111731844,479.13988598120534,7640.0,0.0,7591.108643889427
1GQYLlNnGjPU6i5okWasL_SdRPDR1jIdD,tree_of_haven_1052_aug_00274.jpg,216,130.89814814814815,1887.9649442799257,27813.5,0.0,5564.1326949596405
14tN5G0bmM6Fs-r1gbysDielnyqmPRgy4,tree_of_haven_855_aug_00275.jpg,251,117.33067729083665,1807.3854479841318,28694.0,0.0,6670.494297504425
1f8-4zvDVe7v_-45HkxLslZENJKM11sHk,tree_of_haven_1055_aug_00273.jpg,150,234.60666666666665,2825.584408924206,34724.5,0.0,4863.206728100777
1ul4ADSwndC1PQGbjCx1qZfemNMf3AS1F,tree_of_haven_807_aug_00272.jpg,54,627.2314814814815,4504.875124377049,33423.0,0.0,3372.740445256233
1conetdsH3BgzEmGNUCFSZbnZ4E1L9TK-,tree_of_haven_768_aug_00271.jpg,194,179.8556701030928,2465.082465485305,34425.5,0.0,5995.044382929802
1ntBQDc5PyqsNaub4ia3QWcW0aOrp2O2G,tree_of_haven_296_aug_00265.jpg,38,1169.3157894736842,7104.862536561484,44386.5,0.0,1364.8914777040482
1_QrAbPNg6kqWIjPdFhH_7K4A90Taw8eY,tree_of_haven_341_aug_00270.jpg,132,257.155303030303,2905.189386548543,33508.0,0.0,5486.316461086273
1A9IjIDAUjcFGLgY5xBhzHdF7RSvjO77e,tree_of_haven_12_aug_00268.jpg,177,174.25706214689265,1983.2360611673366,26201.0,0.0,6126.673886060715
1rmBefQT1JsCmlGkFIWpxRk1lj19PpKzC,tree_of_haven_1142_aug_00266.jpg,188,167.11436170212767,2258.574195187327,31052.5,0.0,5721.453544259071
18Gm681YpllHbDawgjIgMJNYKmto_VH9d,tree_of_haven_1174_aug_00267.jpg,310,79.89354838709677,949.0344048406674,15485.0,0.0,7976.547243595123
17q4PEomG3XCw-jW1jkIk-4vwhBvaqWdd,tree_of_haven_425_aug_00263.jpg,11,4048.409090909091,12800.928767472984,44528.5,0.0,1329.1097328662872
1ImW90C6kSLllHfmc0zjCKPAKx5QXupl4,tree_of_haven_377_aug_00264.jpg,24,1720.5,8250.081330407194,41286.5,0.0,1681.4255287647247
1PWFWlpHsjxC0UZe4RCVJSuqSNJ8pE1wA,tree_of_haven_47_aug_00262.jpg,81,363.2345679012346,2054.645991084986,16943.5,0.0,5085.878736972809
1qbbtpvxpJzrem-M29QUoFV776kuU6M1M,tree_of_haven_630_aug_00260.jpg,11,4015.1363636363635,12689.703517725251,44143.5,0.0,1430.874232172966
1K8eYatuQIW6c2AwLZlY24qnRf1ct9BqD,tree_of_haven_1133_aug_00261.jpg,103,377.621359223301,3776.6568803086434,38519.5,0.0,4060.8350217342377
1-ufvMTBDzB7dnUUnI_TDAoRdnYB3VK0P,tree_of_haven_651_aug_00258.jpg,11,4094.3636363636365,12941.34916580976,45018.5,0.0,1366.465071439743
1f8sYVsStVoZgN7yCJH97DTP8xlVZu5G_,tree_of_haven_421_aug_00257.jpg,60,599.2416666666667,4569.439581330576,35697.5,0.0,2638.6916761398315
1KhEA8cP4B6MzAfv0Vajn9AZ0LcdpUtyB,tree_of_haven_503_aug_00259.jpg,7,6388.214285714285,15647.66124436388,44717.0,0.0,1154.2569208145142
1WKZf48yqpkaAVh22NmQe5tUFcEDlUj9x,tree_of_haven_1055_aug_00256.jpg,105,359.9047619047619,3633.147030891065,37410.0,0.0,3782.124346613884
1f0H1BHq-pjPDrn51sgLxGEosN0vdPddy,tree_of_haven_203_aug_00255.jpg,68,577.2352941176471,4718.644202920402,39201.0,0.0,1454.5727167129517
1MuO-bf1Wn-HEZFoGALdkbjAmjl47xpXe,tree_of_haven_128_aug_00254.jpg,149,206.21476510067114,2449.89458357997,30009.0,0.0,5388.475841283798
1wDe8KqetTgk-bAGpN4XStFITNgteETAO,tree_of_haven_408_aug_00253.jpg,26,1712.7884615384614,8557.742667375593,44501.5,0.0,2019.0550332069397
1oEgZciAVMBoIB3S_mBaFXdbKcMXYWGJn,tree_of_haven_590_aug_00252.jpg,269,95.72490706319702,685.8620796877575,6844.5,0.0,7650.782743215561
1bx_xsSqABVvmhq9MGQurH5yghdTUri66,tree_of_haven_218_aug_00250.jpg,13,3526.6923076923076,12199.214272520338,45786.0,0.0,1467.0924880504608
14CwDj-V4YCo-_QBkpoyhLnXtmVoW-OJU,tree_of_haven_617_aug_00248.jpg,31,1497.4516129032259,8098.580426536372,45853.0,0.0,2083.5575585365295
1lqTk09dbsrbK3-5ePaJV5HfDpM6TJFkW,tree_of_haven_945_aug_00246.jpg,322,57.47981366459627,478.25098376741414,5695.0,0.0,8286.863038897514
1sCtE31IEYpgyhGdT_mmSLqFUuMuACIOm,tree_of_haven_831_aug_00249.jpg,45,905.2333333333333,5999.965554160383,40704.5,0.0,2179.7312195301056
1etCRHuCWen05_Dux1YkE2nSxEGdgwROe,tree_of_haven_448_aug_00245.jpg,17,2407.970588235294,9625.008292541253,40908.0,0.0,1663.550418972969
1YGL1AUSIlwIp0S9vG9TocVtb4R9Z4EZA,tree_of_haven_512_aug_00244.jpg,37,1004.0540540540541,5995.362147598921,36976.0,0.0,2221.7728494405746
1i1SQ-msIzrBoSuNlnR4CWRgOVN-p8_2D,tree_of_haven_191_aug_00242.jpg,31,1131.0,6190.90821676328,35040.0,0.0,1348.0874354839325
1MNWuNPtFSVxJ7DV4vzxSyQO5PbCE2zeh,tree_of_haven_945_aug_00241.jpg,49,769.9591836734694,5325.054308276032,37663.0,0.0,2592.2236416339874
12SbqnNzNU2wqtmR8YOblYfVDBDgKvdkW,tree_of_haven_936_aug_00243.jpg,33,1273.969696969697,7195.438003324592,41977.5,0.0,1602.1950806379318
1sZZUxn60zauRta3gn4B4vNXNd5sGguyw,tree_of_haven_826_aug_00240.jpg,79,564.6139240506329,4979.402567583715,44541.5,0.0,2907.8287593126297
14qnBzvtSo7Ac-XRF_wG8zX4GYppJqpCC,tree_of_haven_390_aug_00236.jpg,76,485.14473684210526,4179.494999726098,36680.5,0.0,4283.570084691048
1VbSGQ-RmeJ7Vm8KB-aP8Tx1F4P3baeTe,tree_of_haven_1209_aug_00239.jpg,12,3742.5,12411.563749517356,44907.0,0.0,1189.6366443634033
1kV7QrWm-_5i9hypvEIRqqluBcPchHimX,tree_of_haven_1084_aug_00238.jpg,251,108.49003984063745,1634.1053148985468,25936.0,0.0,6311.048557043076
1quDLe56ksocyMH22MjMsd6lg6g19O_ng,tree_of_haven_1_aug_00237.jpg,269,90.41449814126393,905.5590491923707,13945.5,0.0,7351.662905573845
1nmZSLsuSR1iEOvip1AApnP_jVagY4khT,tree_of_haven_83_aug_00234.jpg,21,1896.142857142857,8438.353601467608,39633.5,0.0,1372.8082169294357
1ZIj_UpEAUjiG83m2wicyBD_KzXCWxeNk,Ti_plant_503_aug_00188.jpg,15,1999.9333333333334,6666.67564799395,26850.5,0.0,2674.8266719579697
1I-Gx_7pHS3ag9aDW6eQqV2fdUEqsRN7p,Ti_plant_261_aug_00186.jpg,47,640.436170212766,3893.106267599098,26989.0,0.0,3545.038997769356
1r2wXse-KZSkY74Rfmp0m67MCOn5UG9s8,Ti_plant_238_aug_00187.jpg,113,175.96017699115043,1503.494225323885,15992.5,0.0,4486.523401498795
11v045Chzm3BtbpJYyG0iVRqseCcvKdBb,Ti_plant_506_aug_00189.jpg,15,2635.4,9835.118049113595,39435.0,0.0,2645.0865565538406
1tv8uwz2ysTsp_MDFxgWcnKBbbecCtLDT,Ti_plant_359_aug_00183.jpg,45,847.5333333333333,5558.0509427516245,37714.5,0.0,2477.7383573055267
1RrBCaXhfPT0Nvke5UFGCK7vHEVuDwXW7,Ti_plant_283_aug_00184.jpg,60,396.7083333333333,2700.5111480539917,21102.0,0.0,3702.318216085434
1fFYurpr3xE7aZZ6IUXuMGGSry3GXUysz,Ti_plant_507_aug_00185.jpg,37,811.1081081081081,4513.0397560473575,27840.0,0.0,3262.2866892814636
13tN-bllF5V34aAIK6hVOD_vTYPU0q_Qh,Ti_plant_203_aug_00182.jpg,83,338.34939759036143,1721.2957499059291,14497.5,0.0,4185.507032752037
1zFWSfrXLXxEyd_TZWsrYpyi0sC5LQrgO,Ti_plant_34_aug_00181.jpg,84,293.3690476190476,2398.328062371,22094.5,0.0,4188.810635924339
1E5J_Kdxds9HhjJ5b-PASEpwsReq0GbUX,Ti_plant_102_aug_00180.jpg,89,262.1741573033708,1824.6456160481182,17020.0,0.0,3886.033945083618
1UkLXGRQwWT3Fry6CMdAnDWjjj0rihKe7,Ti_plant_555_aug_00179.jpg,59,532.2796610169491,3825.166013093016,29652.0,0.0,4827.209691405296
1hgXmZSUHrlSdgGlRiw-l12XujnXOH5px,Ti_plant_551_aug_00176.jpg,18,2062.3055555555557,8360.33518589564,36529.0,0.0,2880.466281056404
1m6d-5p1315UcKZUSsNSKIQoE01NBXoH5,Ti_plant_76_aug_00178.jpg,151,121.99668874172185,680.5041919687553,7031.0,0.0,6082.943878412247
1Cmi2QbiwbW7VwSmh1oaQ9rAgVAzOXt1I,Ti_plant_309_aug_00177.jpg,44,376.78409090909093,1594.4297334703006,9819.5,0.0,3677.573046207428
1MpzNu0Ss6h1qSNb6_6FoyEQSLXTRC7XM,Ti_plant_535_aug_00173.jpg,40,883.225,5311.144822387637,34042.0,0.0,3477.2816373109818
1jvSFdURRhZaiZ1K_qJIm-SJqPW3L-vcS,Ti_plant_180_aug_00175.jpg,64,368.6953125,2366.736836832895,18985.0,0.0,3191.1912376880646
1rYLChyM7-SIBC_2cVf1z7vozm-DelIRq,Ti_plant_106_aug_00174.jpg,74,363.6689189189189,2429.4038158610956,20667.0,0.0,4354.273621797562
1OccJqJnB2xTSn2NBQ8T_UVeyovXrujuy,Ti_plant_146_aug_00172.jpg,23,1209.1304347826087,4250.65793939825,20752.5,0.0,3166.9242116212845
1E3SVZpzVrTGoUzvfbPx8BpeRpTXY0N3l,Ti_plant_103_aug_00170.jpg,127,141.96456692913387,1058.8241661797438,11670.0,0.0,4651.743743181229
19uStz9jXNR5t6V6qUXSPtb2eRAAxuZ6p,Ti_plant_425_aug_00169.jpg,82,311.6646341463415,2444.593397353311,22256.0,0.0,4509.091941475868
1J4wr3-iNgEVEHvOJ2lOckWZAV_Pwnh3e,Ti_plant_41_aug_00171.jpg,153,137.97712418300654,934.4465286126191,10890.5,0.0,5521.1894825696945
1Hw-T_Cbi8forJIhR8z-jAQCKtujkGo_5,Ti_plant_337_aug_00167.jpg,82,287.5853658536585,2394.6794388109424,21812.5,0.0,4924.981331586838
1OWPLC4t1bjAtgeEgPZyY8j4KEMfqjif0,Ti_plant_249_aug_00165.jpg,79,280.373417721519,2072.555858782676,18502.5,0.0,3973.4796837568283
1Bq-nsQpvoHV4VYqd2_IZg3Ug0cHvkcjM,Ti_plant_209_aug_00166.jpg,36,666.3888888888889,2174.5850342048375,12615.0,0.0,3218.556680202484
1h0ZmRy4gEcYuPVe-mNciFtXZZVdeNOZQ,Ti_plant_20_aug_00168.jpg,49,645.5510204081633,3685.071724504675,25874.5,0.0,3457.2572518587112
10R1Z2mdWy5gsA6rFNhIUiMGPIcelM62M,Ti_plant_134_aug_00163.jpg,46,558.8152173913044,1777.803048093885,10620.0,0.0,3512.8724756240845
1XJcr_uBXXs4Xj8CPrnYgbKGauWw6belN,Ti_plant_276_aug_00164.jpg,64,459.0078125,3372.6759029045047,27201.0,0.0,3690.494839787483
1V521j2GSMqEiuE14IKu4W5XbJPcxta3Y,Ti_plant_589_aug_00162.jpg,33,1029.9545454545455,5692.236225591299,33225.0,0.0,3827.4065264463425
1U5MXDcc-We3XBMpGYlYTMcEFq_2W1Ucm,Ti_plant_236_aug_00158.jpg,13,2482.0384615384614,7969.527322778981,30066.5,0.0,2674.240885257721
1nau6bFs-8wpbwRJGRcaQ7pY6JpbaiQOf,Ti_plant_75_aug_00159.jpg,71,429.8943661971831,2268.4413149572288,15606.5,0.0,4687.611714363098
1njTNNA8WM4-gqkiQXqT0Vv2y-dKbCmmj,Ti_plant_185_aug_00161.jpg,57,569.7105263157895,3540.828927068687,26803.5,0.0,3474.1374163627625
1tlFwEpohThu_hwpO7hwGV_xYWm6xfxiw,Ti_plant_506_aug_00156.jpg,25,1191.36,5363.727290830509,27446.0,0.0,3393.600397825241
1TuNf1qKtn7o2V6q5bv06-pSF4q3Y_HnI,Ti_plant_306_aug_00155.jpg,74,352.97972972972974,2568.8103296515005,22225.0,0.0,4388.8177770376205
1fDbmY-Ld2vFVPNUki7q4fA0KbUBJZ9KQ,Ti_plant_588_aug_00154.jpg,25,1728.72,8460.19027336856,43175.0,0.0,2675.5718380212784
1w5NtcRDNq6Yd1zQZVu5UvohoXDXJefa1,Ti_plant_577_aug_00152.jpg,33,1056.060606060606,5835.733967181921,34062.0,0.0,3340.6054500341415
1avkeEd78GB2soxIG_n-pPz1ayEed4kvB,Ti_plant_237_aug_00149.jpg,34,1002.6617647058823,5038.855628017997,29841.5,0.0,2760.2408866882324
1dKekFmgoSKl4cdxPg4F7lm7znwDBi7f8,Ti_plant_412_aug_00153.jpg,78,308.71153846153845,2056.7063327626133,17967.5,0.0,3901.2197966575623
1-OdwEIGBMNiUS9b-KpJbrfd_mj9hgRHU,Ti_plant_65_aug_00148.jpg,96,248.52083333333334,1527.5202210143204,11759.0,0.0,4348.658397316933
1oUbo9KCPXCrwRIR3uy4V6sBg5H51uEqf,Ti_plant_244_aug_00150.jpg,79,285.40506329113924,2051.8402793897635,18294.0,0.0,3828.3842294216156
1ZxH52xGRyeNGo43iXM2uFk_7cdqAooZE,Ti_plant_163_aug_00147.jpg,53,568.8867924528302,3803.075030195599,27984.5,0.0,3219.8947736024857
12CxaFivJ73PhPn5nf_WSRGz1eLgR2HIJ,Ti_plant_219_aug_00146.jpg,98,183.30612244897958,1059.247852691665,10045.5,0.0,3893.070521593094
1F6HP-eFEcZzI5i57LyhKEM1jLrx5G9FT,Ti_plant_121_aug_00145.jpg,84,278.70238095238096,1731.409644726364,14485.5,0.0,4384.707164883614
11nrRmcbFY2b-dzEm8tPcGsoGgxhwJ7zL,Ti_plant_187_aug_00144.jpg,17,1863.3235294117646,7026.750671417756,29946.5,0.0,2664.299759030342
1KZ2X1x3IuTQ228lIPXg0UyHT-rILspOM,Ti_plant_531_aug_00141.jpg,27,1426.037037037037,7052.63588093123,37379.5,0.0,2873.7038671970367
1vPQo2stZITBzMGWFIJv2YYVwtAbOXhJY,Ti_plant_283_aug_00142.jpg,78,275.62179487179486,1604.3714005601196,13768.0,0.0,4392.13148522377
1zC0jVLhWpZ7ioEmxtjlMu-Cj1WdWvk_N,Ti_plant_438_aug_00140.jpg,20,1444.8,5606.784250798313,25848.0,0.0,2996.154658794403
1aYEwGt2MQ9JlzPmf56XwbRMzDk4Bg903,Ti_plant_203_aug_00143.jpg,50,617.89,3017.6336826891365,21048.0,0.0,3592.4460711479187
1Htvy5wXas5hIiPAPUwc3qGfzJVPt4lWi,Ti_plant_503_aug_00139.jpg,24,1712.3958333333333,8189.228465107848,40986.5,0.0,2504.4763869047165
1KrAUvbYbg7LHC3XvbAcS-6qZ4Ggo_FiW,Ti_plant_306_aug_00137.jpg,82,341.9390243902439,2817.626287980895,25683.5,0.0,4637.1680628061295
1ScNZ1VC9gMgMymwDvliWjXhPS9aCz2pj,Ti_plant_15_aug_00135.jpg,49,661.6020408163265,4198.5750121255205,29694.5,0.0,3190.2307802438736
13t7TCN8uuvofxGytUUoHGTK9KWcI8Y8L,Ti_plant_401_aug_00138.jpg,56,597.7142857142857,4327.61715082118,32690.0,0.0,3154.546575665474
1MdhF2BeKCh-ZMw33q1qiqJ7fTwTwHLNi,Ti_plant_163_aug_00136.jpg,51,565.3039215686274,3720.491615837084,26857.5,0.0,3029.3089876174927
1ejb3P1ycViMQ6Lq8txgM4HwT9sPzWFb0,Ti_plant_455_aug_00133.jpg,49,486.88775510204084,3151.6500169336405,22295.0,0.0,3772.945631980896
1BsIQ8wLR7_PN5KMedws-83pj86CA4e_I,Ti_plant_150_aug_00134.jpg,69,327.5,2012.0598843625082,16736.5,0.0,3168.1029242277145
1kww164D2eOQgvsj2-jqINVLN3WhKMJ7z,Ti_plant_319_aug_00130.jpg,63,465.6666666666667,3496.2883164955792,27990.5,0.0,4013.8156888484955
1v-HGLONi4TCuOjGqSQNyfLq8yZhJjZ-F,Ti_plant_588_aug_00132.jpg,57,518.3333333333334,3627.5416489965596,27643.0,0.0,4276.658396959305
1Al6BxJBqGlBE2KjAplb8fUVlGKSGr7qO,Ti_plant_468_aug_00131.jpg,72,395.47222222222223,2981.2034341679973,25475.5,0.0,4072.692886829376
12XrCznKb9fncnIgS1-wgOPjgOIGMPz0P,Ti_plant_502_aug_00128.jpg,28,1379.8035714285713,6616.4625439387455,35653.5,0.0,2355.765709877014
1WnVO_Klu2_-FnvES82Qm7E1DQ4K0MmUA,Ti_plant_131_aug_00129.jpg,63,414.0079365079365,3192.949798635061,25553.5,0.0,3503.5343846082687
1ii6HtahBsl0Q9kzqfneFBI9iShr9JTnB,Ti_plant_453_aug_00127.jpg,19,2025.9736842105262,8529.9611162094,38215.0,0.0,1922.1778347492218
1WTrLH5wXDlxOAYZ_7LYrsvN2Fxt_t84S,Ti_plant_571_aug_00125.jpg,17,2466.705882352941,9855.451644616656,41888.5,0.0,2154.3027259111404
1xAvBN4HFgycmAn4K0yDtYewcNaL_pY2y,Ti_plant_406_aug_00124.jpg,109,171.6880733944954,1117.2903017112976,11205.5,0.0,5772.416964650154
1JsXKZRDtTW1SnpWo0eNroD1aI590BQCY,Ti_plant_551_aug_00123.jpg,22,1574.7272727272727,7050.492411442031,33876.5,0.0,3072.012524485588
1xeB_mfk7fuaIWNNVNDVf9RKObi9dlcP2,Ti_plant_118_aug_00122.jpg,83,299.4578313253012,1601.0535146132804,13072.0,0.0,4004.4532116651535
1q8uhTYKz1TC-6QYwIqq1_WZq-Iyy04KD,Ti_plant_405_aug_00120.jpg,63,546.1825396825396,3935.056812987732,31496.0,0.0,3401.451123356819
12tuXChHCYQnSEK8whx7r6aa5XNQXnsCv,Ti_plant_461_aug_00121.jpg,33,1193.3636363636363,6680.201462522654,38981.0,0.0,2433.807340025902
1HGV0Osh3zlYq9SVg5L71jLKEK39HmbSk,Ti_plant_523_aug_00119.jpg,20,1978.525,8296.386548484526,38132.0,0.0,2670.1820101737976
1XGMQ5gaQC2gpVS5f-xae4rbPzyF8Huq1,Ti_plant_121_aug_00117.jpg,30,965.2166666666667,4802.292476313324,26812.5,0.0,3346.4317903518677
1WPjaKEGm8rXUDG3wfBslG54SyU8zY-i7,Ti_plant_469_aug_00118.jpg,31,1218.467741935484,6412.735486382878,36334.0,0.0,3167.5444893836975
1qRVhZO8O7CS3r6SYGwG64Jalk0Wo1vYW,Ti_plant_6_aug_00116.jpg,20,1616.475,5029.706829117877,21773.0,0.0,3139.9708951711655
1BXAVqF2rqkeafd_Ajpbo5hdcNCO7x8vJ,Ti_plant_94_aug_00115.jpg,62,473.30645161290323,3534.1012538149557,28069.0,0.0,3870.4431068897247
1A3_RZ9wofY_OdxU20F9sl1yQDO76BuL6,Ti_plant_199_aug_00114.jpg,68,324.88235294117646,1884.7684658818703,15322.0,0.0,3584.6197308301926
1shxU8Y-32qYHQixoh7CK_LFcwcRc-0nQ,Ti_plant_220_aug_00112.jpg,56,408.2232142857143,2319.428227571173,17345.0,0.0,3150.9658420085907
1J-Cy6zh0BQbgHsgNTqY6jiyhgEdPnqZ9,Ti_plant_204_aug_00113.jpg,62,303.16129032258067,1370.8526301768732,10323.5,0.0,3245.29174220562
1tXZzEb1ob6WqP-aoTK0-B_z2BywxvWuv,Ti_plant_170_aug_00111.jpg,44,564.4886363636364,3029.6064072459008,20328.5,0.0,3250.3140386343002
1CIrg36WCzxdAXgDE4QlQ5rny0iB_tfUe,Ti_plant_185_aug_00110.jpg,127,129.15748031496062,886.0722866940341,9762.0,0.0,5003.15795814991
18dlHCElIYJ4tCovVjXW7wG8sgCRWY_te,Ti_plant_273_aug_00108.jpg,118,169.6228813559322,1231.3563865015435,12900.5,0.0,4973.792514681816
1axrmz4O-ztdfkQ1fiEvlFO70dRRV-HzX,Ti_plant_474_aug_00109.jpg,15,2481.1,9087.335488102843,36480.0,0.0,2237.3737946748734
1iND6rFYI95Kus1GkuFTRWsRGC7fjWkJC,Ti_plant_521_aug_00107.jpg,8,4496.5,11830.15777314487,35796.0,0.0,2513.8317242860794
17EAjD7-AmVKk4gpv9yu4_NhtFF_Y3SFg,Ti_plant_380_aug_00105.jpg,17,2194.676470588235,8560.729189909922,36432.5,0.0,2233.5646988153458
1thNp3fTng86Au4LNt_mLMkucskHBeqwI,Ti_plant_235_aug_00103.jpg,53,428.22641509433964,2636.6384948471396,19360.5,0.0,2890.355669260025
1ZZ7r2nYmq_WhScykh7oD4WY1oGUTUfU2,Ti_plant_75_aug_00106.jpg,80,346.39375,1619.160926015675,10649.5,0.0,4668.7244119644165
1h92HNtmiVVuNptZSTE7IrsoBWqfepH_W,Ti_plant_268_aug_00104.jpg,80,281.35,2165.037614280639,19478.5,0.0,4689.819864034653
1d35PdrzREkBbmzaSG3wxS4vXoMx5hj5H,Ti_plant_338_aug_00102.jpg,53,678.2452830188679,4677.182049158266,34396.0,0.0,2915.8115141391754
1B6w9JNFqIIv4JrIW5nsIFq0rJAruC9Mf,Ti_plant_413_aug_00100.jpg,52,597.7307692307693,3566.0245621020044,25927.5,0.0,3599.943543076515
1o_apWGuYzbyqgwJV9Fm8K9mnqiBT3_9T,Ti_plant_137_aug_00101.jpg,83,290.5722891566265,1316.2306878696988,10464.5,0.0,4299.96496284008
1pqdC-2vwBS72dmtsE7IWIzKGc4v3sYEB,Ti_plant_289_aug_00096.jpg,97,233.4278350515464,1873.263761060775,18517.0,0.0,4269.646203279495
1hXC1ae6slgNTTcBokzkktlFBVCxkireo,Ti_plant_42_aug_00098.jpg,119,198.38235294117646,1256.065864812592,10073.0,0.0,5447.047347307205
1-3aUvMFAhS_K8j3dvLpW9GSW4h79e3O0,Ti_plant_23_aug_00099.jpg,58,572.051724137931,4229.314386323047,32500.5,0.0,4423.663448810577
1thN2YFnpdVXgvW_fpxHGk7ArHBS7g3OU,Ti_plant_245_aug_00093.jpg,75,383.02,2636.0086348366412,22860.0,0.0,4551.185307860374
1UN4q2Ec0oCYmqCerIJSM2lNKFDD1KYNZ,Ti_plant_509_aug_00094.jpg,48,737.3854166666666,4737.375207502813,33156.0,0.0,4251.136537671089
15RzUmdB_IeB_ugtNo5iMZadHBHg3rsD_,Ti_plant_514_aug_00095.jpg,22,1785.9772727272727,8158.215913863199,39171.5,0.0,2826.951561689377
1Ib3rEuUop2d0TMerTNW-whdQX0LyrEfq,Ti_plant_215_aug_00091.jpg,72,364.0625,1781.8225277505348,14451.0,0.0,3804.2694441080093
10RnwYLUZEdv84hQlpgNW3MV29npIpUm6,Ti_plant_87_aug_00087.jpg,47,622.6276595744681,3173.276136920618,21184.5,0.0,3707.926300406456
18vKd5-ABwsPQeF0x2Dw9rt5yY4DyC9-Y,Ti_plant_458_aug_00089.jpg,81,323.30864197530866,2643.555541040758,23944.5,0.0,4101.0604165792465
1VFeXfsfSeNRiBSRY8fkP9EiNpikQIUPl,Ti_plant_178_aug_00090.jpg,50,577.84,3483.734752302477,24815.5,0.0,3195.3506195545197
1GIoC4cX7xS0vNKs7LcyVhJSO4jUCEhAI,Ti_plant_371_aug_00088.jpg,65,575.8692307692307,4369.300335889843,35501.5,0.0,3087.652133703232
13UrBM7VBWGQD4-BcOk59dbSq0GVOC1zc,Ti_plant_157_aug_00092.jpg,35,758.4,3978.950859208995,23933.0,0.0,2746.6500462293625
1ScOcCU2Mbk0-ytfnmpWTswGGmVJJy0sT,Ti_plant_327_aug_00086.jpg,57,609.5964912280701,4471.497673313029,34069.5,0.0,2957.10083591938
144hf4Kw7I4k1KEw_bLj1mBlBFSwGwG0r,Ti_plant_542_aug_00079.jpg,28,1279.1785714285713,6403.833309619947,34536.0,0.0,3014.9830861091614
1-M6R1ASjXfUarsRe1DuCY0NfEK_ZyB1Y,suger_apple_1105_aug_00338.jpg,8,5605.3125,14827.617247760807,44835.5,0.0,1329.0163683891296
1VUeSc7Fh-3Ksmcxv5akomVgZh8HLkor2,suger_apple_307_aug_00337.jpg,3,13798.833333333334,19514.49724492594,41396.5,0.0,1073.4284938573837
1yU7_3EzJkP09zTBE6Vi1z-CQGggXp2dn,suger_apple_448_aug_00334.jpg,1,47413.0,0.0,47413.0,47413.0,879.1126978397369
1YiAnauz2VNmXzvJEBoOoIjmzyN98g3Zc,suger_apple_344_aug_00336.jpg,1,49669.5,0.0,49669.5,49669.5,923.3553383350372
13CEaY6-PbfMM0I0wLX-8NEdkMuNGKkDg,suger_apple_184_aug_00335.jpg,6,7498.333333333333,16766.11223983929,44988.5,0.0,981.6711347103119
1m8nnRaGIALzcFhKJ2bsmnVsODd_tooSm,suger_apple_1031_aug_00333.jpg,1,39319.5,0.0,39319.5,39319.5,842.0904005765915
1F1HB4FjkpqBG81G2NU3QuRtF_k0Lfpbi,suger_apple_1008_aug_00332.jpg,19,2438.2368421052633,10337.25704528148,46295.5,0.0,1773.633679151535
14_peMlIFlrxPgDiaZYSjZW1p39h_H9Tb,suger_apple_895_aug_00328.jpg,1,42553.0,0.0,42553.0,42553.0,953.6467492580414
140paXdfqs1sajRM0QwthaYzSFCWzrvSM,suger_apple_311_aug_00330.jpg,35,1292.4571428571428,7528.4554765535395,45190.5,0.0,2385.97386097908
1thAiNrq7UKgXQmpo9Y0s2w9693v7Ft_0,suger_apple_1021_aug_00331.jpg,1,45618.5,0.0,45618.5,45618.5,858.8355672359467
1iGARxW1ebz2IUEsttxVaqLKTAyeRARKU,suger_apple_1140_aug_00329.jpg,3,15837.666666666666,22396.075252646886,47510.5,0.0,1038.6761866807938
1_5xDROpZGixa3fI_H1tE08CY1r0HaMCR,suger_apple_463_aug_00326.jpg,1,40945.0,0.0,40945.0,40945.0,813.3969686031342
17H8lWqlaislS8M-8KZbsu89r9Oi3G7gL,suger_apple_469_aug_00323.jpg,37,1091.8648648648648,6484.379670521169,39997.5,0.0,2060.694641828537
1AgWbCO418UXlAkZevTxmclvm82GpfiWO,suger_apple_381_aug_00324.jpg,7,6263.428571428572,15340.979330418464,43841.0,0.0,1622.7392370700836
1PjEoyhhv8VVq_JW9Eed9oyBbsS3oUaxt,suger_apple_1105_aug_00322.jpg,6,8214.916666666666,18360.615656473023,49270.5,0.0,1118.7178168296814
1thqo81M5jjYYdY7GuUxreisn91_yvUXl,suger_apple_226_aug_00321.jpg,3,14266.166666666666,20175.40638307497,42798.5,0.0,916.4924215078354
1IBw8cCnNjCRRGfCu1_K2_yGUMUmSiUAH,suger_apple_813_aug_00320.jpg,1,49195.5,0.0,49195.5,49195.5,959.3797235488892
1UBoyqYxj6yEwHPMtNTVdqo64ieKkb4eu,suger_apple_134_aug_00319.jpg,2,24786.0,24786.0,49572.0,0.0,984.4507913589478
1IKKUJTnR5hSlF-Cy1CQDUpOzQXRm0PCF,suger_apple_842_aug_00318.jpg,5,9512.0,19021.750079842812,47555.5,0.0,1148.4995614290237
1imEyT65mr49fZtiAbDX6xqXTgdEzZl5f,suger_apple_311_aug_00316.jpg,5,9874.4,19748.8,49372.0,0.0,1103.7888842821121
1G8yraW-bu73kf8o8BMGux8g8cDigCPpn,suger_apple_10_aug_00317.jpg,2,21289.25,21289.25,42578.5,0.0,1032.516806602478
12MePsYoVNx-SBhHDkTxf6LiOLEz0MZrJ,suger_apple_244_aug_00315.jpg,3,14613.666666666666,20665.431398567245,43839.0,0.0,940.8183221817017
1M6molN8Au6D8BTFHpD0i_-aH935hsyP1,suger_apple_763_aug_00314.jpg,4,9827.75,17022.162324085035,39311.0,0.0,855.0193328857422
1kGDyqWwRwppS9O_aRvfO-ck8FMO-ZK6t,suger_apple_364_aug_00313.jpg,5,9513.0,19025.750000985507,47564.5,0.0,1161.5289989709854
1w6XrxezCe56Uc0W7kKpC5DualHCYUViW,suger_apple_134_aug_00312.jpg,1,42181.5,0.0,42181.5,42181.5,896.7766919136047
1W77xieqDSenXLUGZwhtd8c9KmLdNKyOH,suger_apple_944_aug_00309.jpg,2,23290.25,23288.75,46579.0,1.5,895.5218589305878
1pEWbTq_siDm_Jt3ee5qEMwoygaJA1isB,suger_apple_667_aug_00311.jpg,3,15042.166666666666,21272.83610747649,45126.5,0.0,1113.570629119873
10GMEj7aPzrdDYixYQMZM1695XXtJIhTE,suger_apple_512_aug_00310.jpg,1,46218.0,0.0,46218.0,46218.0,921.5634891986847
1t0ABCUgTMV32yBYSeqtCFPQU0k3DPcRa,suger_apple_360_aug_00308.jpg,1,46748.5,0.0,46748.5,46748.5,895.1787130832672
1nKO7dgwdUAgWrYRWdeReZQh8SQa10ANv,suger_apple_596_aug_00307.jpg,2,21402.25,21402.25,42804.5,0.0,1022.5756816864014
1iMl-kMKf-RZ8UgeyCKZLOxWCNXvi4kim,suger_apple_860_aug_00306.jpg,55,772.1818181818181,5666.598560755856,42413.0,0.0,2203.8561092615128
1ICoNZ9M64ZNZQEa_l3qQyv4o0aOASLtO,suger_apple_566_aug_00303.jpg,1,45573.0,0.0,45573.0,45573.0,962.0731552839279
1p0mVhkvRcn_rhZYVy889tSbq8ecWH2Hz,suger_apple_157_aug_00301.jpg,1,45449.0,0.0,45449.0,45449.0,996.3330411911011
1n3P3uds9O_3FmqFdblDDbtJGm2Yf-pu7,suger_apple_486_aug_00302.jpg,2,20874.5,20874.5,41749.0,0.0,907.3624787330627
1D-h2i910kkYtLpZ9VXjIIMOw3boRMiwU,suger_apple_805_aug_00300.jpg,11,4422.090909090909,13978.029448547559,48624.5,0.0,1569.342268705368
1YbkY83dWGvAaNfmHupndYwxAbVdPhkZx,suger_apple_370_aug_00298.jpg,1,47707.0,0.0,47707.0,47707.0,1062.3330410718918
1XwurC-rFze4koRBhNNCyc6UpTl1rFzff,suger_apple_265_aug_00297.jpg,7,6056.285714285715,14834.80973650715,42394.0,0.0,1012.4995611906052
1ZGFk47jHsUMgJK1B4Ma3MNFeXh7kvzLe,suger_apple_490_aug_00299.jpg,2,20595.25,20595.25,41190.5,0.0,919.4629836082458
1W0GnmJlLsZzQRhSbFK6jeF59Fd_41VJ1,suger_apple_401_aug_00295.jpg,1,46167.5,0.0,46167.5,46167.5,896.977702498436
1iPRF1PsSWjVbn0UOUCon5I37kY34f7ed,suger_apple_91_aug_00296.jpg,85,465.54117647058825,4264.300453775415,39548.5,0.0,1829.6408196687698
1H_eThWtEi56SymG3moyJT5hA8jLeHWZ9,suger_apple_100_aug_00294.jpg,1,42636.0,0.0,42636.0,42636.0,829.3137083053589
1HDw-m2sawQsfzigXsUozfu6a899SMxa_,suger_apple_944_aug_00293.jpg,1,43192.5,0.0,43192.5,43192.5,892.1492754220963
1YtOX_hD3kXn7cAWyQGFE3DZnpA3afM2u,suger_apple_860_aug_00291.jpg,1,43224.0,0.0,43224.0,43224.0,908.1909058094025
1_pfm1zy_266MLxqLQn6wQ1yI2x99DIIb,suger_apple_1060_aug_00290.jpg,4,10316.625,17868.341317029823,41265.5,0.0,972.3746709823608
1qee2Dw8H_2NWpil3HCYIbFPvtDrPEOzc,suger_apple_126_aug_00292.jpg,6,6907.833333333333,15445.714094495239,41445.5,0.0,1119.1269785165787
1d1TTyleMYvcHf49xzncIKZwVP5box9tC,suger_apple_826_aug_00288.jpg,1,40325.0,0.0,40325.0,40325.0,912.936072230339
1e7T00eXnueniS1Qlm7aK-XOruK9ny8bM,suger_apple_1114_aug_00285.jpg,5,9865.3,19729.850003484567,49325.0,0.0,1079.889389872551
17kpiUpEbEA1g7OLigwy9_xYC-DYmXs3u,suger_apple_902_aug_00289.jpg,1,45019.0,0.0,45019.0,45019.0,979.1614682674408
1ETEPTOmREayMtDpNWtqmomMzVXO6g6f9,suger_apple_147_aug_00287.jpg,4,10670.125,18479.755275621887,42678.0,0.0,938.0315254926682
1Pdtkeb7bJXyhkEYJKZUDzTnPEw1xWH0r,suger_apple_62_aug_00284.jpg,3,14694.0,20780.454085510257,44082.0,0.0,1021.705624461174
1w2wrvS67rH9fezsvEE2Rw-rg8XXCoXWU,suger_apple_703_aug_00286.jpg,1,49051.5,0.0,49051.5,49051.5,892.7279218435287
1P-ROw9EwIZiQb7N4F3BfCuwM17RkTxH-,suger_apple_217_aug_00282.jpg,7,5687.0,13930.044044130966,39808.5,0.0,906.0731554031372
1soJxaRgmJPKaIJBJFXoQUz3NScbCU_vA,suger_apple_941_aug_00281.jpg,2,23184.75,23183.75,46368.5,1.0,986.6589419841766
1zSb2QSCBlrWi7c4ixEuU-7LiEd0Ap8gV,suger_apple_339_aug_00283.jpg,1,49707.5,0.0,49707.5,49707.5,906.7279218435287
1HQp-qqHFDiRfj5n72QDnkcVIOJ-fIe4R,suger_apple_967_aug_00277.jpg,1,49625.5,0.0,49625.5,49625.5,967.7228693962097
1oMk2s5m6n-BXlHPh7ZmFfV1eZzQEFKPu,suger_apple_247_aug_00280.jpg,10,4439.85,13319.05000375402,44397.0,0.0,1191.8792852163315
19yM1EftvY3EH44uBDiW5jnJGaSulYJOy,suger_apple_232_aug_00276.jpg,6,8072.0,18049.5407143783,48432.0,0.0,1086.6173115968704
1qgvZwGHjazr2oJJaagIw8x4Q-mF912B4,suger_apple_842_aug_00274.jpg,2,22816.0,22816.0,45632.0,0.0,914.1909055709839
1B_pwvn0o87Ggi-hvi_IMaW8UVDLBpR_n,suger_apple_503_aug_00273.jpg,1,46955.0,0.0,46955.0,46955.0,869.6812392473221
18MVbBs_YOe0GblpdC-RYCcEkyzLDaitz,suger_apple_996_aug_00275.jpg,2,20255.25,20252.75,40508.0,2.5,912.1147856712341
1xV9HelB4dlthb4nFM68-vOSyyG1DGtm-,suger_apple_895_aug_00270.jpg,11,4353.272727272727,13755.822121698204,47853.0,0.0,1335.8965295553207
1iTjb8PyVbUKiwSkhDhEgFpNJ7lWxLyEd,suger_apple_757_aug_00269.jpg,2,24773.25,24773.25,49546.5,0.0,984.4091610908508
1tirQdgqt3sKHXEvfKkHU_l1CamI1o_7y,suger_apple_528_aug_00267.jpg,9,5421.166666666667,15316.582859763466,48743.0,0.0,1269.0853471755981
1qsrsBKZIoUDkdYt4NMs7JtcmqGrLUGR1,suger_apple_776_aug_00268.jpg,2,23122.5,23122.5,46245.0,0.0,892.0487704277039
1WW9Dmf0VkmNNEU1sIKhuYur6dvQtDJC8,suger_apple_490_aug_00266.jpg,1,45290.5,0.0,45290.5,45290.5,1001.4873689413071
1DO_Rn_xFypBYoSVLzOlHYHHjE6TDAgAq,suger_apple_217_aug_00265.jpg,5,8887.1,17773.950001054916,44435.0,0.0,1144.7077125310898
1464NWRKwCIlAzscaTQz9WEuyLi9ZIFpf,suger_apple_969_aug_00263.jpg,92,453.55434782608694,4312.904541489741,41596.0,0.0,2365.880495905876
10ps972q22M4if1dvt93rSZvRw-JczRgt,suger_apple_394_aug_00264.jpg,2,20488.5,20488.5,40977.0,0.0,969.5878742933273
1hoig_oIJC7kMjT2H4AR9In-ystK0-L-F,suger_apple_1129_aug_00262.jpg,2,22798.5,22798.5,45597.0,0.0,1018.7005721330643
1nbp-d2JzwgEs84n1NZmqvXCeAGp1vYjM,suger_apple_667_aug_00259.jpg,2,22174.75,22174.75,44349.5,0.0,1126.281306028366
1D3-c1iIm0vvuddXbWGFI7Rkm0Nk4j9l_,suger_apple_538_aug_00260.jpg,7,6405.142857142857,15688.923485135907,44835.0,0.0,1234.4650713205338
16jzL8E5hW1hjJ6t_cEtxnQIrld8ekJH7,suger_apple_813_aug_00257.jpg,2,18575.25,18575.25,37150.5,0.0,789.2619733810425
13h3Ky3BUG2KMl4mfCf8-GSLvu_BOuxJy,suger_apple_731_aug_00261.jpg,48,927.7708333333334,6353.32998395193,44484.0,0.0,2036.4347560405731
1EZFE8-yaw-Z7iTSwZG6esIkcNjKlGvpz,suger_apple_895_aug_00258.jpg,1,49691.5,0.0,49691.5,49691.5,914.6690467596054
1ZXqCpODDRhg1H6X5uDQcXuLua0f1pR0c,suger_apple_232_aug_00256.jpg,2,24275.75,24275.75,48551.5,0.0,940.8944424390793
1mQeFdQ2hlteeXoFX_HzagvoLqgvE8EBK,suger_apple_442_aug_00255.jpg,3,14987.5,21193.75800009679,44960.0,1.0,1083.889389872551
14Rqe1ycMkgBhSPkuH_b4MCQ2Q4BoQRmf,suger_apple_506_aug_00254.jpg,2,22592.5,22592.5,45185.0,0.0,1032.6761865615845
1EWVaESeN5-UOHznXJb0b_XkXDBFJ30Wx,suger_apple_566_aug_00252.jpg,3,15113.0,21372.656015728757,45338.5,0.0,965.4457387924194
1zB7ZXAASB-7uMF1hHihwQViyM8RnDHYz,suger_apple_948_aug_00250.jpg,60,680.3416666666667,5219.750021546104,40774.0,0.0,2078.0154908895493
16DAZ6EJytSOsP1gQ8N97I66z_kKj0nqR,suger_apple_624_aug_00251.jpg,3,15076.333333333334,21320.094411662958,45227.5,0.5,1275.5188941955566
1zOyP0cigc9kSlJKsHk3pwN1Q6C-D5ZRF,suger_apple_286_aug_00249.jpg,1,47848.0,0.0,47848.0,47848.0,934.6518017053604
1Un0Ravev-iVf2zseDEbaYQWU9S7rN_y-,suger_apple_667_aug_00248.jpg,1,46219.5,0.0,46219.5,46219.5,874.6690467596054
1augur0JKMhB8y_CyjqCLcVZlFXl4_8tW,suger_apple_506_aug_00247.jpg,34,1314.1470588235295,7537.104512626586,44611.5,0.0,1549.4255287647247
1Kahg00Uw48i4hmSuoFMxKyDaOPdNOEXG,suger_apple_483_aug_00246.jpg,14,3100.3214285714284,11154.65933975437,43319.0,0.0,1416.7077116966248
1wxfl4D6UrC-jTWxhP7FyoCfwprVdmTQd,suger_apple_895_aug_00244.jpg,1,42732.0,0.0,42732.0,42732.0,877.3380934000015
1qldxqYfzjoAmaKTb0YfpFcvW_P2b-LYf,suger_apple_232_aug_00245.jpg,1,47301.0,0.0,47301.0,47301.0,932.9360725879669
1HqvlRxCgSoCQrBdd0V3Z6yrNHdm7N-RZ,suger_apple_566_aug_00242.jpg,1,47011.0,0.0,47011.0,47011.0,906.3086558580399
1C7FiA2e8DDNezbt6n5kmx22KEtAm0X4r,suger_apple_912_aug_00243.jpg,23,1939.5434782608695,9090.869829613623,44579.5,0.0,1687.6336796283722
1rh73CUonN4rUtZXDeKBHH8mTImHGuMn1,suger_apple_254_aug_00240.jpg,3,16130.333333333334,22809.26133661987,48387.5,0.0,1014.1320306062698
1p1btwRBFPnVjI2LWsiaVYjfWMxeYC6O7,suger_apple_566_aug_00241.jpg,6,7750.0,17329.30321978738,46499.5,0.0,1135.12697827816
14I_gP-XYl_UjUE411z4Zq04ypvBWHxUc,suger_apple_902_aug_00239.jpg,1,49419.5,0.0,49419.5,49419.5,1037.52185857296
1G--i5N5OaPqYtwBZj5njyWWZhCksIkHj,suger_apple_785_aug_00238.jpg,1,41749.0,0.0,41749.0,41749.0,848.0243852138519
1gHjyaqcbrH29gFV7UYcgPXB1I-CsvvGP,suger_apple_763_aug_00237.jpg,1,42301.5,0.0,42301.5,42301.5,987.629504442215
1gGujyTh73jv1l3kY1HZ6pSXxC7AeoJJ5,suger_apple_560_aug_00236.jpg,2,20113.0,20111.0,40224.0,2.0,921.3036035299301
17Nt2kv9Mit-Zq7N5Zay8ROl0fYRMfwFR,suger_apple_437_aug_00232.jpg,2,19186.25,19186.25,38372.5,0.0,835.5218589305878
1BOnCeSYA7zNmOYpCNySdr332FAhIN47J,suger_apple_967_aug_00235.jpg,4,12017.625,20815.13708630993,48070.5,0.0,1088.6000671386719
1dY2E-BtUL-OAfwdc6JZlRWvHYt8sZ-7K,suger_apple_546_aug_00233.jpg,2,22130.75,22130.75,44261.5,0.0,1073.0020875930786
1aDbXjAiIQRI0XRWnz7H5lnWKax75uXfW,suger_apple_1071_aug_00231.jpg,3,15102.166666666666,21357.688921218876,45306.5,0.0,1038.7422021627426
1BYNaFgyO3QP2uGoArNVbCRARrn0x7XDi,suger_apple_927_aug_00228.jpg,4,12341.0,21374.661669837024,49363.0,0.0,1101.5878744125366
1UayDf8GUVj0ZitqyhKeIS2UvViY6otLv,suger_apple_805_aug_00229.jpg,1,42779.0,0.0,42779.0,42779.0,912.2497808933258
14j7PfnCvGPsOxCDryQ3TQBan07WhxJ4Q,Selaginella_kraussiana_499_aug_00436.jpg,266,104.53571428571429,1194.5213726906336,17909.5,0.0,6692.511542916298
1gYJP90btWIMqzfL57S7OQYs52FZ6Nkbj,Selaginella_kraussiana_499_aug_00435.jpg,292,23.279109589041095,162.67530062506032,1954.0,0.0,5946.424106359482
1Qs6NoAsFaHHEbSWuR4g_ckD6iPAOOJxg,Selaginella_kraussiana_506_aug_00434.jpg,205,91.30243902439024,789.2126896510512,10116.0,0.0,5483.775272130966
1O-yRj8sfE4aghycsLr40w0_GGz50u-tK,Selaginella_kraussiana_132_aug_00433.jpg,784,10.799107142857142,134.83951444148354,3569.0,0.0,10160.174990534782
1ZDaVAqyMquzOTsB9lpTQI5boB8G3w_5D,Selaginella_kraussiana_404_aug_00432.jpg,315,79.54444444444445,915.7590352942765,13461.5,0.0,6676.428282380104
160nUKwcIytPQu6GfEHSJ_6C62tnyKO_W,Selaginella_kraussiana_432_aug_00429.jpg,364,60.495879120879124,788.0759532477906,13589.5,0.0,7101.403019428253
1YXegl3GIm7XbQS2rMy5XUronaYuutvvZ,Selaginella_kraussiana_13_aug_00430.jpg,490,36.80816326530612,554.6754225879826,11880.5,0.0,10139.731341481209
1qJGkyD6KdNSvW6mdXIYbyc8lS9nLRbPd,Selaginella_kraussiana_518_aug_00428.jpg,269,111.1635687732342,1391.6673811077517,21886.5,0.0,5612.157083034515
1deCvTEMWPDomc9TGN37Fxurxi9B_3b9V,Selaginella_kraussiana_432_aug_00427.jpg,280,84.45892857142857,904.9079408143417,13114.0,0.0,5951.467824816704
1dbRoV9vgCzQ33LoDcH3cqgxrzjSO_lNP,Selaginella_kraussiana_293_aug_00425.jpg,429,16.193473193473192,139.9407961874852,2636.0,0.0,6881.131817579269
1NLle6P7cd274sjlpbixt01ThZU5g4Z8Z,Selaginella_kraussiana_476_aug_00424.jpg,485,28.888659793814433,343.3112695638523,6216.0,0.0,8512.139292359352
1LT3J27g2-HWUiqP3XWR9Xi5MOte9VAN8,Selaginella_kraussiana_13_aug_00423.jpg,1181,1.369602032176122,9.90913069105761,234.5,0.0,6692.2760417461395
1I0InO3Ib8D3iYNunJ2bgA4dJGSukWW2L,Selaginella_kraussiana_542_aug_00421.jpg,282,74.84751773049645,987.8552946318282,16089.0,0.0,5764.940913796425
1AFUsDTDZEFpuw0zJ6DBjBHbI2pgO7kGt,Selaginella_kraussiana_518_aug_00422.jpg,113,203.46902654867256,1439.5052605177739,14535.0,0.0,4709.795479774475
1VkEoRk3tva7k2jT78ACkKIKIbry3Fukf,Selaginella_kraussiana_463_aug_00420.jpg,246,113.29878048780488,1596.8199855393923,25025.5,0.0,5549.879950881004
1jGFhMs307AiBxx2_EbCNHNHQM2xONyB2,Selaginella_kraussiana_215_aug_00418.jpg,554,26.779783393501805,277.1623849041014,5157.0,0.0,10351.142590641975
1wIiGQ7Q9glHnmRWrgwCBgA5TtTearATk,Selaginella_kraussiana_351_aug_00417.jpg,330,64.03181818181818,599.9353170081454,8259.5,0.0,6466.133907198906
1rwPN4AOnEqcXEgkZBwJQWd6a94bThZbp,Selaginella_kraussiana_476_aug_00415.jpg,106,223.2311320754717,1664.826239126361,16495.0,0.0,4511.705077171326
1ij170mdcyUSMlG17E4ih-WqU1kMF_kk0,Selaginella_kraussiana_119_aug_00412.jpg,485,35.15257731958763,444.69970340073047,8802.0,0.0,9700.368862628937
1b6xnyxam08xvBNT1uIAs2Ni1tmjI5BQQ,Selaginella_kraussiana_506_aug_00409.jpg,294,98.65816326530613,1578.3312141033493,27098.5,0.0,6305.457719683647
1PH5H-Ucg2xMbmp3keVeaYwl_JnxRCs2v,Selaginella_kraussiana_427_aug_00411.jpg,307,19.85830618892508,119.31232228314393,1837.0,0.0,5271.483857154846
1R-Tlk3uwYM-Hl_zwW28PXncbGQTmZ2js,Selaginella_kraussiana_470_aug_00413.jpg,544,31.799632352941178,443.70043563281206,9135.0,0.0,10025.87347650528
1SSZzpqsQ78Ilp7rMjRrwxWMEPUJsXHaD,Selaginella_kraussiana_346_aug_00410.jpg,507,38.37771203155818,412.5184471833472,6407.0,0.0,9985.915105819702
13T3fHRZeV3MDIuQ6U1VWbtYsZZKXZaeH,Selaginella_kraussiana_542_aug_00408.jpg,314,20.670382165605094,100.94857640500878,1391.0,0.0,6413.370283484459
1bDByRTCamGyrP03zb_o3uymytHyAw9r4,Selaginella_kraussiana_198_aug_00406.jpg,446,37.880044843049326,453.7314952740061,8602.5,0.0,9322.808339118958
1gLxBf-82O0gVTCmWQwPuy4zHwNnKy18C,Selaginella_kraussiana_310_aug_00407.jpg,423,37.0709219858156,343.9826844023599,4682.0,0.0,8302.811304330826
1v39P0koSBDfcz39l51elbLxpAJ1mgNa7,Selaginella_kraussiana_383_aug_00404.jpg,97,196.41752577319588,1063.5372140029403,7712.5,0.0,4669.23407638073
1__BND2UqpSODSQVJiYQer8SllHT-LLvT,Selaginella_kraussiana_339_aug_00405.jpg,1054,4.087760910815939,40.571675420293275,1078.0,0.0,9826.778025507927
1lUwS_7rNnLoQxKtEDMLZ8wgsSnqPML6u,Selaginella_kraussiana_560_aug_00401.jpg,306,19.334967320261438,94.70080018175291,1280.5,0.0,5676.233200311661
1hf-CgLwnkLPtdflFQTYfx8i5HLfxlWLV,Selaginella_kraussiana_427_aug_00403.jpg,465,36.9989247311828,373.5587666611258,5810.5,0.0,9057.567787885666
1xLQeIqLzpcrB6hOzX2D4bcgVXaIabRpW,Selaginella_kraussiana_310_aug_00402.jpg,648,8.362654320987655,69.47160886746175,1426.0,0.0,7309.95014166832
18lX44dcs_6oA4wchEh3p273dhoYzTcuF,Selaginella_kraussiana_132_aug_00400.jpg,404,45.92821782178218,627.891658014147,11918.0,0.0,8809.25198829174
1pp680ZQ5AB1Bl3aNkiv7pPLTFLwJKQg4,Selaginella_kraussiana_119_aug_00398.jpg,951,4.964248159831756,54.677481725301185,1528.5,0.0,9962.133360266685
1vca-QR_5J0oF-x6Tk8sFO0eeDYpzGMTf,Selaginella_kraussiana_188_aug_00399.jpg,431,30.707656612529004,376.3878576783975,7344.0,0.0,8443.345356464386
1A6P_RA3UW9EDc5L8I4rnqtF_ahkhgiZC,Selaginella_kraussiana_310_aug_00396.jpg,623,15.10593900481541,181.8882588202725,3883.5,0.0,9177.668290615082
1WVK5MkYztTSGk-OZ24hcQScKAomPGgiO,Selaginella_kraussiana_195_aug_00395.jpg,530,30.356603773584904,396.3636994828247,7905.5,0.0,9255.668289899826
14K5AZAR_tJUpYct7osEQJmmx2WNkvlR-,Selaginella_kraussiana_71_aug_00397.jpg,728,13.655219780219781,183.85603937459368,4841.0,0.0,10893.530330657959
1-sFmC5zNq67eImgJ2PL9kpUjL0EZSvxX,Selaginella_kraussiana_209_aug_00393.jpg,533,31.24390243902439,369.43297861701063,6854.0,0.0,10472.71618270874
1GONqod6Jn_K08TrxpaUuza-1p3d5WkAU,Selaginella_kraussiana_378_aug_00391.jpg,716,12.691340782122905,170.46211134872425,4313.5,0.0,10447.495840549469
1j2bjws1UwkqYDbNjayVMpjFtdmsT3o-L,Selaginella_kraussiana_293_aug_00392.jpg,679,14.120029455081001,155.5148793964608,3572.0,0.0,10379.988263249397
174uGXniDNh_zdfNNcg-mB_dTgnBcHIIU,Selaginella_kraussiana_229_aug_00388.jpg,324,75.79166666666667,1160.6495263901018,20709.5,0.0,7731.985840797424
1IC0rzD2nZKzp8UAZmjb7XZY9FqAaZodH,Selaginella_kraussiana_456_aug_00390.jpg,652,14.5,190.98537267729986,3972.0,0.0,9508.084590792656
1WT1kDnbqZ0seW02_otvMzTEOazC6qsKJ,Selaginella_kraussiana_499_aug_00389.jpg,875,4.865142857142857,47.599880994534836,1065.0,0.0,9182.261217474937
1fPm5tK6Q8HmYNogUtHCRoxXXcvagIj-k,Selaginella_kraussiana_601_aug_00384.jpg,328,72.98475609756098,1037.3416231214799,18342.0,0.0,7653.718816041946
1-YrLmBWLNRr-3de-LRwIuPg39GtCdNKm,Selaginella_kraussiana_378_aug_00386.jpg,493,42.58519269776876,487.10910041146286,7418.5,0.0,9978.351617455482
1C0EsHRqROKYw1DmWFP_Xz1xyZ4et6_QB,Selaginella_kraussiana_177_aug_00383.jpg,168,86.18154761904762,590.0130003248798,7195.5,0.0,5888.139833688736
144DnKaVfMCWVy5uJJ-FEbHdTuE7kWxB4,Selaginella_kraussiana_310_aug_00382.jpg,508,5.733267716535433,28.630420876372902,436.0,0.0,5106.218922138214
1rRPaFM35lkIxM9Ev6Vo94VfrxNPPzxsu,Selaginella_kraussiana_518_aug_00381.jpg,931,5.356068743286788,37.787881217789305,583.0,0.0,10389.19432747364
139zeB8UsZO6BJLeDE-KBbN8b8tsUmtnS,Selaginella_kraussiana_377_aug_00380.jpg,757,13.829590488771466,158.057607916569,3586.0,0.0,11835.587450504303
1TwpeKsPHsJFfNulZUahiOMyAFRLMmBQM,Selaginella_kraussiana_456_aug_00379.jpg,668,17.518712574850298,221.9420526279097,4024.0,0.0,10511.291865229607
12gOqleBv_M1Ta3zuO4GWCAWvHegNXXSv,Selaginella_kraussiana_346_aug_00376.jpg,497,34.33400402414487,389.2587912301581,7120.5,0.0,9641.658187389374
1Si1lU9ORfSztVcWpjTKMlT25dNqQcoXc,Selaginella_kraussiana_209_aug_00378.jpg,882,7.820294784580499,123.12682548906695,3598.0,0.0,9822.19937825203
1u98XRQeWWy4VbZF70BZ6CYInVXt8slSn,Selaginella_kraussiana_470_aug_00375.jpg,504,30.211309523809526,361.07918531333144,5834.5,0.0,8917.185974001884
1YsqL2D0HkGI_cseU7PJk7BP1aYJv4bBp,Selaginella_kraussiana_427_aug_00377.jpg,227,42.6784140969163,257.33382666221996,3128.5,0.0,6017.269778847694
1-HLEaO0ic7ixHmMXpPuzkxtQbYPdiigX,Selaginella_kraussiana_198_aug_00373.jpg,80,276.425,1505.7597565265849,12480.5,0.0,4340.942664980888
1RO5X81Bj12VzVG2s-yagYGGF179Tmz-p,Selaginella_kraussiana_588_aug_00372.jpg,1169,3.0149700598802394,19.57254908085884,401.0,0.0,9927.915106892586
1awhHYtpABfUX6NzFgvmMcwZZGz4gefIM,Selaginella_kraussiana_52_aug_00371.jpg,690,12.481884057971014,154.60822635720226,3964.5,0.0,9727.42982494831
1PZlaSuic1HBKr2VI5Pq5cFBf35TGPmqr,Selaginella_kraussiana_378_aug_00370.jpg,376,50.046542553191486,510.34079257150717,7122.5,0.0,7367.535051345825
1C8OMjMwTDF30EU7EeLbcuCje6Z4jkxW8,Selaginella_kraussiana_166_aug_00368.jpg,458,39.46834061135371,519.0202556205373,10389.5,0.0,8826.166642665863
13qXtvJ-0B0LZCfIOyOaVFDsoLFQfMZMj,Selaginella_kraussiana_339_aug_00369.jpg,114,225.58333333333334,1405.3640673915083,10461.0,0.0,4360.013734579086
13k0TgjuAJXWaHOuwkViOB1_9aWD1G9pn,Selaginella_kraussiana_518_aug_00366.jpg,372,50.80241935483871,588.1562137691159,9825.0,0.0,7817.476175546646
1LxFJfun35gmTCRTB3k6odStD8Ys6gadO,Selaginella_kraussiana_476_aug_00365.jpg,882,6.611678004535148,62.22813205600636,1498.0,0.0,10435.111063480377
1X4qQjxuSytpbuW64vYS8-k8_DaOEghN2,Selaginella_kraussiana_476_aug_00364.jpg,415,52.66746987951807,754.4782328745808,14622.0,0.0,8362.610293984413
13tn7VWjp6Aolk_Gn4SBLD87JFpwEGSHH,Selaginella_kraussiana_364_aug_00367.jpg,310,14.101612903225806,105.43865437356558,1782.0,0.0,4542.675642490387
1cx7YzuZEROZun3tw-9p7CiWRP3amDvDA,Selaginella_kraussiana_119_aug_00362.jpg,476,33.28991596638655,513.7199100587296,11059.5,0.0,9712.035820364952
11nsBqT39NWxIc-5EcJ4-LUL41R3D05iH,Selaginella_kraussiana_119_aug_00363.jpg,516,35.747093023255815,432.97942967600346,8480.0,0.0,10438.59129190445
1KMuRNb7QmhF0PGTqbAPvzhXRhDGjE_E_,Selaginella_kraussiana_293_aug_00361.jpg,368,59.37364130434783,764.872771770205,14037.5,0.0,8320.260006785393
19CEUVKck6TiaKgQXDZyzS6lZROeYh7l9,Selaginella_kraussiana_273_aug_00358.jpg,315,67.18253968253968,808.5678643641726,13610.0,0.0,7083.662906169891
1Qe01-jv49UD-zcGUcBoXExqM61JJbteX,Selaginella_kraussiana_198_aug_00360.jpg,984,5.805894308943089,90.59286674958203,2781.5,0.0,9988.074486374855
1L6EJ3efa_pkQmNTCCV0UZuHWNDCjC2pU,Selaginella_kraussiana_103_aug_00356.jpg,468,46.31196581196581,675.8507743062248,13778.0,0.0,8550.575803279877
1rdpFFJtwRdMIErVxEcmCR-YrapoFNT5z,Selaginella_kraussiana_301_aug_00357.jpg,348,64.79597701149426,830.7919043055714,14854.5,0.0,7682.346232175827
1dcMeaPSSEWcz9QLPGo3OGgU06N7_73Pm,Selaginella_kraussiana_546_aug_00355.jpg,304,67.49013157894737,821.2994156614092,13710.5,0.0,6223.156203985214
1P8vjB9kpsh3O2OdOp88IwMwdy4RfUSpi,Selaginella_kraussiana_496_aug_00353.jpg,258,94.6124031007752,1393.8422159715417,22404.0,0.0,5389.671800017357
1GTyveer5-CMbJCWE6vXBg34-0-yH--F4,Selaginella_kraussiana_524_aug_00350.jpg,363,64.0633608815427,851.2387854266274,15280.5,0.0,7101.881160736084
19kgIfzaxeO95Aq3sy_dKDTfnaNZ1gfmq,Selaginella_kraussiana_367_aug_00352.jpg,1054,2.2955407969639468,19.06680030455159,490.0,0.0,7496.529997825623
1z3NjplZNvX3MZZ33Ju2MfgTaNrnuK0D3,Selaginella_kraussiana_346_aug_00351.jpg,463,35.134989200863934,389.92839879132066,6535.0,0.0,8934.666204929352
1mABrIFkDCkAFMWM_0xtZTBBHcwre6vEJ,Selaginella_kraussiana_535_aug_00346.jpg,345,64.05217391304348,797.306835560505,13753.5,0.0,6105.6171000003815
1CXiUHIaJFYpzVEYA5wmo4H5iZtvSAAUA,Selaginella_kraussiana_404_aug_00347.jpg,341,56.665689149560116,536.8831463826057,7014.0,0.0,7098.096450924873
1huJ9hTytMp9PXBpLDryiBrnzIYkhyouR,Selaginella_kraussiana_293_aug_00348.jpg,413,56.43583535108959,825.9077800439558,16250.0,0.0,8297.722990512848
1qowORWyLOpViC8Q_ZkfVoIXcH8-loDDw,Selaginella_kraussiana_41_aug_00345.jpg,884,2.5305429864253393,22.84348613896714,624.5,0.0,6612.896318435669
1ueUVOEffOlgd7-fMOWwVkWbrOynB6Bfw,Selaginella_kraussiana_577_aug_00343.jpg,294,95.26530612244898,1351.7497539484652,22738.0,0.0,6899.63137960434
1K8qbxxd_3nT0DKK-aklScEJgrzmahocE,Selaginella_kraussiana_514_aug_00342.jpg,922,4.379067245119306,38.22858049407546,783.0,0.0,9141.651046395302
1xEYDK7N7q6y_oOl44iHB89FEDHXYQQ3y,Selaginella_kraussiana_506_aug_00340.jpg,278,93.61330935251799,1125.7902982412968,17866.0,0.0,6303.71760559082
1hjjbOjozc3hbcv_Uf_x3lDUgQHVrO6Ik,Selaginella_kraussiana_293_aug_00339.jpg,553,24.66636528028933,307.2675004083947,6291.0,0.0,10304.684658527374
1AR3E3hhfei7STyMaDfS7_Oucy1yVOcC6,Selaginella_kraussiana_132_aug_00341.jpg,521,29.442418426103647,364.3517124822895,7492.5,0.0,9692.410490870476
1E1FzFLyhcU08OujEYYBDgWDChXZpqUne,Selaginella_kraussiana_456_aug_00337.jpg,318,86.61477987421384,1035.996425166446,16722.5,0.0,6837.849636554718
1A27PX2FQuWwZ13XVqdAsgnQtlYMh5i2a,Selaginella_kraussiana_188_aug_00338.jpg,976,5.806864754098361,69.22800920294488,1963.0,0.0,9635.013525366783
1qIfillYwPg8UPkxolrQ46UVwTZlr2tcW,Selaginella_kraussiana_601_aug_00335.jpg,215,144.7,1748.785922915108,25308.5,0.0,5250.208816766739
1biyVVNBLFiHFM7UtXOF8ioLId_fYr5zQ,Selaginella_kraussiana_476_aug_00332.jpg,413,56.828087167070215,824.5634956384139,16048.0,0.0,7941.590960741043
1j5_gcERvIVO3KKJNl8PXg7jecK-FTNMC,Selaginella_kraussiana_229_aug_00333.jpg,299,84.30267558528428,977.8892066732092,15532.5,0.0,7152.123802185059
1h5RkTADU3zUpmutIpQd3c-Ocb9Cl4bCH,Selaginella_kraussiana_535_aug_00331.jpg,368,57.514945652173914,757.1827595991844,13804.0,0.0,6279.859740018845
1eje-994iYWHXNUo-RdO036tE_Ft-I-I1,Selaginella_kraussiana_541_aug_00330.jpg,335,72.3731343283582,1008.1871921930551,17624.0,0.0,6646.376548171043
1IrivEcbpzLv4vB9b7MyUw8d3mhB2ulvQ,Selaginella_kraussiana_419_aug_00328.jpg,571,24.838879159369526,269.90917969477675,4224.5,0.0,10538.941580057144
1qSy_67EAkp3vOqV0mrRNFJGW7LRf3A8o,Selaginella_kraussiana_229_aug_00329.jpg,713,18.99719495091164,231.02512111023134,5628.5,0.0,11631.916315555573
1g6ijGRl8rlQHG1qGnihEMJjGqvFkGA7l,Selaginella_kraussiana_577_aug_00327.jpg,980,5.8923469387755105,48.21176599343944,1118.5,0.0,11989.962121248245
17qc9TAvTScJP9bdh6YqkqegnvzZyn0R9,Selaginella_kraussiana_456_aug_00326.jpg,123,202.59756097560975,1527.8002927033021,15309.0,0.0,4767.625993967056
1yXAe7WpM99rABhjfIFVqOUzFGZnbAa1v,Selaginella_kraussiana_310_aug_00325.jpg,335,66.44477611940299,646.1369436391931,9194.0,0.0,7196.675099730492
1U-WnIkhKuIE8VpxsPJwoOo-pM3d-eawN,Selaginella_kraussiana_524_aug_00320.jpg,219,50.182648401826484,322.1731127589122,3420.0,0.0,5901.578434348106
1FNtSIkcDie3hm5DZt-C-_FCTnhxrs9bx,Selaginella_kraussiana_310_aug_00323.jpg,283,83.29328621908127,869.2581554626436,13170.0,0.0,6520.553173542023
1DaJpwVyyyrCSSFk-resxxemTbUj6VEG3,Selaginella_kraussiana_71_aug_00322.jpg,180,90.62777777777778,537.1419534138848,5360.5,0.0,6123.803827404976
1bco6Gor-J_dKnxEAYCe7Jbm5urZHGCgd,sago_palm_1370_aug_00235.jpg,242,103.59504132231405,1011.1711416689099,11546.5,0.0,7011.950142264366
1aROWQZebfR6nqP99JkveaTsy5ZVRqG5z,sago_palm_1239_aug_00236.jpg,108,384.8240740740741,3873.0771162836018,40440.0,0.0,3373.6592737436295
1rQoBOfcFkh8qljXfqhaA8HriQPVqCiR7,sago_palm_1299_aug_00234.jpg,5,9156.8,18313.100001365143,45783.0,0.0,1130.499561548233
1Fz3zAMgJpMUN2ahQ3fdGFp_QQUf2Bq4Q,sago_palm_1389_aug_00232.jpg,162,215.21296296296296,2485.357307077658,31594.0,0.0,5183.792514681816
1-u3lelKfF-LLrVM9_sHUy1LKMq54mi6E,sago_palm_1355_aug_00231.jpg,74,494.77702702702703,4102.919385930611,35544.0,0.0,3634.033946752548
1BcKyfO4MGscXrpliJ_kW5tbx9yDraPMP,sago_palm_225_aug_00233.jpg,53,799.0188679245283,5755.498265368766,42302.5,0.0,2192.459141731262
1W28EYHZK3kffphaNlaki0b5R1CbDNCtd,sago_palm_1179_aug_00230.jpg,44,922.1590909090909,6025.75728244698,40435.5,0.0,2398.4002660512924
1BzSv9QjALRhoNVAhrCPwPPKAB0lxHIwh,sago_palm_1004_aug_00229.jpg,377,48.241379310344826,705.7549948980608,13527.0,0.0,8016.311740398407
1aT05EsAuemBl43Qvq8k5BumyFYYyaMpb,sago_palm_989_aug_00228.jpg,403,40.9863523573201,516.5965728152976,9559.5,0.0,7252.113697648048
1aEx_Znr3x2KLNpri25EjxOxxySGhzf_h,sago_palm_388_aug_00224.jpg,71,577.3943661971831,4643.096796165228,39401.0,0.0,2717.67948448658
1O06z13-FlmCEf73Dv0SQw2AL1UwHroWn,sago_palm_1142_aug_00225.jpg,130,280.87307692307695,3181.4370345874177,36415.0,0.0,3764.058331131935
17PYrQjFSYjdw6p1__ld9_-fUDOIPOM10,sago_palm_1367_aug_00227.jpg,1,43419.5,0.0,43419.5,43419.5,890.2081506252289
1Ff8mQuACd-6JPlzhJuHhz6lK0eGiZbvt,sago_palm_919_aug_00223.jpg,181,108.24033149171271,1111.561901447266,14546.5,0.0,4895.459475040436
1WT5Zr2ceCXKOZ_a-rgMobdT7bRnsRdp7,sago_palm_137_aug_00222.jpg,16,2356.625,9120.198622939908,37679.0,0.0,1917.6996935606003
1vO-DqzqOiru3UqLekZhi9CX7CFNeSzdz,sago_palm_1389_aug_00220.jpg,31,1312.3870967741937,7187.0534651863,40677.5,0.0,1689.3910386562347
1MZgh9dUyig2MlHGx_tth6bSbBel9vdUa,sago_palm_974_aug_00221.jpg,10,3762.3,10719.449834762976,35883.5,0.0,2202.6113810539246
1Q-exr73HZM1UqXiyjT5yCXy7kvS6kwhE,sago_palm_521_aug_00217.jpg,53,721.7358490566038,5174.655633974524,38036.5,0.0,1948.0672252178192
17asAcVbbURUAKOBd8alDzz80q7pQX7cV,sago_palm_931_aug_00219.jpg,146,215.4417808219178,2503.5779550655056,30354.5,0.0,4733.670588850975
1VUcGRz9cIdT8mj32ZUBlStSIGXwTFg-m,sago_palm_1375_aug_00218.jpg,89,415.1741573033708,3882.4220266095417,36835.5,0.0,3220.127310872078
1IYKYM_QGQEYLFICdE3sfiFKgJQTmmNNn,sago_palm_1103_aug_00214.jpg,226,108.72566371681415,1535.2248674921052,23131.5,0.0,4897.844249725342
1qir0J4OwfIuSr6fuavwjX1du_KIJPXLb,sago_palm_725_aug_00216.jpg,74,586.3783783783783,5006.625140353429,43363.0,0.0,2618.9688069820404
1F5P9l_3GnhRT5k3OoJFiVcdvgvewDuS0,sago_palm_1452_aug_00212.jpg,115,135.80869565217392,677.9787369456897,6746.0,0.0,4929.594468355179
1lAeEMxpVimuEJ4rlaR94o8lNhq3UzzBG,sago_palm_1179_aug_00215.jpg,26,1671.0,8176.918509297516,42546.5,0.0,1974.704746723175
1wPbHIDu_EgkVOafjZpuBCYdCDzGcEns7,sago_palm_831_aug_00211.jpg,93,227.0,1884.0491041588382,18243.0,0.0,4439.060416817665
1_gBYt2LqM2BAQKmp2hHTxvTv-vVvpDVU,sago_palm_10_aug_00210.jpg,63,559.452380952381,4398.148053365158,35190.5,0.0,2186.5007722377777
1mLAeTu_PM_x4PrV8WUJ5MQhQwF19wAYA,sago_palm_1423_aug_00213.jpg,448,31.401785714285715,305.1960021510015,5559.0,0.0,7541.067011475563
1yNmhsa6VpnqE7Hpfo5MIDKbGeGe2QMxi,sago_palm_1197_aug_00209.jpg,2,18164.75,17848.25,36013.0,316.5,1495.560524225235
1CdrV6hNQEUjf_r2bHxokHUv1uxL0wc8Q,sago_palm_1197_aug_00208.jpg,38,1096.0,6437.976892913193,40242.0,0.0,2178.836776137352
1AdcIk0GC8EXY17H1P1FuH1SkpN0ZhV9L,sago_palm_1183_aug_00206.jpg,55,694.7363636363636,4875.198362262295,36504.0,0.0,2447.3535848855972
13p7skPH9sVl1WbT-Gf104wb3VxOPRkRv,sago_palm_1397_aug_00205.jpg,191,146.0890052356021,1417.3584659054602,14955.0,0.0,6125.3429346084595
1JeUGaKNhWzDF4tbvYtODk6lj_-ebeBOc,sago_palm_1289_aug_00204.jpg,5,9522.5,19045.0,47612.5,0.0,1086.232535481453
1u-42BiKfS3USti4ZMOverUcwA3zCkNwY,sago_palm_137_aug_00207.jpg,33,1304.8484848484848,7380.630599942036,43056.0,0.0,2033.1799235343933
1QFP9kAptZGrnzXbcobXLAMoLEhlUK6Ki,sago_palm_1235_aug_00202.jpg,69,623.7101449275362,4990.53119315941,41759.5,0.0,2773.277463197708
1otN6SBUIBVAtLbWBZ6lslr4MbL7X2HcN,sago_palm_1127_aug_00203.jpg,86,468.9418604651163,4142.295111786631,38645.5,0.0,2531.79723572731
1r31-_9BFKuNZ2z2y95caivjndKNyuz9L,sago_palm_1219_aug_00201.jpg,74,559.9391891891892,4542.762919069144,39340.5,0.0,2947.4856147766113
1NMA0lunXwm9rbQSvSXpb03r9bamj9Cxq,sago_palm_565_aug_00200.jpg,24,1626.2083333333333,7722.9777718785745,38664.0,0.0,1861.626538991928
1aIpq_XZ-fdMUFSsCeri9dU8B023ZoYY7,sago_palm_1321_aug_00198.jpg,65,583.6461538461539,4666.732066712767,37917.5,0.0,3184.546577692032
11S35LZWAG546iHrYP4pPjc1mFENAf5Ms,sago_palm_594_aug_00196.jpg,36,1199.7916666666667,7092.485482865141,43159.5,0.0,1850.9473875761032
1UziocbVPUaZJbv6KciL0g8asRpztwKMe,sago_palm_1157_aug_00197.jpg,51,748.1176470588235,5283.415144033107,38107.5,0.0,2064.1261006593704
1UHwlyzHASaaAWrx3oahmoZo5SyBF1bjt,sago_palm_1195_aug_00192.jpg,6,6877.833333333333,15379.079265533275,41266.5,0.0,946.5929265022278
1F_iSVNiqz1-CQpQdyTPZ2_RhuOOKwYXd,sago_palm_1007_aug_00194.jpg,5,7895.8,15787.600304036077,39471.0,0.0,1767.2833930253983
1tn2TeKt6O6wv6nPuybu1DDb8LlUd3bDp,sago_palm_1459_aug_00191.jpg,129,71.15891472868218,363.27010678356555,3771.0,0.0,4518.356880784035
1YFXbfq9yz9wXZBuivoTcEgXomxN1SYRd,sago_palm_1165_aug_00193.jpg,12,3366.125,10460.761229719772,38039.5,0.0,1965.1483979225159
1QiH0Ij6yVW3mhPaW_VlPte-mlRO3T2qV,sago_palm_1316_aug_00190.jpg,7,6698.642857142857,16408.05284590093,46890.0,0.0,1375.3351287841797
18zJ56nuq7Mgi0Kf3cJybPpdoeM-X9sx2,sago_palm_1149_aug_00189.jpg,33,1201.2272727272727,6775.39032767017,39528.5,0.0,1640.070190668106
196gwAnbZ2E7KR8uC525wcT0c2CdF5PcY,sago_palm_704_aug_00188.jpg,36,1046.25,6049.296003002701,36829.0,0.0,1915.8174444437027
1NylQPe0oOvOU3jlcP8d7r2qSs6Bf528X,sago_palm_1248_aug_00183.jpg,74,482.81756756756755,4050.9549446198525,35092.0,0.0,2871.402353644371
1mv_2QLf1uqL_LVjS4er10bcSRO0m13M3,sago_palm_1475_aug_00185.jpg,418,34.22607655502392,343.82657697990214,6537.0,0.0,7603.736061930656
1SnmMO5_-g-3f3_64F5fA0U4CJV4Ep6gq,sago_palm_1219_aug_00184.jpg,1,49018.5,0.0,49018.5,49018.5,946.2670257091522
1aJeDXkVvQMLFEhnGNadF8QUOn8s4sK39,sago_palm_992_aug_00180.jpg,266,81.9172932330827,1062.244315419383,17217.0,0.0,6092.632255792618
1WdqCWNuywsp-BS9OuwwTP79oKQnCPMj2,sago_palm_1165_aug_00186.jpg,63,483.6507936507937,3458.308465355135,27644.0,0.0,3837.943543791771
1e8YYlr_aKra4mnRHUKIx2Z0IRiaVPZhA,sago_palm_1355_aug_00187.jpg,31,1544.6774193548388,8459.542526093266,47879.5,0.0,1545.09248816967
1pnhwjGYMR3qQPCgTwMosI8cvnS37KVSt,sago_palm_1054_aug_00182.jpg,115,292.45217391304345,2910.0483119954292,31349.0,0.0,4451.878738760948
1xudIxlyIvpu30fzoxXF3POZiiiTGyWWN,sago_palm_519_aug_00179.jpg,63,642.9126984126984,5054.172930581195,40439.5,0.0,2235.1281880140305
14FjFis9MZZe8e6mranhxXmuu1t3IPj4J,sago_palm_1187_aug_00176.jpg,47,832.0106382978723,5318.891911364664,36886.0,0.0,2652.12313580513
1SNOsHtZsLldNOcFHTjjCxQaZRwIm7aBA,sago_palm_119_aug_00178.jpg,49,807.530612244898,5593.798019206193,39562.5,0.0,1895.4742991924286
1ce_ywIUnrtM7QW7Ha0S8lOM5KXZS5G0B,sago_palm_873_aug_00177.jpg,104,172.59134615384616,1282.0382186423797,13046.0,0.0,5113.26856637001
1_0EqcvalTEF6SzjoIVWDCiIu4J_OLvAG,sago_palm_348_aug_00174.jpg,69,614.9927536231884,5066.3278182073545,42393.0,0.0,2357.706834077835
19HJ8I7HwHAaKbilwyvQjpkq3P6SBTlyB,sago_palm_237_aug_00175.jpg,74,603.2094594594595,5042.635714856701,43683.0,0.0,2361.2215530872345
1i80dANVB8yCSqTDcoE5aW73zhHaR431E,sago_palm_1375_aug_00172.jpg,54,817.6203703703703,5947.55883312422,44116.5,0.0,2678.1231355667114
1MVZF_SMG3Bc8NAAbjerQGBjRCQkekdRa,sago_palm_964_aug_00173.jpg,208,114.49759615384616,1535.205504517226,22193.5,0.0,5373.9144406318665
1O5ofgF7ZZdMuTEoKmOP3gjF64wVgRIhF,sago_palm_639_aug_00170.jpg,69,397.7971014492754,3017.1076120831603,25261.0,0.0,3660.5465745925903
1vDy_17lnYJ8sXRyp-EhF2vD2EUuilHzM,sago_palm_21_aug_00171.jpg,61,562.7131147540983,4354.626340954663,34293.5,0.0,2267.4368443489075
1wISAltzMN4GfKrD4ZFaG8V0qvsLBJEN1,sago_palm_1262_aug_00169.jpg,65,582.8076923076923,4655.400349381108,37826.0,0.0,2793.970895886421
1VI2sCGJjEXu12dE3ZrSn_HYuI4RWTk3B,sago_palm_619_aug_00168.jpg,309,68.27669902912622,1023.862625089797,17987.0,0.0,5456.03219139576
1rRrbhgwnatxtx7lAP-izmgvlghaNA6mq,sago_palm_789_aug_00167.jpg,219,126.3013698630137,1832.003747565494,27175.0,0.0,6183.554048657417
14VfNNTH8lkGRjZLA-Obh9yCB-eFfM3OS,sago_palm_577_aug_00163.jpg,19,1917.578947368421,8079.88889199135,36197.5,0.0,1461.317883014679
1xasfTenskru9IwsUOeSQKaVOJ-mXbaB8,sago_palm_819_aug_00166.jpg,337,46.50148367952522,701.1462642171688,12856.0,0.0,5630.014944911003
1iZXeBiGJNRl_mu1ynSxa6IklgHdAiOoF,sago_palm_705_aug_00162.jpg,187,145.06417112299465,1839.6536115042338,25224.5,0.0,4390.942667603493
1NXv52XAG8oiaEx_7lUEif43xqKZnrzsm,sago_palm_1079_aug_00160.jpg,23,1647.1739130434783,7080.067863235148,34793.5,0.0,2721.287566781044
1QUGrbqrNe2SKIkJ3GZZaD1XtdwwEFMuo,sago_palm_919_aug_00157.jpg,192,124.49739583333333,1378.8723922872518,18577.0,0.0,4952.714306592941
1fxTJGJ-z4GPK4egD2tLD0OTsJho3EUh7,sago_palm_1397_aug_00156.jpg,177,154.9180790960452,1310.329819096852,12683.0,0.0,5956.424106478691
1rvA0UFvfl1ELEREHNp827tp6LIP0IZDz,sago_palm_711_aug_00158.jpg,60,724.85,5556.095280785478,43402.0,0.0,2049.3565492630005
1q259CW9f9Ei2-F0MzWudesNYUSRjtF-j,sago_palm_725_aug_00159.jpg,104,364.1105769230769,3687.487954319785,37788.0,0.0,3929.9994554519653
1ZohmEukreS00ikBwXyoIJlrToFJ31pe-,sago_palm_711_aug_00155.jpg,205,143.7219512195122,1888.970465044604,27078.5,0.0,5770.961123347282
1WIVDgCQUDgYfhhEs6BAwU-k6cn6RCy1i,sago_palm_464_aug_00154.jpg,85,456.38823529411764,4173.321284467685,38705.5,0.0,2843.9292652606964
10O692fhX_hu67owmgm3XfWNaY5yaTre5,sago_palm_1015_aug_00152.jpg,4,12269.375,21251.180877115396,49077.5,0.0,1246.055909872055
16S8J6eCUzSyBtn0E3CuUgzWgt_r80oQt,sago_palm_1071_aug_00150.jpg,81,524.7777777777778,4606.189171667311,41718.5,0.0,2387.5718398094177
1RSRWWyFBeCuzDQn7Z4vdsZP5jzKsD1OX,sago_palm_1254_aug_00151.jpg,21,1719.547619047619,7618.383575749927,35789.5,0.0,2423.3048124313354
1IDVw073ShwWpDsXX5LvZZUc976UifY_u,sago_palm_569_aug_00149.jpg,45,1030.9444444444443,6831.804377096403,46348.0,0.0,2031.8001999855042
1Cn_1rRYL6G6mb5EqlpN1ESlDLoFOxplX,sago_palm_1183_aug_00148.jpg,12,3403.0833333333335,10735.753565449215,39000.5,0.0,2018.9646323919296
1_Fldm9QeTn10rUSrsXkka7hiWeUJNKIa,sago_palm_1085_aug_00145.jpg,70,597.2428571428571,4743.140896331141,39982.0,0.0,3331.4338797330856
1ZzyTVVhzfHEsMA3cnRHzoGjSWiBFV9iA,sago_palm_886_aug_00147.jpg,20,2172.125,9467.385127207775,43439.5,0.0,1634.2955862283707
1F1pxduryCPYWIiU4m57UkMKfIPpDGHqn,sago_palm_578_aug_00144.jpg,68,595.4926470588235,4863.203629336027,40402.5,0.0,2056.1921154260635
1DmiHvFiMD5IoNKF5EsYwHGBQwo5slUuw,sago_palm_831_aug_00143.jpg,358,37.82122905027933,499.59876375433333,9367.5,0.0,6436.1957458257675
10CLgMsFDWL5oCj5tkzyuNVUS5dFpsMiO,sago_palm_867_aug_00142.jpg,248,79.29435483870968,1063.77146980361,16733.0,0.0,6360.916526556015
1yUWe5ZerrPghuV7hvqHoGRnsyDxeWHi2,sago_palm_225_aug_00141.jpg,10,4633.85,13894.384811948315,46317.0,0.0,1285.8204095363617
1-TEPf_ewJMdwYjBMugEp2bvMezxDqmOr,sago_palm_481_aug_00140.jpg,47,790.4893617021277,5359.737902937483,37142.0,0.0,1851.5575587749481
1J0Opw-qvq_m9MY2GrTsrGaGGNIl97oVz,sago_palm_1466_aug_00139.jpg,326,60.58895705521472,823.1487305326053,14697.0,0.0,7467.229358434677
11LpYgA2BI3oT4ZnmmUc5x8CO8HsmTpjg,sago_palm_1106_aug_00138.jpg,44,784.625,4230.852479816084,28359.5,0.0,3132.029767870903
1ntDOJgGIVeUcvXQyxzZQSdS_yFpPDlHt,sago_palm_519_aug_00136.jpg,76,468.20394736842104,4019.697987294987,35279.5,0.0,3058.5293308496475
1j1xrlArtH2Vhcm4FEbxyVY7nwNWdrl3A,sago_palm_134_aug_00137.jpg,67,602.5373134328358,4890.359171952226,40332.0,0.0,2578.9099328517914
1o-M1yXGYPGb2dlloZcjsQK-y19o7QTVp,sago_palm_1058_aug_00134.jpg,239,85.97280334728033,1170.9053484523847,18129.5,0.0,5177.983421087265
1-yiAJO0-TVtcYi2-9qjh46IfZzglh0gr,sago_palm_964_aug_00135.jpg,170,201.0235294117647,2588.140627606988,33846.5,0.0,5915.519560813904
1hy6uWYAZqIHFDWMDrgEskdjTY7x5umVN,sago_palm_335_aug_00133.jpg,349,49.60458452722063,827.6959639200761,15479.5,0.0,5653.612925171852
1-ZUqqHYbKE6hwXdnS6a_pIrZ75DxcFoe,sago_palm_996_aug_00132.jpg,137,184.86496350364965,2060.2609390255966,24207.0,0.0,5911.463648557663
1545Md5yt0hkhdeaDFD6_0_P7r3x4A1VP,sago_palm_1375_aug_00131.jpg,48,907.7708333333334,6220.519224006356,43553.5,0.0,1993.9839648008347
1M-Pldp-wFnclD6NUI1WstKwYPAKB1RSR,sago_palm_689_aug_00129.jpg,47,903.7234042553191,6118.5891006889215,42402.0,0.0,1964.9301422834396
1yfehYvKgNV2y-ML-J4TWn5IVVVku-0C_,sago_palm_808_aug_00127.jpg,293,48.09726962457338,737.7505994733327,12644.5,0.0,4931.910265445709
1YSGhF-Vc2IKVc9Scl2qeKTPA6snBgujc,sago_palm_1341_aug_00128.jpg,50,767.43,5268.378091984287,37639.5,0.0,2979.367862701416
1q93U9sIgq8Ce4wQ_vwRIuw0f4v7kUvIg,Rough_cocklebur_185_aug_00372.jpg,182,167.53571428571428,1598.1970078567572,18643.0,0.0,5475.831181049347
1m04nFhpBA2SYJ2r0se9wdoX99ZI0QfRK,Rough_cocklebur_73_aug_00373.jpg,73,565.1643835616438,4773.840772329278,41072.5,0.0,2516.7677961587906
1xnTvuQYiml-eaRC0hZ5CsrzGcn4MvMPg,Rough_cocklebur_257_aug_00371.jpg,56,730.2321428571429,5407.591932515775,40834.0,0.0,2885.2185884714127
1XuRgCuD_igEYP0gd93fmQjYbVbx7bVEJ,Rough_cocklebur_498_aug_00369.jpg,59,723.9322033898305,5483.094040604765,42481.5,0.0,2022.4448609352112
1YxxEXMLl3n16PLL2mcqBcK9KHTapck9w,Rough_cocklebur_413_aug_00370.jpg,48,893.6354166666666,6091.580792320715,42655.0,0.0,2360.4175112247467
1Vhp2kpwYp8JC55KZ-B17-zIo4P9EvMP0,Rough_cocklebur_287_aug_00367.jpg,2,22348.0,22348.0,44696.0,0.0,868.3330411911011
1WnTp7QWLqNGBnyL3uHuXx39rpIi6g_41,Rough_cocklebur_318_aug_00360.jpg,66,627.6666666666666,4984.676615094575,40813.0,0.0,2924.0714005231857
1AZn7OwfjL3EKdxRwN-deTLBz6NcTrQSi,Rough_cocklebur_196_aug_00366.jpg,32,1402.25,7801.919845861658,44841.5,0.0,1871.9940702915192
1yxny5akfaYhy5PWaQnmqhgZZihOe0JRU,Rough_cocklebur_357_aug_00364.jpg,89,412.438202247191,3803.903268701994,36095.5,0.0,3973.261428952217
1asWnk3IFnhpKNmS5EbcklXm8YHLY0Wfs,Rough_cocklebur_289_aug_00361.jpg,134,233.1044776119403,2613.56919924338,30373.5,0.0,4407.251324534416
1aEi8l4BxMNUPcdBpVgFXZnwYcsqiG103,Rough_cocklebur_511_aug_00363.jpg,154,227.6461038961039,2711.457019498689,33761.0,0.0,4681.268568754196
1MrJPelS6esYwconc4jWWNBy5ChsIUWDQ,Rough_cocklebur_124_aug_00359.jpg,80,476.71875,4226.597986149551,38043.5,0.0,3087.191237092018
1Aawy5zmavmwETXTZ5tBqbGXnCI0Inepe,Rough_cocklebur_490_aug_00356.jpg,27,1601.7037037037037,8160.451062400787,43212.0,0.0,1870.7047468423843
18E-nRipL3DHZVIhSQkalXjbCsjPlEek5,Rough_cocklebur_168_aug_00358.jpg,33,1323.4848484848485,7480.220613831427,43638.0,0.0,1995.6996933221817
19oGrIuirQjH-oMkXrOHU3Q2bMwYQUylS,Rough_cocklebur_302_aug_00355.jpg,5,9245.7,18490.650009126235,46227.0,0.0,1009.2619731426239
1wrCrAefvA71Cjy_jgkeVouN0YaawQpWe,Rough_cocklebur_230_aug_00357.jpg,66,603.7424242424242,4812.615805172919,39403.0,0.0,2738.8510576486588
1IMERghw46fyugG3xU24Pv1TJzTY7oHG6,Rough_cocklebur_115_aug_00354.jpg,5,9498.2,18995.650008883615,47489.5,0.0,975.9066350460052
12lDExr4XqCym8maZJ2DNFJnnh_Ki_GGX,Rough_cocklebur_264_aug_00352.jpg,177,177.04237288135593,2284.6024390912557,30485.0,0.0,5612.0078048706055
1Spe5_4VRLVtci9ff1dOy53XGjalsvalk,Rough_cocklebur_460_aug_00353.jpg,49,901.4387755102041,6199.437138401054,43852.0,0.0,2180.653011083603
1kgRZCsulCgqgyNMIKt9Y8kLktDbva27a,Rough_cocklebur_172_aug_00351.jpg,2,21321.25,21321.25,42642.5,0.0,940.8599525690079
1YvcWzy5WVtB7iiJ9-qafnzsVr64zobV7,Rough_cocklebur_511_aug_00350.jpg,15,2732.866666666667,10150.608944732767,40712.5,0.0,1579.6021535396576
1HWFmcA8A-B30WRsiK9_X5s0d7eI0U4NI,Rough_cocklebur_279_aug_00348.jpg,166,209.64156626506025,2600.0877347606884,33605.5,0.0,5381.64027428627
1WzktJ5nsJPJT-lpCHCgFUjPdAp2T8QTy,Rough_cocklebur_204_aug_00349.jpg,161,189.92857142857142,2352.2541711923373,29943.5,0.0,5202.160043597221
11DF495ti0ubnW6RgB29G-IfhUxnaQ1Fu,Rough_cocklebur_457_aug_00344.jpg,46,843.0978260869565,5576.188031554903,38247.5,0.0,2115.8834604024887
1tt5riHlTGy7mjHPMYoHMbMdcykunWE3J,Rough_cocklebur_85_aug_00346.jpg,67,610.7910447761194,4947.2606562737155,40802.5,0.0,2279.8561092615128
1pJFFH3UHR3VUyeewjGBIlEhzVa2WplHT,Rough_cocklebur_85_aug_00347.jpg,30,1601.0666666666666,8614.487721017167,47991.5,0.0,1662.999122262001
1A2wHjNSzpWGxWHNQlFLpkD6vxdV0q1Mz,Rough_cocklebur_168_aug_00341.jpg,187,167.97058823529412,2222.0268997590006,30471.0,0.0,5170.16004383564
10iaCRsPrGzeqZ4wEskteqDnFnlnCK-nd,Rough_cocklebur_176_aug_00345.jpg,91,398.4010989010989,3739.5424069390488,35874.5,0.0,3875.7395681142807
1dHOrEdaqX0RLFSOcHR0bhzt-I7NDvhqi,Rough_cocklebur_415_aug_00343.jpg,67,599.8134328358209,4825.16784708119,39799.0,0.0,2506.608417749405
1RxXjO2Z7dElEigH8K7WLYw_dk4xw9jn-,Rough_cocklebur_217_aug_00342.jpg,213,132.52347417840375,1868.0894842178218,27331.5,0.0,6417.752092838287
1diVTQ1famR51hABDyqErCfGHwy2fQZ5H,Rough_cocklebur_193_aug_00340.jpg,1,44363.0,0.0,44363.0,44363.0,875.0538227558136
1RFDTmAIhvJYSEd3pY05PGYS19dB2Zaef,Rough_cocklebur_258_aug_00339.jpg,145,190.08620689655172,2207.6004334124536,26679.0,0.0,4859.282848596573
1wjyt1ILsT8u9OmAjVVQKuU8dsYUeawnh,Rough_cocklebur_511_aug_00338.jpg,149,233.1744966442953,2786.6710986108137,34134.0,0.0,4455.369074463844
1EmADCGTUdlf0whTTXn8gKLjI3RcgpNfw,Rough_cocklebur_318_aug_00336.jpg,58,761.5689655172414,5683.084955896174,43666.0,0.0,2761.738358974457
1z3nXTYMye3_yTte4J4rdH4FH0NwpRqC7,Rough_cocklebur_356_aug_00337.jpg,69,554.7898550724638,4508.931057168969,37735.5,0.0,3046.9414582252502
1o02QyLw9xnWGsuS6g_oEhpXq_2kcOV6y,Rough_cocklebur_170_aug_00335.jpg,2,18878.25,18878.25,37756.5,0.0,869.688379406929
1Id6BWOFuX5GHyQBnY3Eg3r4DADYp1UHk,Rough_cocklebur_56_aug_00334.jpg,245,112.81224489795919,1227.514915098321,16798.0,0.0,5350.201674580574
1Piy4Ngr3RKzJV5QODkUSc1CTbx0QrTvP,Rough_cocklebur_62_aug_00333.jpg,11,3456.8636363636365,10902.32154820687,37933.0,0.0,1689.1240130662918
1IYZ9nXO50D8W-BH2dYafnjQMxFAZcnhH,Rough_cocklebur_333_aug_00332.jpg,23,1890.0434782608695,8840.698671378277,43356.5,0.0,1539.9453002214432
1EOBbIRYMt4py208Zpp5zLLmhmdQ7h3du,Rough_cocklebur_318_aug_00331.jpg,52,798.3365384615385,5638.105634977492,41060.5,0.0,2752.6084171533585
18B-w4UP03ujTgUn96qHIgS2KHeUmBMKd,Rough_cocklebur_96_aug_00329.jpg,181,176.39226519337018,1715.6989010476736,20788.0,0.0,5293.397634744644
1WLebWTbZZVIjs7rcWEhD4ITLNdMFDPFy,Rough_cocklebur_415_aug_00330.jpg,143,249.65384615384616,2927.597877010812,35135.5,0.0,4412.8665471076965
16e5r-DP_4qiiByxcwtJSOxKMoAYN4Lsg,Rough_cocklebur_248_aug_00328.jpg,2,24798.75,24798.75,49597.5,0.0,973.0954529047012
1xY35lvbOIcF3EHoypE36gTn4OA4JUbH-,Rough_cocklebur_204_aug_00327.jpg,173,163.7398843930636,1549.2322633324789,18111.5,0.0,5142.20167529583
1UJ2R43wpRDZNWSD1_1PjSTvfmLEzRd97,Rough_cocklebur_406_aug_00326.jpg,42,1021.4047619047619,6516.608770816465,42748.0,0.0,2093.1555387973785
1AH1ppmMI7MBnQg5E54dJ5_tc24Bgrzfb,Rough_cocklebur_339_aug_00325.jpg,45,778.8333333333334,5120.236031885856,34741.5,0.0,2122.3342517614365
1Nfc8lCBKyi5TGN4X-m1uOe6-R44u4fGG,Rough_cocklebur_44_aug_00324.jpg,71,524.2957746478874,4365.315365870291,37047.0,0.0,2440.3413902521133
1c3wLMNtPrkTCJwRK5l4QeUKR1gecluMs,Rough_cocklebur_199_aug_00323.jpg,180,148.58055555555555,1410.7002478712957,16541.5,0.0,5553.169275164604
1hs9KDnc9FPV2Ucf82g7Po8uMLAlPgUj3,Rough_cocklebur_44_aug_00317.jpg,4,11556.5,20014.424482732447,46222.5,0.0,1401.9209141731262
1gSn7lUklqCetukWCo__wwpUjYim-CmKZ,Rough_cocklebur_279_aug_00319.jpg,75,512.6333333333333,4342.094727458421,37861.5,0.0,3281.617644548416
1DY5WCM3xyaHGMd7BhkzlArejp_M6C9d6,Rough_cocklebur_464_aug_00322.jpg,55,648.2454545454545,4733.303095065017,35430.5,0.0,2388.358636379242
1uDsd8aQfFPJMLP0za16410ghVBbJdbVx,Rough_cocklebur_311_aug_00320.jpg,5,9304.5,18609.0,46522.5,0.0,1065.2030980587006
1v4q75TePg3mAkbt4kuMc6fqTBzXdKkiD,Rough_cocklebur_406_aug_00318.jpg,31,1412.725806451613,7734.349139410619,43775.5,0.0,1988.4864914417267
1W0V8xbyWnh770GkUjZvavFBAOrlafQ7F,Rough_cocklebur_279_aug_00315.jpg,160,227.146875,2763.6410995035576,35073.0,0.0,4845.719358563423
1R0dhFv6vvz5J2190y1oR2oX2PXtkPToF,Rough_cocklebur_417_aug_00314.jpg,120,306.5083333333333,3292.814331353028,36226.5,0.0,4136.433001160622
1kUqAd6g_IFTnEvpqQNY62p0WAk8Kbx2U,Rough_cocklebur_381_aug_00313.jpg,23,1932.804347826087,9063.20422479908,44443.0,0.0,1618.4377217292786
17mdL8R2dBSAoQWIq8PlI9D6yZKgD3Pbo,Rough_cocklebur_70_aug_00312.jpg,22,2035.2272727272727,9215.705375172509,44266.0,0.0,2168.160589814186
1ijWA3IJVRr3oxiezjFUzy6FOu7UdxACz,Rough_cocklebur_328_aug_00311.jpg,1,43877.0,0.0,43877.0,43877.0,951.1959581375122
13OiMLQ67exUdHMZNSBxVKE1T4MT_eozL,Rough_cocklebur_59_aug_00310.jpg,92,281.7228260869565,1855.973863027128,15279.5,0.0,4262.9111404418945
1nj_kmZEfREoQi2LdWo0hqAcZKzzq1A3F,Rough_cocklebur_115_aug_00307.jpg,182,165.96703296703296,1591.5213362529387,18395.5,0.0,4472.079749941826
1v9YXLB2naRH_ZmCP5nSf9SKx6GXyGTZX,Rough_cocklebur_357_aug_00305.jpg,58,704.6293103448276,5274.074727283307,40522.5,0.0,2413.8144793510437
1ffWYB34GOgpCpTx6yxqhN1VzxYr6DhnF,Rough_cocklebur_141_aug_00306.jpg,93,401.3763440860215,3823.338550297774,37073.5,0.0,3791.413666367531
1i-XbeaSRmD4nPe976171RSqm1GLoxAKo,Rough_cocklebur_122_aug_00303.jpg,54,769.6666666666666,5590.282364663405,41467.5,0.0,2733.904879450798
1hHxNLykCSa7wGcak_flZbIgadjpbfEnC,Rough_cocklebur_413_aug_00302.jpg,92,355.8369565217391,3309.93968002037,31928.5,0.0,3822.560856461525
1xITYmFN2q-47N70S-v5lvc_wFCrt7mqc,Rough_cocklebur_371_aug_00304.jpg,13,3195.769230769231,11068.881671006586,41539.5,0.0,1329.2934987545013
1llKTwvGoEs1qJ96qIV63YgkHoq9MZkz2,Rough_cocklebur_47_aug_00301.jpg,29,1243.9827586206898,6556.086543582544,35935.5,0.0,2592.500770688057
1K_PlmMo0unKjwvQPabGZZp-2tXrLigM6,Rough_cocklebur_193_aug_00300.jpg,21,1827.9761904761904,8158.750052311921,38315.0,0.0,2436.8195312023163
11Fs9S4Vbym56ZXHXvl5GkL6ZTBOpE1jz,Rough_cocklebur_502_aug_00299.jpg,55,802.4454545454546,5824.335661431678,43601.5,0.0,2374.96166741848
1VuXkKsbNt2XkFurCs8v1ZhZpBBebsV1M,Rough_cocklebur_371_aug_00297.jpg,126,313.3968253968254,3439.6771583450554,38769.5,0.0,4024.04108440876
1MrnFTU-9G3KGuez6o1WNvbOfVNuZheI4,Rough_cocklebur_158_aug_00298.jpg,44,1022.2954545454545,6697.844914867445,44943.0,0.0,2479.0865581035614
1GKKtq277bp8wGvjeHs2feLsPhm6IhIvy,Rough_cocklebur_473_aug_00296.jpg,17,2483.3529411764707,9853.761508958522,41898.0,0.0,2128.7636210918427
1oHpfgLLO04N30m5NVcDsy0EWIcBU1X6M,Rough_cocklebur_279_aug_00295.jpg,40,986.3125,6057.89825835609,38813.0,0.0,2202.0499798059464
1sFslh_TiEpT3gbbQ_-FehxXgiVtzThob,Rough_cocklebur_135_aug_00293.jpg,147,225.27551020408163,1896.0936608439908,17732.5,0.0,4635.341724872589
1lShglQsfyUzTjr5ocY7nVXxgoiZ379xg,Rough_cocklebur_371_aug_00292.jpg,78,546.25,4728.846225052397,42040.5,0.0,3077.7698855400085
1rPYJ8eFbblMdg5aISeKtLJ2cu2ThjNJy,Rough_cocklebur_1_aug_00289.jpg,174,169.61206896551724,2181.2406085357948,28859.0,0.0,5459.3904930353165
1pac3ptRNppv3RJFuTvBRrUz7qUMcSlO6,Rough_cocklebur_1_aug_00291.jpg,97,439.63917525773195,4293.535740308989,42507.5,0.0,3110.6988174915314
1rtFV9ABbaM0_tjjzu1SSvXwKqdTYmusF,Rough_cocklebur_275_aug_00290.jpg,50,643.53,4367.285284258403,31212.5,0.0,3399.426737546921
194JDQzbSTAbvRVR76vVHDAvCgGlxQW7G,Rough_cocklebur_196_aug_00288.jpg,7,5955.142857142857,14586.244865122282,41684.0,0.0,1045.7543947696686
1e9foodfxWUP0uylw19TIZfomQvH3QPas,Rough_cocklebur_264_aug_00282.jpg,59,736.5762711864406,5531.737143109197,42861.5,0.0,2351.9494749307632
1Tsta7s61i5U9xvaPvtchDxDOfFOaCpk-,Rough_cocklebur_15_aug_00286.jpg,11,4413.681818181818,13911.317706478367,48405.0,0.0,1548.9331073760986
1nSO3tL5nrSwQIYql3ASbo7ilCjyVmZ2w,Rough_cocklebur_56_aug_00285.jpg,24,1938.8333333333333,9292.480480056023,46504.0,0.0,1501.317883491516
1R3rIkROulIlERyjw_tq9-mc57FmFpnlt,Rough_cocklebur_168_aug_00284.jpg,95,360.9684210526316,3451.5514214324326,33824.5,0.0,3688.1832216978073
1zxBFmYAb9od0u3ywmRHQsbJ-YDU2P5w1,Rough_cocklebur_241_aug_00281.jpg,4,10805.75,18715.530668070835,43222.0,0.0,950.8771973848343
1qtMrnhbeDf1n5Uh5wED6_yLrBs7AakSo,Rough_cocklebur_122_aug_00283.jpg,194,155.54381443298968,1486.9808136255845,16741.5,0.0,5157.9590348005295
11O4UKCq8yJMa7HBdmoGr-Djtd0zqKHe8,Rough_cocklebur_453_aug_00279.jpg,30,1451.4666666666667,7814.251782196141,43532.5,0.0,1400.6315919160843
13hQRPSJr-OchgF57eK0p1DJSKBshRt3t,Rough_cocklebur_70_aug_00280.jpg,159,209.63522012578616,2581.3953388114596,32656.5,0.0,5217.088977217674
1bC7SthcOAfK6zyZm8Oz61QP_szCZDaf-,Rough_cocklebur_174_aug_00278.jpg,95,424.38421052631577,4092.0816510945106,40098.5,0.0,3957.9161928892136
1JhSm2f_niAsZhWx0h05Tkg-bNk13FQtC,Rough_cocklebur_409_aug_00276.jpg,68,552.1617647058823,4482.240799435735,37240.5,0.0,2350.7434126138687
197seCLxOuR3wvoriIladEcEMOgWcb6oS,Rough_cocklebur_453_aug_00277.jpg,1,47336.5,0.0,47336.5,47336.5,984.9188274145126
1KDw4hbCL9faOAT83JQZOscc4wtzilA1z,Rough_cocklebur_115_aug_00275.jpg,9,4959.666666666667,14028.055729699521,44637.0,0.0,1152.5584366321564
1VBzDdrzh3ptU3YujdQbKr2ehig4Ac7J1,Rough_cocklebur_356_aug_00274.jpg,39,1102.3846153846155,6735.290451603079,42620.0,0.0,2263.405319213867
1J8Id1zmWV6WgSH4CzcXvi0b3TpncTA2u,Rough_cocklebur_351_aug_00273.jpg,12,3310.4583333333335,10957.999683371225,39654.0,0.0,1794.0113151073456
1wVMPxbu1nWqBUZOKb5EeBQXwludOxH4K,Rough_cocklebur_289_aug_00272.jpg,60,627.05,4746.798017874787,37084.5,0.0,2209.831724047661
10UlGfASfZvtWO7PN5F0VidAGziOQmAC5,Rough_cocklebur_138_aug_00271.jpg,59,634.1949152542373,4825.026776967017,37380.5,0.0,2628.6084166765213
1a7GrGyDuIf5ki-153bZpRpFpFedkTDQ4,Rough_cocklebur_135_aug_00268.jpg,159,180.37735849056602,1577.307316339839,15438.5,0.0,4645.9275106191635
1NYZ5F_RK-Buag_0Bz7hSRgnm25WMPFKg,Rough_cocklebur_44_aug_00270.jpg,136,196.1985294117647,2244.9505310934273,26280.0,0.0,4276.589417338371
1aA7RxRdrosY6yj7iwj7o4I-1dqaEz0MZ,Rough_cocklebur_238_aug_00267.jpg,57,747.9824561403509,5517.359149280419,42033.0,0.0,2952.390161752701
1RvH5wwdYDauxzMJ0YriSxIfvoT7hN3LM,Rough_cocklebur_172_aug_00263.jpg,32,1366.546875,7594.786378208095,43652.5,0.0,1783.6336792707443
18-Y49cR-nKz5vlEW-3K9T-0TsHs9oiqE,Rough_cocklebur_85_aug_00266.jpg,96,434.9947916666667,4209.000924045837,41459.0,0.0,2850.431791305542
1Bu4JZHAO_IREySCahO1fV0-Czhdeic9f,Rough_cocklebur_217_aug_00261.jpg,23,1803.2826086956522,8448.871671291878,41432.0,0.0,2465.932229399681
1Am5cX1uBeNySMLn4rBJsdXBuyOgodisb,podocarpus_neriifolius_453_aug_00453.jpg,50,854.21,5969.258825088757,42639.0,0.0,2380.9271782636642
14PszrA-GAieGL1_LUTy836wOnRkdv_on,podocarpus_neriifolius_69_aug_00451.jpg,347,63.50864553314121,939.5213493686512,17269.5,0.0,8133.985840201378
1Tod-YldlQfKu0G9ArGezIkrPzQp0739g,podocarpus_neriifolius_300_aug_00447.jpg,85,441.0,3986.8895512815056,36980.0,0.0,3631.5314182043076
1U2uc743Dnm0CscvCM0UfLC6_dM47xoAm,podocarpus_neriifolius_607_aug_00450.jpg,23,1868.391304347826,8735.94672696933,42843.5,0.0,1865.0722779035568
1TUoGVbdHm28ISH36k3JD6BXQvlzoXoJK,podocarpus_neriifolius_354_aug_00446.jpg,86,424.66279069767444,3862.657375014642,36035.5,0.0,3502.904002070427
13cs0yXJBMajUMbujeoD62wphB2G7GgXs,podocarpus_neriifolius_278_aug_00449.jpg,102,392.54901960784315,3912.435403532276,39711.5,0.0,3870.5852410793304
1UCGaJ8RsmOAosCVGY-DZGaP3mh8Ity0q,podocarpus_neriifolius_438_aug_00448.jpg,96,288.5364583333333,2467.2705907422524,24223.5,0.0,4941.4695773124695
1m0qZkVCt73KHdX78_ZnK-JO7e-D002Q5,podocarpus_neriifolius_529_aug_00445.jpg,62,696.0241935483871,5387.043126670532,42769.5,0.0,2793.0592070817947
1GaR-1mJl9WqO_3LD4zIahq3EfBqOtzQ-,podocarpus_neriifolius_433_aug_00444.jpg,27,1577.5555555555557,8039.182113979531,42569.5,0.0,1664.8813729286194
1FdNEgqjZVhNClI_Gf3kR1aGMzxNIBLvr,podocarpus_neriifolius_306_aug_00442.jpg,87,441.91954022988506,4069.9611981498992,38185.0,0.0,3674.66850233078
18lX3j5cdNKWkvmf3XuoLTfkw-_x5fBgK,podocarpus_neriifolius_438_aug_00440.jpg,4,11891.75,20597.115190907196,47567.0,0.0,1126.4995614290237
1JP5G3qYlXqofuCy1ln1A82h18l6bMxfb,podocarpus_neriifolius_170_aug_00441.jpg,96,403.3489583333333,3842.3604155680023,37851.0,0.0,4836.856441259384
1ulr67tBsJCLUUTWxMGj5T9_3TMIe0oqj,podocarpus_neriifolius_438_aug_00438.jpg,13,3330.1923076923076,11431.238772191924,42928.0,0.0,2021.7758145332336
1jt8hbH11VskKEYDsseWTE9LoYlzCYoHF,podocarpus_neriifolius_111_aug_00439.jpg,93,317.3010752688172,2603.508097688583,25015.0,0.0,5084.873687505722
1el0ZsJ950tmlDitm-GyPvJU8jpKFM-ys,podocarpus_neriifolius_354_aug_00436.jpg,61,609.655737704918,4712.176181456932,37110.0,0.0,3020.1790455579758
1G6tMEd2qQ4st8Kdq00hWqZ-z9HMPYzpf,podocarpus_neriifolius_361_aug_00434.jpg,35,1126.557142857143,6462.520189270955,38807.5,0.0,2621.58908367157
1mA0xX_VH1as0h_tpgL-bVpRkqNFThrvk,podocarpus_neriifolius_40_aug_00435.jpg,99,379.69191919191917,3750.4759662298907,37507.5,0.0,3553.205519080162
12XDChUKuJ1tcfHIGCRx8ZOidPHZsGsTE,podocarpus_neriifolius_278_aug_00431.jpg,89,427.96629213483146,3975.819131060759,37723.5,0.0,3376.3699513673782
1hndfEydN1pli0AdavRY_tfox-SMKRlte,podocarpus_neriifolius_40_aug_00433.jpg,486,35.80452674897119,585.81423836615,12773.0,0.0,8107.944208025932
1Mk9B6JhFhks1o05uBwZShAC3lHm-Ns9n,podocarpus_neriifolius_220_aug_00430.jpg,343,43.542274052478135,454.8627532632222,7798.5,0.0,7357.243639707565
1q_pcuqqTRGtlzEXDoBvRT7kP8UtZIsuc,podocarpus_neriifolius_403_aug_00429.jpg,109,379.9403669724771,3907.665277471425,40989.0,0.0,3663.087768316269
1eOj37B_Klao9L6GInwwTb4ygK7Vfj2Rl,podocarpus_neriifolius_278_aug_00426.jpg,39,1182.2051282051282,7283.8708368681855,46083.0,0.0,1935.0722773075104
1rHg93HrHiDMmSq0BoBSIbeso7b5i0Pxy,podocarpus_neriifolius_47_aug_00423.jpg,125,228.152,2359.06757446581,26487.0,0.0,5901.088977098465
1t4uQiZfu6bYU56bj7declE5sze2sARvY,podocarpus_neriifolius_220_aug_00425.jpg,53,777.0754716981132,5601.629512241704,41171.0,0.0,2706.816568493843
1nyFYy9ArFw3HHZrUgEDdKZJ1F1p6AV3A,podocarpus_neriifolius_564_aug_00424.jpg,14,3401.5,12244.318597969077,47549.0,0.0,1373.4945087432861
1_cRnahTfXsOHdS_dqvwmCEupit9pX8ni,podocarpus_neriifolius_306_aug_00427.jpg,106,336.79716981132077,3406.774142140631,35245.0,0.0,3994.2147456407547
1LUjs9DtAmDuwuD8uaqaDyEcckqke0Ibl,podocarpus_neriifolius_453_aug_00421.jpg,43,1021.8139534883721,6615.091786899681,43892.5,0.0,1827.2489033937454
1DlXT7FEom2pVdg0DEjf-E9J5LUU5Y5Zi,podocarpus_neriifolius_361_aug_00422.jpg,63,591.1031746031746,4619.470327259865,36964.5,0.0,2904.4561767578125
1DUIRwlO82HYZ_nuGIvuGJ1Y_gVDvnV0m,podocarpus_neriifolius_47_aug_00420.jpg,452,44.777654867256636,696.3153639490453,14688.5,0.0,9099.279338359833
1A2FH-vZxLY3fmQs4xI-QsRedyO5_0hZ1,podocarpus_neriifolius_486_aug_00417.jpg,44,925.8863636363636,6061.000533274973,40670.5,0.0,1956.5869975090027
1YEQ0w9xywJvjpvdTNcPR1srpclaa9vKz,podocarpus_neriifolius_306_aug_00415.jpg,99,383.6868686868687,3762.3427290771488,37628.5,0.0,3859.957825779915
1thN__92pTH7EUkS7ND9TNznhAySOGjrU,podocarpus_neriifolius_486_aug_00418.jpg,54,742.0,5379.2606265999875,39903.5,0.0,2059.096662759781
1wzkljJQOrPhapqtGrQPm2bdE9SFq4bt9,podocarpus_neriifolius_453_aug_00416.jpg,176,167.57102272727272,2160.450329690096,28746.5,0.0,3745.597434282303
1Ge9-RRAVwICjkeVkyosemrbUgY7WcmtX,podocarpus_neriifolius_579_aug_00413.jpg,279,94.13440860215054,1381.325346908968,23057.0,0.0,6757.849634170532
1uvKkLniPMyfSVMT76SlErF93C8TOBhU-,podocarpus_neriifolius_564_aug_00414.jpg,3,13832.166666666666,19561.637697005048,41496.5,0.0,910.9188276529312
18Ld80m6M4nVRVJFTfaw587CI-mjxP4VK,podocarpus_neriifolius_453_aug_00411.jpg,5,7918.9,15837.8,39594.5,0.0,1021.2274833917618
1CLW5TQHgxFpcg6Wr_0cIJWnDCZivTnhN,podocarpus_neriifolius_155_aug_00412.jpg,491,33.38696537678208,371.41766301612984,7421.5,0.0,9029.026593208313
1HTtDsaj9GSsUdXYxZDReFcLJLaw6ERuO,podocarpus_neriifolius_499_aug_00409.jpg,30,1452.1833333333334,7815.511944719651,43540.0,0.0,1721.6092941761017
176lMct2V4wY7Dc-_CS281otTu-qSmXG5,podocarpus_neriifolius_170_aug_00410.jpg,37,983.1216216216217,5789.624824942162,35717.5,0.0,3086.6226972341537
1MRT7Yok8R_g7NGhThMpbJNw-aha1n1KT,podocarpus_neriifolius_579_aug_00407.jpg,39,1132.3846153846155,6969.052448615822,44092.5,0.0,2066.871267557144
1jbzdbTjM3KQcRp-YMseb9-4EJ3vbNp-P,podocarpus_neriifolius_337_aug_00404.jpg,52,872.4903846153846,6225.926940169683,45334.5,0.0,2297.9911053180695
1DfBF-OoI5eiH13R6sjePApQhE5JuYPkH,podocarpus_neriifolius_433_aug_00406.jpg,32,1334.90625,7427.774527320477,42691.0,0.0,1771.9007053375244
1TTxJa-Kl2m6w0KWItfOXZet4ObGrFcat,podocarpus_neriifolius_12_aug_00403.jpg,141,251.0035460992908,2955.677005103579,35223.0,0.0,4362.984298110008
138_EM3GSv2Ik0S4kYdKUETwUZtpMc9QS,podocarpus_neriifolius_220_aug_00401.jpg,74,492.77702702702703,4155.269099769505,35994.0,0.0,3401.666413784027
1MElhOqCBk-OHNZoYFBFst43mLxrHPvKP,podocarpus_neriifolius_24_aug_00399.jpg,73,370.0753424657534,2493.0792901677314,21075.5,0.0,4937.37621319294
1TTZlUpjn6S0xGWjXz67qxUXjrxbswzf4,podocarpus_neriifolius_361_aug_00402.jpg,89,471.7752808988764,4378.552500548912,41545.0,0.0,3164.1201708316803
1kIUudNi4hQvviLAFSLWIoCt50y4ZAUe5,podocarpus_neriifolius_438_aug_00400.jpg,258,128.04263565891472,1992.5750640262213,32070.5,0.0,6387.8627054691315
1TNnNRVxOkjxYMxEqKw80aQc2bFkJnpSO,podocarpus_neriifolius_470_aug_00393.jpg,227,152.20704845814979,2226.5937140087085,33624.0,0.0,5920.063716411591
1J4-WqsCPVJJfOr_cr2K133SXzy0yrd0m,podocarpus_neriifolius_24_aug_00396.jpg,249,111.22289156626506,1423.2116367462543,22126.5,0.0,8334.034608721733
1H0RVHWAp5SrcXg1ADQCpp9smMSjrWnDT,podocarpus_neriifolius_323_aug_00395.jpg,440,50.2,695.4894220161536,12190.0,0.0,8417.296585917473
1_EhdPPZcBmNKMZIm6L-zmjXEstXDuvQC,podocarpus_neriifolius_139_aug_00394.jpg,242,129.54132231404958,1910.3028297065962,29775.5,0.0,7505.36139023304
1h-b9PS8TG6hGow3IwoiqQQu8XUnl4Abl,podocarpus_neriifolius_180_aug_00391.jpg,111,361.6981981981982,3700.0325067230915,39164.5,0.0,4349.077663898468
1aGLu83L-LAf12ittnx9hEdsc1XhneG8d,podocarpus_neriifolius_403_aug_00390.jpg,28,1463.7857142857142,7599.7035825989515,40953.0,0.0,1724.136205792427
1vgABAhq9IBuQNYcuaIHadwdqJAxW7Pw5,podocarpus_neriifolius_579_aug_00392.jpg,12,3812.0833333333335,12636.165278730286,45721.5,0.0,1268.4061962366104
1X2kuy4ePYHrnt9sm5LTEf9qcOBMzf2zp,podocarpus_neriifolius_470_aug_00388.jpg,47,953.2978723404256,6463.074371084221,44788.0,0.0,1766.5037368535995
1pcJ6iLN_jBgE9V8nmXIFoxdsNxiLrg6-,podocarpus_neriifolius_354_aug_00389.jpg,79,522.4430379746835,4605.657884662385,41198.5,0.0,3256.914107441902
1Vl6B2Qw-gjueDxi2Z_OzqI_ESLOLa0ki,podocarpus_neriifolius_418_aug_00386.jpg,360,69.99861111111112,1166.4826274475588,22101.5,0.0,7774.363474607468
1H42QG9XAntSXeI2phVv1sC-UImWfyE7J,podocarpus_neriifolius_529_aug_00384.jpg,47,959.8191489361702,6506.64039240039,45090.0,0.0,1956.1433458328247
1dgQHowoPNsztComkuIGv2pO-XyFJEcSf,podocarpus_neriifolius_323_aug_00385.jpg,35,1215.9857142857143,7075.273003804684,42471.5,0.0,1856.9473876953125
1vulv_In1N5NStUGLv3B8x2XWj3YlH_5l,podocarpus_neriifolius_220_aug_00381.jpg,135,290.3,3304.8245379545738,38545.5,0.0,4486.773182630539
1aa5FyC6JjfuKC4TRpk0_oSHdABTXoDQn,podocarpus_neriifolius_5_aug_00382.jpg,187,154.2860962566845,2057.660345788443,28216.0,0.0,5942.840407013893
1WzTHNDNRyhNBUJMO6owig2rC3QWzuAqw,podocarpus_neriifolius_453_aug_00377.jpg,40,1135.875,7083.851408970617,45374.5,0.0,2253.4053189754486
1nv-4hfTgZwLof4IL69m3L59WzSP8zPni,podocarpus_neriifolius_198_aug_00378.jpg,62,595.7016129032259,4603.446200735045,36548.0,0.0,3284.4704562425613
1b8EdxN2vdBeWfYzFV3_mglGJ_wnBU9aR,podocarpus_neriifolius_170_aug_00379.jpg,27,1613.648148148148,8221.454710215596,43535.0,0.0,1578.5554716587067
1lHQ7uMMaX_D4GVtoJBplN0MstJ7msv_6,podocarpus_neriifolius_438_aug_00380.jpg,33,1420.9545454545455,8025.499719514909,46820.0,0.0,1844.2610960006714
1w4QXXS_T31m6hEhi72VXEidl59w9VyKx,podocarpus_neriifolius_206_aug_00375.jpg,70,535.85,4425.367158577273,37295.5,0.0,3540.3182158470154
1b5lIv_caebP6vzqMcGd4cXlZldJnGt-R,podocarpus_neriifolius_607_aug_00374.jpg,35,1228.7857142857142,7142.703225055937,42877.5,0.0,1760.7219923734665
1wP1LPnPbInboZCOdHJsdI_BQHztNmrrL,podocarpus_neriifolius_278_aug_00371.jpg,379,53.04881266490765,707.3375371184508,12359.0,0.0,7825.039663314819
175gLJq8AENM0_zB87J9iyIPjwqdPWQeu,podocarpus_neriifolius_170_aug_00372.jpg,81,441.037037037037,3855.8829061944525,34922.5,0.0,3784.0654710531235
1WjOKfqs20IjqZO2aAY-aiUXG2ZX2m2Ce,podocarpus_neriifolius_180_aug_00369.jpg,205,147.6219512195122,2041.6161501712547,29305.0,0.0,6194.781531572342
1yWsLzZXNvlKvDsvdm_YM7KXR99hvUTir,podocarpus_neriifolius_300_aug_00370.jpg,90,403.5722222222222,3787.529869747352,36135.0,0.0,3708.3426003456116
1q5C8HwZNjduPG8bptx3XrttfjvEHbI8r,podocarpus_neriifolius_12_aug_00367.jpg,212,138.66981132075472,1985.2973755277376,28976.5,0.0,7080.685203433037
16hEjisPIsOM16aS4SUQlbYEI03tzOKFq,podocarpus_neriifolius_47_aug_00368.jpg,112,320.51785714285717,3366.1881094309006,35785.5,0.0,3495.0461373329163
1hV1A2qwdLrP4EQUbSqmpwSbTZVy2RvoT,podocarpus_neriifolius_111_aug_00365.jpg,434,44.824884792626726,646.4058495481424,13183.0,0.0,8873.605239987373
1Q-ZBsKp0NpalSEpuj0l1fKoc-rWOz2Mi,podocarpus_neriifolius_529_aug_00366.jpg,17,2290.0882352941176,9146.605462001115,38876.5,0.0,1258.305690407753
1OkQF5aKGiQP0dHLiwaL0xZTjhI3Mu4ha,podocarpus_neriifolius_403_aug_00364.jpg,66,668.7878787878788,5380.035324360633,44044.0,0.0,3115.835899710655
1UK0mubl-ToPNR2pswZn2Gz08cDTvFu9E,podocarpus_neriifolius_192_aug_00363.jpg,126,186.8293650793651,1995.4727491772774,22493.0,0.0,5611.154992222786
1J1RSyiVjaLke0WCx4fGg-H_W1ZccAPss,podocarpus_neriifolius_82_aug_00360.jpg,455,40.71758241758242,636.0327000359607,13348.5,0.0,8846.759570002556
1kKChd7VVzcoWfLh4RGfMpYDvj4gqCgz1,podocarpus_neriifolius_403_aug_00359.jpg,169,203.08579881656806,2566.0885068304024,33462.0,0.0,4241.954860568047
1yOcStqXklaDCy8vJu0uDdYJ6j3U_EZAe,podocarpus_neriifolius_206_aug_00358.jpg,39,944.2564102564103,5818.840886945363,36814.0,0.0,1825.6996940374374
1ZzjBSFs-mYaGs7EM40bIe6vp1h1z0g0D,podocarpus_neriifolius_344_aug_00356.jpg,66,626.2045454545455,5028.104752423419,41164.0,0.0,2781.260218858719
1qN7PolM4_XoUUfZjfe50GLOe_9Jh_Epq,podocarpus_neriifolius_228_aug_00350.jpg,82,419.8353658536585,3719.344350376298,33892.0,0.0,3389.666414618492
1Wk8xsfOeTqOPoXZDUKcFIiLS12iEsqnp,podocarpus_neriifolius_192_aug_00354.jpg,63,665.0555555555555,5220.217662638817,41769.0,0.0,3508.8623720407486
14VGFANFYvkyW7koppQ4vbxgBgu77Qq_H,podocarpus_neriifolius_5_aug_00355.jpg,159,204.15408805031447,2503.031806880782,31664.0,0.0,5269.699150443077
1DaCG7PoCi7j9xFAGTh7WbqO5nMhQ3itI,podocarpus_neriifolius_170_aug_00352.jpg,166,176.34036144578315,2198.1780044560924,28409.0,0.0,6003.762198805809
1RneqR8coVnJHPPwQ7wq3dHbzPiDfk59i,podocarpus_neriifolius_607_aug_00353.jpg,284,98.6919014084507,1488.900424681755,25057.0,0.0,6554.487157583237
1G0shK8FJ6FLJOWxaHKNW7xuAUqFYWrYS,podocarpus_neriifolius_337_aug_00351.jpg,408,52.83946078431372,671.4799734481038,10579.5,0.0,8180.377758026123
1DAJDpB0PTYHdtsDrB2A9z0HbgMsh3pCb,podocarpus_neriifolius_47_aug_00349.jpg,413,56.922518159806295,830.5741866135255,16550.5,0.0,8701.37984251976
1BvI0_7yWDhGpiBNZjdZh1pO-GNbiWDUM,podocarpus_neriifolius_206_aug_00348.jpg,45,953.3666666666667,6288.526572170057,42666.5,0.0,2945.8043751716614
18KgXgGiT9Ll0BNyxmgRaznq0qTGMRPHw,podocarpus_neriifolius_529_aug_00346.jpg,6,6419.416666666667,14352.239675444,38512.0,0.0,1241.3107427358627
1C8xxxkPT8XYhyElzxsRyF3o2A_d-H0Fx,podocarpus_neriifolius_438_aug_00347.jpg,68,610.1397058823529,4947.783168817054,41109.0,0.0,3337.960790038109
16mAc1c7GahDCDtm4vAzaQar40u5GINTQ,podocarpus_neriifolius_220_aug_00344.jpg,17,2530.1470588235293,10119.088265086386,43006.5,0.0,1440.5554715394974
1FUVP3rjD4ETTfyr-2SFxx_M9k4GtdscP,podocarpus_neriifolius_53_aug_00345.jpg,121,278.27685950413223,3034.0926496082257,33515.0,0.0,4121.9060888290405
1iAkKD4ARO2GQEbxQQ4JzBNaNh87Foqrf,podocarpus_neriifolius_344_aug_00341.jpg,47,845.5531914893617,5728.334873013574,39697.0,0.0,2260.6845375299454
1ehtiL5YL6GkGVjkUIHaETOBQ--FcmyEI,podocarpus_neriifolius_139_aug_00342.jpg,235,118.1404255319149,1752.9078647802141,26931.5,0.0,6815.856775045395
10zuWScaJunwfzeL0xP_PAN_NF5nIcz0x,podocarpus_neriifolius_486_aug_00340.jpg,35,1200.857142857143,6997.338628335192,42002.0,0.0,1894.5869970321655
1BcUx76JbExOsIs2Bf2o-TbGd5ixvnrHf,podocarpus_neriifolius_486_aug_00339.jpg,13,3453.730769230769,11873.503639512426,44584.0,0.0,1990.4377207756042
1okkZaMp2_jbZkpBjmNif2jcIK17sf5rg,podocarpus_neriifolius_111_aug_00338.jpg,162,231.13888888888889,2892.4276158820785,36931.0,0.0,5477.522524237633
13r9Jal2-4h1R133HK_Puz3ul-5WV8_8s,podocarpus_neriifolius_300_aug_00337.jpg,483,45.94824016563147,509.59779781743686,8714.0,0.0,9352.413454174995
1KMQgkGdqLmT5Qyr0aAq7EWnTaC_tIZNb,podocarpus_neriifolius_354_aug_00336.jpg,413,52.25544794188862,951.1265924764382,19333.0,0.0,7563.902581691742
1Ga1-CvLz3zU3E1pnstYeMwTCyInY53Eg,Plumeria_765_aug_00423.jpg,202,149.30445544554456,2016.4758979859807,28727.0,0.0,7906.942121624947
1tyFwNTO5VwflPP4YAs21tNtrDdYqGSLJ,Plumeria_765_aug_00421.jpg,5,8660.9,17321.8,43304.5,0.0,1422.8742327690125
1x83RnLdCMMlEZkcHQuI-rthMKfmDiKj3,Plumeria_217_aug_00424.jpg,13,3101.423076923077,10236.452919771487,38531.5,0.0,2350.4175103902817
128o_rSi0Tv1K6Igjs3Cnuf-xX0JlgGQ0,Plumeria_924_aug_00422.jpg,177,149.58474576271186,1905.6931887219723,25429.0,0.0,8423.382807850838
1FCDXWLVtqacb3ei9sin0TC9nbI6zz_vb,Plumeria_947_aug_00419.jpg,56,743.3660714285714,5472.665267434558,41329.5,0.0,3337.1912384033203
1nMDBahrPq2YYRuEHXTkoVgNSFU-SH0wR,Plumeria_355_aug_00417.jpg,40,1078.5875,6591.786940852515,42242.5,0.0,3582.019665002823
1V2mtLmILJTrIyyHGyWqX8rlKISgSPlqQ,Plumeria_912_aug_00418.jpg,28,1380.625,7158.448892523785,38577.0,0.0,2026.535261273384
1s7XWOYtiI7tGPJLrdiDXwOSimUDb0764,Plumeria_609_aug_00416.jpg,25,1677.8,8144.9783425126425,41579.5,0.0,2247.40531873703
1PIQ85u1n9-cbdu6NS9ZuZLxSEd4NhwCw,Plumeria_523_aug_00414.jpg,27,1698.3333333333333,8634.363571090678,45725.0,0.0,1661.4844034910202
1CAD_HYNzTDPUpTxhLi3NCjh7XcZnB_R_,Plumeria_56_aug_00411.jpg,46,762.3478260869565,5086.571851955299,34884.0,0.0,2371.606328725815
1HvOVHCebNBeAxPzzJc5u4p9T3B0T_bjd,Plumeria_964_aug_00412.jpg,42,918.1785714285714,5875.385455259438,38539.0,0.0,2395.6967289447784
1lMhYwU-NnN_y_00h8dvItzuGjhKmpw7d,Plumeria_912_aug_00410.jpg,95,360.3315789473684,3422.196389678577,33538.5,0.0,4530.925419807434
1klSliUppp0LbxYLJ4YGHei8ARjucsIvk,Plumeria_341_aug_00409.jpg,45,743.6111111111111,4767.56444912318,32360.5,0.0,2225.329198360443
1eK-i2mMhLSjGDmnbvzbt2JpIF0HFJB4h,Plumeria_160_aug_00408.jpg,42,1047.095238095238,6673.715141399785,43779.5,0.0,2364.292620539665
1wRityuX2XAetZN3o16rnOJgdm_AKSx8x,Plumeria_562_aug_00405.jpg,1,44788.0,0.0,44788.0,44788.0,879.4213538169861
12taVBHyjOr2Q-F3ch4z03hLHXdoJ6kCI,Plumeria_75_aug_00406.jpg,73,583.1849315068494,4756.275451217595,40925.5,0.0,3609.725290417671
1zbwxurUWUvyBY3Pwpyw6HLl_2eJUc89I,Plumeria_307_aug_00407.jpg,14,3411.6428571428573,12255.277289554797,47598.5,0.0,1669.1168726682663
15mL5blAdMRftVHoczj-5xZJCU_2tfADx,Plumeria_918_aug_00402.jpg,42,1000.3095238095239,6391.05385988174,41923.0,0.0,2879.242972135544
1eH17kzVCA1mRs0wkMILGPmmWvGwY9HEu,Plumeria_840_aug_00404.jpg,32,1350.375,7491.097619633254,43059.0,0.0,3204.17904484272
1HPDyZyGQx83-4PxtR2EUjc3EnSuxGb8n,Plumeria_615_aug_00400.jpg,25,1794.14,8767.00717864426,44743.5,0.0,1800.5798560380936
1pK-_FviJvV-cxhlJuvjN3kMcK-UxKZJG,Plumeria_562_aug_00401.jpg,105,321.6952380952381,3168.604900684841,32629.5,0.0,5163.5742572546005
1POr7bjfCF45yDAhg4skh1jGIz0ctuI8z,Plumeria_750_aug_00392.jpg,17,2395.029411764706,9577.117756080941,40703.5,0.0,1739.4915429353714
1gSn4K8-aYMF7HA9-A3q0Pe9brtu95Jev,Plumeria_355_aug_00398.jpg,40,1073.3125,6651.643572914423,42612.5,0.0,2764.6916760206223
1oKK33V90t0Cx4C9LXJviKpxPYPJiBAru,Plumeria_615_aug_00399.jpg,18,2426.8055555555557,9903.344353941597,43259.0,0.0,2433.7068346738815
1AzazIcT-Tr0GlP0qaf8-8Rin41q2KdhQ,Plumeria_26_aug_00397.jpg,40,1037.6,6443.424502157219,41276.5,0.0,2350.5180164575577
1pQ_E2NN8KnRnO0M8upmDV4Ik_lw5SiIn,Plumeria_915_aug_00394.jpg,51,685.8333333333334,4825.83309648846,34809.5,0.0,2871.1424666643143
1g_I1AT-64E8Ij68u6KAghiHrx9l961Q2,Plumeria_552_aug_00393.jpg,46,1000.2826086956521,6649.7768993731415,45608.0,0.0,2294.3514947891235
1MhkDCouUStQhYW48ExQEKAXxsvRlDOHF,Plumeria_336_aug_00391.jpg,28,1517.857142857143,7799.881933466711,42046.0,0.0,2688.0571196079254
1a2GaVqNf8XSxZVsFNYTRUDBjZpneiFXH,Plumeria_924_aug_00389.jpg,33,1242.0151515151515,7022.098200944631,40965.0,0.0,2135.7068343162537
1my2zT0KS7gU7iPO_-Gn7Xnt0YBzSiVCS,Plumeria_523_aug_00388.jpg,22,1926.1818181818182,8725.074070466335,41909.0,0.0,2491.547452569008
1LHeLQeupNMGajUWlbQAn83Jm1jT4wsm2,Plumeria_639_aug_00387.jpg,31,1281.0806451612902,6963.51182616744,39421.5,0.0,2633.069313287735
1Kg-rKCZJxlULxjfFDXJPCgWHmlSCpddX,Plumeria_912_aug_00386.jpg,31,1455.2096774193549,7960.836387990772,45058.5,0.0,2197.0794172286987
1R97CaqsLN7ilruOTvAdOkaPOc-l3gh1I,Plumeria_964_aug_00384.jpg,18,2414.8888888888887,9943.261120471318,43412.0,0.0,2423.9494750499725
1n2RGigqnjht8HVvU8nlz_moY6XtMyrdT,Plumeria_448_aug_00385.jpg,42,1029.857142857143,6554.295548291498,42997.5,0.0,2136.895651102066
1n__PedHHY7k1JnmtkqDXZ2E4mrkKJSL4,Plumeria_36_aug_00381.jpg,105,292.65238095238095,2827.1558424912523,29116.0,0.0,4391.636099457741
1yUA8W1vvPbSbBp2LLK6XHpt__pJEh-Xd,Plumeria_903_aug_00382.jpg,39,1091.7179487179487,6693.841356047681,42355.0,0.0,2469.5129622220993
1KCJzUH5ygg59PoEA7dKmc7Bx6A5uyf5l,Plumeria_562_aug_00380.jpg,25,1378.2,6726.988919271386,34333.5,0.0,1917.9250906705856
1F4E0J1ObwpZYeQrbmUZJZV9SzTiT4_Mk,Plumeria_855_aug_00383.jpg,16,2687.875,10380.293653270364,42890.5,0.0,2096.552505850792
130AZ1VtiFBFoKf1vs8wVJ5-ECRDe5rkz,Plumeria_765_aug_00379.jpg,17,2679.676470588235,10715.080993821382,45540.0,0.0,1709.4915436506271
1c3mfuvPJe1GCp8n_Ak9dqtmJWFuJuYwk,Plumeria_217_aug_00378.jpg,163,168.83742331288343,1930.565872639288,24702.0,0.0,7782.089308619499
1V3bLVI8peBP1dIqacpSM71bYMWhKu0TS,Plumeria_609_aug_00377.jpg,31,1496.274193548387,8170.07447930547,46245.5,0.0,1691.8103040456772
17cjOnpTb-qtKKtqLngNRIVNP_th7S8m6,Plumeria_43_aug_00374.jpg,9,4611.277777777777,13035.946551983589,41482.5,0.0,1338.4234414100647
1_hb0gP8M-7UbPAxgEAa1QyZMELnbX3G_,Plumeria_296_aug_00375.jpg,50,797.18,5403.420247176782,38615.5,0.0,2763.6449941396713
1OFdAgFjnqzAhtfGeBBkVOgydYxLNWsQS,Plumeria_944_aug_00372.jpg,44,816.8522727272727,5293.767748257836,35529.5,0.0,3272.1029250621796
1_KIzssj_rEFtG98rQbBH_v642fLMGEiH,Plumeria_895_aug_00373.jpg,169,144.64201183431953,1827.4088084513057,23830.0,0.0,7448.17256963253
1bRrTBxc07_Y_2kZxt4Il4M4JMK6LjxRQ,Plumeria_376_aug_00371.jpg,56,745.4821428571429,5451.93621975936,41177.5,0.0,3403.8358985185623
1UjQeBHBJ36FjZQ4aHfiral_NBwfLeq_J,Plumeria_883_aug_00369.jpg,39,1139.1666666666667,6997.485072338978,44274.5,0.0,2410.2164998054504
1gfow_BtQEjrCXdgBVV_bfaMiwsR99x7J,Plumeria_652_aug_00370.jpg,38,1073.0263157894738,6486.316269602299,40527.5,0.0,2049.322058558464
1aFCZJMYHnDMjlimdOyzgdxapekEJTv-U,Plumeria_531_aug_00368.jpg,34,1257.1617647058824,7158.976905544974,42382.0,0.0,2245.4469484090805
1c-lAvOYbwa9qSQaWVV82lj1wIFr1mxBQ,Plumeria_905_aug_00367.jpg,37,1210.554054054054,7235.098922336659,44621.0,0.0,2786.975946187973
17X6uPPTgyTGDPO4oU7SSGXk3jxXwe5-g,Plumeria_672_aug_00364.jpg,15,2866.6,10690.310150162468,42866.0,0.0,1520.9991228580475
1lhaUCoOKIRxLbf8yWRAVccWaFgYmzoS3,Plumeria_932_aug_00365.jpg,9,5190.944444444444,14677.612119302355,46705.5,0.0,1441.016367316246
1gOKa9w2cBNqJTs3D9p4ZdvFmldfZWbGv,Plumeria_376_aug_00362.jpg,13,3320.423076923077,11458.712204200707,43014.5,0.0,1961.1483970880508
1cm32tAi_k7Clahnex6sYg8Llg6IhBGDE,Plumeria_160_aug_00361.jpg,37,987.3108108108108,5914.867520792986,36476.5,0.0,2028.7606567144394
1qSAYhySaG9ICKEcj6GVf85MsiHiW20nm,Plumeria_615_aug_00359.jpg,23,1710.2391304347825,7956.452793951702,39029.0,0.0,1912.462105870247
1-NffJde3UBWh2TihDLyjiMi8iT3fL6AX,Plumeria_699_aug_00360.jpg,15,2901.133333333333,10828.882516164302,43419.0,0.0,1819.5676634311676
1LXJwo2Fpmggkjg4DCEIDNuCz1uWu1JCD,Plumeria_418_aug_00358.jpg,97,349.8453608247423,3298.865565209325,32670.0,0.0,4974.270655035973
1w6wO8pAqeZrdrvcsYBBLO0BMptWmqp0X,Plumeria_883_aug_00357.jpg,7,5855.571428571428,14342.3456649695,40987.0,0.0,1441.7686742544174
1kYaYEGebBz7uBOOfNBxilhP6Y7_BzPjn,Plumeria_43_aug_00355.jpg,56,650.3214285714286,4803.173652675396,36271.5,0.0,2717.7282549142838
1gZj8S2PMEGNfkmEz68Qv3Ne0FzW2FqJm,Plumeria_505_aug_00356.jpg,46,854.2934782608696,5690.640885791724,39028.0,0.0,2186.6773973703384
1j3njFLkbQ4IXU-h1imE7SVleok3JwLb-,Plumeria_964_aug_00354.jpg,243,88.17489711934157,930.7300274623416,14191.0,0.0,9509.61237668991
1WKW1gpP8K6uifwkuECY2SscZQhWkM7aK,Plumeria_376_aug_00353.jpg,43,963.6511627906976,6239.465665046115,41400.0,0.0,2307.630714058876
1xfgqJTuBzsCp2e3oVNd9Bq8N87rwiVVW,Plumeria_797_aug_00352.jpg,12,3798.9583333333335,12587.059317771455,45545.5,0.0,1736.839742064476
1JhS5DNWjJthNeD4bbZwTTPZ3AA8WkfoB,Plumeria_615_aug_00350.jpg,38,1185.421052631579,7145.582112788951,44650.0,0.0,2892.365775346756
1x6lZCffzkvLnIKQgjSwLjSbvQLGC-a5c,Plumeria_398_aug_00351.jpg,82,461.4878048780488,4011.6017138827337,36561.5,0.0,4517.854352593422
1BiE50Bdu93AMVSS0XX7YsL4DKG8wuni6,Plumeria_523_aug_00349.jpg,28,1508.857142857143,7836.980236646756,42231.0,0.0,1632.1362055540085
19faTbB4TviRDfmB990AA03QR9251qMLU,Plumeria_296_aug_00348.jpg,28,1445.0535714285713,7095.496278247921,38302.0,0.0,3168.6328003406525
1Zt6EwHhu8z6b7WdQLN4UO5RfXy0UBU-N,Plumeria_56_aug_00346.jpg,55,751.209090909091,5491.47503093403,41105.0,0.0,2787.4612305164337
1nirb2yHjuEqPcwe-KL4q7_UGvAtsmwPC,Plumeria_742_aug_00347.jpg,38,1112.6842105263158,6758.0846344650645,42220.5,0.0,3059.1252230405807
1-wWe6BJngu0oB61_b7tKSmGeMkNeGfxn,Plumeria_485_aug_00345.jpg,41,894.9024390243902,5574.419076393732,36149.5,0.0,2080.895652770996
10OUSLPO67j606iMU6Lr4Q9smj0JNDrIc,Plumeria_840_aug_00343.jpg,141,213.9078014184397,2451.746869347971,29220.0,0.0,5875.377421975136
1zJ7yR5odt58El_hlxeAp8UVQGw-tzIpJ,Plumeria_786_aug_00344.jpg,10,4436.6,13309.30000375677,44364.5,0.0,1562.2295702695847
1Vpid04joY9TORjcETzWn--Xhu_U3zGee,Plumeria_436_aug_00342.jpg,117,240.36752136752136,2529.103506914798,27478.5,0.0,4696.128520131111
1k1I0CcDxAH7BOYUyAXWtiZFlaA95CqBt,Plumeria_786_aug_00341.jpg,7,6707.428571428572,16429.777486165112,46952.0,0.0,1438.4894561767578
14la0wlb3l--xoJUT0fruaxUkvQnWZXG4,Plumeria_56_aug_00340.jpg,30,1232.25,6628.072390408844,36925.5,0.0,1869.5403138399124
1xSBRe_kI266VMoYNU1IkBlCIRFcDNKB1,Plumeria_909_aug_00338.jpg,239,86.48117154811716,824.1895275120596,9552.5,0.0,9568.849964737892
1ptBI8Cflt1KBVBo-b3dQaCxoP5wQl1Z3,Plumeria_418_aug_00337.jpg,53,776.5943396226415,5506.070036406822,40480.0,0.0,3557.2400072813034
1pxUttvWw-5t_FvWQyGRD-Ikr_8SK4rkY,Plumeria_436_aug_00339.jpg,31,1244.032258064516,6778.837119485008,38373.0,0.0,1847.8418288230896
138B5y3hRkyQ7Q0hSjwFR5hTT2RjBnjg-,Plumeria_805_aug_00335.jpg,66,605.0151515151515,4753.127346866272,38922.5,0.0,3434.3699513673782
1L3brm_fdAV1vZjNef494LOjCnBJNMM4p,Plumeria_26_aug_00334.jpg,14,2740.1071428571427,9878.903434987413,38359.0,0.0,1248.2224301099777
1ZAA6oau7Z824SSNr_Wx0DLhFXLhFpm5Q,Plumeria_398_aug_00336.jpg,47,859.0212765957447,5778.727197300795,40052.0,0.0,2779.3018473386765
1ldaYkqlL5m6-0EBQeJb5ZGVuPMzlgiCy,Plumeria_275_aug_00333.jpg,49,885.4285714285714,5954.663119551512,42133.0,0.0,2903.703868865967
1Pt48j3Uj3ZnlknmdgxFjH9uWRB9gxISp,Plumeria_505_aug_00332.jpg,48,884.8854166666666,5986.914567099289,41927.0,0.0,3238.7404475212097
1h___LNkP3yK_AuDL6t8bZef31apsYtBY,Plumeria_672_aug_00331.jpg,18,2333.8055555555557,9620.829121031109,42001.5,0.0,1582.295585155487
1yrPmez3iAI7Vv_mt_T3Er5ZLGcD0nngP,Plumeria_296_aug_00328.jpg,3,15463.333333333334,21868.45571949596,46390.0,0.0,1055.7300095558167
1hNKc5iDfFZGiwqXLpFLCs4sNhhia-7-P,Plumeria_947_aug_00330.jpg,77,484.4935064935065,4191.978737657291,37029.0,0.0,4447.91323018074
18BlBiCX2otw8iXVIwpW6tEWq604xPvir,Plumeria_134_aug_00327.jpg,37,1165.4054054054054,6980.104407410333,43046.0,0.0,2423.630714416504
12UCL1YrMsRlJLNwr2vG61Sb_WG7o6JUF,Plumeria_652_aug_00326.jpg,7,5625.428571428572,13779.021340503135,39377.0,0.0,1297.7787792682648
19leVWcTGdSGvYaz5T88WPN_uDdJdM80u,Plumeria_562_aug_00329.jpg,31,1389.7096774193549,7547.1719460639515,42727.0,0.0,2341.0621721744537
1d7us7fnBtxqLWU6lLRvzlfBc5-hZTXLa,Plumeria_398_aug_00325.jpg,4,10517.5,18214.246337002252,42065.5,0.0,1220.5828204154968
1NZO3uIUdEHYXVi1S8ZZGhX3EvsGT7m7c,Plumeria_903_aug_00323.jpg,42,906.5357142857143,5793.9647709130595,38006.0,0.0,2927.995279431343
1v_Z0nHScszJw-gfJFvyxWfZOfFHFVxWG,Plumeria_771_aug_00319.jpg,20,2186.65,9523.12817316348,43697.0,0.0,1998.2438505887985
1fwIpTxccB_fx1bd-ITzvFljwXVfEsJg0,Plumeria_699_aug_00324.jpg,48,904.8541666666666,6034.083633098951,42268.0,0.0,3336.522190928459
1I_K2Z-b_Q-Sl1QCOwspkbdTlRyvF9Mcr,Plumeria_905_aug_00322.jpg,46,839.6630434782609,5619.817862256619,38538.5,0.0,2093.7900944948196
1P8TjmXHmRZeqHqsTONcBDNM135oxEDET,Plumeria_252_aug_00316.jpg,43,949.2790697674419,6105.479701648049,40517.0,0.0,2302.542400956154
12fq_X_AGYdwniZ-JrwQH8-CebYAUPL3V,Plumeria_797_aug_00317.jpg,5,7617.4,15231.550208038574,38080.5,0.0,1430.7148522138596
1GIHdCh1ODKiUrRdv1P-JxSQg7R-TISwS,Plumeria_639_aug_00318.jpg,16,2404.0625,9310.119437128278,38462.0,0.0,1409.4011433124542
1iwzIu_6HrvXUJULZBTjxJAdvf_b2-ltA,Plumeria_944_aug_00312.jpg,80,328.75625,2817.323982959883,25368.5,0.0,6453.301302313805
1ZyRE8SbF4dnEeD1yWoZviEMS1uK1h3lM,Plumeria_496_aug_00314.jpg,36,1210.2777777777778,7096.55119039097,43193.5,0.0,2197.748465538025
1Xeqz1PlM4VyeBHV5mkCHPMY8ZgpDIVjE,Plumeria_615_aug_00315.jpg,38,978.75,5911.851317202634,36939.0,0.0,2675.7211151123047
1YbXlNGjuOjvKIaMk49z_zxrJiacF7OwC,Piper_excelsum_290_aug_00292.jpg,4,10200.5,17667.495588650927,40801.5,0.0,1119.7300091981888
1cw3hOFoBcTp_G2did-a06AEESvJ1nYTT,Piper_excelsum_464_aug_00291.jpg,7,6293.285714285715,15414.726437165631,44051.5,0.0,1402.513841509819
1q-lk4BFkd51j3FDe6ECI_-LwKiRCSZ0B,Piper_excelsum_760_aug_00290.jpg,32,1470.890625,8121.555690851329,46689.0,0.0,2262.5596472024918
1xC1M1087GEFDoVE7J2i9PxBVc-FQqNn3,Piper_excelsum_904_aug_00289.jpg,23,1928.8478260869565,9044.006948436341,44349.0,0.0,2071.883460521698
12t3drIoSAGK6ghMCsFiEfZKtOcdaG6P1,Piper_excelsum_1103_aug_00288.jpg,1,46612.5,0.0,46612.5,46612.5,1339.359514117241
17IJQ1HHZhwPSkRs2754oxvkBMIqs2uqT,Piper_excelsum_722_aug_00285.jpg,28,1703.9642857142858,8779.725403418877,47324.0,0.0,1864.7047472000122
19GZgilCw_g3XcsQ18198gRTAjB8bfQfL,Piper_excelsum_18_aug_00286.jpg,8,5615.5625,14857.38184674015,44924.5,0.0,1097.3696187734604
1A7csF8EG2fZ6iBfrhm-PtbV2fU1p8psq,Piper_excelsum_51_aug_00283.jpg,126,302.19444444444446,3356.906486427635,37833.5,0.0,3319.063383579254
1kXNRmABu2gpZ3sO7D0VZ2_jz6X46-3yL,Piper_excelsum_652_aug_00284.jpg,17,2806.294117647059,11156.492798391153,47432.0,0.0,1745.8864248991013
1hivC7YhDid1v_wtZ18dIeBMRZkjRaKdF,Piper_excelsum_603_aug_00282.jpg,2,23411.25,23411.25,46822.5,0.0,986.3502860069275
1_SN9iWkrAPbvIde_GmENmo-UnQ2I1hv1,Piper_excelsum_550_aug_00280.jpg,4,10363.625,17948.015699426916,41450.5,0.0,1199.3696187734604
119S5CaAyfn7eSDNo62wFeZPDW_WvNRZg,Piper_excelsum_1150_aug_00281.jpg,13,3422.9615384615386,11856.620582321764,44495.5,0.0,1245.9625449180603
1WT2VdKJfsN-5CZwYVrQz4xmg9UrvYMnS,Piper_excelsum_141_aug_00278.jpg,15,3237.3,12112.332939061187,48557.5,0.0,1635.4082833528519
1AHKAo_QSPHIV3VwnlZDSd0OFSz2pn_1d,Piper_excelsum_953_aug_00279.jpg,3,14091.333333333334,19927.447609320723,42273.0,0.0,1040.9848428964615
1LQ_q0Fd2ULl8Kb9pZIsNBq40GhxuipyN,Piper_excelsum_569_aug_00277.jpg,11,4103.363636363636,12951.316317956589,45059.0,0.0,1380.4305815696716
1nw0g1Re_BZqCLRadATjO9HI7Yy5Z7rdk,Piper_excelsum_92_aug_00275.jpg,14,3144.714285714286,11328.862349444144,43991.5,0.0,1561.650924563408
18yhvaN7gtXBV7q2MlQVM_AFPL9aAPr8c,Piper_excelsum_1158_aug_00273.jpg,261,139.41570881226053,2215.065877042552,35856.0,0.0,4596.253410577774
1EZERRqnR-6Ei3Usl22C4A-LlWWXW2G_M,Piper_excelsum_1194_aug_00276.jpg,3,14650.833333333334,20719.407200067817,43952.5,0.0,1044.256921172142
12kNaxIQp_QwZhn4TmO89ewW5GeaBqd2g,Piper_excelsum_590_aug_00274.jpg,34,1227.1617647058824,6974.699186767198,41293.0,0.0,2051.422563314438
1QWbYxkTuwEt1RUEpHpwutxaz1C8nVnHu,Piper_excelsum_599_aug_00272.jpg,4,12136.0,21020.168600655896,48544.0,0.0,963.0193326473236
1uBOGkh8hYT7eVY-PVfaGY4KvXZDSlJ-I,Piper_excelsum_1110_aug_00271.jpg,3,15115.333333333334,21375.602296907462,45345.0,0.0,1153.210238456726
12Hq0r8C8Oo60mXhg8xLc83l2CwuItphm,Piper_excelsum_86_aug_00270.jpg,1,48501.5,0.0,48501.5,48501.5,952.2081506252289
1mHYvCRafaKDfgJArhW1w9bpnxlg5oXuN,Piper_excelsum_1095_aug_00269.jpg,171,241.30701754385964,3117.311734662073,40886.0,0.0,5220.042296290398
1ZdpJurfxHvHYFYGnOCUdKyvjQlEZ20N9,Piper_excelsum_695_aug_00268.jpg,28,1688.8214285714287,8768.73478128634,47252.5,0.0,1888.3616012334824
1WeQo6fgMt9_YAL2jIUk6ZxDZlDr1lrg6,Piper_excelsum_367_aug_00267.jpg,3,15302.166666666666,21640.531633693496,45906.5,0.0,1027.5706288814545
1fmCtK7Mk1N5T37dWSvvbysDhxYlZ6m7i,Piper_excelsum_610_aug_00266.jpg,8,4938.875,13067.03500643413,39511.0,0.0,1192.205186009407
1f88QCNysF2wI7VWWnU_XThLz-jUWyB5d,Piper_excelsum_302_aug_00265.jpg,1,49597.5,0.0,49597.5,49597.5,993.9238798618317
1TAgHkEjQMJw3JDe_m45UkDyNHYZZOY-u,Piper_excelsum_534_aug_00264.jpg,9,5238.555555555556,14816.695851948092,47146.5,0.0,1527.4844039678574
1paIayg1Z4rRa8ZI_qao5yT4NjK0COf_a,Piper_excelsum_571_aug_00263.jpg,102,355.4656862745098,3561.441543661864,36147.5,0.0,4420.229025959969
1X56qEAEvoo59ntXKWJ_TqzV2wUs7z976,Piper_excelsum_939_aug_00262.jpg,13,3675.923076923077,12722.804555730376,47749.0,0.0,1547.1656435728073
1se_V97u_LBXR59KlIBIQwBsG1aeS-t7U,Piper_excelsum_353_aug_00261.jpg,3,16134.0,22815.50740541763,48400.0,0.5,1271.813269019127
1M6pM50jnNYf7bTd_dyqOdpiqOqllY1UE,Piper_excelsum_953_aug_00260.jpg,2,24797.75,24797.75,49595.5,0.0,977.5218590497971
1ntOO4dHZOf2Q9trJ4ULrgFbjGB9RO786,Piper_excelsum_599_aug_00256.jpg,5,9087.2,18173.900004126797,45435.0,0.0,1326.3473207950592
130gamxBggNM_BgMWE4qOJhI0TcwRijsc,Piper_excelsum_1038_aug_00258.jpg,1,49467.5,0.0,49467.5,49467.5,1093.6883792877197
1YtSmGZjEHbyyphyHZNDzDuWaW15kt2-T,Piper_excelsum_478_aug_00257.jpg,8,5577.9375,14754.622890888935,44615.0,0.0,1255.1097329854965
11tOMaQKOXOrN7RE1C52AP15MvgWoWLu4,Piper_excelsum_1017_aug_00255.jpg,2,21480.5,21480.5,42961.0,0.0,910.1076455116272
1perJJ1aDfyQ4_TrLbQ5r2N6lW0-ZQRHB,Piper_excelsum_543_aug_00259.jpg,30,1367.7833333333333,7341.626127413614,40903.5,0.0,2272.927177667618
1f36E7JsY_YMXEXUSPlsbcB2ak7eXg_y4,Piper_excelsum_402_aug_00254.jpg,151,203.64238410596028,2416.223987041471,29794.0,0.0,5934.764288663864
14YuiVqhPyicN9Eyyz2JXlO68_GLSCypM,Piper_excelsum_550_aug_00253.jpg,6,8208.166666666666,18351.782605664106,49244.0,0.0,1144.215290904045
1bmB6499-tOShsumI-PfDfzPhTegOhjCm,Piper_excelsum_563_aug_00251.jpg,4,10601.25,18359.01690416728,42400.0,0.0,1021.64674949646
1quxilAJKEWFPesosJr3cNrqlPDCPxuIR,Piper_excelsum_1087_aug_00252.jpg,203,200.36206896551724,2804.5984865271184,40061.0,0.0,5325.689046859741
1R2xKuzqPRWLT2-CfVF8Zj8q20Wbhxi1F,Piper_excelsum_430_aug_00246.jpg,12,3585.3333333333335,11883.970212596834,43000.0,0.0,1248.6315919160843
1RZI2_m5GmX9AfvCSY8RMQ7inv257jf2K,Piper_excelsum_1074_aug_00250.jpg,3,15015.666666666666,21233.59170564938,45044.5,0.0,1252.6315921545029
1F9Ograbyug4j41K6-TfXnXNzjt2Sh0hz,Piper_excelsum_53_aug_00248.jpg,1,44680.5,0.0,44680.5,44680.5,859.1543278694153
15MoJLCrXhxbQID8ZDZBHZoqaM2xxa977,Piper_excelsum_974_aug_00247.jpg,221,172.92307692307693,2504.5972429287826,37321.5,0.0,6667.523735284805
13ksNGzjuge4zCYjsPhEk6kAwneDdHlsO,Piper_excelsum_463_aug_00245.jpg,5,9619.6,19019.21634926108,47656.5,0.0,1499.719903588295
1NDtcLU6Hv74PPhq_0NPvwWz_oY85loU-,Piper_excelsum_953_aug_00249.jpg,1,43949.5,0.0,43949.5,43949.5,901.8893901109695
1ZmCIGwM7VupaKMPxXXJbvFuad6RjHmSp,Piper_excelsum_1207_aug_00242.jpg,5,8704.0,17400.750825754618,43505.5,0.0,1328.8326026201248
15phJkJRIXR7I9ra9GY49cMfSYLFPodn6,Piper_excelsum_445_aug_00244.jpg,14,2918.5,10493.417691922057,40753.0,0.0,1362.1463109254837
1n6jlRy3ugAENj7zF3HFwTUiUkNnwVQ4h,Piper_excelsum_708_aug_00243.jpg,50,931.9,6457.72931687292,46135.5,0.0,2382.4246519804
1a-4nEiv_CitSTngSb3sQ6m-WG-x9tj4N,Piper_excelsum_1255_aug_00241.jpg,4,10828.625,18755.728676110535,43314.5,0.0,1026.482316493988
1z8wix5OY3bjj4Yu40S2CbcIjemhmmrki,Piper_excelsum_1023_aug_00240.jpg,6,8106.833333333333,18126.088789519803,48638.0,0.0,1322.582821726799
1SfdNrSA9m-goOAEFK2eVcRHHVjrpkZRH,Piper_excelsum_639_aug_00238.jpg,8,5940.6875,15706.810733996694,47497.0,0.0,1304.2569208145142
1FrPDKQ8MP_K-XvkctsNk1zIM19Ea6UpF,Piper_excelsum_267_aug_00237.jpg,13,3738.0384615384614,12947.213037593396,48588.5,0.0,1533.3006385564804
183M7l3sGfnm35tscKM0DQkoRyzUAA9zX,Piper_excelsum_268_aug_00236.jpg,8,5805.5,15356.318766634795,46434.5,0.0,1280.381811261177
1hwCI61HyoZEN9uXBAK7Vy80nNW7JJ5Fv,Piper_excelsum_879_aug_00239.jpg,13,3642.230769230769,12613.59360984957,47337.0,0.0,1301.6366440057755
1IW6KmpRgb-dwny87SBy6gXeUZ00WGq48,Piper_excelsum_80_aug_00235.jpg,13,3308.0,11458.67079652247,43002.0,0.0,2019.322059392929
1eJ-WZT_1OufOVRv55OollBgno2Ab2pnK,Piper_excelsum_367_aug_00232.jpg,9,4836.888888888889,13509.16510245663,43045.5,0.0,1690.2295696735382
1ejPVpOF3xtJQMSoGlPGM5wOW6QqkIy4y,Piper_excelsum_753_aug_00234.jpg,15,2799.233333333333,10472.970304338478,41985.5,0.0,1239.1341177225113
1u1ikoFz0-aES5QxELHHhiFfI6FkfUg0A,Piper_excelsum_190_aug_00233.jpg,34,1170.2205882352941,6670.738116394415,39490.0,0.0,2183.388074040413
1eZGGWl5pM4bC_0QX2viAE16BJ0gRGD37,Piper_excelsum_396_aug_00231.jpg,5,8722.9,17414.805917379614,43552.5,0.0,1167.688379406929
14FRf7x44E9stY7x4c8ArAwh449fanTOZ,Piper_excelsum_505_aug_00230.jpg,29,1348.7586206896551,7093.721146221969,38885.0,0.0,1770.67025744915
1l-7KD9r_Swj_jSamZtn_uhxhEokQZD4p,Piper_excelsum_23_aug_00229.jpg,4,10011.875,17340.49883356517,40046.5,0.0,1152.1635562181473
1WemXpLHO-hUx5v4Czg0TEMZPqceTRugB,Piper_excelsum_51_aug_00228.jpg,2,22516.25,22516.25,45032.5,0.0,973.0853482484818
1ooHPrcGwejQNEkjWZGIPqqC-xHKyY1ji,Piper_excelsum_347_aug_00227.jpg,5,7694.6,15389.2,38473.0,0.0,878.5340515375137
1ZhSCXoThXasr1vi62RDI80eyGerZI8TV,Piper_excelsum_179_aug_00226.jpg,1,42326.5,0.0,42326.5,42326.5,912.3157963752747
11UxIX9wHv4W_vTj2m-kEvTwBOS60uPdY,Piper_excelsum_879_aug_00224.jpg,2,23620.5,23620.0,47240.5,0.5,1485.2102380990982
1G-fddn2egluvFqMH9wxj1tRe_I1YDfhL,Piper_excelsum_205_aug_00225.jpg,5,9433.9,18867.8,47169.5,0.0,1170.423441529274
1MwMR6HHe8U9OlEuvykNY6FJTkYt7RbGf,Piper_excelsum_492_aug_00223.jpg,13,3192.769230769231,11056.18047069564,41492.5,0.0,1380.9747372865677
1VV-BQ28FSqvePeS6Q6Ab2FwQjCjNpk_U,Piper_excelsum_906_aug_00222.jpg,2,22803.0,22803.0,45606.0,0.0,954.2741661071777
1Lp0KB8oSPi4Qkix7xAUtlLaaDasm--Q9,Piper_excelsum_396_aug_00221.jpg,17,2411.9411764705883,9626.654775829991,40918.5,0.0,1588.396091222763
1mW_X6dUA8xS7jhGPeqX_RHNPaik1xbSh,Piper_excelsum_864_aug_00219.jpg,2,22668.75,22657.25,45326.0,11.5,1102.031525015831
1W1zWoJJalmpCtSJZoGq1VJ4NfKqjNLKH,Piper_excelsum_792_aug_00217.jpg,16,2798.4375,10831.461304740636,44748.5,0.0,1293.6021543741226
1CGn4hzGKD_xe6_zwG_XrancjaPivhV4J,Piper_excelsum_332_aug_00220.jpg,37,1072.6081081081081,6368.894379988396,39285.5,0.0,2435.721114039421
1z85rg49-5j5geCp33N2hhAv5SqSnS-GN,Piper_excelsum_816_aug_00218.jpg,31,1297.2096774193549,7064.261927264809,39989.5,0.0,2049.020543217659
1bJfueMW52ExrgtqXOyTj0ed13InoeIBD,Piper_excelsum_933_aug_00216.jpg,8,5774.25,15271.938130113022,46180.0,0.0,1263.862040400505
1YKTx2tcL3lvLG5IhP7SJK8PktL0auafV,Piper_excelsum_1095_aug_00215.jpg,1,49273.0,0.0,49273.0,49273.0,1238.523946762085
11K0EBVaHM34QgREwWilQv9qncvsSq-67,Piper_excelsum_906_aug_00214.jpg,252,127.75992063492063,1949.6654690920273,31015.0,0.0,7520.456840395927
1nS1YVjaHpWoLhNK9OW6y7NtkMgUBRnfs,Piper_excelsum_1255_aug_00212.jpg,10,4642.0,13904.009914409584,46354.0,0.0,1338.4894564151764
1O0vqm8evvhIvbW4YiUGqQMzS1JBiFdMZ,Piper_excelsum_906_aug_00213.jpg,63,593.9047619047619,4608.376676673068,36879.0,0.0,3555.0116481781006
1SwKE9uM-asu_95c26ahdnPLeAHTS7YS8,Piper_excelsum_1023_aug_00211.jpg,559,49.03398926654741,1023.503549500129,24203.0,0.0,11396.318336248398
1Ecca6pwd4DkUxRLrLAaQzaj_K8J6JL8a,Piper_excelsum_767_aug_00210.jpg,10,4894.85,14684.383334089995,48948.0,0.0,1326.4823163747787
1Xg1K-YzjQ7NfQMfEEUZzOUTpe_xtf3-Q,Piper_excelsum_305_aug_00209.jpg,41,1113.6707317073171,7001.371893970492,45394.0,0.0,2514.2896568775177
1P5ZJkIvIZhhYVVa9gbJlECEu7kN7Y1y9,Piper_excelsum_590_aug_00207.jpg,66,615.4166666666666,4875.278622638771,39920.5,0.0,3682.082715988159
153dSb0UAp2Fzcvd0WTSvd4ibdFw0Y5aK,Piper_excelsum_563_aug_00208.jpg,27,1640.2037037037037,8328.67130399479,44108.0,0.0,1899.8590745925903
1xBI7WEeYPy8zDF_JuEM0NTmtUuHdv3Jy,Piper_excelsum_737_aug_00205.jpg,24,1836.2291666666667,8801.867525534906,44048.5,0.0,1627.6925547122955
1OKnpHZNIGCnayInGKFDwfz6uCSnH6v_x,Piper_excelsum_268_aug_00206.jpg,60,629.65,4764.116896393286,37223.0,0.0,3035.7282540798187
1ofHXyFRJiHa0eOtHxuieG4XyQDk18Dlh,Piper_excelsum_900_aug_00204.jpg,9,4961.388888888889,13946.236112653354,44407.0,0.0,2195.74132335186
1tGm6fR9nIFhEvdAZg61mdnkSzny5821t,Piper_excelsum_603_aug_00202.jpg,6,7744.416666666667,17315.700487362777,46463.5,0.0,1448.8498468399048
13Fd3PE6MUlLm-G6sSL8CS1sBannX4t8V,Piper_excelsum_582_aug_00203.jpg,51,705.8529411764706,4922.040441801209,35509.5,0.0,3241.59325671196
16kRGPCBiO1ca5zMz8cKZJdny7pKbQaL6,Piper_excelsum_353_aug_00201.jpg,26,1523.7692307692307,7610.4468713316,39576.0,0.0,2066.3514959812164
1CTqFgCJFDZB6hkoFGK2gOZNzJMR6xkq4,Piper_excelsum_249_aug_00200.jpg,12,3580.4166666666665,11872.788190215568,42958.0,0.0,1688.704747080803
1SlzduENpkZ5yJN3ltvVymp22uJIbj50T,Piper_excelsum_486_aug_00199.jpg,326,86.5398773006135,1354.7402893090932,24431.0,0.0,9969.61359012127
1E8O-PB1QHS_2ynYBRg1OXrxdVXXEujvi,Piper_excelsum_1150_aug_00198.jpg,50,902.97,6295.155351863844,44969.0,0.0,2903.451124191284
1PUZLWd0hK9uAg8uA4Yy6jLvD4Y5wOQYl,Piper_excelsum_596_aug_00197.jpg,2,21158.0,21157.0,42315.0,1.0,858.9360725879669
1s0snFMdGsq-5RTTQCCtoxyf172xUuA_r,Piper_excelsum_603_aug_00195.jpg,22,1947.7727272727273,8925.379526851902,42849.0,0.0,1881.096663594246
1Vn8eW4-MIm3sinSIFcpQP1TFNq_7QhTr,Piper_excelsum_192_aug_00196.jpg,9,5078.388888888889,14243.449870374681,45364.0,0.0,1821.1828880310059
11M3M6vPbQTdQ5WFIB7XcoI2m48Tt7rrP,Piper_excelsum_619_aug_00193.jpg,73,542.9794520547945,4553.7776696547535,39182.5,0.0,3915.705079317093
1cgjfq6FcSVGSoidc6chP3EisXOYC799s,Piper_excelsum_317_aug_00194.jpg,14,3267.6071428571427,11776.671736316206,45729.0,0.0,1673.7514301538467
1unBQ2Kks5mNkRBlg-Au8JpuDotaGmEZD,Piper_excelsum_134_aug_00192.jpg,356,80.25702247191012,1324.3540668843648,25002.0,0.0,10088.851177215576
1Ai-3bIU4fC9936zpZxQRxhUlE2L42Bg1,panda_grass_837_aug_00441.jpg,2,24427.75,24427.75,48855.5,0.0,1021.0365775823593
1inrFdnoehC8Uo_JvbUGWmn-Z211bCpol,panda_grass_970_aug_00443.jpg,2,24023.0,24023.0,48046.0,0.0,1046.5340515375137
1t5OYMwoGnfwJ8tW4z0WxnWXqj5UWGLu2,panda_grass_635_aug_00438.jpg,40,1119.7125,6986.9183755138965,44753.0,0.0,2506.4906668663025
1iFI6HscI93tnCyLyqYM7LRGcIkJRgh8S,panda_grass_654_aug_00448.jpg,102,449.3382352941176,4502.660307954863,45700.5,0.0,2812.196291208267
1-bRGojV1HHhblHDGVSKX0vaogCsAafup,panda_grass_1401_aug_00440.jpg,2,23719.5,23719.5,47439.0,0.0,940.2497807741165
1Y_9fUp_hgOxOsAD0GpQjmewffiAClpul,panda_grass_635_aug_00446.jpg,1,46140.5,0.0,46140.5,46140.5,910.9188276529312
1v7OKxeEjTYiUn_qKXefJ5FoXhdWdaaIM,panda_grass_1553_aug_00445.jpg,3,14198.333333333334,20078.76846046313,42594.0,0.0,1091.411248922348
1bLoc3JcPDhHJL82LK2YhfYAQtuFhApqa,panda_grass_709_aug_00447.jpg,62,723.8870967741935,5644.713291970033,44810.5,0.0,2067.8905993700027
15Gg3zMB37T1iYGhvRA77GLcJNgKZHRMi,panda_grass_349_aug_00442.jpg,7,6241.214285714285,15286.157444510618,43684.5,0.0,1050.4234416484833
1PAQw7JmgUm43EvPdN6AxVBa72AuflHmt,panda_grass_963_aug_00307.jpg,1,44811.5,0.0,44811.5,44811.5,953.9137753248215
1oXkWQIvx2FCjKFkbd6_PANI0x1NVdRWW,panda_grass_267_aug_00320.jpg,1,45558.0,0.0,45558.0,45558.0,930.7350620031357
1r3g-YqufeMg_2nW7jTCAFR5rJgnFbT77,panda_grass_1571_aug_00303.jpg,32,1348.0625,7502.551576120203,43120.5,0.0,2456.708921432495
1NHRnD4JsPiSH-W-S8HkZovMsP6xLZNki,panda_grass_1602_aug_00318.jpg,4,10438.75,18076.981431851393,41749.0,0.0,917.5634889602661
1jxfTNmxOEUTmNRFRsSG0iULKFAi62pea,panda_grass_1601_aug_00299.jpg,21,1901.5714285714287,8502.18536372759,39924.5,0.0,1453.793060183525
1odI_dXaO5As82ppBDCGqwm9owRad3ncS,panda_grass_1000_aug_00302.jpg,1,42499.0,0.0,42499.0,42499.0,848.0243852138519
1J4J0iTqSZJ_NvplIu8gmCu_CQw0yNN9s,panda_grass_635_aug_00316.jpg,2,20707.25,20707.25,41414.5,0.0,914.4335463047028
1AIwhM89GSiu86sUDyEFl08wAg8QchOyI,panda_grass_654_aug_00311.jpg,1,41107.5,0.0,41107.5,41107.5,938.0315254926682
12fdxjc-cL9s7rLmnRnjEoeHdTDWFCmyy,panda_grass_837_aug_00305.jpg,2,22794.5,22794.5,45589.0,0.0,982.1909055709839
11X4CSTqEGoFURHaTZjwVZ6jqYzLx2Z6h,panda_grass_421_aug_00310.jpg,1,46087.0,0.0,46087.0,46087.0,917.1614682674408
1f5CuUqMsMkjpDhYTNK3-gvr_lRc_Vcet,panda_grass_222_aug_00313.jpg,2,22326.0,22326.0,44652.0,0.0,991.3523740768433
1BRhKYWncjKkNirqzhW_VL369VxB0tWDK,panda_grass_487_aug_00317.jpg,1,48629.5,0.0,48629.5,48629.5,888.6690467596054
1Au0xcCcYYwZAvrVHAJ8BNOV_1ukGGh4c,panda_grass_1421_aug_00312.jpg,2,20634.0,20627.0,41261.0,7.0,917.0782078504562
1bFYkbhrgQAGeIHWEmrkI8La5JQbsJF5-,panda_grass_1562_aug_00297.jpg,34,1395.1617647058824,8010.59049718172,47412.5,0.0,2210.7606579065323
170-KXd6nZce9VsnNzmPf3YgEoPDMgt_p,panda_grass_635_aug_00301.jpg,2,23152.75,23152.75,46305.5,0.0,922.3502861261368
1K19c52dRzCenGePajroUMWUJ2qqdOEV7,panda_grass_1564_aug_00337.jpg,6,8007.5,17904.86711995745,48044.0,0.0,1255.2691127061844
1ES639D8aXhrddbNODmNX5aENgHT-C80s,panda_grass_589_aug_00319.jpg,1,45368.0,0.0,45368.0,45368.0,884.5929267406464
1l21h6nUiR6cbtsLNh4Cul1mHSOsfpITR,panda_grass_1562_aug_00336.jpg,1,43809.0,0.0,43809.0,43809.0,1028.9604578018188
1GhfM5M1iWU0Tr-ajJmo0NXRTqBPjWmbr,panda_grass_1415_aug_00338.jpg,6,7756.666666666667,17340.85648275643,46532.0,0.0,1034.298551082611
1rNm_SaSS09rmqhfOXV6W1dH1mSKhFxd2,panda_grass_273_aug_00329.jpg,3,15054.666666666666,21284.503652240102,45155.5,0.0,950.5584367513657
1V9vGy9aSNgGftwpoT2JsVlfErsWqToP7,panda_grass_728_aug_00331.jpg,1,48179.5,0.0,48179.5,48179.5,1096.5756814479828
1NiojwpqY56maw-zqVGSTRd4pjAYQhNbn,panda_grass_170_aug_00333.jpg,5,7722.9,15442.050111303226,38607.0,0.0,1005.2030982971191
1wmSVPcj4pbyqYDnsFcl-Roc9QYhVF4XB,panda_grass_1564_aug_00334.jpg,3,15986.5,22608.325114877483,47959.5,0.0,955.7228693962097
16pjuAnVV2tauzZHbrqnm_QsUqWsMxPgm,panda_grass_1119_aug_00332.jpg,1,48519.5,0.0,48519.5,48519.5,943.4385985136032
1XNk1HhJkdqf797ufg_3BNHk6UufhFGfU,panda_grass_1421_aug_00324.jpg,1,43560.5,0.0,43560.5,43560.5,957.9482651948929
1uAkUU5x2j9RVrqYIsHCG7LOOPWYUTQdb,panda_grass_421_aug_00328.jpg,50,847.83,5930.453048132157,42361.0,0.0,1969.623574256897
1fZwA27_EmWvdPfnrMFHuFJ4_kMVnTWRq,panda_grass_589_aug_00325.jpg,3,13269.333333333334,18765.671163649386,39808.0,0.0,1004.9604575634003
11CQVcH4Ebs55YbXIror0NbaLavT9vX1D,panda_grass_421_aug_00326.jpg,48,936.15625,6390.344299993619,44746.0,0.0,2516.6916773319244
1oaWpIJcIhaPlc5KKxxzI1JMN6f5Wc4zW,panda_grass_1548_aug_00327.jpg,3,16505.0,23341.594846967935,49515.0,0.0,1036.5340515375137
1OLxECAKyPSYEz4AeVZ43jamPGXjwjX03,panda_grass_427_aug_00348.jpg,1,41632.5,0.0,41632.5,41632.5,868.2670258283615
19vvbHyiE_XSN9TxryosX1FQAjmRcfJVl,panda_grass_1574_aug_00339.jpg,4,11084.375,19197.834654509217,44336.0,0.0,1167.6538894176483
16de44b28ICv8RHuR-qYOJ2isFDpSiq49,panda_grass_402_aug_00349.jpg,3,15265.5,21588.67713640648,45796.5,0.0,913.605119228363
1N5gYJQ6-_cPBARLpWijnVuPMcRNgrHd6,panda_grass_616_aug_00350.jpg,2,18798.5,18798.5,37597.0,0.0,803.5634890794754
1k2vYnGkMzfGcHVHbWLu26GIg-qhzcWr2,panda_grass_1000_aug_00352.jpg,68,638.3014705882352,5221.118910492064,43375.0,0.0,2595.3434780836105
1HS6BUzvo24GAe2_B9TW0p2gEfOhf6e4n,panda_grass_1401_aug_00344.jpg,1,48136.5,0.0,48136.5,48136.5,964.9777026176453
1W8cB75Htn6ckkBzTm-V8kuTGqKFFGgbW,panda_grass_1553_aug_00346.jpg,3,15166.833333333334,21448.080746822598,45499.0,0.0,1157.6538894176483
1yCRPL9EgbWvgOhLXb_RzeC9lkc1q_BxO,panda_grass_1601_aug_00335.jpg,13,3253.230769230769,11268.222942988812,42287.5,0.0,1318.3128317594528
1j33JbftQDKTKTVHzG9dnwimIYXn3sM70,panda_grass_982_aug_00354.jpg,14,3278.8928571428573,11816.808266766471,45885.0,0.0,1634.354461312294
1cRk-b8Wv0mQCpu5ivuj0539C-YH2j2T_,panda_grass_649_aug_00340.jpg,1,40132.5,0.0,40132.5,40132.5,953.9137753248215
1RBD_i_xHMKrecn3lF0U0eyKrYWTSzqb-,panda_grass_837_aug_00342.jpg,2,22644.75,22644.75,45289.5,0.0,1048.6000670194626
1Ll1zzkpkdNb3bE1BeikODhEyPLFP78zX,panda_grass_982_aug_00355.jpg,1,45849.0,0.0,45849.0,45849.0,1031.3279888629913
1T-zHfHXLGgrf1Y0fbwpSPMGBVcfZTLNz,panda_grass_970_aug_00341.jpg,4,10358.375,17941.231783851268,41433.5,0.0,1157.3940032720566
1O2kpKXlC-MrFN4dwddsCH_rAXzDzHw9-,panda_grass_222_aug_00347.jpg,2,23610.25,23610.25,47220.5,0.0,1123.7127647399902
10ifsHQ5sjpbgRUF9-sg3QF8VzVSUlYZe,panda_grass_719_aug_00345.jpg,1,36674.0,0.0,36674.0,36674.0,805.3624784946442
1fruqckBHk_qmEMWFFn7oPxh-qOsAxalO,panda_grass_349_aug_00376.jpg,2,23161.25,23161.25,46322.5,0.0,965.605119228363
1ANeQ_gnL-EJYVero7ESno_8zZSrPvusI,panda_grass_963_aug_00358.jpg,9,4828.944444444444,13658.140674753573,43460.0,0.0,1490.6976070404053
1GYUdIfPP8gYunAL6Rp7_v_AcaUBh-uBW,panda_grass_728_aug_00361.jpg,1,44489.0,0.0,44489.0,44489.0,858.0243852138519
1mUkM6mCCfPzMikOjKH07A1hiHUzLisFL,panda_grass_1564_aug_00357.jpg,13,3586.153846153846,12421.790977621384,46616.5,0.0,1480.856987953186
1lIc6iu15gyglgJdya7nI1Kq31JyDH9ja,panda_grass_487_aug_00367.jpg,4,11876.625,20565.721864230174,47497.5,0.0,1035.8650048971176
1Zo_xYk0DQzmjMzRror2X2F6M1ZQypYkS,panda_grass_1232_aug_00365.jpg,2,24835.75,24835.75,49671.5,0.0,929.4974738359451
1E0Bmk1PQTF09UfM12KB8wJek4TRJWB6g,panda_grass_598_aug_00373.jpg,1,36344.0,0.0,36344.0,36344.0,830.1320304870605
1kpr4v3kOYFOrpuM-9jHBU7fsp2y7a1Tw,panda_grass_963_aug_00372.jpg,23,1955.195652173913,9160.021437390818,44919.5,0.0,1731.4671590328217
185ZJmgoHJ-tYAh6gperP2oYZ5UBFNbCE,panda_grass_598_aug_00371.jpg,7,6426.5,15737.155351950636,44974.5,0.0,977.8650048971176
1Vj_VwjO7mPATwf481TQLTnXCX1y_5jsk,panda_grass_1553_aug_00359.jpg,4,11277.375,19532.12045380314,45108.0,0.0,1098.9087224006653
15eacCjtR1gI1ekVYzMyWr_UWAWXFHynW,panda_grass_1215_aug_00374.jpg,5,9399.7,18799.4,46998.5,0.0,968.0315253734589
1iRy8rFFs5PCdMkKjTVSazLIPGVnzSmyW,panda_grass_709_aug_00364.jpg,2,24727.5,24727.5,49455.0,0.0,1088.9604578018188
1ktxKxD4CFMdW6DG5JVmjtsJdutpmwqL1,panda_grass_1574_aug_00369.jpg,12,2995.8333333333335,9934.095354580048,35943.5,0.0,1604.7880074977875
1UHK5feDaGct7lrBtJM7mUfn6chyaWmpw,panda_grass_170_aug_00366.jpg,1,42281.0,0.0,42281.0,42281.0,966.5584367513657
1qnjxij7a_J1mPao7ly5opytoSxpNvQWS,panda_grass_1215_aug_00397.jpg,2,20938.0,20938.0,41876.0,0.0,875.7056245803833
1YRTI6B5IJQ4taPNuREgOPF9UibMXxFGi,panda_grass_719_aug_00385.jpg,1,45296.0,0.0,45296.0,45296.0,984.4751762151718
1POOjrZGvnLm0JRKFPDVD8JWDO6HfG-ri,panda_grass_811_aug_00388.jpg,1,43392.5,0.0,43392.5,43392.5,898.0071402788162
1HpAmumLjZSuFC9LGNr1SCOZ4yqxLFecw,panda_grass_963_aug_00382.jpg,3,14477.5,20474.276849256483,43432.5,0.0,985.5706293582916
1cI1rKGkDvdWqKHmt3WKWQBrOTR_s9yjc,panda_grass_1574_aug_00394.jpg,1,48271.0,0.0,48271.0,48271.0,975.4213538169861
1J4oyPvPWGmTbo8af5ULuW-qK_YSpHwyw,panda_grass_1568_aug_00379.jpg,1,48813.5,0.0,48813.5,48813.5,953.5807340145111
1lPi97sJi2NZM5-WptccOwqMQb0kmoT07,panda_grass_402_aug_00390.jpg,10,3820.55,11455.150349187914,38186.0,0.0,1061.3107435703278
1KcPd0LT1_ktwFn0Rgg1mJOqEJSSMI1Zw,panda_grass_811_aug_00384.jpg,4,12164.375,21069.315542320663,48657.5,0.0,1100.1147854328156
1u5lqA6ZE9T-6yQpDn9l3TXMizFZTn36y,panda_grass_1571_aug_00381.jpg,2,23843.0,23843.0,47686.0,0.0,1020.4751763343811
1zQDk2OWyNS0aBebvd5XNfFq1nulUcRfY,panda_grass_1023_aug_00392.jpg,1,44481.5,0.0,44481.5,44481.5,907.8650048971176
1gfM3GbcSr4bb9zPtUSnnrYzFDT7a8Mot,panda_grass_1564_aug_00387.jpg,11,4324.545454545455,13671.935131792203,47559.0,0.0,1637.0235077142715
1mzWNrRQ0VT5vM5DbTAyWqA-Yat0qSgRj,panda_grass_1568_aug_00386.jpg,4,11610.75,20110.408913980344,46443.0,0.0,1139.979790687561
1ICCdZ3p2DKYon3XdhWMHGsTx7n_uA0-B,panda_grass_649_aug_00393.jpg,53,827.4716981132076,5958.1085477003635,43792.0,0.0,2217.7484644651413
1DxqX5MCbk5QndLKALxlKGcStjU2xYkC-,panda_grass_612_aug_00395.jpg,50,856.65,5990.336451527576,42789.0,0.0,1895.2804292440414
1o2o6ULimx3M5VEW2cW_96ejka_b30wEt,panda_grass_1574_aug_00396.jpg,6,7518.5,16811.429879202224,45110.0,0.0,1200.6660817861557
1vsbkzDznhFWyCD0u4rmRdFfBE-QRI5eE,panda_grass_1548_aug_00391.jpg,1,48688.0,0.0,48688.0,48688.0,940.6518018245697
143Spult5z0gMjXXk3zeUSAdoNvK2A0nf,panda_grass_1064_aug_00417.jpg,1,44239.5,0.0,44239.5,44239.5,964.0904004573822
1qvCtMisjwP81blciM6bdVwK4Y8jDbI6Y,panda_grass_589_aug_00378.jpg,10,4698.65,14090.617197358673,46970.5,0.0,1215.5361392498016
1BabVgbaHh-L23TmuMwCDsU2iYnIvzyeI,panda_grass_589_aug_00403.jpg,18,2476.722222222222,10210.817200158945,44577.0,0.0,1474.2539561986923
18rJH7U7AV0Acnd_z6TRBVUjYS-rsYBeM,panda_grass_982_aug_00416.jpg,2,22447.75,22447.75,44895.5,0.0,932.433546423912
14F7YQPorE_K-cczgnp3ltZ7HGZM3xC_R,panda_grass_402_aug_00413.jpg,6,7241.5,16190.473881267342,43444.5,0.0,1237.5188941955566
1Jc9hdtmIJ7CR6gEBNHWFBOby4xBU2z12,panda_grass_837_aug_00400.jpg,2,24015.75,24015.75,48031.5,0.0,1001.5462441444397
1zy9oEoyPS2Km9GLHd_qo53cDUTf1fR6x,panda_grass_141_aug_00402.jpg,168,256.9434523809524,3308.9132411678875,43017.5,0.0,3710.911143541336
17I4i6RjgqpYXI3UYQkh2S2meoDqVNGVM,panda_grass_1119_aug_00401.jpg,2,20293.25,20293.25,40586.5,0.0,992.3157961368561
151BmfwqxRrEoiCNEtB45Xq2IQkydPHUP,panda_grass_963_aug_00398.jpg,1,45873.5,0.0,45873.5,45873.5,906.4091612100601
1j6E-qjqGxv6ZXpCnRT7vXQOUtQw4E_A7,panda_grass_1232_aug_00414.jpg,30,1486.4833333333333,7992.797957623406,44529.0,0.0,1688.378846526146
1MSPjGNE5L9jna8cug0lPokjlIY3-PFZ1,panda_grass_1064_aug_00405.jpg,5,8312.6,16625.2,41563.0,0.0,1229.0336130857468
1QNP5qzIIUIzY3Qkw5mnSHeCKpaqUV6aO,panda_grass_635_aug_00409.jpg,12,3530.7916666666665,11707.597703091382,42360.5,0.0,1442.0945757627487
1No_caVQ3DaASeFa-NX360RAkf-6q-XnV,panda_grass_1568_aug_00408.jpg,4,11158.5,19327.088936257318,44634.0,0.0,1041.3868639469147
18a4nxVi9gJDFlVIXsicDWtvGVdeMxW8u,panda_grass_635_aug_00411.jpg,3,15880.666666666666,22458.654179526333,47642.0,0.0,968.8528121709824
1uNDUfp-6IcoZnXXg5JQtXDOGAenSj2g4,panda_grass_1562_aug_00406.jpg,1,47520.0,0.0,47520.0,47520.0,956.5929266214371
1R8hKI0OyxFvKnX3BIE9Gh4ztUgfWWxbv,panda_grass_598_aug_00415.jpg,22,1942.25,8898.325600601396,42719.5,0.0,1614.0701907873154
1sT82PTRjAr71H4pmvSaBdnua0pl619_r,panda_grass_968_aug_00410.jpg,1,47044.0,0.0,47044.0,47044.0,864.0243852138519
11eKU9uXu7nmStX2ADa-hAnRBLmpJwIfc,orchid_tree_4738_aug_00394.jpg,94,382.43617021276594,3662.5719484865626,35702.5,0.0,2586.0226294994354
1V05bg0p6D5TgZzyBYuW73Zd92TfOaHyT,orchid_tree_4747_aug_00388.jpg,100,415.26,4112.447588407663,41333.5,0.0,3091.3262337446213
1mNCx-j6Uefa_6I5OxImX3gg-6YPCAxo1,orchid_tree_4747_aug_00386.jpg,100,365.4,3582.892339995719,36013.5,0.0,3099.2673584222794
1LHz7KTOEDm_ExThYeoTlmNKoZRwyiu90,orchid_tree_1052_aug_00390.jpg,44,761.625,4752.579715898084,31921.5,0.0,3854.6958496570587
1seDIo-FZfivqYsGpuXilx0IC9g-K1eY4,orchid_tree_978_aug_00389.jpg,214,152.19158878504672,2212.633989442823,32444.5,0.0,4941.289987444878
1-r2GCqhFfyeT0thLk1e7VvUBf9Jrt2W7,orchid_tree_803_aug_00385.jpg,272,103.75551470588235,1571.2226868229836,25913.0,0.0,4808.419932842255
1hyPJ7H5jIYfk4eO54QazDzDOYuKqwv79,orchid_tree_4793_aug_00378.jpg,119,287.781512605042,2991.135031353929,32763.5,0.0,4075.2126573324203
1P6Ip_9-uh0OiWe_D-GrPbDpM5Qj0TVgE,orchid_tree_4512_aug_00384.jpg,72,423.7986111111111,3329.710866722559,28476.0,0.0,4682.724409222603
16xGnQIT1ZQGiw98OS1qcUE1G2FlvRZlw,orchid_tree_640_aug_00382.jpg,39,1001.7051282051282,6157.330178923443,38958.0,0.0,2689.000333070755
1_ApLh9MUAWjP9xIR_qxF6_ugbH729LG_,orchid_tree_843_aug_00383.jpg,138,293.54347826086956,3424.5203051775597,40376.5,0.0,3947.6146782636642
1XUb-EoKwXTON-Bmjj2wvDLm73MRII1Or,orchid_tree_4694_aug_00380.jpg,67,521.1194029850747,4153.5288665717035,34261.5,0.0,2859.159711956978
1j0ZUEO136KnySwraWuPNtkrGthVPnFQn,orchid_tree_1064_aug_00381.jpg,300,97.985,1684.0857155367717,29218.5,0.0,4691.08183825016
1ZddqZucx1iRicY1zKs33eOX-7A4yNs8N,orchid_tree_322_aug_00376.jpg,4,11701.375,20267.37601841627,46805.5,0.0,1086.399056315422
1YIhKNFiI9_0Z-_HY4qFvl_ppNBphcPbC,orchid_tree_1217_aug_00375.jpg,206,82.79854368932038,1052.970321061669,15132.5,0.0,4858.32239151001
1n3sUUOyiFElWzPJsDc5TB5wH46IS7FvE,orchid_tree_4727_aug_00377.jpg,103,298.00485436893206,2924.153428643627,29829.0,0.0,4249.043172359467
1GOrvEIi60BG0Nqe-8nmjoKiqpLV96-oJ,orchid_tree_803_aug_00374.jpg,330,48.403030303030306,517.6783147540323,8858.5,0.0,6581.558224081993
1krItHcWFTKHBmXEbbJJau8Qm-CmMgWKb,orchid_tree_1169_aug_00373.jpg,330,60.46969696969697,1004.2137866932303,18255.5,0.0,5091.279885172844
1ABqN8mkxbCOOxsZoitbwURKR0sEYgFRO,orchid_tree_315_aug_00371.jpg,65,661.5230769230769,5274.190007392874,42855.0,0.0,2531.2774636745453
1eYv2ZhEK4w3bmfB4YsbF1kjngBabkftg,orchid_tree_984_aug_00364.jpg,232,149.2176724137931,2256.6655436971823,34447.5,0.0,5087.733641505241
1psrDKGG3RiRkwkSnEF2myee_g6X7uYPt,orchid_tree_1029_aug_00370.jpg,125,349.096,3865.692414921808,43395.5,0.0,2376.2581310272217
1xIizEEr6iu_5-p6OLkE2v-B10ROTFPY4,orchid_tree_796_aug_00368.jpg,99,408.5353535353535,4025.162183351806,40255.5,0.0,2048.008349776268
1sP_aD4oZlhBkxPATUq4bpzUTXnbwk0qL,orchid_tree_680_aug_00369.jpg,37,1192.7837837837837,7140.707826543623,44037.0,0.0,2609.0764516592026
1oEPYTJbvSovKXrQGHGFYV_i4bZcgZJIA,orchid_tree_4793_aug_00367.jpg,67,589.723880597015,4708.912732417036,38842.5,0.0,2586.147518992424
1HYEEC2zOlsYvWFi9gycBJJXbpev31SWw,orchid_tree_1169_aug_00365.jpg,394,55.016497461928935,994.6653196317279,19754.0,0.0,6315.609960079193
1QIrwaPNDil5c3RllH_DtpQoaTjBnL2uZ,orchid_tree_1194_aug_00362.jpg,311,106.19935691318328,1723.147629444826,30391.5,0.0,6812.1023807525635
1QZy4cG2naHcexxf0kzp_XACKCLUTdB0b,orchid_tree_640_aug_00359.jpg,34,1368.7794117647059,7844.243735518624,46430.5,0.0,2496.098749279976
1qzvDuQTVR_qU7HiLcqC6OS8grEbDQl90,orchid_tree_154_aug_00361.jpg,92,368.51630434782606,3393.3341773848447,32737.0,0.0,4518.308109879494
1TC0MnM7NO013YWqyz8YE7JsiJZx-ThdV,orchid_tree_1051_aug_00360.jpg,145,274.5310344827586,3262.8626859948536,39428.5,0.0,2813.8703904151917
1UK3j7asGZgrFVu8CpxRTQVzTIiw1Qt_-,orchid_tree_570_aug_00358.jpg,23,2085.8478260869565,9769.424294856379,47908.5,0.0,1810.4377222061157
1n3bGAzNdF754HGxP7kS00VIuAMxeGKBC,orchid_tree_812_aug_00355.jpg,136,249.17279411764707,2889.4037602293456,33821.0,0.0,3676.4603514671326
1fFFKDs1ZzRm3pb5i1q_RXO9-xjP1LjcN,orchid_tree_1158_aug_00357.jpg,222,151.8918918918919,2243.0382251097785,33497.0,0.0,5185.966176509857
1P0e00RkENywGZw0DI_BDjLjhN3-jII9U,orchid_tree_4694_aug_00354.jpg,43,847.2674418604652,5485.290577990056,36396.0,0.0,1863.6235737800598
1D_GHXsrTyp_i4krJJi3Y9qAUN8rkSz55,orchid_tree_969_aug_00349.jpg,91,254.14835164835165,2272.3951075231357,21803.5,0.0,4124.543608784676
1P6v3Po1NWQHizGyhcVjm2EjIMI95nf5j,orchid_tree_605_aug_00352.jpg,125,249.444,2741.709434798662,30779.5,0.0,4842.939700603485
1keCiFCGqdeWgm1Wg3k_EsMepZ7dx3pyU,orchid_tree_1236_aug_00347.jpg,413,43.42009685230024,637.9970433094979,12627.0,0.0,6373.2668145895
1tlkMtiCGmK4hI27nyPuiy2vFDFsWU46T,orchid_tree_4747_aug_00351.jpg,82,432.7926829268293,3682.1827732083466,33554.5,0.0,3932.692885875702
1h1DgkFSKzcTp2HBqr73gaZeZEWZ2FYpx,orchid_tree_1169_aug_00345.jpg,38,1043.7631578947369,6337.787037760979,39595.0,0.0,1708.2539553642273
18-UfqT121cDvKCtwYlJSw9YTTPMMYIgE,orchid_tree_1194_aug_00346.jpg,311,102.02250803858522,1688.3438734046933,29806.0,0.0,6427.474963307381
12cDHORbPdEWz3Eh4YMmrtX7adZ2-CWMk,orchid_tree_305_aug_00344.jpg,2,22907.0,22907.0,45814.0,0.0,981.3624786138535
1uTNyv4s2-0p77Dc11-03pIk9lUx7y4Iu,orchid_tree_1051_aug_00341.jpg,153,165.6078431372549,1899.8618112295826,23582.5,0.0,5955.377420902252
16QHKUWZQd32jQ_RmYeDldqGigD3K2Hx8,orchid_tree_670_aug_00342.jpg,10,4528.55,13584.150012882661,45281.0,0.0,1636.1534502506256
1gyTD9VeJvkVDsrDvv26aKUFtMB2n9yFH,orchid_tree_570_aug_00336.jpg,7,6510.5,15904.54716200909,45468.5,0.0,1684.9574925899506
1KTWTdXw93chv9D4hcfcYxV0lKHh2OC4-,orchid_tree_4694_aug_00343.jpg,54,591.425925925926,3730.2756047114835,27574.5,0.0,4772.682780504227
1hHhjoLpeAG5F1ft8ooKwAfAk_obnZpes,orchid_tree_1217_aug_00339.jpg,300,58.895,917.0570928110202,15898.0,0.0,5275.154994249344
18ZbEjJXYwfq-_9GlGlXykkxAq-8etaHO,orchid_tree_809_aug_00335.jpg,261,74.94061302681992,1016.5836490120745,16423.5,0.0,6202.840406298637
1cgwYezDBPrmB8i38u5Wv0gupDOYkm0y3,orchid_tree_4793_aug_00337.jpg,71,599.2605633802817,5001.407599654459,42444.0,0.0,2453.554594516754
1nI9h-npIHikfxho9ThE7WCPqq20W7dMJ,orchid_tree_1029_aug_00334.jpg,122,331.4344262295082,3622.927054526684,40183.5,0.0,2293.5474539995193
1rbMSU0J33vLum4oF5ITapWKA_NXM8RNv,orchid_tree_611_aug_00332.jpg,65,632.1692307692308,5040.045721920909,40952.5,0.0,3396.1689400672913
1iV3Pq-pEh3uRmJ7qeSyeJrYqhNZsbyM8,orchid_tree_794_aug_00333.jpg,215,169.24418604651163,2427.7958430414724,35682.0,0.0,3924.415755391121
1f32LqdQDcWZ8ghsieyalBrR4EJWQ_-rS,orchid_tree_1051_aug_00338.jpg,179,151.79888268156424,1758.6281343305884,23536.0,0.0,6504.161254286766
16YpuUdlsAsmgEOwx-gsl8JwQ0RCe2heh,orchid_tree_305_aug_00330.jpg,1,49419.0,0.0,49419.0,49419.0,1009.8233742713928
1-o3rnNx8NVgRAWwDjRrsZ-XNBqL4eELH,orchid_tree_1038_aug_00328.jpg,284,110.85387323943662,1845.3889215503523,31155.0,0.0,4891.758024454117
1SgCwvCKfTRRppyhSrJoFZSikeZRuMcCZ,orchid_tree_4738_aug_00329.jpg,29,1161.5689655172414,5798.585781396122,31817.0,0.0,3445.8430404663086
18T7Aa6CsJGwuzzTxlIKe4-tNsLuf6Ynd,orchid_tree_4771_aug_00327.jpg,76,449.9736842105263,3835.2336106150938,33663.0,0.0,2392.85105741024
1anDVGbSIurXXa98ckOyR8LUw16B7PswZ,orchid_tree_597_aug_00326.jpg,20,1925.025,8376.539542787044,38437.5,0.0,1763.5159282684326
1qXVx09Dl4-KdeoedMdnLS70-0tHqI_N4,orchid_tree_640_aug_00323.jpg,40,902.8875,5560.168744615019,35625.5,0.0,3471.2744975090027
1HUwnjafLaXAMNHlXCb9wiEZgqylmQYE7,orchid_tree_1064_aug_00322.jpg,334,58.75748502994012,915.8550083262688,16692.0,0.0,6418.043508648872
1Tb4AAv3riKPm1Ea94Zx7eEmUmPtwNSj4,orchid_tree_1229_aug_00318.jpg,106,382.5943396226415,3902.86241842289,40375.0,0.0,3023.0419610738754
1uSt4qg6CWfKZDFKp85bKNbM9oMsjLk8c,orchid_tree_630_aug_00321.jpg,10,4099.05,12289.318389255768,40967.0,0.0,1424.756482243538
1tDkQpgHk_yjP5cHR8txBwIiILDIBKrXU,orchid_tree_841_aug_00315.jpg,97,425.7371134020619,4166.456236736828,41248.5,0.0,1759.1139080524445
106QjN7tFSgTubukWHNRcqHGvm4OjZi5G,orchid_tree_812_aug_00320.jpg,265,70.9,825.3649646705755,13139.5,0.0,6183.408948779106
1w84HVYNbtzd4jmoEooo_16LuJes1aCZi,orchid_tree_847_aug_00319.jpg,298,55.41275167785235,599.1504632582951,9770.0,0.0,6239.710464715958
1OglsBsP8FAX3d2aneRoxZ7dmmM9x1reX,orchid_tree_1052_aug_00317.jpg,162,174.90740740740742,2097.4313098290736,26784.0,0.0,4947.809759378433
1emClLilZPrEH0VfPtkAIB0RAm_cirooj,orchid_tree_4760_aug_00316.jpg,101,357.33168316831683,3539.271407427215,35749.5,0.0,3150.4460693597794
1cmjb_bCZcukRs-Wmy4iQvsztmw122sVl,orchid_tree_984_aug_00311.jpg,325,58.73384615384615,985.974806555487,17797.5,0.0,5646.791639089584
1sAGKD9S0KWTeInJ-pwajoMjpjODrzY_F,orchid_tree_812_aug_00312.jpg,73,570.6095890410959,4579.787328500267,39368.5,0.0,2430.240884900093
1rTy8iED-wyLi8TyEvi4VLUIyeltd-Vrk,orchid_tree_329_aug_00310.jpg,18,2383.5555555555557,9811.646347706848,42838.0,0.0,1515.768674492836
1fNoutxrIjhYdLgkO8ugguWFcYVXanzk2,orchid_tree_803_aug_00313.jpg,340,59.813235294117646,736.9149990699326,13194.5,0.0,7444.976611614227
1YBkhMqVr-RW6qM62sq2OZbULney9MhaQ,orchid_tree_4727_aug_00309.jpg,167,172.32035928143713,2010.1867113369835,26051.5,0.0,6695.624238848686
1MDfk8g-Vl9Z3SKWhdlJdJVrdk7dGNJh6,orchid_tree_597_aug_00308.jpg,11,3926.2272727272725,12404.437436153163,43152.5,0.0,1557.0407528877258
1CLCJ3qOc1FhR1YtAV8e3Lbe0mPib2zeq,orchid_tree_661_aug_00304.jpg,42,1027.9761904761904,6578.511357290838,43151.0,0.0,2493.596223473549
1bbhnYycLTfyz13zTMYp0AfIqr0nIPMPT,orchid_tree_1169_aug_00305.jpg,410,56.640243902439025,1058.9758129460836,21452.5,0.0,6161.987595677376
1bQx2IQEr294cNJcL3RSCJWoxGvXgNbOn,orchid_tree_1217_aug_00301.jpg,330,87.81060606060606,1566.0727796788844,28493.5,0.0,6237.668834209442
1DLBCmt8FjZpceFe2tFIeTRsO_v6PBQ-X,orchid_tree_796_aug_00303.jpg,155,171.86129032258066,1998.9425547551982,24966.0,0.0,6459.668834328651
1aw8NKpQT7n0_Ue6zcUCOu5tfHsuZTr0s,orchid_tree_210_aug_00306.jpg,155,268.6161290322581,3307.093909832246,41308.5,0.0,4117.303059458733
1cft084mDRsKhi7A5Up9NB6eJDXTuTAJ4,orchid_tree_305_aug_00302.jpg,82,503.8780487804878,4517.5733520581,41162.0,0.0,2731.7282543182373
1_55vtg2Kz-caq1LMFlryTsrEEIma8_W2,orchid_tree_978_aug_00296.jpg,382,46.06151832460733,823.2792061750423,16100.5,0.0,6871.104468464851
1OORJ5HI0Nz-t00RA-Sh9KK6KE6Epiihn,orchid_tree_575_aug_00299.jpg,16,2731.15625,10566.492382643397,43655.0,0.0,1733.491544008255
1jAwlYXpKZLeW9RDgeHrmGSA9M0ruCgCC,orchid_tree_630_aug_00300.jpg,24,1844.5416666666667,8832.666648485263,44204.5,0.0,2100.2093601226807
1_kaGOAh4MqT2PU57f-eX5g6aUIvAbkZW,orchid_tree_809_aug_00295.jpg,262,126.67366412213741,1847.8660695167566,29871.0,0.0,4185.61171412468
1S4F6rVG6JzZHoREWimZcC8uL93J5fa6v,orchid_tree_640_aug_00297.jpg,9,4925.666666666667,13923.58263083815,44307.5,0.0,1556.4549660682678
13cQ2CAewytj52sTcDloDhHXmiDhgCUn0,orchid_tree_843_aug_00298.jpg,141,276.93971631205676,3271.555286258621,38986.5,0.0,4139.21979868412
1gALgWa4PMqIPTa1RTgpmikl2R1H9HWhs,orchid_tree_1217_aug_00294.jpg,353,90.02691218130312,1637.3452979227816,30807.0,0.0,7016.594802379608
1FLmIUB9fnRlLovsLTg0m0VSJsXYfP0C5,orchid_tree_796_aug_00292.jpg,100,408.52,4034.7494599541124,40553.5,0.0,2357.71397459507
1LTB3IsNZ8tEdQ7jn2J4xnlTCPMHHaaSr,orchid_tree_4793_aug_00291.jpg,88,410.3863636363636,3689.4964339256944,34811.5,0.0,3465.3405129909515
1izyPDEGVkPLuRtrpbaF91iyCalB7iZfN,orchid_tree_4727_aug_00293.jpg,112,235.5625,2307.2863864956244,24514.5,0.0,4513.015820622444
1Bl0Tqxg0HO2Tl1fr6YPpDw6oaqNsjcs5,orchid_tree_1064_aug_00290.jpg,50,745.91,5165.91369332667,36907.0,0.0,3120.6916766166687
122aJmuBjLTU1qQtIvskCVLCHmryp2-K1,orchid_tree_1022_aug_00286.jpg,242,112.59917355371901,1738.0951725977443,27095.0,0.0,4537.868635773659
1lH9UPK6pCbPyeOqRGbTIwxSk8f4ta4X3,orchid_tree_1236_aug_00282.jpg,16,2318.09375,8960.514953147835,37022.0,0.0,1603.158502817154
1v2fpQkzwcjj25M542WnF4VGRwczUKr6S,orchid_tree_978_aug_00283.jpg,216,134.63657407407408,1957.1191948090734,28831.5,0.0,5191.841283559799
1q5hqDGswEmfK4F6OZtBMCeficDFXLWWf,orchid_tree_293_aug_00280.jpg,14,2959.9285714285716,10671.480870019102,41436.5,0.0,1223.0924880504608
1dvPrrlZwYhKmGkFDp-j5zX05Q_MUErtZ,orchid_tree_542_aug_00281.jpg,23,2074.086956521739,9719.589797942333,47663.0,0.0,1647.5676642656326
1To3NMuzQdLSrKZ_bnbHLTALEYa_UcQNk,orchid_tree_1022_aug_00279.jpg,264,112.81060606060606,1810.0162622012447,29466.0,0.0,5054.7458319664
1AfN1OQRQNOEqGBVf4SOPKj_buq-bmH4o,orchid_tree_1194_aug_00277.jpg,114,368.1798245614035,3872.3382239589173,41530.0,0.0,3587.607539653778
1jhXnjOnqD5EHkZ7yVbJw17NbQg86AIj8,orchid_tree_680_aug_00278.jpg,24,1920.5208333333333,9186.637380682296,45978.0,0.0,1949.4570534229279
1PzVTNHT7s7pKMIb4Z1w_GFda_BIElgCf,orchid_tree_605_aug_00276.jpg,15,2832.0,10596.106459450093,42479.0,0.0,1637.6509239673615
1Bn0aEB5jflBrl3-R7i23pGftRYL8x4tg,orchid_tree_1169_aug_00275.jpg,308,93.25162337662337,1562.7845899260562,27467.5,0.0,6728.1339066028595
1LRqgwyoQe3ZBqYsoL3nC2HLWv4ShJNYO,orchid_tree_841_aug_00274.jpg,84,438.0892857142857,3986.2996754066435,36755.0,0.0,1662.2022206783295
1CBOYSDsMHE0gaMB6nE6BIcpST9GymO27,orchid_tree_670_aug_00271.jpg,12,3762.75,12471.642012147666,45126.5,0.0,1688.5382269620895
10BO7fj0F--2BQhMfyk1Wm-GjcKZLIyw4,orchid_tree_1204_aug_00273.jpg,427,46.62997658079625,812.1172447921289,16770.5,0.0,6269.793727397919
1QNjHpHGH0lDGUm_6Pv1cmnvtJisS07Fj,Neem_912_aug_00377.jpg,21,1856.3809523809523,8267.122917379767,38828.0,0.0,2109.699694275856
1poLSf-ngYFdVav83GOoQLZsTgLohw_cp,Neem_1373_aug_00375.jpg,20,2280.325,9937.756237293961,45598.0,0.0,1422.874233007431
17gE9zKo3dlb4eUEBzqQARjcuruuF2uml,Neem_1161_aug_00376.jpg,62,679.4516129032259,5304.382126091046,42108.0,0.0,2078.77790248394
1veyFr7aHCdodUVBhuc8dRbuWrNswvQRj,Neem_1246_aug_00371.jpg,30,1605.8666666666666,8642.100305031307,48145.0,0.0,1557.602154493332
16qNBuq3lbcQlt_L3fsVOYULx7B_N8r3M,Neem_336_aug_00370.jpg,89,460.561797752809,4292.362099386357,40726.0,0.0,3191.2917442321777
19dG98nvpjX9g2OBNQmTg88iZ2FUzr4iR,Neem_1_aug_00372.jpg,117,353.8247863247863,3756.990105247031,40816.5,0.0,3662.0339463949203
1GD_kyx_E_SG4YRqpRK-rJwaU0LoXfspe,Neem_1015_aug_00366.jpg,222,149.29504504504504,2184.6842969036993,32626.5,0.0,4510.631047844887
1BgdsmiU8B6uMl7Rtf-oOW3LKFAP8v0ru,Neem_1511_aug_00368.jpg,11,3865.318181818182,12188.593283872811,42409.0,0.0,1395.7371488809586
1-Y0qo4nHv1qyWfuDWPqbHLWNOW8tISSd,Neem_1406_aug_00362.jpg,173,190.26300578034682,2372.6126032753477,31278.5,0.0,4512.287901997566
14_gMAzO5IOIiNfFmXEEcqY7JV7QTsZ6x,Neem_667_aug_00365.jpg,16,2833.6875,10973.662614806131,45334.5,0.0,1433.7442898750305
1rlKOty_kyRH1hVXmx62HaQddymVlvXDD,Neem_1237_aug_00363.jpg,266,105.06766917293233,1695.4845857109078,27705.5,0.0,6230.739904284477
1A3KRqrTuB412uL_otayN-xEpQF_i8by6,Neem_1246_aug_00360.jpg,154,229.6038961038961,2813.2561123174182,35027.5,0.0,4068.8005324602127
12X1-VPflbwiWiC-gXVs8T28vv6ots5Hp,Neem_1407_aug_00361.jpg,58,733.9310344827586,5485.845518749919,42150.5,0.0,2103.9839656352997
1qNBb811ZavlbZCz0f29e79ZFdjBeXJuF,Neem_957_aug_00364.jpg,2,19845.5,19845.5,39691.0,0.0,864.10764503479
1nWlwqrBM9xWuEfnB9_k-q1jtZkD0qsAg,Neem_925_aug_00358.jpg,7,6626.857142857143,16230.173255642198,46382.5,0.0,1256.2985507249832
11v9aNfBDdfSGb75X0dY0UlY9yh3SH6iU,Neem_835_aug_00357.jpg,14,3181.8928571428573,11452.094811771605,44473.0,0.0,2085.952439069748
1NmNAPDui-6y0xsoM2LYcP5lndIJrFecH,Neem_482_aug_00355.jpg,84,520.8154761904761,4742.549805057503,43727.5,0.0,2743.2947093248367
1m5CQ2hol9-IWyRU97h-bleMobaE6Oo5o,Neem_1475_aug_00353.jpg,8,5890.8125,15584.302061564827,47123.0,0.0,1118.9432128667831
109PHlFVV4DSVfELaNwvtgIhJxLMQeIW2,Neem_1276_aug_00354.jpg,234,105.4594017094017,1595.0963650983815,24453.5,0.0,5235.061628580093
1gGwtCXgDoomO98BY4RSS1Ui7WOVvhwPF,Neem_180_aug_00348.jpg,81,531.0493827160494,4589.539237346337,41564.5,0.0,2669.3363387584686
1w1kevwCo8SWOPFe0ibXYBWuQCL4n_LRu,Neem_1385_aug_00351.jpg,7,6262.714285714285,15340.454404838822,43839.0,0.0,1150.5828216075897
1_cCD5eiweZhKRfnxyLbfrE-2OqaRnjAR,Neem_643_aug_00352.jpg,39,1139.1923076923076,7016.613327297766,44392.5,0.0,2308.049980044365
1p4lPMshC0ZFaKdnlsCiUPM7EcRXafoWl,Neem_692_aug_00349.jpg,78,565.1410256410256,4892.000026795079,43490.0,0.0,3172.2379207611084
14w0jaPZasCW5K-yLSK9q3FewYDZOJepi,Neem_810_aug_00347.jpg,15,2578.733333333333,9644.059770771966,38663.5,0.0,978.2741659879684
1VvkYf5HAzqnY88g1v0ZeBuqn9T2qPpi9,Neem_554_aug_00350.jpg,158,195.86075949367088,2436.066626181304,30719.5,0.0,5198.025050401688
13BgxgeGeaSjn7SfoHZ2R4-4uIdgaNx8e,Neem_818_aug_00345.jpg,13,3204.423076923077,11098.137797441781,41649.5,0.0,1239.913774728775
1mjscGjlCXbuXyJcW5ufa8x3LyISOtT8V,Neem_533_aug_00341.jpg,43,716.4418604651163,4623.4824426813375,30680.0,0.0,3313.527242422104
1XhtfrxKEm7YzzNozGsUgs0bCBBtAbaAQ,Neem_1398_aug_00346.jpg,65,682.223076923077,5422.440244044806,44061.5,0.0,2622.0398765802383
1Bfv2dVYabHsfK0wja9hjYVdfegU6_Giw,Neem_1237_aug_00343.jpg,65,573.1692307692308,4581.041531117404,37221.5,0.0,1987.5230693817139
1jEmWwnR5f_TBEauPLSXFmZmrhh0gWzaD,Neem_1385_aug_00342.jpg,316,74.13449367088607,1097.1140386100483,19401.5,0.0,6179.80086684227
12wBx_A6h8m-pfdtZpBjC-WCw2k3DP5vf,Neem_91_aug_00339.jpg,133,305.22556390977445,3460.946588901104,40068.0,0.0,3642.3110761642456
12XuxW0E77jDZq3eFEJxUd3ZtNRVbQTZp,Neem_1492_aug_00340.jpg,17,2482.794117647059,9883.367863499747,42016.0,0.0,1861.6925545930862
1oPW--_yMveLF6Ot4UfwmY4x_biP8G6Kz,Neem_1181_aug_00337.jpg,16,2622.28125,10151.533317017851,41939.0,0.0,1729.6336786746979
1JpKBjM2DuF034d6t70kk7KefhSDNwWFW,Neem_699_aug_00334.jpg,15,2640.6,9878.48332015936,39602.5,0.0,2551.7383596897125
1NBiQDROkb8jmYvt07xVDBDRG6UMHqH2a,Neem_572_aug_00336.jpg,102,400.20098039215685,3948.0333756931786,40071.0,0.0,3622.4948422908783
1L1rmvPKUSjZEo-P4U7fuKxfQjADUh2Ln,Neem_378_aug_00330.jpg,12,3658.4583333333335,12132.37683064468,43897.0,0.0,1379.016368150711
1ck81W5zeu1m4cZMW1GwdwB8MTzW8igV9,Neem_582_aug_00333.jpg,73,532.9109589041096,4519.0121566785665,38878.0,0.0,2776.2307819128036
1vPEu3GBYLO76ZNxzczM6onlfxKv7x3Z3,Neem_230_aug_00332.jpg,129,337.27131782945736,3633.7516927235315,41412.5,0.0,3331.090733766556
18Iiqlb0xCsUmrnP-uq2AQsSGHCDMqAI-,Neem_1309_aug_00335.jpg,279,118.70071684587813,1955.4512535151673,32722.5,0.0,4785.81690120697
1k6v4fBX6BuVHkvGbs_4OhCRbWjKoVuVT,Neem_789_aug_00328.jpg,47,986.563829787234,6687.810394162366,46345.5,0.0,1670.8153569698334
1fDm32TNIt8DjXdu-TUIbvGPkD93VJ7sm,Neem_1511_aug_00331.jpg,124,288.2983870967742,3167.5859874008224,35418.0,0.0,3936.893898487091
1ZKP-xkS-3uS7uwFaEHLZO8p7MJI28LHe,Neem_1492_aug_00329.jpg,51,878.4313725490196,6182.776666200535,44597.0,0.0,2208.3271112442017
16sQy6tmd1Ku9wfKxV-669gmcKcT8OE5-,Neem_630_aug_00326.jpg,15,2966.4666666666667,11096.428526732774,44485.5,0.0,1359.7199051380157
1uiEsY6Kivf-Es3sRSbvb4BScQvoqktO2,Neem_1325_aug_00325.jpg,57,706.4473684210526,5262.469312061383,40087.0,0.0,1818.226605296135
1b0SWrVk4j-6ZYAIVp5yCYGsAKvB_ONvx,Neem_784_aug_00324.jpg,16,2759.5625,10680.123149856174,44123.5,0.0,1349.8965294361115
1FYlvn6pTgADw6YIJsdtX8fXWlV9ITixK,Neem_989_aug_00322.jpg,77,529.5324675324675,4611.310175498948,40730.0,0.0,2021.2144138813019
1ssPyacKGzXaoQ7VpcIrs-XACyC3fdFT2,Neem_1206_aug_00327.jpg,17,2477.5,9909.50001113014,42115.5,0.0,1424.8742328882217
1im9JtjLTIxe4GBdDQ0K1uq6bmnwJ5-W5,Neem_513_aug_00323.jpg,72,544.3055555555555,4575.372152103795,39097.0,0.0,2093.2976735830307
16ixF6I5yj4FnjFibZEXh8TSrXmzicEeU,Neem_1276_aug_00320.jpg,14,3105.75,11187.12570602923,43441.5,0.0,1339.7371491193771
1zfxkmWvnvR12xQi7q8Gmxh7MwlNeqFbc,Neem_1227_aug_00321.jpg,94,373.9468085106383,3576.7858539536587,34867.0,0.0,2408.6256618499756
1hoqXa6hMPni24tReI2RWy92JGy4vifId,Neem_434_aug_00318.jpg,229,123.1528384279476,1589.4719498187135,23947.5,0.0,5332.049435853958
1pc-mC_SW7V6As8gD7Nn1hSVn8YNBdYKp,Neem_853_aug_00317.jpg,10,4577.5,13729.33340515846,45765.5,0.0,1133.8477598428726
1emDHr4Tof2h4aSvAC7kH8DRG6M4Bgmje,Neem_789_aug_00319.jpg,43,994.8953488372093,6443.261298259818,42752.0,0.0,1743.668169617653
1jcgcWjwLaTCJfBF1ZuZSVZ2E0SJU25Zn,Neem_1148_aug_00316.jpg,64,661.765625,5243.221321657217,42278.5,0.0,1885.0966627597809
1I6iO-cjKk3JOhzLgq2o0vS9on7gKZb6k,Neem_789_aug_00312.jpg,25,1738.16,8514.801936298929,43452.0,0.0,1426.9991223812103
1wzEpSEtDAVlmjEOCLdqYkpEAI15URW1B,Neem_1357_aug_00314.jpg,81,453.84567901234567,4031.951124993107,36516.5,0.0,2347.270323753357
1pzbL5ginH4f1WUcbsviuhg6-0MRkwF3v,Neem_1393_aug_00310.jpg,25,1706.22,8319.577686493467,42463.5,0.0,2164.3443558216095
1vvKf7BtyWM1II3VV_ZSL07RPvk3XZLRH,Neem_1352_aug_00311.jpg,112,351.6205357142857,3619.3738558263085,38478.5,0.0,3012.6470826864243
1xntKXrtesaUVjXyaYVbMoXTYFLQtW5Ku,Neem_188_aug_00309.jpg,7,6452.285714285715,15799.909237662327,45154.0,0.0,1081.4457387924194
19aJSEPoKMNEfozMm9mK705SEXXzjkQNR,Neem_1414_aug_00307.jpg,47,974.2446808510638,6575.019304131794,45568.0,0.0,1999.030648112297
1u0Wh7jnZkhKuwL_6DwL90ElhBr4pS2T5,Neem_618_aug_00308.jpg,7,6972.071428571428,17075.9762959306,48799.5,0.0,1213.3452334403992
1psPge3HKvrGtJ4Ka9FkXRnLou_JcwBfN,Neem_695_aug_00306.jpg,150,249.43,2791.771921217777,34185.0,0.0,4438.2046419382095
1pD767ISDZPXucydxrwNB8ak0mBxof2DS,Neem_1421_aug_00304.jpg,122,312.13524590163934,3201.509988281967,35457.5,0.0,3384.921248435974
1MTpLAie-IhyumMQFDg_4bszBPcSZIlZQ,Neem_1407_aug_00305.jpg,73,594.7945205479452,5025.799260933812,43240.0,0.0,2905.644995212555
15jFx36yiOEM72Z9ltWezwsB9RUQfJhl_,Neem_378_aug_00303.jpg,101,370.13861386138615,3657.925955055321,36948.5,0.0,2888.4734210968018
1AechKVSG1jef1R1s7e7aWt8j4UKJS2fc,Neem_1181_aug_00301.jpg,9,4669.555555555556,13196.184474739584,41994.0,0.0,1193.1269776821136
1pbhWbvIcl5XQ7MyIhZp6WkbJXyUoZZ9U,Neem_268_aug_00299.jpg,144,261.2638888888889,2991.3122665806704,36006.0,0.0,3857.0461381673813
1GeROeBvmstIbmO9QWgxJpKUOiYouu-CA,Neem_1296_aug_00302.jpg,62,648.3870967741935,5033.7339203419615,39963.0,0.0,2287.4885787963867
1rRLF1EC-sc5fJJJl7PFxreih8VRZyFLu,Neem_679_aug_00300.jpg,9,5000.111111111111,14114.892184375452,44923.0,0.0,1202.9015823602676
18GLQs1aqbSmxHSA7WQyCVgWuqiNxLDCf,Neem_1365_aug_00297.jpg,22,1939.5454545454545,8885.495328072971,42658.0,0.0,1242.4650712013245
1A3tnWD-_OXpXTykay5PArAny5Omppa2X,Neem_1345_aug_00298.jpg,41,1080.780487804878,6828.974434705637,44271.0,0.0,2210.067225575447
1mMxkHmkRExb1I5013m2UA33jp-0W300R,Neem_188_aug_00296.jpg,179,228.10893854748602,2953.902651105924,39631.5,0.0,3915.656310200691
1rXFhULGxaea4-HAEEzT1TXaesBp4wGP6,Neem_554_aug_00295.jpg,11,3826.7727272727275,12097.839514790227,42083.5,0.0,1410.364566206932
1_bQ2xESbAFwZUGPKZ1ID7hxOJnbfV8xV,Neem_1511_aug_00293.jpg,17,2403.5,9614.0,40859.5,0.0,1401.4772641658783
1ocgwoeQwWG7X35LPcN6evJ-90j6GO1wn,Neem_1475_aug_00294.jpg,48,884.4166666666666,6058.806983719834,42421.5,0.0,2090.836777329445
1yDFo1ts_nqn29ZK3E8v0vNYmPRGtUGPt,Neem_749_aug_00292.jpg,53,858.3396226415094,6173.078509975136,45373.0,0.0,1691.2245185375214
11rWFmvisAIoG3XSsdT3bdHL1l2yeQeaQ,Neem_903_aug_00288.jpg,76,537.9934210526316,4647.8468143673945,40789.5,0.0,2338.2753760814667
12JZJjxoZ8FXyG_0tXi2nx0CvJNBsKuiP,Neem_1136_aug_00287.jpg,59,717.271186440678,5459.160736952305,42293.0,0.0,1683.9940702915192
19L_kn6dDnzl56M-3oEeiw12AjrsVw-Hn,Neem_1098_aug_00289.jpg,134,254.3097014925373,2913.3557847160923,33852.5,0.0,2751.686623573303
1NMHJHz3OBvuELEimmu6hSG68KgnFBcbe,Neem_1365_aug_00286.jpg,29,1282.896551724138,6752.011375137642,37011.0,0.0,2086.1605904102325
1JjJfuKHsNEpWYVl2J8fM4bB3nFph1QYQ,Neem_1_aug_00285.jpg,184,186.9836956521739,2424.1176543039496,32969.0,0.0,4120.658397078514
13XxwGX7ecb4_hQ27cSERzPIu9yH-Hwlk,Neem_834_aug_00284.jpg,45,994.0444444444445,6575.068679676976,44608.0,0.0,2208.0083508491516
1QqHbcg3EnC-GzvAbi1ImCcw9wjPjXeXt,Neem_188_aug_00283.jpg,92,410.0217391304348,3763.639928366817,36294.0,0.0,2807.6449946165085
1ijtV-3AVCysK7KITp7KwFZRfRvYxdJOd,Neem_740_aug_00278.jpg,36,1321.2083333333333,7810.62713406744,47529.5,0.0,1506.4478262662888
1VQVAg4_jRkkg-3keneBFfKliE_yVfsA2,Neem_1206_aug_00281.jpg,37,1154.337837837838,6922.11055735879,42687.0,0.0,1671.9524405002594
1COVqsXWZu_3UudweAJAlrAim-e7ct--6,Neem_1153_aug_00276.jpg,60,766.175,5878.137106278513,45917.0,0.0,2049.658064723015
11g-YaHw7osoSb6igWfvODPMKNnCHl-3v,Neem_933_aug_00277.jpg,20,2049.75,8927.656979157522,40964.5,0.0,1047.1614680290222
1U4rhz0ZTMrZke1LCag1LTfC-nFPwNnBi,Neem_1206_aug_00280.jpg,23,2095.7391304347825,9826.156942469117,48184.5,0.0,1578.572716474533
15-QJn6g3nJ5IhkksThTNurZGAzSf_VnO,Neem_482_aug_00279.jpg,3,15235.333333333334,21544.954368070084,45704.5,0.5,1066.4995616674423
1eMOuoB4m2bQk4yAdnGlym-P8PE290KJw,Neem_1289_aug_00274.jpg,54,825.0370370370371,5987.697420275711,44416.0,0.0,2261.523069381714
1NQDYuIqieeqGQuT8ZH69FTbx3Xu9vSJ0,Neem_1_aug_00272.jpg,134,290.8134328358209,3191.338870456758,37079.5,0.0,3945.2126585245132
1iwuv5C2BNpDUFAth1GEMHi4zIiksJCtj,Neem_1276_aug_00275.jpg,56,708.1071428571429,5233.347081555016,39519.5,0.0,1888.1261011362076
1YzD2tSJ-VU5GwuFtI-YZS6kdqm7VlooZ,Neem_699_aug_00273.jpg,50,863.49,6035.933153614278,43115.0,0.0,1876.9473880529404
1IhAvLcQYIR_83fWp_iIOOaoxwIKPJw75,Neem_1227_aug_00271.jpg,56,815.0089285714286,6036.110879451058,45580.0,0.0,1851.3737939596176
12L-EHV_Y6tJjqyeQnPZIA1-ocAAXNcsw,Neem_912_aug_00268.jpg,33,1313.121212121212,7422.126080919482,43299.0,0.0,2135.238798737526
1HKkKyXUgbNaDCxfi5zjYwveGwYjsKkCl,Neem_554_aug_00267.jpg,181,210.34806629834253,2809.336421197831,37901.5,0.0,5398.971229314804
1UgkXPY3UDG72k2SRSCMfvTnWpxDEuSoO,Neem_188_aug_00269.jpg,124,307.34274193548384,3330.2434791636233,37235.5,0.0,2910.5638226270676
1lNlyGK9gIU8czQjCoeknIRObeGfr2TH3,Neem_834_aug_00265.jpg,21,1834.4761904761904,8172.409890362804,38382.5,0.0,2173.1555376052856
1bjnej5tBGi_z-7X9luasKZEZfi0dmuT4,Neem_482_aug_00266.jpg,52,826.6730769230769,5900.616115878702,42965.5,0.0,1659.1067683696747
1If0hgcIyWAX_YKX_W8Mlk5jAETHbWTVV,Neem_1325_aug_00262.jpg,16,2782.25,10763.73261089061,44470.0,0.0,1239.4112485647202
1uujIxdqInHdCsz_x5RR-5qeEdK-ovzST,Natal_Plum_442_aug_00447.jpg,12,4045.2916666666665,13410.986046053085,48524.5,0.0,1334.3990559577942
1L3RKSpnqlWMkqrs5ZEaSFo7e9jHexQtI,Natal_Plum_351_aug_00449.jpg,15,2890.5,10803.769189500486,43314.5,0.0,1422.1879411935806
19vjrjzTE3KL8E9MToo1EDxLBgaH8LoDL,Natal_Plum_386_aug_00448.jpg,1,42803.5,0.0,42803.5,42803.5,967.5462436676025
190l4XjppSM5WVMhmhtmD-Mt3mbpIIM-2,Natal_Plum_520_aug_00446.jpg,39,1068.5641025641025,6564.850041425447,41537.0,0.0,2366.0571204423904
1cg2S8OD3cyE_bb2kzcRSKzRO3RCpEHMy,Natal_Plum_586_aug_00445.jpg,3,14276.333333333334,20189.784220959096,42829.0,0.0,948.308655500412
1oMGfqU4x3LEvfS9w1WreYKcden5lsA7E,Natal_Plum_189_aug_00443.jpg,4,11651.875,20181.639503441613,46607.5,0.0,928.2670258283615
1Raq5yvCfykjpBk0QKtbUtZipcSYRtAkE,Natal_Plum_296_aug_00444.jpg,6,7425.666666666667,16603.17743602779,44551.5,0.0,1062.190905570984
1w5dBFC6Glr_DcO7LgcRW9EJm5Kf5iv_z,Natal_Plum_237_aug_00442.jpg,10,4500.15,13437.058424465527,44811.0,0.0,1233.0508576631546
1eByT2So3ylvoNsFS3ryFEc0OokUjnj0j,Natal_Plum_310_aug_00440.jpg,6,8081.0,18062.286503928564,48469.5,0.0,1216.0731556415558
1pk5_qU6DNeG3OoK_p54pUaLM0on_cSEO,Natal_Plum_126_aug_00438.jpg,2,22244.25,22222.75,44467.0,21.5,908.2670257091522
1_g7VhmEYsDNp36WjoP1grNCjrmrUfLaZ,Natal_Plum_436_aug_00441.jpg,6,6556.666666666667,14648.18700575452,39311.0,0.0,1154.1219257116318
1iKw_l7ktNPySKl4bbV-TwbJtAshiiBk3,Natal_Plum_463_aug_00436.jpg,15,2820.5333333333333,10480.761886215885,42035.5,0.0,1519.3178831338882
11Yra2Oz5IraWUiklrGokGwjqs0CgJX8p,Natal_Plum_669_aug_00437.jpg,45,914.5111111111111,6053.217291920873,41067.0,0.0,2451.05206823349
12c4FjBq1JLs_Or9jd71hlWcKa0OiSjjE,Natal_Plum_415_aug_00435.jpg,1,46801.0,0.0,46801.0,46801.0,925.3969683647156
1zcD3NK400xS0kAC09ybnMJRhZUN4fpAS,Natal_Plum_36_aug_00434.jpg,23,2072.6304347826085,9695.91979987435,47550.5,0.0,1620.673221707344
106TU-oyqacXubLvBfjgX_7dr1OqGhiL_,Natal_Plum_237_aug_00431.jpg,21,2016.2619047619048,8910.72642490505,41864.5,0.0,1432.305690407753
125a1bwu9gZSY1hOTwhuQ4gKsW2g7uXaF,Natal_Plum_189_aug_00427.jpg,7,6194.857142857143,14864.50724692472,42601.0,0.0,1284.3574259281158
1BcARWUqXupc3ELMNlhSOMoqDNNYFAky8,Natal_Plum_537_aug_00429.jpg,21,2142.4523809523807,9537.429309361394,44795.0,0.0,1882.9818776845932
1T2oSHTy1U1GszaTW6VbFj5tdU04PHVc-,Natal_Plum_669_aug_00428.jpg,3,13925.833333333334,19694.102367347325,41777.5,0.0,914.0071402788162
1C5oOlQ1SngigQCWJjXBOIgH9CY-XCQzv,Natal_Plum_394_aug_00430.jpg,16,2956.28125,11440.463430255937,47265.0,0.0,1388.2224298715591
1tDrnh_iHWYNJtjEY9q1dRRvMJWHqfPBE,Natal_Plum_669_aug_00423.jpg,2,21789.25,21789.25,43578.5,0.0,952.1492756605148
1VjBrO1vM2kBVGt7VxHAiSkJpm-wQ42lW,Natal_Plum_109_aug_00422.jpg,10,4685.15,14038.454090550711,46800.5,0.0,1100.776692032814
1nuoZ7Qmt_jI2uHqQaPh4K8DXPGcLZ9Ye,Natal_Plum_205_aug_00426.jpg,12,3565.9166666666665,11750.061595287727,42536.0,0.0,1227.494509100914
1gNSP4gHSyhvktU4LgMhg4dRj4FQup0dz,Natal_Plum_545_aug_00425.jpg,9,4679.555555555556,13233.837361191543,42110.5,0.0,1327.57776927948
1R4mcbiVmZyCzT07avWGwPwUGYzhdl9jG,Natal_Plum_126_aug_00421.jpg,9,4990.722222222223,14097.688333180948,44865.0,0.0,1153.00208735466
1fSu6CkNVET0y9ic_Ys5tBT88O24vOxlz,Natal_Plum_687_aug_00418.jpg,1,48271.0,0.0,48271.0,48271.0,931.3380932807922
17TK1HbsjggHsgqp8neZzxivjV2kCWJOy,Natal_Plum_643_aug_00419.jpg,2,24739.0,24739.0,49478.0,0.0,1015.8233746290207
10mMI-51LiJZlWvvrhoyTmkhiYhHQEYjs,Natal_Plum_463_aug_00415.jpg,42,1060.845238095238,6735.087012454589,44186.0,0.0,2022.2266060113907
1GwmvMrLcIqbGbKGtDSxPwErYqV1IgpfJ,Natal_Plum_635_aug_00417.jpg,2,22810.0,22787.0,45597.0,23.0,1212.8427073955536
18D4Wml3FN58-HKtBNCiWetA_ooija9Bv,Natal_Plum_166_aug_00414.jpg,13,3395.230769230769,11635.041189665257,43698.5,0.0,1216.156415462494
1_Jlrb98d3E2ticUI5m4zcmD7cV0JIClQ,Natal_Plum_166_aug_00413.jpg,8,4962.3125,13018.425132618528,39405.0,0.0,1069.3452335596085
1kh1Dket7-KK2kfufmKQg9gMDV6kCG0bH,Natal_Plum_310_aug_00411.jpg,8,5923.25,15667.477951955127,47375.5,0.0,1149.7888845205307
17w5xis3V-hjddR5dAOlSBzYYjRp1lKqk,Natal_Plum_2_aug_00409.jpg,7,6588.357142857143,16129.949242047242,46098.5,0.0,1118.3990564346313
1l2YZZ2QqXWgbu7jaHg7LCfGqIpW3qgaH,Natal_Plum_179_aug_00412.jpg,3,16273.166666666666,23003.127216146553,48804.5,0.0,1176.6345559358597
1QOKc-khrAKbdi8FnxOBYYcPrQ-3DRmF8,Natal_Plum_394_aug_00408.jpg,1,44667.5,0.0,44667.5,44667.5,906.516806602478
1e0q479mW1ZFt2D69eo5gK464LUMsoOUy,Natal_Plum_669_aug_00410.jpg,12,3833.6666666666665,12711.366624884291,45992.5,0.0,1473.518893957138
1x-42p5iO0kSLj4jjONtxfNnZTig91au9,Natal_Plum_386_aug_00406.jpg,1,49550.5,0.0,49550.5,49550.5,952.4680362939835
14q1R89Zg9RTeu1mMr1J1oSXmAlbg8Svb,Natal_Plum_195_aug_00405.jpg,35,1123.9714285714285,6481.763754612802,38917.5,0.0,1618.5138417482376
1NpdrbDOY5sl--lNnjzpZZ7QMuBeu0Zys,Natal_Plum_669_aug_00404.jpg,28,1544.0,8007.178228225685,43150.5,0.0,2014.3616008758545
1tjaouJEEuEsFNGmRH4QgNt4KevkeWO1d,Natal_Plum_310_aug_00403.jpg,8,5121.9375,13544.192577996067,40956.5,0.0,1003.5462437868118
1zfgaxp32OGZDr546CGE4ArXKG2q-VTmn,Natal_Plum_586_aug_00407.jpg,27,1473.0555555555557,7312.597364129694,38751.5,0.0,1723.1483972072601
1Vaw7TM4r-1pEXZl_Q5ZuRRY1u-SBW23Q,Natal_Plum_261_aug_00401.jpg,16,2933.59375,11297.683154659893,46689.0,0.0,1529.9036699533463
12DnEVq8A6yFCtfta80Fy02Kl_Ki7i_oz,Natal_Plum_90_aug_00399.jpg,9,5125.277777777777,14492.585786668664,46116.5,0.0,1101.6883795261383
1sTROqbbEyGu-2D69-_PAznwVRh1xvtSU,Natal_Plum_627_aug_00400.jpg,62,711.3870967741935,5300.573803706838,42070.0,0.0,2587.6895896196365
1vCrp7jr9a4gGm0QmvAgbjcNo76zFU06t,Natal_Plum_566_aug_00398.jpg,6,7968.5,17816.31883742168,47807.0,0.0,1329.1269780397415
13nQG7nHEIAEBW4mtNaWAqq4cZPbW-Uwy,Natal_Plum_256_aug_00397.jpg,17,2485.676470588235,9920.960278683262,42169.5,0.0,1241.6782746315002
1Og73Pc05Sz35nl_-tGc9_Q7MEr2BznX0,Natal_Plum_359_aug_00395.jpg,2,22207.0,22206.5,44413.5,0.5,1037.1269780397415
149t2FualroWAfHf44DLr0PeC9KeMruW3,Natal_Plum_474_aug_00387.jpg,9,4997.0,14117.38887959731,44927.0,0.0,1352.607206940651
1u-iO_xUUt9ygGImxcnFbDsfplHnjI3hl,Natal_Plum_215_aug_00393.jpg,7,6316.0,15460.161219358983,44185.5,0.0,989.8721449375153
1lmcFQCInFBt9-ByLcMqvHk8HYNQ28k1q,Natal_Plum_452_aug_00391.jpg,15,3148.9666666666667,11771.531719175528,47194.0,0.0,1305.8548995256424
1IQEOX2OfF8IzTW3dCvcV3u7IwnoFA7XW,Natal_Plum_147_aug_00392.jpg,10,4643.55,13927.316772174747,46425.5,0.0,1095.487368941307
1TnvJ1tHXr2bevxs6IJAZllB5c_BZNjEd,Natal_Plum_687_aug_00386.jpg,1,42129.5,0.0,42129.5,42129.5,926.3502861261368
16e5Xb1rn0kTUKw3UNEMHjRF2SYAWNjAC,Natal_Plum_463_aug_00389.jpg,2,24529.25,24522.25,49051.5,7.0,1079.5218584537506
1VbSiRPxi4__wL8BnTLaApyactc6jW95P,Natal_Plum_394_aug_00390.jpg,2,19875.0,19875.0,39750.0,0.0,1151.1269780397415
1nBK3J6ewN9fFjnIYxSKdiH_B9cZeEIYR,Natal_Plum_189_aug_00388.jpg,13,3458.8076923076924,11807.00856163644,44356.0,0.0,1289.4528789520264
1T95VDgt93JjmAqbeisKGef5zVC13KmDC,Natal_Plum_126_aug_00385.jpg,31,1530.3548387096773,8325.471358537692,47130.5,0.0,1441.2934983968735
1qrdtyHiPqIx7sumjJoeaCkDXX6TM3_wp,Natal_Plum_109_aug_00383.jpg,10,4763.65,14285.117306221184,47619.0,0.0,1163.6295037269592
1isR3bFgL3U688ZluEBi0pAy0eSMho-cK,Natal_Plum_643_aug_00381.jpg,25,1511.2,6990.422502252636,35703.0,0.0,1782.3960901498795
1cgA7O0ODuZBImR-h1oQHzyFFWGxGeDFQ,Natal_Plum_249_aug_00379.jpg,7,6426.714285714285,15689.146339012164,44857.0,0.0,1074.4751764535904
1c35RGk5TGraTt4331UESxjRozUEMXR15,Natal_Plum_408_aug_00378.jpg,7,5566.428571428572,13617.56618287196,38922.5,0.0,1178.4650716781616
1hiyyOmRDSN3P35ANrnS28KTTs7rHCwG9,Natal_Plum_499_aug_00380.jpg,5,9148.2,18296.4,45741.0,0.0,1046.0731555223465
1PhlXvP0wbse2EqsV5X6rEEA2_WBYJEdd,Natal_Plum_365_aug_00377.jpg,1,44880.0,0.0,44880.0,44880.0,920.6173117160797
1Z2puRgNoKSmfQJgG7rIH4kgKWSvfCw3I,Natal_Plum_215_aug_00375.jpg,5,9189.4,18131.273243763106,45450.0,0.0,1157.7300089597702
1HJNmug7wCu_BqDohaxjpOxIMXQtKhCBk,Natal_Plum_256_aug_00373.jpg,18,2662.0833333333335,10882.889792199803,47532.5,0.0,1651.300637960434
1EGt_ZUgqv4JXxIgCPpD_JfIa8Moe0zrT,Natal_Plum_384_aug_00376.jpg,7,6368.928571428572,15599.604593039649,44580.0,0.0,1195.7960245609283
1FzhOAiU84NfBp3_bgyZmng-i2jhmq3tE,Natal_Plum_635_aug_00372.jpg,5,8178.2,16356.4,40891.0,0.0,1161.813269495964
1YLJA_ymlD7Bw4SFN-1jU1VRxSMAEMP-F,Natal_Plum_351_aug_00374.jpg,13,3144.3076923076924,10878.492248360208,40828.5,0.0,1359.5432794094086
1QW42lUHt4beItwcIUSvCkOp2esku68x7,Natal_Plum_237_aug_00368.jpg,11,4045.3636363636365,12752.922683003988,44373.5,0.0,1215.293498635292
1adh0RI9P6R0pcSVMXcRem9iiG_4TembM,Natal_Plum_394_aug_00371.jpg,1,41270.5,0.0,41270.5,41270.5,945.1787128448486
1vy55UpYpvyBhbyhoafxHqydIcD9V55YW,Natal_Plum_215_aug_00369.jpg,10,4344.4,12938.733376571294,43160.0,0.0,1150.7594472169876
1dTtro-njHeZ3u0MKeARJYVa_RpUKcNk-,Natal_Plum_489_aug_00370.jpg,18,2393.0555555555557,9851.909935936405,43013.5,0.0,1519.0579980611801
1gKDVYST9PZYKT8lgPBFekvJA8F2kwGpa,Natal_Plum_489_aug_00367.jpg,2,23324.75,23324.75,46649.5,0.0,883.3797236680984
1RnTtkwb9IVR50SSgjaVY4QlZtnI7H6aa,Natal_Plum_249_aug_00365.jpg,4,11798.0,20282.805079056496,46928.5,0.0,1054.4507912397385
1QUIJzDJneZ6-we7SGTd4ZVdNrFKrdzIs,Natal_Plum_384_aug_00366.jpg,22,2142.2954545454545,9804.576637351895,47072.5,0.0,1527.359513759613
1y7rh76HrjMXwejPfcNzFp5I6tgZ7I6Pe,Natal_Plum_474_aug_00364.jpg,24,1994.875,9546.967336160124,47780.5,0.0,1658.2295707464218
1f0gQua0GGVr1otKI-Rz5ji18TXxUZYsi,Natal_Plum_586_aug_00362.jpg,1,40370.0,0.0,40370.0,40370.0,925.7056241035461
1ksTjhx0TG7t5RIAJ9PxjR-EB0WgqAB1G,Natal_Plum_90_aug_00359.jpg,6,7858.0,17559.620689240415,47122.5,0.0,1038.877197265625
12JJgaNuo6E0dcznpEYTW44A4fA2Z5rZM,Natal_Plum_166_aug_00361.jpg,5,8027.5,16053.500042046906,40134.5,0.0,1022.3157956600189
1XBdRklmDS8kXRIc-ndIvDYrARTYNUpp4,Natal_Plum_499_aug_00360.jpg,7,6527.0,15977.818937514594,45664.5,0.0,1145.161467909813
14bFyxEi6S03UQGx29Pvo6FEqu0po9p5i,Natal_Plum_375_aug_00357.jpg,8,5949.5625,15718.765374619717,47537.5,0.0,1221.2863583564758
1C2e1XszE14IMDE9n5fGxTQFeKAfPP3MX,Natal_Plum_90_aug_00358.jpg,9,5409.055555555556,15297.17493425292,48676.0,0.0,1275.2863582372665
1l3UOL1TLRRacDp2dqaFuR0pR2_4q0BIf,Natal_Plum_386_aug_00352.jpg,2,23916.5,23916.5,47833.0,0.0,1122.901582121849
175OQISF2zMAyT42V1oDtgdwsQKW_FRWR,Natal_Plum_126_aug_00349.jpg,35,1342.2571428571428,7754.217667429613,46555.5,0.0,1446.7493424415588
1_NZG1od6JKwEjrxxCAadhpIeYIgwRK9-,Natal_Plum_126_aug_00351.jpg,15,3248.1666666666665,12144.17300692897,48687.5,0.0,1276.6000666618347
1U8oJJWj1JNRkkB_BMDgSq4tZRq-3TA6M,Natal_Plum_643_aug_00350.jpg,37,1095.2027027027027,6224.604940746929,38390.0,0.0,2178.226605653763
1ixZ-UDZ9pgTn7t1Ozvd1j-8bOu5OaGsX,Natal_Plum_489_aug_00348.jpg,11,4052.9545454545455,12813.247385659723,44572.0,0.0,1770.0113153457642
12BbZa-sodj_02uPBA0zUJIkt-JOq_ZVg,Natal_Plum_2_aug_00346.jpg,16,2661.875,10280.75378969728,42479.0,0.0,1541.1168731451035
1uk-3qNRkeNKk6AG2YIQINejUijk8ZqR2,Natal_Plum_545_aug_00347.jpg,11,3549.818181818182,11217.7641717232,39023.5,0.0,1681.1656441688538
1Vo-udfEfua-7x1Ehl5q6DG5FtgoHWoSA,Natal_Plum_365_aug_00345.jpg,1,43261.0,0.0,43261.0,43261.0,975.4213538169861
1jl_AUvFcE6TqWWI6eljRJuvvhxVqFzi5,Natal_Plum_555_aug_00343.jpg,29,1476.7413793103449,7580.9643022560695,41575.5,0.0,2237.103802919388
1YNc7gkxBV6FShfbbuEB01wolGwlANMHF,Natal_Plum_555_aug_00344.jpg,61,715.5819672131148,5338.526189738818,42046.0,0.0,2754.265271425247
1Fhw1VqtoamFo1mYXEjivdH5T4gWv5gNm,Natal_Plum_566_aug_00341.jpg,6,7840.666666666667,17532.040049736243,47043.5,0.0,1234.3818105459213
1c0GEU3CBncbLWjX3Xouu43UTiY9j5Qr5,Natal_Plum_90_aug_00340.jpg,14,3139.535714285714,11267.79878754416,43766.0,0.0,1303.962544798851
1GfHbZ0RIQl8to2AVW0jR1K_qT-jXZGgA,Natal_Plum_249_aug_00339.jpg,19,2417.5526315789475,10202.274468927759,45702.0,0.0,1424.4478261470795
1WSpExPAOViWxXt6vR230zB_VsHBZjvrd,Natal_Plum_489_aug_00338.jpg,10,4685.4,14039.036763254093,46802.5,0.0,1416.7493418455124
1mW95PSB1UeYJBsym3ug_P9DWgjN_cy8i,Natal_Plum_147_aug_00331.jpg,2,22816.25,22816.25,45632.5,0.0,935.605119228363
16b1QQdXgxYnu60btLKtiPwaMNT8FWQiz,Natal_Plum_520_aug_00336.jpg,7,6639.214285714285,16262.483169766505,46474.0,0.0,1309.7371493577957
1pK69Dd9O8wE6ZsAEr2vO3-KByal8he3v,Natal_Plum_408_aug_00334.jpg,5,8349.9,16699.050010105362,41748.0,0.0,1011.8305147886276
1IFVD-ERQqCJtwfBPoMNsL12zBqdtJW4_,Natal_Plum_359_aug_00332.jpg,1,47245.0,0.0,47245.0,47245.0,953.4802287817001
1LX_bYLc2sl-N5prV68plkx2jJa-6LcJ-,Natal_Plum_566_aug_00330.jpg,25,1619.64,7917.338298342442,40406.5,0.0,2106.469246506691
19qie0r4TwMSuVVkvRBDpunLKELPcUxfv,murraya_paniculata_158_aug_00299.jpg,156,244.87179487179486,2969.467394223805,37212.0,0.0,5192.368196249008
1XfQv-GYNeWLpxKdmIquT9UkikwvBlufR,murraya_paniculata_1497_aug_00297.jpg,59,717.228813559322,5419.259270105777,41989.0,0.0,2808.8094276189804
1n72_poKu24qj3G2qnnEkci84QbVWpZ9_,murraya_paniculata_191_aug_00298.jpg,3,14843.833333333334,20991.996865207675,44531.0,0.0,1260.4478266239166
16lMY9wnJw0JT7_tC1FQhFqnmIYmyoCWZ,murraya_paniculata_1196_aug_00294.jpg,32,1359.5625,7564.066330302687,43474.5,0.0,2630.5322967767715
1Eo8sOTDLU_VbRCeVMfu6XrIQlY9XMw6I,murraya_paniculata_1430_aug_00296.jpg,56,747.9107142857143,5511.673200149148,41623.5,0.0,3403.3161281347275
1ifgEV0Vnr3L3ZbP6Yzzls87lL9RTZbL7,murraya_paniculata_702_aug_00295.jpg,147,229.3095238095238,2729.3924639417874,33207.5,0.0,4552.028015732765
1KIS5Ezcd4B3SMYsJlUcOWIWSs4kBPVJB,murraya_paniculata_814_aug_00293.jpg,5,8838.8,17677.100004242777,44193.0,0.0,1465.3077787160873
1IVIaNoHThZdvnfacExnQ3py8qELjnloF,murraya_paniculata_119_aug_00286.jpg,311,94.7459807073955,1533.3291831916765,27076.0,0.0,6990.141045689583
1Dt7TrZ_jaqU7Bp5dq7ErTt7KXIMW91G7,murraya_paniculata_991_aug_00289.jpg,146,252.76712328767124,2823.7028062871964,34207.5,0.0,6132.514507293701
1y0VLh9_Vs1NlADmh8ZJ9bGEtEcegkLIz,murraya_paniculata_28_aug_00290.jpg,94,471.00531914893617,4522.565330376655,44085.0,0.0,3983.881705403328
1CgnN8Wk2Jl0jGUHj2L7ZnrE7nSo2sS5I,murraya_paniculata_497_aug_00287.jpg,26,1765.8653846153845,8817.428776137822,45853.0,0.0,1724.3544605970383
1miDlif8vv0aqPaPMxPyZzFCRVvDcvK5e,murraya_paniculata_1416_aug_00288.jpg,32,1362.25,7559.637301154071,43452.5,0.0,3372.6298364400864
1coZJgB_Hzv5kUkexKBZLB_qzjys2nSrB,murraya_paniculata_557_aug_00285.jpg,57,744.0,5554.4921925900535,42310.0,0.0,2923.149608850479
1L8wpLf-2nW8dn2rE_9z978mBiBmaGBnX,murraya_paniculata_1410_aug_00284.jpg,11,3564.7727272727275,11263.948047085356,39184.5,0.0,2142.3342505693436
1PmNIbYFJpNHeKPwppxlZO0n_yD2Xw9PY,murraya_paniculata_290_aug_00283.jpg,41,1028.1707317073171,6488.336941276524,42064.0,0.0,2506.674432516098
1ZSfTbHXIhD2OOOO3dEJ7tz-FYNRkf6UL,murraya_paniculata_315_aug_00282.jpg,326,99.35276073619632,1731.382887688544,31311.5,0.0,8162.061961650848
1XP6SigSSxVguiIEAb7LuDRKJZSWBOooJ,murraya_paniculata_395_aug_00279.jpg,12,4058.875,13459.654883708634,48699.5,0.0,1481.7026592493057
1gcEo2Sym8GGnFxK9J_09oO5z-QZ9JcSQ,murraya_paniculata_1410_aug_00281.jpg,17,2610.235294117647,10429.06766336232,44326.5,0.0,2559.797234892845
19M-AxbNZJ9AgW0Vjg1Jl7zhEodO5vJXw,murraya_paniculata_802_aug_00278.jpg,12,3245.0,10762.447444703272,38940.0,0.0,1181.317883849144
16piHFej6tRGZTXw3suUwuC8M70TbKwyG,murraya_paniculata_68_aug_00280.jpg,36,1040.1944444444443,6136.128374994577,37342.0,0.0,2341.939370036125
15yivnSodlbKtS96-XAdc4q7iz9sT4fpa,murraya_paniculata_1120_aug_00276.jpg,20,2099.95,9149.569928280784,41982.0,0.0,2054.0672249794006
1G50pL2uFxqVebdfifQyglf5eyNn15-Dq,murraya_paniculata_422_aug_00275.jpg,105,338.34285714285716,3442.9817402073686,35450.0,0.0,3042.8064628839493
1vydW4NM2u-RzIHAhZhzB8hEBmKE-rJrK,murraya_paniculata_528_aug_00274.jpg,37,1127.0945945945946,6542.52640973905,40363.5,0.0,2246.7606571912766
1UyS-OSoGiDAFHceUJf09UTyDFdpfJB3O,murraya_paniculata_234_aug_00277.jpg,26,1598.0961538461538,7985.181045367281,41524.0,0.0,1800.7463772296906
1kcnuFPe4Pvl8AyIqdUDx7jpbiN2Ztejq,murraya_paniculata_1124_aug_00272.jpg,22,2019.6136363636363,9247.286491344143,44396.0,0.0,2099.8245853185654
1I-ZFTsOMNNXK9iocEjapLKdBMPvKXQET,murraya_paniculata_917_aug_00269.jpg,34,1319.2941176470588,7542.93586265989,44650.0,0.0,2346.8855481147766
1BuO0xz6dMrB2EBKaxNfuQl6MtjDLo0ly,murraya_paniculata_224_aug_00273.jpg,64,535.921875,4202.713901102654,33893.5,0.0,2967.6105031967163
1Z2ZDnKF7Vv2Q00JoYKJRFBk6Z7hOtywT,murraya_paniculata_307_aug_00268.jpg,69,629.463768115942,5089.419355081251,42595.0,0.0,3390.110063791275
1Ptk0Tz5f1cFpSRMUxb5rh6BClSkEsj53,murraya_paniculata_28_aug_00270.jpg,37,1147.162162162162,6806.969895841514,41988.5,0.0,2856.507910490036
166v-UUtILugyua54nJXod1Abj9U6szv_,murraya_paniculata_328_aug_00262.jpg,5,9042.5,18083.75002592106,45210.0,0.0,1248.5655770301819
1jdxowbR5vEOKECVPYx3648q_sukJUJZW,murraya_paniculata_1414_aug_00267.jpg,204,124.93382352941177,1676.4944326273437,24007.5,0.0,7773.392912149429
1z7pEbjT_affgUMWWdaCYCaWM1ISyVeox,murraya_paniculata_1176_aug_00265.jpg,23,1914.304347826087,8962.79009807521,43953.5,0.0,2011.949475646019
1_6qxsNdUnYNJLNTkajSizDbkVcFtsr0E,murraya_paniculata_850_aug_00266.jpg,5,8570.1,17097.71523449844,42765.5,0.0,1590.4133355617523
1VbquU3Sv19INSyNTDtCSxlcsz4r29XsG,murraya_paniculata_158_aug_00263.jpg,203,163.5960591133005,2295.460073739522,32788.0,0.0,5686.6911326646805
1iFLTMHNfomDkuicUcp6kVi02YndWtmy0,murraya_paniculata_936_aug_00264.jpg,171,212.56140350877192,2629.40497305217,34486.0,0.0,6088.975403785706
14KnVDERgoxiZTiC0WF-7yASHl5bZLeoO,murraya_paniculata_234_aug_00260.jpg,28,1362.1964285714287,7064.713728073495,38071.5,0.0,2156.7606579065323
1o8q7F5UvWVteN_XwjZJOVp5kc-uPN246,murraya_paniculata_983_aug_00259.jpg,6,6990.0,15628.54992740316,41936.5,0.0,1251.8864251375198
10caNC6RKNLfLCoEPUpMumoVg-Jou-I1T,murraya_paniculata_1412_aug_00261.jpg,45,936.4333333333333,6185.06677912391,41963.5,0.0,3736.23495554924
1ObSwyPpBelHOWyPsiwQr-7Wx7-2QldA0,murraya_paniculata_1416_aug_00258.jpg,180,176.70555555555555,2280.433700703107,30684.5,0.0,9026.6935505867
1HTfPc-FhsIExLTmWxKpK5z_gT388rUHB,murraya_paniculata_173_aug_00257.jpg,31,1444.2903225806451,7898.473243418827,44706.0,0.0,2118.861162185669
1ffTSOuGo6WW4tTMgFg5IuN6jHth9xqQz,murraya_paniculata_1508_aug_00255.jpg,377,84.71485411140584,1512.2078884431005,29394.5,0.0,8916.641817688942
1ECCz2CJ9r__shVVslzWzzpvZQ1UII_vf,murraya_paniculata_1309_aug_00253.jpg,22,1704.0454545454545,7798.119825708996,37439.5,0.0,2029.5474543571472
1Q3Fbf0dixqXi7oVZN1MV3swj5vEty_DG,murraya_paniculata_1416_aug_00256.jpg,31,1313.2096774193549,7137.152292840378,40404.5,0.0,2136.9616684913635
1vOgJjn5VOSNyCbutZx8RPP2ayu5neUPE,murraya_paniculata_58_aug_00254.jpg,28,1452.8214285714287,7544.078644414588,40653.0,0.0,1689.9007052183151
1iNFzfAIdrmMDKgUeFEHVWFf8qinhYJZK,murraya_paniculata_305_aug_00250.jpg,14,3266.3928571428573,11776.453565390819,45727.0,0.0,1394.330076098442
14PqrLoCv0y2mSfPBqbVI81X8ewxnQIxp,murraya_paniculata_1439_aug_00252.jpg,18,2238.3611111111113,9221.481441006157,40259.5,0.0,1490.6631172895432
1SRhn7Q9w4qV7YDQGgpNtLdWsjbmE8frA,murraya_paniculata_468_aug_00249.jpg,443,74.00225733634312,1477.4816407882151,31130.5,0.0,7324.817233324051
178ux66HN4sNDqS6saCEvaDwNCEN5r3Xx,murraya_paniculata_476_aug_00248.jpg,2,24718.75,24718.75,49437.5,0.0,1103.8893901109695
1CW6_NzJaCXWTBKkbhfiVIMiRZ0OT_wVX,murraya_paniculata_383_aug_00246.jpg,18,2293.6666666666665,9449.269156042352,41254.0,0.0,1549.5920497179031
1EjuwdurUpZyQZwasMpjrmpcHnJlcjvSh,murraya_paniculata_803_aug_00247.jpg,47,780.563829787234,5283.5016088996235,36615.0,0.0,2752.563821554184
12dMIY5YOTts_-bgYULkmGsu1bHgeVyZM,murraya_paniculata_702_aug_00245.jpg,4,11927.0,20658.169981873998,47708.0,0.0,1222.5239466428757
1DwfUo46hBNcca7futR4r1w7OpFYHRsly,murraya_paniculata_482_aug_00243.jpg,62,673.3467741935484,5246.973254686251,41653.5,0.0,3102.7892183065414
19JzBRFkFdYgbcliBbeUq_J2EJfhMyAYG,murraya_paniculata_1096_aug_00244.jpg,162,221.71604938271605,2576.3753146551917,32838.0,0.0,6850.258796930313
1ixRKJp9nd_jccmm4OLQHANzJwlZWWwbm,murraya_paniculata_917_aug_00241.jpg,80,494.4875,4369.963893568658,39335.5,0.0,3755.2370434999466
1d9Jc08nNrFS6-Ca6r1Cp1cTi9rpwjgle,murraya_paniculata_917_aug_00238.jpg,8,5376.375,14219.63819588512,42998.0,0.0,1303.862039923668
1G-CZBt7Asx25IO5A_Dss9MgmNRZTgwTc,murraya_paniculata_497_aug_00240.jpg,1,43548.0,0.0,43548.0,43548.0,839.9655101299286
1_xOn6o-0gZ-pHTzOgTx1a4ovpFUQzDAR,murraya_paniculata_290_aug_00239.jpg,77,539.6688311688312,4685.805715004492,41389.5,0.0,2958.7892186641693
1ovRVAGDkJQ949ldLXJJVeU1B_QjSqr-H,murraya_paniculata_759_aug_00236.jpg,18,1984.9444444444443,8160.7357390414945,35632.5,0.0,1949.3809336423874
19Ox4xWGrB2cUs7kJZVkBDN6Oj5WDsMko,murraya_paniculata_516_aug_00237.jpg,24,1627.2708333333333,7529.371098929797,37718.0,0.0,1970.6286265850067
1nbipqcvjkZweP_zIU8aKllxbTSUsr-TE,murraya_paniculata_58_aug_00235.jpg,25,1865.98,9134.457910002102,46615.5,0.0,1925.9423352479935
1ug0GnGFpKKglGEsG8L1oqus_jQ_U-zGb,murraya_paniculata_42_aug_00234.jpg,88,514.3238636363636,4784.376206157304,45140.0,0.0,3342.8136019706726
1733IQxJ3zJrRD21c_1C8D33UBS16B0yu,murraya_paniculata_549_aug_00233.jpg,55,783.3818181818182,5580.663037313134,41779.0,0.0,2525.4784737825394
1BO8YoaMD-dnfCcuZ7wYfZtMA3itVdb5c,murraya_paniculata_1402_aug_00232.jpg,283,96.68551236749117,1223.8577388957942,20303.5,0.0,10536.334369659424
1ADfPM7KZ5dwIMzOeiKnXTr3YnwvyNaKo,murraya_paniculata_1124_aug_00230.jpg,33,1375.378787878788,7756.818054704679,45254.5,0.0,2585.436844229698
1RIeKN3AiDls3yATEXvysbU0wfH6SPHr4,murraya_paniculata_1120_aug_00231.jpg,10,4553.7,13658.933360991261,45530.5,0.0,1579.283392071724
1O60n_wFEZdDzhMAaRIDBV_0YRp2W_ke_,murraya_paniculata_976_aug_00228.jpg,18,1961.7222222222222,8060.171512550362,35194.5,0.0,1623.4742994308472
1Nwd-ws_8-PL8gRtGfyGd_2tNILiOaku3,murraya_paniculata_1050_aug_00223.jpg,104,355.24038461538464,3588.695532489145,36776.5,0.0,4346.22188770771
1i2FLRie7iI6Ij2genqqeEXrplnzkWG0b,murraya_paniculata_796_aug_00229.jpg,7,6789.857142857143,16630.46068796284,47526.0,0.0,1340.2051857709885
1OnDmchHIzoE_xwJQS9Jr11k01qQYh9oW,murraya_paniculata_908_aug_00225.jpg,115,341.5,3540.9725929958604,38145.5,0.0,5088.218920826912
1LtJX0aUOTHenAkqOfdji9uFdxjDMGaUa,murraya_paniculata_252_aug_00227.jpg,28,1588.8214285714287,8244.98186476205,44431.0,0.0,2128.434756875038
1G08VlMMnOhBUUmvgfbdgf7zMn1c8jd1p,murraya_paniculata_1243_aug_00226.jpg,266,93.0375939849624,1225.6724096305463,19902.0,0.0,10805.849090456963
1_nfSkWoiO0I90szxkxH7v5SOhz-zEzWp,murraya_paniculata_803_aug_00224.jpg,6,7110.5,15899.11414460986,42662.0,0.0,1264.146311044693
1dbZiE8saauwnfap_PWiW5MEQTkNMykN8,murraya_paniculata_250_aug_00221.jpg,23,2077.586956521739,9712.034720154272,47631.0,0.0,2063.3981783390045
1qYazEAdG1d-JFYtcDxB-LTfv4CwGlVrU,murraya_paniculata_1383_aug_00220.jpg,63,657.547619047619,5152.710577102426,41230.0,0.0,3117.284603238106
1WGZSbkBnoN-1UsmvCuoI_na3BczS7eVi,murraya_paniculata_61_aug_00222.jpg,37,1267.5135135135135,7590.83336991515,46812.5,0.0,2610.650047302246
1pr3suKFHMY9r_V6pjL_I8nS6CyEpbGkb,murraya_paniculata_214_aug_00219.jpg,112,343.5669642857143,3607.6498524065983,38352.5,0.0,4441.944756150246
1AYjCf63o0ANu7MczMDIbYF23raKxPSNr,murraya_paniculata_924_aug_00215.jpg,5,8724.2,17448.4,43621.0,0.0,1109.3523737192154
1ZEQ6G5jDvhpsXnmmRzXDx37kebCfrFHO,murraya_paniculata_892_aug_00218.jpg,118,318.0762711864407,3354.6638699910586,36601.5,0.0,4987.255498766899
1SAnRFmxrWCvWbng2OeYDnn6DyR1N4l97,murraya_paniculata_996_aug_00214.jpg,102,374.29411764705884,3681.0329994318954,37367.0,0.0,5304.995614051819
1tvzQIownBAGmNsVhO4sjy68qWD7ky11N,murraya_paniculata_425_aug_00216.jpg,461,69.83622559652929,1397.6664118747842,30036.5,0.0,8388.603152632713
1SvDUDsHiRRO--uyvwbuasq_SpfNRyBGS,murraya_paniculata_90_aug_00213.jpg,3,15257.166666666666,21576.892023386707,45771.5,0.0,1058.4579313993454
1FxQnP5ONHVyo4UXLDYAZqw5fnoFl0g9z,murraya_paniculata_425_aug_00212.jpg,62,603.6290322580645,4701.43497649275,37323.0,0.0,2774.3556718826294
1SFjapGlHAMCrlg0udbPWwg-tmHtKFGZ4,murraya_paniculata_158_aug_00211.jpg,9,5153.722222222223,14576.574176684833,46382.5,0.0,1549.81030523777
1c0OVVwjDyt9QZDMh93-2jY-SL6Q2zBZS,murraya_paniculata_702_aug_00209.jpg,16,2473.4375,9578.420387574026,39570.5,0.0,1656.0184557437897
1bWzvE9oDS_q-XVIJ4eMxVhh2RVurogSy,murraya_paniculata_1376_aug_00210.jpg,207,95.05797101449275,708.173954121702,9967.5,0.0,9335.223422408104
1JsCm8mk3K5YosGcAPQoSMbZKDH-E1SGA,murraya_paniculata_1172_aug_00208.jpg,132,252.29924242424244,2799.1262711862214,32288.0,0.0,7061.035487294197
1mYDOdCIgZ-BIgLLEyWziHdNKWl-6O-OJ,murraya_paniculata_1243_aug_00205.jpg,38,1159.828947368421,7021.863144265461,43872.0,0.0,3415.049102783203
1O1KxVg8tBH-hA9FkNVE-w8UjQ6laZ3bm,murraya_paniculata_639_aug_00206.jpg,301,115.4485049833887,1963.4224187689063,34122.0,0.0,4827.97628235817
1dLHSKOPkSIumvKq7xCW6TSbrRb-_oK0y,murraya_paniculata_1042_aug_00207.jpg,29,1489.0172413793102,7874.886694841984,43159.0,0.0,2109.079417705536
1_wAb299Csuhn9ljuegdMn5FJQr1PTymg,murraya_paniculata_240_aug_00202.jpg,47,954.8510638297872,6456.6565905956195,44746.0,0.0,2773.6206097602844
1sEv19Tv7VRE9S7bScQP4YdBAWp8oy4DW,murraya_paniculata_744_aug_00199.jpg,2,22096.0,22096.0,44192.0,0.0,1100.298551082611
1143Z9Uo1InvKkmu_-at-l-G-Q4PClwp3,murraya_paniculata_1505_aug_00204.jpg,46,902.1847826086956,6031.335591290575,41361.5,0.0,2771.42673933506
1RhawuqG-OXJm0C9omwvGK1W0cBtri4b2,murraya_paniculata_383_aug_00197.jpg,424,67.33018867924528,1267.7443619100347,26125.5,0.0,8219.649836063385
1BZwS_wXxg3c57Ge78UhS0dO2il3ssvYR,murraya_paniculata_1253_aug_00201.jpg,29,1380.3275862068965,7297.771020443516,39996.5,0.0,2642.515051960945
1yc_RUiDBiWhMm3Jw1icgCj8EXmJEEgu0,murraya_paniculata_1508_aug_00198.jpg,264,109.06818181818181,1626.9208941217848,26453.0,0.0,7013.503525257111
10H1UNh1HSN8TJ78QbvlnPDjmg6jM7k_Q,murraya_paniculata_1049_aug_00200.jpg,59,711.6186440677966,5406.7249927234625,41888.0,0.0,4042.567996263504
1XqQfE0-9f1lSlvygk9MuyyDCLS-KoBct,murraya_paniculata_242_aug_00196.jpg,380,66.89736842105263,1023.1399072120668,19814.5,0.0,11372.7994440794
1PdFrNkDsNGzBWiLCAX-g2FVwA4YRDyew,murraya_paniculata_172_aug_00190.jpg,2,21766.0,21766.0,43532.0,0.0,964.9259679317474
1-gi4zq31nBLmZU6Spqp5YQ0EVBxZPgNO,murraya_paniculata_28_aug_00194.jpg,24,1948.3958333333333,9324.796743740098,46668.5,0.0,2184.1332420110703
1NuFhw0USWsiE4pNmFGVL6tJNLHoFcQyn,murraya_paniculata_796_aug_00195.jpg,3,15388.333333333334,21761.329043103553,46163.5,0.5,1203.151363492012
13Qok2Bx5qtlKmKDkTUIS5okTuYYZn25P,mix_668_aug_00425.jpg,9,4782.722222222223,13523.869308068915,43034.0,0.0,1298.766587138176
192iURRvkwEVFrRL42T8dQupwpgh3YCt7,mix_497_aug_00428.jpg,8,5459.875,14433.944843125008,43648.5,0.0,1071.8721446990967
1QiAKkn9tuRKU7yCvVKGXG6jMaeSHT71_,mix_338_aug_00426.jpg,29,1472.4655172413793,7790.893720512955,42698.0,0.0,1998.4520007371902
16ANmxGQW37oaMFu46MwAcHau0tbtsUp6,mix_306_aug_00424.jpg,19,1913.5263157894738,8111.570132376677,36328.0,0.0,1593.4499131441116
1x-04WdJ5-ErP7lM11mql18usQxSMZsPp,mix_434_aug_00423.jpg,2,24216.25,24216.25,48432.5,0.0,913.012192606926
1WwdvkYwNwE8YBqZNuA8k6uTSqYbF7KiM,mix_488_aug_00421.jpg,42,1102.0238095238096,7047.261545951886,46226.5,0.0,1642.3960914611816
1iw-mYGClLPKdOub-4gH4Om8E6-YjpNim,mix_586_aug_00422.jpg,19,2411.9473684210525,10232.554640504693,45825.0,0.0,1367.8620402812958
1N81OTuBCBl6nsLVQu7saKuWiUDgiXjuG,mix_932_aug_00420.jpg,11,4372.954545454545,13822.646943355718,48084.0,0.0,1457.1929932832718
1DsbsxDSjZG8UEGH3p8Xk2eZxFpUqgMOY,mix_335_aug_00419.jpg,49,907.3877551020408,6277.619411217516,44400.0,0.0,1860.4204766750336
1hHFWPIr9uiACnlolTu3LaReFzl4vhVDO,mix_539_aug_00416.jpg,17,2287.970588235294,9124.150731583975,38784.5,0.0,1417.9524401426315
1Ywy0PF03a2bvhVRpLxTj9asm1uSyyeJh,mix_434_aug_00418.jpg,41,899.5365853658536,5667.773012338552,36745.5,0.0,1932.3027260303497
1Gc3yP5OY2b86CRL7YX2EEAJNcERLkx3e,mix_703_aug_00414.jpg,16,2768.03125,10710.729444505563,44250.5,0.0,1354.4478265047073
1m7KucahTmZYC_w5iJ8dFTZfNw1kYIEo-,mix_84_aug_00415.jpg,15,2856.8,10689.033192638766,42851.5,0.0,964.5340512990952
1hTK8m1mpY0vYpnIe7SQ2kD7O4IcsUxYx,mix_287_aug_00411.jpg,47,860.8829787234042,5830.759028007332,40407.0,0.0,2030.8784078359604
168zo4Q2pzsgh48GvLQt_ORX3yWq0NPaU,mix_649_aug_00413.jpg,17,2459.6470588235293,9838.463235994774,41813.5,0.0,1232.6072067022324
1FOlPWVEXwQWWvJHJTvqdQir4riveK1mu,mix_894_aug_00410.jpg,7,6606.642857142857,16150.466301791603,46167.0,0.0,1220.9675974845886
1hu96ZyebnFvaEqpA3v7OTxIKgYTp46GI,mix_149_aug_00412.jpg,6,7007.916666666667,15669.730837979389,42046.5,0.0,1141.0264723300934
1nzOeJqck-y49qsc_F2Ap-qxlnTcLyWF8,mix_943_aug_00406.jpg,19,2465.0526315789475,10454.915309499587,46821.5,0.0,1523.057998418808
13LF4fNaI-cIcvBglgjiy3aOSTIgb7gdL,mix_596_aug_00408.jpg,1,43988.0,0.0,43988.0,43988.0,855.0538227558136
1EMGmpgGQG0mSMasjPmt5XoxNw2w9S99o,mix_506_aug_00405.jpg,12,3709.5,12301.512180080408,44509.0,0.0,1215.293498635292
1v78tLEI0NInmoPUcTEnsHXSwYK4hOt4H,mix_978_aug_00409.jpg,9,4781.555555555556,13523.220785507432,43031.0,0.0,1219.2102386951447
1iqhgoADdGsgfJGWTIPYtn0Lw_6qfr64z,mix_569_aug_00402.jpg,23,1965.804347826087,9219.80009655393,45210.5,0.0,1277.6538897752762
19msqUre1VHyWY6MP9VZZC0eYR1v5ywBk,mix_463_aug_00400.jpg,49,866.4081632653061,5993.562403310934,42391.0,0.0,1610.6803621053696
1y31LC22IB9X4A6jRcvERBMm4as2w5xHX,mix_724_aug_00401.jpg,26,1633.3461538461538,8163.031215803202,42448.5,0.0,1194.381811618805
1Bt5vaK3ZvkUVN09HArSs1eow9wEwaXiL,mix_656_aug_00399.jpg,22,1944.6363636363637,8905.007673394963,42752.5,0.0,1477.8031648397446
15BVdKYyre01aeBnOS1UGeL3zkxSY-HF6,mix_856_aug_00398.jpg,7,5855.142857142857,14338.438390549783,40977.0,0.0,1203.3279885053635
1DJTWXEjQqbIQ7I6PCUR7CbW1iV_UEaUW,mix_510_aug_00395.jpg,5,8555.0,17100.250907515947,42755.5,0.0,1179.9797899723053
1VSVjsWAHu6I4K3u0byZoSyFxXpPj8GEF,mix_978_aug_00396.jpg,11,3529.5454545454545,11161.40274145794,38825.0,0.0,1245.2346229553223
1LUijIa-HHMEBmVOK6kQrPrCe1KjNtiIT,mix_223_aug_00393.jpg,6,7512.0,16794.43583700665,45065.5,0.0,1082.0142803192139
1BngAHobGq6y2f4YgeWep1awAXRAMuJR6,mix_327_aug_00389.jpg,45,934.7666666666667,6196.320326164912,42036.5,0.0,1481.300638794899
1U49MLUS1CLS9GSqd7yWc7jiQSCqC-LsW,mix_306_aug_00392.jpg,46,1001.554347826087,6711.328600103563,46022.5,0.0,1864.520981311798
1E5mhBmMCZRpPPxmg5qXqSiEhW5zE9XV7,mix_561_aug_00388.jpg,17,2562.9117647058824,10244.773264558595,43542.0,0.0,1270.5899617671967
1SY5CAYu0-V6BGwDrkxSLMSPe93NRaMFs,mix_506_aug_00387.jpg,15,2971.733333333333,11107.18647072946,44531.0,0.0,1129.1858533620834
1t6rZdfW9agd0GdYl_qoTZcODczW0w3tF,mix_832_aug_00391.jpg,17,2552.5588235294117,10205.860893857758,43376.0,0.0,1390.0458053350449
14T01sehhOKLkaM1z2T4HKoMsWp_YObsV,mix_559_aug_00383.jpg,5,8611.1,17221.700004354974,43054.5,0.0,1102.3746705055237
1KcfD-0JKPuDW8n1floAOK7ITd2hJPJXm,mix_649_aug_00386.jpg,8,5142.0,13604.26426024208,41135.5,0.0,1279.1513617038727
1SxeRP7ZJ3DL9mSvOO2Wbr1Y3NHnZQrY3,mix_596_aug_00385.jpg,43,1033.593023255814,6690.810943702558,44395.0,0.0,2211.7657104730606
1-QOjgo4N3YZ0M9ODPf-YosO6IKJte042,mix_724_aug_00381.jpg,23,1942.1739130434783,9106.618513606625,44656.0,0.0,1453.2833935022354
1fkKuWdDktQHXIDJsB3C2yqSzuximobTA,mix_383_aug_00382.jpg,37,1211.9054054054054,7270.182470885499,44833.0,0.0,1375.9625449180603
1YTWhP9fQWNnplKonIFBEFPbQcL_eb2pR,mix_327_aug_00380.jpg,35,1210.0142857142857,7051.848411673672,42329.0,0.0,1605.1483986377716
1v6Ec6NP9GlMQW4E21cT5LXCbRGbRhRaZ,mix_223_aug_00378.jpg,20,2252.35,9814.095765912416,45031.0,0.0,1266.7493418455124
1VqVT9HIb2k1J_gtRb_kl4hLy88MR_pu_,mix_174_aug_00379.jpg,1,40699.0,0.0,40699.0,40699.0,842.2253955602646
1nimpLNU6JcYUxwJViMeGQFU9--C30toP,mix_174_aug_00377.jpg,11,3811.4545454545455,12052.71944880367,41925.5,0.0,1086.558436512947
1i-f-M7T0Lp8EqlS9asUzpoFwF9R6xiCc,mix_1048_aug_00375.jpg,22,2120.659090909091,9715.025892898593,46640.5,0.0,1524.7320972681046
1OxwDBHgI-RxfZSzf4GNBVCQHZASpyivA,mix_125_aug_00374.jpg,35,1311.4714285714285,7646.269326506187,45896.5,0.0,1601.5260336399078
1HA9Edy-DKaoBKHhQ9EnGlpS25a8xadgq,mix_703_aug_00372.jpg,23,1925.4782608695652,9028.73523989579,44274.0,0.0,1423.6610293388367
1oFhILWiUCszT83hnTM5gYMRIjDXs4I6M,mix_488_aug_00371.jpg,7,6295.857142857143,15405.719922701915,44032.0,0.0,1302.0630501508713
1FXhPHX4HHLt2yqn7n0k4AVqsUh2WU_Ha,mix_1048_aug_00370.jpg,15,3007.5666666666666,11193.821623060147,44890.5,0.0,1447.7859196662903
1NBLg1kmSIlZn9XDAbvuARfSy_Qf2okyZ,mix_174_aug_00366.jpg,104,399.03846153846155,4042.113774716328,41422.0,0.0,2323.370828270912
1qXCKs3KkQlLuK0YM63XtANdy4WbfNOWQ,mix_497_aug_00367.jpg,29,1353.5172413793102,7159.872313303233,39240.0,0.0,1419.3178837299347
146CmxN9bYQ476u8g6IIryNwfoo5QOKHf,mix_644_aug_00364.jpg,25,1595.88,7811.245353053507,39863.0,0.0,1460.9991228580475
1XnjuTYaqt5Gz4J8is1bhOj44yFQzPdSw,mix_656_aug_00362.jpg,18,2446.722222222222,10085.91144895556,44032.0,0.0,1404.4305810928345
1kkA18ocV3CdV6dYNW4rx163fAIssWn5q,mix_72_aug_00365.jpg,25,1613.34,7902.392776520287,40327.0,0.0,1327.5605248212814
1gDhit6uW6YiA912mSFUAJ7tggBaNR-9W,mix_724_aug_00359.jpg,22,1950.0,8934.386107262007,42892.5,0.0,1456.7981123924255
1_uA0zlDI6f1AObDd68WXdlrX7r6WKiUI,mix_399_aug_00363.jpg,23,1918.5869565217392,8987.250924954235,44072.5,0.0,1503.099628329277
1HnQkbBEHRswzk4-gzSWrSszunW3_dfrK,mix_668_aug_00361.jpg,17,2636.764705882353,10540.05956440035,44797.0,0.0,1739.6753097772598
1d9ly2FkgXq7QDjSv1HkeE7TCK0KxxWJu,mix_335_aug_00357.jpg,40,967.5875,6015.697567497368,38535.5,0.0,1828.1433454751968
1TaqlVsVAN4kYE7a5-kWzql17vqm1Ki3I,mix_300_aug_00358.jpg,45,907.9222222222222,6016.068057899939,40814.0,0.0,2153.6235740184784
1rVhOetbCLaoF42bb6emnzvOELIvTzWQX,mix_716_aug_00356.jpg,31,1378.9032258064517,7547.543479257334,42718.5,0.0,1568.5382269620895
18pfywXkhsuGlv2lz8W0pO027EJH-TIRw,mix_327_aug_00354.jpg,3,16066.5,22720.755096753863,48198.5,0.0,1019.8650047779083
1Gr31q1vHqrx1EukFrX5GKrdNnS-Y9mlC,mix_685_aug_00352.jpg,17,2639.823529411765,10558.919120737213,44875.5,0.0,1135.151363492012
19mORdllPK1CUp7-wEw8YdxzlvL9Dw4o2,mix_832_aug_00350.jpg,4,10659.75,18429.75749128295,42581.0,0.0,1159.7888841629028
1XbFeHQ1owm5h2clwaHws1eo5Dy1UxTep,mix_149_aug_00351.jpg,74,572.6216216216217,4890.667174413309,42358.5,0.0,1397.567664027214
1LZb6G_n2KQLPz0hs53HWbcVNoTehHe6q,mix_409_aug_00346.jpg,48,831.5208333333334,5687.644847018489,39824.0,0.0,2113.4297037124634
1n1Y1ZFr9q7ZYtZuMYBBz6Z2mvqGOp6KD,mix_967_aug_00347.jpg,17,2259.794117647059,9016.937237709319,38327.5,0.0,1475.5260342359543
1cUm8575DJw6RsqSeBUhQvHzr4-tkLSzi,mix_673_aug_00348.jpg,18,2281.1111111111113,9402.83687475274,41050.0,0.0,1329.175748348236
1AkC0weBcZVZiWVfSzIppjcaDdHnseJS9,mix_105_aug_00349.jpg,31,1254.8709677419354,6870.929345000998,38888.5,0.0,1366.88137280941
17b_fY7DM1U1McWbvEz1kx269hqk02MkF,mix_112_aug_00345.jpg,18,2639.9444444444443,10884.405989621739,47517.5,0.0,1406.4061961174011
1Wmplp54mqVeb9apsyQuPUddHPgfIAKFK,mix_105_aug_00343.jpg,58,752.8448275862069,5674.252929109499,43592.5,0.0,2241.488580226898
10UrvUN06tPotLO7KjyQev60wzFZ_beSK,mix_174_aug_00344.jpg,19,2354.6052631578946,9989.508391806492,44736.5,0.0,1146.0559104681015
15PdoZEeFVBx1cmPaIqzHY9wYQQwJiJd-,mix_488_aug_00342.jpg,43,1095.139534883721,7088.6000465582,47034.5,0.0,1694.1950812339783
1P_yyJvkHg4_V60-m976R4w6HsNoL6Uoj,mix_463_aug_00337.jpg,11,4083.3636363636365,12898.18756839839,44871.0,0.0,1267.068102478981
1fi2c2MA8LgoZZ2QxEvsn_BFiu1y8WSJN,mix_569_aug_00341.jpg,19,2431.8684210526317,10316.601129454697,46201.5,0.0,1297.0508579015732
15u7Z8kfRDjG88AdqzeLCHAbnP9qnfWCW,mix_72_aug_00339.jpg,29,1467.1896551724137,7762.693004334782,42543.5,0.0,1315.678274512291
1gWmvT-xjEVhi4vVkEJIbKavCe3Um5CNb,mix_649_aug_00338.jpg,5,8778.1,17555.450009612403,43889.0,0.0,1181.9137744903564
1wi9HlOx5zzgCC9tNZrp3l6bLMOj8Blgl,mix_856_aug_00335.jpg,9,4975.944444444444,14073.56591558255,44782.0,0.0,1453.9280549287796
1TAsNUOPFF78esP4seMtrso-_46F6THq4,mix_287_aug_00333.jpg,70,597.9142857142857,4951.8448430656545,41731.0,0.0,2108.067225217819
1RXVUOMzBUAaJWDUQvWYSdkIIcYYLteG2,mix_125_aug_00332.jpg,15,2721.633333333333,10180.346113085852,40813.0,0.0,1179.9381603002548
11mxwYwTsI_9zIWqVbYMNFJm4CSZh2KA0,mix_273_aug_00328.jpg,38,1068.5131578947369,6490.226260639958,40547.0,0.0,2123.0205426216125
19SdDWpU5noP6ugp7d6-cErTU5eQqs7fz,mix_832_aug_00329.jpg,29,1488.5172413793102,7872.997056156852,43148.5,0.0,1455.7686748504639
1vo1NEexGwzeb1ixJTzTiqdTtHZiZ_chp,mix_223_aug_00326.jpg,63,734.1190476190476,5762.179678604797,46105.5,0.0,2123.5403139591217
1z6YgyiVPlwJLeBd-Mssaqjfmki5dmI3R,mix_856_aug_00322.jpg,11,4140.818181818182,13082.087038585394,45510.0,0.0,1324.8082172870636
1u6l2hh4yITcZRF_P5mj5bWhue-Ht5yE9,mix_710_aug_00327.jpg,19,2218.4736842105262,9405.824022316234,42124.0,0.0,1316.205186009407
1uewtu0S-IkQ-Eej1gR9kYW3W59KTC6yG,mix_223_aug_00323.jpg,36,1114.125,6584.576920913792,40069.0,0.0,1877.0895228385925
1PRLJWJBskt4cjYNwhbyN19cmCPETwHUA,mix_497_aug_00321.jpg,23,1737.0652173913043,8117.115355978897,39809.5,0.0,1354.2712007761002
1FRWF_TKmxOJUrQjY_8qxoKdhjsRzRBby,mix_434_aug_00318.jpg,62,682.4758064516129,5303.6325017033705,42105.0,0.0,2312.0743654966354
19cd6ycbpM-_jOaE1gK3Bzy4fnUDw8QsD,mix_174_aug_00320.jpg,108,354.2824074074074,3658.7325157265795,38200.5,0.0,2268.4418972730637
11Jmvaggu-DtLkFxFDmk4WX2ju1sD_fTz,mix_174_aug_00316.jpg,11,3473.590909090909,10984.300819430226,38209.0,0.0,1201.9625453948975
1-VT6H63bCNUNCZUAEgxgscCcZUyvZ2Bg,mix_626_aug_00315.jpg,23,1854.2173913043478,8695.345002563763,42639.0,0.0,1183.352373600006
1RTTCbLG-bYz-m-hF_cwf0UBaLHN_BPQl,mix_335_aug_00317.jpg,6,7456.916666666667,16673.501757820868,44740.0,0.0,1512.4478256702423
1c73QYlTJTcweiYs6vMZx3igqKn2wUGKg,mix_520_aug_00313.jpg,8,5650.125,14948.069705546432,45199.0,0.0,1348.2396751642227
1tAbLdkol82948ZxesEI-Bbp-s8_ZOMPC,mix_710_aug_00312.jpg,40,1125.6375,7026.561670713761,45006.5,0.0,1664.520981311798
1VxuxBDsMA88pa5WGb2SCrCqKbHy2v95z,mix_520_aug_00308.jpg,7,6210.928571428572,15213.605828873264,43476.5,0.0,1174.8843369483948
1URlybcJ_exNNJGTSEc1bzmMADuSbHj3A,mix_121_aug_00310.jpg,23,2119.782608695652,9942.448555503217,48754.0,0.0,1268.3818109035492
1d6F7EBGZc0Bpg0FGnK9NtUJDh9P2AfKl,mix_112_aug_00309.jpg,1,41295.0,0.0,41295.0,41295.0,828.5929267406464
17hOdrzWXOm6dxWysIb1ya6IA-UHgEAAU,mix_569_aug_00280.jpg,11,3692.181818181818,11661.322633297274,40568.5,0.0,1316.0041754245758
1gLxzEjBLHjWxvbSwNsoP2tCBTo7kQjdD,mix_811_aug_00307.jpg,13,3376.653846153846,11690.001232783734,43872.0,0.0,1405.6782747507095
1LhwuAgzzej6MEtd4o-rdZRZBA2KqdVJ3,mix_300_aug_00306.jpg,6,7031.0,15715.75683297923,42172.5,0.0,1494.2884458303452
1qNsHaWMUcgvLT--PZYTJWM9t58MzmW-I,mix_174_aug_00304.jpg,27,1605.4444444444443,8185.9964351203125,43346.0,0.0,1356.2295713424683
1HhP9g85iYaAQ1prV6QuCfxu0d_RavDWV,mix_978_aug_00305.jpg,35,1314.4714285714285,7587.936920762414,45558.5,0.0,2177.304813504219
1BL6aviCcA7HXQEylR-tRxOROxzLxi2QK,lemon_leaf_243_aug_00463.jpg,32,1381.359375,7684.977185874536,44169.5,0.0,2096.3687415122986
1f4cpR28p7g2I-c4Gzl9ljViGQQilQ7d1,lemon_leaf_316_aug_00461.jpg,9,4950.222222222223,13997.100537276187,44540.0,0.0,1180.607206583023
1LjX5HdwC-SkQozrHKG4LLedp3XhGP3Ci,lemon_leaf_559_aug_00465.jpg,26,1797.2115384615386,8977.758347473833,46686.0,0.0,1750.9230029582977
19oWEO8m98hdowN3WTMeD3NRh2vksugNe,lemon_leaf_512_aug_00459.jpg,4,11210.25,19413.547268917653,44835.5,0.0,1164.7249571084976
1q3Ag9U0eoNdf9_vmhNNOWrgVJbLf-jD3,lemon_leaf_1_aug_00458.jpg,9,4884.888888888889,13793.055474440303,43897.5,0.0,1417.317883849144
13qDwyXBYrlBXugOmXDuHAqizdsWDuHat,lemon_leaf_130_aug_00460.jpg,1,48454.5,0.0,48454.5,48454.5,912.1248904466629
14P-2Y23TJzG5Z_EJJW5RktUJ_ltgDM_m,lemon_leaf_349_aug_00457.jpg,1,43418.0,0.0,43418.0,43418.0,920.2741661071777
18ZTE7Q8fymhF91yYNd_K_Z67fYeGsqOo,lemon_leaf_349_aug_00455.jpg,2,24091.25,24091.25,48182.5,0.0,976.2914109230042
1m7tLTyle3CcRgio4Atc1zoiGi4U9gIrm,lemon_leaf_559_aug_00454.jpg,5,9052.8,18094.600768184966,45242.0,0.0,1326.121925354004
1-zJsOvXAuuuMr2-FfGDOvGrnLIPtfG9z,lemon_leaf_145_aug_00456.jpg,6,6733.083333333333,15052.94885400827,40392.5,0.0,1118.5067018270493
1zLY7iGp-4SXMfIT9g4ajulsks-AdP6fJ,lemon_leaf_349_aug_00451.jpg,13,3351.5,11606.761214249882,43558.5,0.0,1531.2417633533478
1HtE3Nam_J0__2AxT27x5rs2POzR35C35,lemon_leaf_512_aug_00448.jpg,17,2578.1176470588234,10304.595872900898,43796.5,0.0,1592.3717061281204
1pf8LFLdses7kiieJ7Mt3gBHiPtj8HUqE,lemon_leaf_83_aug_00450.jpg,11,4146.772727272727,13111.82376428313,45610.0,0.0,1508.3544605970383
1cjlo2gRZGNFo4uALsoUUOKQ2-MVFswRy,lemon_leaf_28_aug_00449.jpg,8,5209.6875,13775.413094843789,41656.0,0.0,1225.134118437767
1E6KhQdudwM4W8Xb1tVW4vJEFzL5iBjsZ,lemon_leaf_1_aug_00445.jpg,1,41946.0,0.0,41946.0,41946.0,909.3624782562256
1AZP-RexnGkEenJjbyKkEgzCewfWuIEel,lemon_leaf_422_aug_00442.jpg,25,1690.98,8241.22704635663,42064.5,0.0,3952.8379843235016
118afxiGPkJRKP2A4onXz1pc-L_yTNQ1e,lemon_leaf_512_aug_00441.jpg,18,2632.1388888888887,10847.008833475136,47355.5,0.0,1506.3889513015747
1PH1LUITkkdXr-2jZY2hCG8imuz4D7MjE,lemon_leaf_559_aug_00446.jpg,2,23312.75,23310.75,46623.5,2.0,979.1198379993439
1baJcrzVofKggAjs0SvzRYmIZDcLW3GX5,lemon_leaf_243_aug_00439.jpg,15,2596.0333333333333,9693.836680191296,38867.0,0.0,1701.6580642461777
1usoVjn-uLyCKzYKKXrVc1VHEN7j4o16C,lemon_leaf_474_aug_00440.jpg,22,2156.431818181818,9872.847364104071,47399.5,0.0,1363.1929936408997
1ZHC4ao1-I3-SJLPOXvpgEBWy09rOIrbg,lemon_leaf_83_aug_00437.jpg,2,22911.25,22911.25,45822.5,0.0,962.6589421033859
1vM-mMZifRU3wKGda7sfO_qCm8qHvYPS7,lemon_leaf_304_aug_00435.jpg,5,9683.5,19367.0,48417.5,0.0,1127.3452336788177
1lF-Py2-83Z_XGi8wNsrOpbFwXNa46aAP,lemon_leaf_395_aug_00434.jpg,34,1164.1470588235295,6683.51201765497,39558.0,0.0,2081.665204524994
1wl5hhlf24dwruEgKCeW6_7Hxe7fhYXOU,lemon_leaf_342_aug_00433.jpg,7,6188.571428571428,15153.739169469907,43307.5,0.5,1247.3279882669449
1PxGdW1luA-9NCI_fwOQkWklbn-f1YTT2,lemon_leaf_449_aug_00432.jpg,2,24739.75,24735.75,49475.5,4.0,935.8406196832657
1VaQ4tfAH1CJSvCGAGCPIeitCNOspHVg5,lemon_leaf_442_aug_00431.jpg,21,2240.6666666666665,10010.951569029805,47011.0,0.0,1795.5920491218567
1hpcy-bP5r_pqLc2lZaEvlJhn4SW5Ozwd,lemon_leaf_422_aug_00429.jpg,6,7337.0,16406.030750915957,44022.0,0.0,1340.5483314990997
1l2kC9yfc1azq8OO2UHnOVssD70MeQ6zP,lemon_leaf_416_aug_00430.jpg,20,2170.875,9457.118922900092,43393.5,0.0,1688.7463774681091
1LCea9BT-4RvmZnFvD4cwUH8Qfthhf0J_,lemon_leaf_338_aug_00428.jpg,30,1402.9333333333334,7547.13547616283,42045.5,0.0,2012.4692466259003
1qyQVy0iDix6_4yJp7t4mSTSbmkHw-pcY,lemon_leaf_292_aug_00427.jpg,11,3989.909090909091,12614.038225539509,43879.0,0.0,1303.778779745102
17YUmFQMY3lGr2dwa8WobTbyOTZre8Be1,lemon_leaf_83_aug_00426.jpg,2,24035.5,24034.5,48070.0,1.0,1051.6223639249802
1WrLbRHYBZVwcroInFrrPTQK8n40RMwpW,lemon_leaf_429_aug_00418.jpg,7,6280.428571428572,15378.130100495155,43949.0,0.0,1246.6416965723038
1t82tckoTxn1wltZz81ToJig-MQRfl7TX,lemon_leaf_484_aug_00425.jpg,22,2099.681818181818,9617.58668172939,46173.0,0.0,1371.3178836107254
1-x1cgJISglO905zg44rSgxD-34YKMmbP,lemon_leaf_316_aug_00419.jpg,8,5221.9375,13809.711991107699,41759.0,0.0,1126.2224311828613
1nLF1MW85NY2_vcp_jrkeSyiLXF_BPW0a,lemon_leaf_333_aug_00416.jpg,1,41636.0,0.0,41636.0,41636.0,865.8822498321533
1jmPRElcQoDeAjZ4tZced6igCQtCJCMDd,lemon_leaf_474_aug_00417.jpg,5,8245.0,16484.500101610603,41214.0,1.0,1117.327988743782
1MtBiFwXutriXiRUHvmF9FjTNohJJIQ3t,lemon_leaf_559_aug_00414.jpg,52,822.3076923076923,5846.70583711119,42576.0,0.0,3006.4145451784134
100mVqF-GbvNNhbYFFO81jW31hq938ahQ,lemon_leaf_422_aug_00413.jpg,4,10264.875,17779.285033343578,41059.5,0.0,1054.7665876150131
18l3WUcY518N0Y5XhM3BevVufU2YnywR4,lemon_leaf_325_aug_00411.jpg,20,2359.875,10274.873572062821,47147.0,0.0,1521.5016491413116
1tyy8n3GhsD5mCSqC_QJ6Urjr7-A_gEIC,lemon_leaf_449_aug_00410.jpg,18,2671.9166666666665,11012.108043535534,48076.0,0.0,1430.3300759792328
1DX3panRdJkmwO69CFfw73QGj83r8qWyT,lemon_leaf_28_aug_00409.jpg,1,45516.0,0.0,45516.0,45516.0,941.3624787330627
1fSsqGD8MZmTnj2mFAHXLpFjWbu40v4cC,lemon_leaf_530_aug_00404.jpg,15,2447.4666666666667,9153.038401657792,36695.0,0.0,1617.9940694570541
17Sb-LOhhM0aoOxO7Ah6pjTNWbXwHkKzy,lemon_leaf_243_aug_00405.jpg,4,11720.25,20300.068477409135,46881.0,0.0,943.0193327665329
1aaOLRoQwoJ7KxwhDXfixvgtZFD5sz0yk,lemon_leaf_83_aug_00403.jpg,2,22864.75,22864.25,45729.0,0.5,1004.4924210309982
157pAkEKXN3PxLT0-gv2FMq-qb4iaNmQ5,lemon_leaf_416_aug_00402.jpg,14,3461.6071428571427,12474.762168042911,48440.0,0.0,1588.3300757408142
1nivjA0UoC-RlokQrcLvSf6FZ-8Y0dVps,lemon_leaf_342_aug_00406.jpg,7,6185.428571428572,15146.449129908235,43286.5,0.0,1263.6366447210312
1ZouiqECUHWpkm9999eyjKvqBhUAsD9I0,lemon_leaf_338_aug_00396.jpg,2,22243.75,22243.75,44487.5,0.0,1042.3401812314987
1X8Z1Xw0i9XWP3W14o6tJn2MqjZTndct0,lemon_leaf_1_aug_00399.jpg,20,2073.575,9002.849224377525,41316.0,0.0,1895.893564581871
1JSJRMHMbqd9uG6QOOXLv-p8pitzfxQ5C,lemon_leaf_429_aug_00397.jpg,23,1934.5652173913043,9067.732577308,44466.0,0.0,1616.0529453754425
1ntmzAbua4Y2lq8PNdHVGxVSO8GX1EngU,lemon_leaf_512_aug_00398.jpg,5,8546.7,17085.401123766456,42717.5,0.0,1248.7665872573853
1wtWyJrWmw7JNc4Ugbhk2qasoOaDUqlD6,lemon_leaf_422_aug_00393.jpg,3,15267.166666666666,21591.03415901044,45801.5,0.0,1209.688379406929
1o6uZbiVHiozGgc7Sodad57Sj1iq5VYsc,lemon_leaf_559_aug_00392.jpg,72,560.875,4703.772823600399,40195.5,0.0,3518.7963572740555
1PCk4YBB1LJfcAAWyRXKMS4J_v4w9gvmE,lemon_leaf_395_aug_00389.jpg,6,7788.25,17415.056425762737,46729.5,0.0,1106.8010770082474
1z0YvmJBl-VL_x7rOaScd9rAcItO5kokD,lemon_leaf_484_aug_00391.jpg,12,3576.0833333333335,11859.471365806692,42909.5,0.0,1143.5533843040466
1amP_UArmu4xUadEu01Ehx8bUnrZ8Eyg3,lemon_leaf_204_aug_00387.jpg,8,5599.0,14813.372609318243,44791.5,0.0,1104.4163012504578
1mUmKJYMkU83_tDUhVtDUdE4htAZjAys0,lemon_leaf_62_aug_00384.jpg,5,9267.5,18534.250009104766,46336.0,0.0,1163.5706293582916
1pmSnEM8Nbnpa-UmBXYlqOxvf7nK7dk5B,lemon_leaf_283_aug_00385.jpg,2,22954.75,22954.75,45909.5,0.0,872.1837655305862
1O44hpW29vkV3EAuhL6x9Pu-ghS5mSSM6,lemon_leaf_83_aug_00383.jpg,3,15891.833333333334,22473.739127899677,47674.5,0.0,1040.7178165912628
1vyygkr1SJmw454mG9l-QJ3a-VT69YrEy,lemon_leaf_28_aug_00386.jpg,9,5126.555555555556,14480.123314093635,46082.5,0.0,1621.22451877594
1JLaJ1fFVcN_v3fE6zF1hXb1iksqvSacs,lemon_leaf_325_aug_00382.jpg,10,3886.45,11658.850002144294,38863.0,0.0,1432.1534510850906
1LaSl8KrsAmCDUneYqHr6NuGi7_S73bxN,lemon_leaf_349_aug_00381.jpg,13,3624.153846153846,12550.251515077935,47099.5,0.0,1277.7543946504593
1u7qswhJV_ieIuNdFXjkipG8gbDLO9Hsf,lemon_leaf_130_aug_00379.jpg,4,10943.375,18953.615484172802,43772.0,0.0,1043.2863582372665
1qUYE2Y7cHA4GF_liR-X2o7lQG_h50td2,lemon_leaf_530_aug_00377.jpg,3,13380.0,18921.82391226244,40139.5,0.0,1027.8721446990967
1sxDG8x1JtO779Y-jeqzY9wyFvBfurn6C,lemon_leaf_243_aug_00378.jpg,26,1589.576923076923,7941.085887396377,41295.0,0.0,1758.7047469615936
1GFYkmMFMQ_yP9zzo-PHID7gv-wqnj1jq,lemon_leaf_333_aug_00376.jpg,2,24408.75,24408.75,48817.5,0.0,985.865004658699
1TGfM_leRWNvJ6rTNRSRFfHNj2HihoCLs,lemon_leaf_1_aug_00374.jpg,20,2147.75,9342.448235740992,42870.5,0.0,1931.841830611229
1XRY_uutv734La098FZ4DevAMQgJTigUb,lemon_leaf_559_aug_00375.jpg,15,2971.0333333333333,11114.18364443481,44556.5,0.0,1363.8447951078415
1JGHHmWw-JZbdrZVCcs3REVQp11hUuc5a,lemon_leaf_530_aug_00373.jpg,120,335.8958333333333,3628.594631474556,39919.0,0.0,4748.287900924683
1y3n5Uy9NIMogOOyr0w-hZ8Vt-kUBi6pg,lemon_leaf_283_aug_00370.jpg,39,1089.0,6707.450474792555,42436.5,0.0,2510.566786646843
1lDeDuVhgm75v6FAomrv2FzgdrNt_9KLW,lemon_leaf_338_aug_00368.jpg,2,24433.25,24433.25,48866.5,0.0,996.9777026176453
17daiQhcLjyEI4feT_6oLmAg8PhMZIn_X,lemon_leaf_145_aug_00369.jpg,10,4171.6,12514.466668220424,41715.0,0.0,1060.9848427772522
1yRhs_1uELLgYgOajpBrnktPy1zuwdztS,lemon_leaf_1_aug_00371.jpg,2,21305.5,21305.0,42610.5,0.5,1124.0731551647186
1-2WxwUkeQk-SqVXvlRp9BPYb8dMQLgE7,lemon_leaf_103_aug_00366.jpg,3,15262.166666666666,21582.548893080777,45784.5,0.0,1117.0264730453491
1Rd1O6MSPRdM_UXU7HNdaomV2kSbu5mr2,lemon_leaf_474_aug_00364.jpg,21,2185.3571428571427,9765.388461957116,45857.5,0.0,1393.9036700725555
1SOk3c6jdQseJd-QInUaGIcGYNuRfZQ05,lemon_leaf_530_aug_00363.jpg,14,3484.8928571428573,12554.144003046751,48749.5,0.0,1421.192993402481
1cykvTbOoH3PR4tZmlCx1x6z-wr98AJTg,lemon_leaf_28_aug_00361.jpg,1,45894.0,0.0,45894.0,45894.0,919.9655101299286
1Avknl5_3SmrcHHokah2VdKoSBGdhh6KD,lemon_leaf_512_aug_00360.jpg,1,39897.0,0.0,39897.0,39897.0,924.5340515375137
1cXMfqIXJZKu20SF4g89a-NmlAMkLsxMw,lemon_leaf_145_aug_00356.jpg,12,3211.75,10602.022889720936,38374.5,0.0,1415.71990442276
1GuLF8Gbdj685QTJOs0RmQQmtTkPbAdmG,lemon_leaf_283_aug_00357.jpg,10,3676.4,11028.5333381189,36762.0,0.0,1217.4600186347961
1IYbD3SXloae32ts2l5RnLyxZJNFnrbGP,lemon_leaf_416_aug_00359.jpg,18,2652.8888888888887,10931.350495447532,47724.0,0.0,1544.1706955432892
1RThiBYa4cm7YhsZ-awV4mvjyTUkpqeu9,lemon_leaf_404_aug_00355.jpg,3,14642.666666666666,20707.85778930844,43928.0,0.0,1054.7594468593597
1IR0A2z2UoIHgakOCjQkOTIZLMrgnPvu5,lemon_leaf_283_aug_00354.jpg,3,15348.666666666666,21706.292564343847,46046.0,0.0,986.0731552839279
1GQdeS4ocyL31a2Oo7y-iP1zGwoMeGObn,lemon_leaf_333_aug_00353.jpg,3,13300.166666666666,18809.27608182256,39900.5,0.0,956.1736608743668
1f0mbXN-BX2wLgDXb5BuuV0noEg0BpMvC,lemon_leaf_395_aug_00352.jpg,3,15108.5,21350.384040261823,45302.5,0.5,1134.1980456113815
1IzRuf6FuTMQX6NpUGuDVTQmacSMygOYr,lemon_leaf_530_aug_00351.jpg,6,7568.416666666667,16897.783272806002,45353.0,1.0,1309.0508581399918
1MO8lZM4xyVljGScHJdXkPADXkaCnPpq6,lemon_leaf_62_aug_00350.jpg,37,1087.054054054054,6512.1586156140265,40160.0,0.0,2533.336339712143
1E2TwlWieBJbFQMCEUMR96fZWFGrxU3rO,lemon_leaf_292_aug_00349.jpg,4,10202.375,17671.031857870523,40809.5,0.0,940.2569209337234
1AQmi3gSaTlWF7YRDMzv1oAaJMxriym6F,lemon_leaf_316_aug_00343.jpg,2,23616.0,23616.0,47232.0,0.0,947.0193328857422
1cPBkBjc-6jRhvrlnWpcVbSWdKGLertsc,lemon_leaf_349_aug_00346.jpg,9,5011.333333333333,14171.716315723135,45095.0,0.0,1424.9158631563187
1zsLXnNVHSu3RbClLRNjvT8Y8tVnfiZoa,lemon_leaf_349_aug_00345.jpg,6,6974.583333333333,15595.642448070408,41847.5,0.0,972.7766922712326
1bk4pYuSCo-nHiFnZcGujyssZ6zohFVX3,lemon_leaf_283_aug_00342.jpg,7,6572.357142857143,16092.797838328364,45991.5,0.0,1276.6244515180588
1P6G1k7ub0F4CYwo5W4Ioz7yZ56UAmLxr,lemon_leaf_342_aug_00339.jpg,59,686.5,5213.722604656397,40393.0,0.0,2742.3485310077667
1bjF0Vz5i56mk_Vd3cjcxuRH7q2WfCn5D,lemon_leaf_204_aug_00337.jpg,26,1787.2307692307693,8929.354926772932,46434.0,0.0,1886.3027257919312
151cANPBCIPnEQVE7yeNGS2kSRBataq0t,lemon_leaf_342_aug_00332.jpg,12,3160.0,10479.328300277648,37916.0,0.0,1235.11687374115
1CZ8mO6IdbbNpF51UdXY8wav9dmMtJ3UF,lemon_leaf_442_aug_00336.jpg,11,4088.5454545454545,12924.373101474426,44959.0,0.0,1425.4600192308426
1BX8YIcWRIscuG3gUEfJUUcWOXLvToBUZ,lemon_leaf_130_aug_00327.jpg,2,21963.0,21962.5,43925.5,0.5,1093.813269495964
1up4GmnEMJOlpgX6uSzB71JBoDuN5g404,lemon_leaf_333_aug_00329.jpg,4,11548.0,19990.754459874694,46173.0,0.0,1233.8132699728012
1TaTCBdLc_zuVJqKdwiuDjiSa-3EcEL67,lemon_leaf_145_aug_00330.jpg,3,14442.5,20424.779374573427,43327.5,0.0,1044.9675977230072
1ZPcj437IeNatXrdggWgQmq48sKQKNTNT,lemon_leaf_204_aug_00331.jpg,15,3241.233333333333,12123.576149891675,48603.5,0.0,1400.1046806573868
1fn4VhAaDMbO__sD5T2kqzxB6QopjcQYN,lemon_leaf_243_aug_00325.jpg,5,8814.5,17628.2500095727,44071.0,0.0,1030.4579313993454
1vs-rGMf-1jtykTDV_Kdb_g9sOe0qlCM3,lantana_306_aug_00434.jpg,1,43212.0,0.0,43212.0,43212.0,849.8822498321533
1QM6wWzMKw7HLrwFtCrXL9yasUJaAMqNL,lantana_434_aug_00432.jpg,8,5697.1875,15073.341297505796,45577.5,0.0,982.7766919136047
1vCeV5V8xwzbMRVGBsqYU1qU-IUG34Ps4,lantana_200_aug_00431.jpg,54,834.3055555555555,6051.336048847415,44888.5,0.0,1980.1433457136154
1P3Q6cfPA4qwlr72XqRHE7NHz0Oftzpxi,lantana_566_aug_00429.jpg,69,618.5144927536232,5096.339260891959,42644.0,0.0,1344.9574924707413
1E_lQ8dav5a6dBBvb2lZUADMm9xXmoXh3,lantana_424_aug_00430.jpg,43,928.3837209302326,6013.451018281423,39900.0,0.0,1341.7615348100662
1W00z_28aq-_3ztP4252V_9qOXHqCB0uR,lantana_347_aug_00427.jpg,85,506.4823529411765,4619.909085206216,42848.5,0.0,2011.0377881526947
1d-ZFtHsv4_iyqRxjIycFbRbMI11A_x_s,lantana_452_aug_00426.jpg,2,24782.25,24781.75,49564.0,0.5,1011.8650047779083
1SXlqf0zmQJE8F8-ci6H_jcCDAfKR8F9G,lantana_402_aug_00428.jpg,6,7578.916666666667,16943.395257977536,45465.5,0.0,1096.5756814479828
1Z6ER7qmLFCQQS3dsB5E0wLjpEXsD_JPu,lantana_386_aug_00425.jpg,49,882.204081632653,6111.078821821393,43221.0,0.0,1462.5971018075943
140efiVJfu_fMT--e_Gcu1DQi2UkKfR83,lantana_398_aug_00424.jpg,56,798.5714285714286,5910.5010343490185,44632.0,0.0,1794.3616012334824
16xN6AA_xuW9jEkYOX-nPxQmzFBYbMTYi,lantana_337_aug_00423.jpg,1,39293.0,0.0,39293.0,39293.0,789.82337474823
1ciwtEomma3o3l8k3AFaYtaQ_kehRRFw7,lantana_537_aug_00422.jpg,53,848.3396226415094,6107.6910560047045,44891.5,0.0,1482.0874359607697
18Q0qgSnDDT4R6Rg-eCO1pNFWQFCHcN7j,lantana_276_aug_00420.jpg,70,663.8785714285714,5493.053424511801,46292.5,0.0,1756.4965966939926
1hgFlbNQjKHgC5NnxOIKQkI1carUUnway,lantana_619_aug_00421.jpg,131,336.91984732824426,3795.9905232673923,43617.0,0.0,2685.0936980247498
1wmPuEenlxCAbhsX7n3PT96HiYIMzGd_B,lantana_166_aug_00419.jpg,69,588.0434782608696,4843.674836902852,40530.0,0.0,1660.2194658517838
1KZzVyI7Doqd9zgGGmjWkzD2Mza4cszlB,lantana_566_aug_00418.jpg,92,464.54891304347825,4389.118042447969,42333.0,0.0,1962.9717724323273
1-jSLdTVN3qKOYarOp9uTfPjUDLh0RtFV,lantana_232_aug_00417.jpg,71,555.7746478873239,4642.594671108209,39398.5,0.0,1786.3372160196304
1ReD8D05lHWaEj4gk_rXKfq12To5W5Cfr,lantana_467_aug_00397.jpg,2,24650.0,24650.0,49300.0,0.0,1237.671134352684
1DtJ7kqwsceemLrrdSBsOEbbf-iwd7wxd,lantana_166_aug_00416.jpg,47,820.6808510638298,5563.916757588849,38557.0,0.0,1240.2051862478256
1vFUElDwLWrTik-4opGPNHAsXsVAc-4kd,lantana_15_aug_00414.jpg,42,955.9761904761905,6119.594538926715,40140.5,0.0,1223.7787798643112
1q6FXUn3Zj220uXUEPm_9RWgdTfNeFBCP,lantana_235_aug_00411.jpg,70,650.0,5395.874579581277,45471.5,0.0,1883.3910388946533
1EoCIogQh3ANSJzkMHRwIcJ1Urg5c42ha,lantana_312_aug_00415.jpg,70,660.7,5483.431386198141,46209.5,0.0,2123.7240792512894
1ZVBmcbTnD1rSBHlAaaoA24J9nfhyRDMZ,lantana_601_aug_00413.jpg,12,3559.5833333333335,11781.84014142339,42635.5,0.0,1228.4406863451004
1B4xd1h_dVarCBG1x1CWPoXfT8Ktc4jOG,lantana_235_aug_00410.jpg,41,1077.5121951219512,6709.339127689037,43508.5,0.0,1719.2245177030563
1WBpH5a1vRWTXsXFoKu7HGzooY2s541SI,lantana_496_aug_00408.jpg,31,1337.467741935484,7303.091852897829,41338.0,0.0,1376.6732219457626
1WCsjMbgONHdPtT0nCEPuBSDy2ncBMaBV,lantana_372_aug_00409.jpg,23,2024.7608695652175,9488.65650666691,46530.5,0.0,1270.9432128667831
1jh8XiAKLreZiK6KqLj4JHHcRMENY3wgC,lantana_424_aug_00406.jpg,7,6273.571428571428,15366.436496534934,43913.5,0.0,1192.70057117939
1P6toj4I7jp2-uLh-AAQ_q043AG0w_ZAs,lantana_84_aug_00403.jpg,1,47076.5,0.0,47076.5,47076.5,1049.6051193475723
1a48zSRljINadSqBcOABThnsBXF77LDFo,lantana_575_aug_00405.jpg,64,631.625,4999.457010359975,40313.5,0.0,1502.5727155208588
186TZnqO-V5k90_P16qf-74xi4-0lxCYs,lantana_318_aug_00398.jpg,1,47916.5,0.0,47916.5,47916.5,920.0660152435303
1MmOI4emAcvdqt8yIyXnbeHyiRyY-xWkO,lantana_276_aug_00402.jpg,40,1122.1375,7002.2222624209635,44851.0,0.0,2120.9717720746994
1Snsx_C346whLSlDIbFLHLxefwOh9YEqE,lantana_243_aug_00401.jpg,20,2102.075,9130.876602598188,41902.5,0.0,1571.9625443220139
1kV_2mYHo5kojUrvXR7ZffAR4t75MML6V,lantana_391_aug_00400.jpg,15,2701.766666666667,10108.684317401987,40525.0,0.0,1025.2863583564758
1qvPCKA-bNmaDYbM80ui63Cv3ntNnGgkA,lantana_601_aug_00399.jpg,3,15291.833333333334,21625.91809354897,45875.5,0.0,969.6883796453476
11Rb9WvJOl7hPJPtJA3TUgUI5UM_8UnSx,lantana_276_aug_00393.jpg,71,600.2676056338029,4950.849204316385,42018.5,0.0,2108.4936323165894
1O0KRy_D8bHbpX0hxAcrphK94tUkwufEo,lantana_578_aug_00396.jpg,27,1644.5740740740741,8383.361961187815,44391.5,0.0,1905.8590749502182
16118mGaUjwxGtAt-ZJpFA77RD4UV7jJ2,lantana_200_aug_00391.jpg,9,5174.111111111111,14633.889113928855,46565.0,0.0,1016.1076453924179
1eORd_LSOik8bCwPODJHJcBLiGcoo2dC0,lantana_347_aug_00389.jpg,1,42362.0,0.0,42362.0,42362.0,811.1370830535889
19ZnBstpaoFcttEyfX5OaqOYBIjU9jiZd,lantana_575_aug_00388.jpg,15,2816.6666666666665,10491.050245592935,42070.5,0.0,1128.5584362745285
1Ex5SNXXn9HoC88PHmUUUN8CcZBTTfYGj,lantana_601_aug_00386.jpg,19,2289.9736842105262,9644.902403906763,43209.5,0.0,1816.981877207756
1tVxZtacOeBpmqw7iqMcNAmeAYwT7Y7ES,lantana_575_aug_00390.jpg,1,48015.0,0.0,48015.0,48015.0,939.7644996643066
1Vc6sWaawCdM4WHnwL-SpQo6ZTfacRtXv,lantana_325_aug_00385.jpg,100,451.275,4468.2343573133,44909.5,0.0,2030.9128977060318
17F_r2Pq6LkiXXffUnpkNv-feud1HuS0H,lantana_561_aug_00382.jpg,81,474.9074074074074,4213.628459037333,38162.5,0.0,3497.038998365402
1M5ieJ7FtWvBlem6_L8XJEErik5-jT2Bh,lantana_398_aug_00387.jpg,47,1021.4893617021277,6916.06392677573,47928.5,0.0,1544.572716474533
1lv6uJwuNGRdOXwFuXT55qZ4PZCYlpX6G,lantana_509_aug_00384.jpg,49,857.4489795918367,5938.054936683425,41997.5,0.0,1458.9747377634048
1H-U_LPF_jK-JisdN0O3PnGooqGlf2UUs,lantana_467_aug_00383.jpg,44,879.0909090909091,5762.144678724556,38664.0,0.0,1176.2640607357025
1oG686oT8enOq-si41It0iUVbx-WRUkwU,lantana_166_aug_00380.jpg,1,46989.0,0.0,46989.0,46989.0,932.8771973848343
1ub8_OtO1Kq_exHG_WkK8rtNwEVfjbMkN,lantana_312_aug_00381.jpg,29,1220.2758620689656,6424.053564515336,35213.0,0.0,1315.9452998638153
1r_1nHtYMsb_5zFWjGN9xwDZQxLUkRyU3,lantana_15_aug_00379.jpg,47,925.7872340425532,6275.087439201486,43485.5,0.0,1352.2295711040497
1yl3WZahv1WRl6Z9qKs1M26uDKT6B9Amu,lantana_119_aug_00376.jpg,37,1024.3783783783783,6143.687087775994,37886.5,0.0,1497.969685435295
1CIppFFJyzIij6yYio7XNaAoH-rfyWk1e,lantana_587_aug_00377.jpg,52,730.2403846153846,5191.163945637285,37802.5,0.0,1808.001209974289
1SLomq0mShtXrmG407ElU61ilMiV5xpJT,lantana_178_aug_00378.jpg,1,47035.0,0.0,47035.0,47035.0,866.5096664428711
1X2d8lIAoZpEVIzddy5BboJRhdK4gQytu,lantana_398_aug_00375.jpg,10,4086.5,12259.000008157273,40863.5,0.0,944.7939368486404
1EyFEd74lwDXpNghP1fSaZakyl394ynaF,lantana_424_aug_00372.jpg,9,4595.444444444444,12995.581728769812,41352.5,0.0,1030.1320306062698
1enEeGV5R3G85IFTV95FUx9CZYlILC_my,lantana_587_aug_00374.jpg,86,513.1453488372093,4672.41590369795,43588.0,0.0,1728.1778361797333
1lPHtY0qvU7SOWwCuinbzECXmfNKdu3k8,lantana_463_aug_00373.jpg,51,850.5980392156863,6010.747917655839,43353.0,0.0,1422.589961051941
1Tnh3uErHNaTh9pOJhYb-CSe9yJBtkGhq,lantana_426_aug_00371.jpg,17,2769.764705882353,11066.061541165944,47034.0,0.0,1364.1219254732132
12OotYxGF4VzzMAIFihsBumkPZv6rSyBT,lantana_439_aug_00370.jpg,3,15146.166666666666,21419.914317963292,45438.5,0.0,928.8944424390793
1mINYIZvTaBgG6MlSPw7y8wU7LfFYwFH3,lantana_84_aug_00369.jpg,16,2546.84375,9863.237944063347,40747.0,0.0,1126.967597603798
1NndMsl00fH_cqP9MhO_4GKsPwYM1H3cd,lantana_575_aug_00365.jpg,76,579.2828947368421,4974.823748091568,43662.0,0.0,2660.466282725334
17cEIpeyZWAlKQ7hCirs-kD3Bkd5ZUfkW,lantana_386_aug_00368.jpg,39,1129.3974358974358,6957.612432344257,44019.0,0.0,1407.3351286649704
1jLfLB_E15NDR9DEbbI26EMy7CnQ0FcUY,lantana_119_aug_00366.jpg,31,1469.3709677419354,8046.980810264806,45544.5,0.0,1488.8498476743698
1sko0HLjFLsS-ET745H5kGjQpQf3dN-mZ,lantana_622_aug_00363.jpg,105,406.3,4118.031213369529,42402.0,0.0,2322.559646010399
1YFtB4CjOZRTG6wfdzZ4wSJBb0hF9B0b-,lantana_585_aug_00364.jpg,77,567.7337662337662,4917.5775577272225,43438.0,0.0,1717.4915442466736
1jEkZy-1gDsQcvDZreLnjfY9r2JJTE2Y6,lantana_266_aug_00361.jpg,103,436.29611650485435,4345.264914464724,44317.5,0.0,2215.6235748529434
1fcEZx7JnE1lIErvjfSjcApT5TzznjNaR,lantana_532_aug_00362.jpg,57,768.6140350877193,5745.768525403919,43766.0,0.0,1682.9646326303482
1lh1YVtMK6wD-DY5l-PkkazpC2Bd3pJAP,lantana_358_aug_00359.jpg,23,1792.6304347826087,8396.563724184503,41176.0,0.0,1390.9087224006653
1LLdCw9VKB0lOxkK8KSl8ilczZwsyyVoD,lantana_255_aug_00358.jpg,87,490.2241379310345,4507.757490212487,42292.5,0.0,1833.7169389724731
1bnX9n4GwVC8HJvBULLCNyNr0Uwv-_5Vh,lantana_383_aug_00354.jpg,3,16492.833333333332,23324.38858195906,49478.5,0.0,1077.9482651948929
1WbPQmu17oAPTerUarcQRPAw_BLM5H_vN,lantana_619_aug_00356.jpg,2,24645.0,24645.0,49290.0,0.0,1031.2792183160782
1sGVLhkhBnMypqXpL3Tu91rd4wyaeccZu,lantana_84_aug_00350.jpg,6,7857.166666666667,17559.992399074537,47122.5,0.0,1142.215290904045
1GzfHWOe2tD3sFS8j6e6sW2kMwamETaDX,lantana_448_aug_00352.jpg,32,1269.671875,7068.2460105581695,40624.0,0.0,1218.9087226390839
1QMi2cFGQIBOeuXvnwteIPrKvOndQowel,lantana_243_aug_00348.jpg,80,566.95625,5028.026113194017,45257.0,0.0,2276.133241415024
1e6avlXS3GV03PYzagoFpuR9EEDiphzeW,lantana_585_aug_00345.jpg,9,4562.555555555556,12901.673964267076,41054.0,0.0,1021.2447280883789
1FZaVW771Ph4aKQANdV-fjhxenPhwm7Ew,lantana_566_aug_00336.jpg,78,581.2692307692307,5089.792900232619,45244.0,0.0,1928.930143237114
1iU7DM8tOOyQrcrD_K4vttxzXiepgS-ny,lantana_75_aug_00347.jpg,43,928.9651162790698,6017.450405004607,39926.5,0.0,1488.5310859680176
1OWmUVQRrzgqxSJNNv6nBnS2x9hry9uKo,lantana_248_aug_00346.jpg,69,545.927536231884,4494.377030612777,37607.5,0.0,1797.4742990732193
1o2TuusjiMGlogBiqswpb2INPOzIYIvZL,lantana_161_aug_00344.jpg,10,4491.65,13452.122979385074,44848.0,0.0,1489.1929926872253
1syl2MSUzQN_E0F6aRoUN4pO595o5C3U6,lantana_235_aug_00341.jpg,33,1325.1515151515152,7456.12221141718,43503.0,0.0,1388.6660815477371
1vtULICG5-UfBEtsVI03dqixppj6n9qIY,lantana_243_aug_00340.jpg,4,11972.25,20688.364617883646,47805.5,0.0,977.906634926796
1I2Y6fT9Cuq5mrBHYxIUsD55opjkAiTj_,lantana_248_aug_00342.jpg,1,38049.0,0.0,38049.0,38049.0,860.4163014888763
1ATU40oaY-ckDpAwy6f93AjY0nMpNlv_K,lantana_439_aug_00339.jpg,21,2297.309523809524,10272.203577844004,48236.0,0.0,1436.2468155622482
1HUbXi8W4S5OW-aoRlLiobAg1ajZlbojz,lantana_439_aug_00337.jpg,6,7414.0,16577.313574078682,44482.0,0.0,1046.759446978569
1Wtu5dGQa8n3gtz3SRthm_M67PfOtifle,lantana_329_aug_00333.jpg,22,1840.0454545454545,8395.826870466242,40314.5,0.0,1295.695519208908
1YaVzLXOlYgJBxDVU53m7KLHl9ZhNtu0Q,lantana_601_aug_00335.jpg,19,2388.0263157894738,9984.89550913052,44746.5,0.0,1504.5067012310028
1lYMNqY9Ir5aNFXfesOotYeoSpGA7HrYB,lantana_509_aug_00327.jpg,1,49727.0,0.0,49727.0,49727.0,893.6568541526794
17HZgucrvaEudYdIf7hjHe86F4WGJi2N8,lantana_561_aug_00332.jpg,55,844.9363636363636,6190.898678378641,46338.5,0.0,1782.4965958595276
19VmUn64E47dKB_QqqVNd5G94ZXYxZ1OM,lantana_329_aug_00329.jpg,1,48943.0,0.0,48943.0,48943.0,884.4852812290192
1LIlAcedEZoW1KCp8MInU9FxWPRr1zR6u,lantana_593_aug_00331.jpg,17,2645.764705882353,10475.58395974076,44547.5,0.0,1826.3128294944763
1fZaeoEGGLktfbNny4r5m5JtToa8voV70,lantana_619_aug_00330.jpg,83,535.0301204819277,4811.690466632607,44106.5,0.0,1979.8590749502182
1GibwKiSGb80jwHcPV25rtvBhKiqHRECJ,lantana_593_aug_00326.jpg,3,16411.166666666668,23208.187371174758,49232.5,0.0,968.066015124321
1-Z1jj5TuQfSGqRBWq12KX1CB3ChOHn6i,lantana_537_aug_00325.jpg,5,9319.6,18639.2,46598.0,0.0,1067.1614681482315
1zuhdHXQbiSxzAxwH5UAr7S153gYdmwwE,lantana_585_aug_00322.jpg,4,10838.125,18772.183158782438,43352.5,0.0,971.1442232131958
1KjKVFUrB39mgZmdAw4B1XxLWaiN3a9E3,lantana_585_aug_00323.jpg,2,23563.75,23563.75,47127.5,0.0,959.9482650756836
1c5uar8n3Hj3d2Ii896wYrVQwfGHjJAlj,lantana_266_aug_00319.jpg,61,761.9754098360655,5890.10360232455,46386.5,0.0,2429.103803873062
1Uf0depZmz6DEHyWC1Bco4-XrK-QRWwFJ,lantana_75_aug_00320.jpg,27,1466.8333333333333,7478.431229084623,39599.5,0.0,1588.011315703392
1VIlKx0S0QSf74PJjfRbiZEj8VpntIW0q,lantana_463_aug_00317.jpg,5,8764.3,17528.350001069695,43821.0,0.0,1006.5756816864014
1_achFbipOWnS6a1bLVcW3npyNUweX-R-,lantana_619_aug_00321.jpg,31,1289.5483870967741,7025.927428569816,39772.0,0.0,1791.5087884664536
1Oyrtjkyp4Z8VdmtvmnGm45dJDBTuLs6b,lantana_84_aug_00318.jpg,50,907.08,6342.846656951435,45307.0,0.0,1574.513841509819
1XYqhQFhM6JVdMfRuChjNzNCAPq9QtpE0,lantana_452_aug_00316.jpg,5,8606.0,17212.0,43030.0,0.0,1095.8721446990967
14DGbXvclJq1Gwl43c-7Qc51EBFpVfr8J,lady_palm_521_aug_00422.jpg,64,430.9375,3140.9421637115906,25348.0,0.0,2995.9048808813095
1Sg99w8VPDzE0b1DEC3YlhKdJM4RH4T_9,lady_palm_290_aug_00425.jpg,106,271.95754716981133,2579.095065918822,26675.0,0.0,3927.4065302610397
1e76NofvCFytSBsimJvyWIM-_GAm-CXJf,lady_palm_636_aug_00424.jpg,86,448.70348837209303,4055.83024246399,37840.5,0.0,2604.5596470832825
1Z68qyZ6o79hTOR89UDU3tpd5IL7Rov9U,lady_palm_94_aug_00423.jpg,239,110.6255230125523,1516.6712983834723,23497.0,0.0,5996.198710441589
1T-htGRVppUIVPiCw_7LVSwnIycZ2jvq0,lady_palm_371_aug_00417.jpg,113,266.53982300884957,2608.4428637010415,27858.0,0.0,4111.67355298996
10TeTLfRDVVOxVbl0Hdtrm6sur5RINlB5,lady_palm_1_aug_00419.jpg,299,51.623745819397996,704.0097386483525,12180.0,0.0,5891.380388975143
1O-9KwgYubTekUafoEObqF_Sx_Dl54p7a,lady_palm_79_aug_00414.jpg,108,285.6990740740741,2844.889247941772,29709.0,0.0,4307.646204352379
1UDAmIafJfcL-bLDazsR1O8k7fJoTSRrh,lady_palm_362_aug_00410.jpg,31,1268.3225806451612,6909.1770675515645,39111.0,0.0,1941.190027832985
1pdX9bpsMRFEmKgH1gFV8T7Y4BZBe1I0S,lady_palm_521_aug_00418.jpg,139,216.74100719424462,2297.5466766714185,27188.5,0.0,4370.26648068428
17Lb48ZcGBOBrFLi1hPReDVIVARj2LS5N,lady_palm_545_aug_00411.jpg,139,217.68705035971223,2430.1446157587766,28759.0,0.0,4028.9944013357162
1QFQh81pix5kIRzq3oBltCV411v1aZUHb,lady_palm_584_aug_00413.jpg,53,602.0188679245283,4045.283723708929,29747.0,0.0,3470.1790455579758
1CkJO-IMUzQYli-2KykFNljMs1Qujz6RI,lady_palm_189_aug_00412.jpg,169,150.1094674556213,1793.9568547199674,23394.0,0.0,4188.852267742157
1RBI_pRsfNqIB52eXbDs_6_rU5f9J3gGy,lady_palm_82_aug_00408.jpg,195,156.7025641025641,2055.656147352293,28783.0,0.0,5180.554925560951
1Rg77tM0cBmApNzqtAQ9IqpjG9j6Uj3ds,lady_palm_82_aug_00406.jpg,194,137.97938144329896,1794.993095667056,25068.0,0.0,4509.192449331284
1gWeO3vCgQ2vnDkGZyx-pQiAhO8FwsVVl,lady_palm_82_aug_00409.jpg,71,244.05633802816902,1850.995178749962,15722.0,0.0,2945.2429723739624
1UVKxwrQJAsUBQzCPjC0_3-S5-IgQgExe,lady_palm_661_aug_00407.jpg,96,353.4427083333333,3375.102500657843,33248.5,0.0,2718.7261669635773
1wZGMrqteJTz7Bmnw2t7tlEakkBHxMCs6,lady_palm_82_aug_00405.jpg,219,125.14155251141553,1724.7543960049006,25584.5,0.0,5607.397634506226
1BhOmYoUCfHVtOKZIaIk04lpHEhvbLW5e,lady_palm_661_aug_00404.jpg,123,239.739837398374,2595.232157754027,28904.5,0.0,3339.3750051259995
181_Tu99tnYHRJK-4q7IPKCeNLyUm8JW_,lady_palm_383_aug_00400.jpg,131,230.9198473282443,2459.062647874382,28256.5,0.0,3976.720236182213
1KPd3wDCAGX7RzxeoCKxgRqSuEEDgQAyL,lady_palm_290_aug_00399.jpg,158,146.3860759493671,1705.244473636966,21507.5,0.0,3965.4380539655685
1Za8-dec075lzosSXUd5hQwxNd7QsJgS6,lady_palm_545_aug_00401.jpg,87,420.9655172413793,3791.929150540525,35584.0,0.0,3241.801409125328
17cj9bj0SbvGLCpCYfHHew_sfXQxrelVd,lady_palm_646_aug_00396.jpg,73,503.2328767123288,4179.993913512472,35969.5,0.0,2309.1454330682755
1CV44fPeyAw0zodIf1EYwNMyN9LnP9iI0,lady_palm_468_aug_00393.jpg,145,203.4551724137931,2291.3209877012305,27693.5,0.0,4662.079748272896
1vKnPnfWswBrFWJqkjEsphnjhO6m8-cB3,lady_palm_572_aug_00397.jpg,21,2060.809523809524,9092.392774648526,42721.5,0.0,1883.7098004817963
1VnF5s-IvRWtpnKZWF_GiY9lbPSExXDLo,lady_palm_661_aug_00394.jpg,73,491.8082191780822,4081.255758459624,35121.0,0.0,2429.0032970905304
1_wg09_SYkzOW43Ty9blsIXbGZclirI8_,lady_palm_587_aug_00395.jpg,92,358.20108695652175,3328.729015558424,32110.5,0.0,2733.3779685497284
1XjjTtbFZyhmj8e9vMxuas_EIFFNr-cfZ,lady_palm_331_aug_00390.jpg,136,200.7941176470588,2224.688006439287,26043.5,0.0,3870.8207437992096
1FygCJwn8n1vlC2q9JvOWEibgMGH505p0,lady_palm_492_aug_00388.jpg,120,303.9916666666667,3114.4953751125113,34267.5,0.0,3625.6836593151093
1nlleZaxTdGai9d0L14KvzSuKTzjTvyB-,lady_palm_545_aug_00391.jpg,157,173.01592356687897,2088.0797226376176,26252.0,0.0,4024.2492347955704
1UjH_vULAkaWokVUpHNd2h3JQWG7H7Bwz,lady_palm_212_aug_00387.jpg,197,138.38071065989848,1777.1173279193954,25010.5,0.0,5098.87368786335
1SqqyTOMBAzSurwZFmZ--0d20VQDvdPXy,lady_palm_587_aug_00384.jpg,17,2674.323529411765,10694.419458628572,45452.0,0.0,1649.785919547081
15w0z66kzu8MYROYN1fno2RWKxVg5ZugF,lady_palm_295_aug_00386.jpg,147,187.14625850340136,2057.0696309808495,25018.0,0.0,3712.921247959137
1g9KZBdNnIeakZQtHva4pVCD2UBf8VnlM,lady_palm_428_aug_00385.jpg,143,205.5034965034965,2251.2541737624556,27009.0,0.0,4098.550749897957
11yyJT1Tgeu5B7QJtGB1req-i2PbNi33S,lady_palm_295_aug_00376.jpg,44,623.1477272727273,3616.233409884871,24302.5,0.0,3024.0642609596252
1CbowtR-ajC7xoHGTXSndR98y7lnnxqWq,lady_palm_152_aug_00382.jpg,173,157.2601156069364,1831.4972337710399,24121.5,0.0,5319.917404055595
15trm3nOz9pLsu3jXJ2PyCCCDDSXidQNp,lady_palm_1_aug_00374.jpg,226,105.83185840707965,1220.7680904160143,18129.0,0.0,7008.435424685478
16SkFONhPQn00umTQtj1x3tB_a94tkhdm,lady_palm_271_aug_00383.jpg,172,152.86337209302326,1844.9036828694807,24263.5,0.0,4332.935526132584
1S2wVtc7QJEetLvy9MEEkh-XnX0fteZNc,lady_palm_646_aug_00381.jpg,71,594.7676056338029,4807.619652609998,40806.0,0.0,2751.814482331276
1Ezg6JTp50Tkc9e-wRR_PWcvJtgohSM8U,lady_palm_545_aug_00379.jpg,115,279.3782608695652,2839.95078003223,30597.0,0.0,4430.6167640686035
1Sha2TgSnW1jnRb7RfsgAsLsGq0Dby-Kh,lady_palm_62_aug_00380.jpg,87,291.0977011494253,2244.8406259369026,21045.5,0.0,4862.239131093025
1o8egSLSrmtjenT3kv1Uso3PvURtcAaAn,lady_palm_295_aug_00378.jpg,166,161.6867469879518,1896.9560829887996,24515.0,0.0,4561.829971194267
18XC7pTv5N18QV6H8VQDICZygVZykqD9C,lady_palm_468_aug_00377.jpg,156,193.25641025641025,2311.312878585528,28967.0,0.0,3831.046138882637
13rHnJOqAL_3XjAAE14oi0cVb-yliiwXp,lady_palm_41_aug_00372.jpg,226,95.61946902654867,1196.4130272380232,17918.5,0.0,5960.4901213645935
1gryQhoVyhsw11bzgMN_ZfuM1wMoBKkd9,lady_palm_450_aug_00366.jpg,150,162.92,1897.010037822679,23317.0,0.0,3900.5608543157578
1tS19TldPNdp8Y_S5_BdDv64zxWhjEPcZ,lady_palm_166_aug_00373.jpg,66,425.7121212121212,3198.279120682319,26205.0,0.0,3877.1395000219345
1bN7zDE3jm2zqcbvn49gwIXpAg0OYQy-l,lady_palm_532_aug_00371.jpg,22,1750.7045454545455,7596.051992885232,36515.5,0.0,2613.755603671074
1oHjUgEyp5nobdlGJdZqFse74WxjrlHfQ,lady_palm_261_aug_00368.jpg,159,175.3679245283019,1965.023916391358,24852.5,0.0,4569.9893527030945
1EHc-3GLspO-1w8CvqL1vkXwxsFmZhwNl,lady_palm_414_aug_00369.jpg,115,239.7478260869565,2383.386972880249,25674.5,0.0,3895.825793981552
13w6vOlSz_wIJzzmKxcZ4px8Dmt0qTBzB,lady_palm_661_aug_00370.jpg,60,593.6583333333333,4488.881691182176,35072.5,0.0,2068.5941363573074
1YO5Jd3oU88gDl3nWRB6N2nbC33dFbPji,lady_palm_518_aug_00367.jpg,9,4955.722222222223,14005.588404695049,44569.5,0.0,1389.0752429962158
1mk-zAdZ943yXAjI21O6Z8iYSCTrBpZnn,lady_palm_299_aug_00364.jpg,127,256.18897637795277,2580.676412070194,29183.0,0.0,4477.9477199316025
1URaV0JR__Yrck5sDLaVKH0tFHocjte2e,lady_palm_461_aug_00365.jpg,111,321.72072072072075,3200.665808186912,33886.0,0.0,3414.3455650806427
1gSkvYo_cREO0Bv3YmZ4lhzkF8vtCw7Ro,lady_palm_587_aug_00363.jpg,111,292.2162162162162,2965.7422893981234,31395.5,0.0,3788.0511895418167
1aJqGQoeuAMbhXIb4XuPnZZ6HxijL4OeT,lady_palm_331_aug_00362.jpg,71,538.1267605633802,4257.95737638871,36148.5,0.0,3201.1597138643265
14X0lkRpq2jY8XkYE85ZkUkNsNU8Iu5Op,lady_palm_309_aug_00358.jpg,49,596.7857142857143,3721.236674514953,26349.0,0.0,3186.799320101738
1vvDWDaIKOE69KUCKaeIlBtuG8GxK0V8n,lady_palm_499_aug_00361.jpg,71,369.556338028169,2953.142562902446,25067.0,0.0,2489.7556043863297
1hezFErVJKBgFsLK11UCUaVdQXPizjO3U,lady_palm_79_aug_00360.jpg,216,106.0300925925926,1456.9710590531681,21466.0,0.0,5149.439262390137
1rTbJ8d8n8njUZfGAqlzjdEUWRjrYD5AK,lady_palm_299_aug_00357.jpg,50,528.68,3323.5981537484345,23752.5,0.0,2911.9982450008392
13UaeoT5S2XoYBid-OkDe-LLY8n1zKBm6,lady_palm_587_aug_00359.jpg,55,554.5727272727273,3802.308661635337,28481.5,0.0,2584.6429064273834
170ritJFs3v88mADw9eXRv9FWlOHmsGEo,lady_palm_12_aug_00356.jpg,81,264.14814814814815,1694.7751033372047,15141.0,0.0,5184.16300880909
1z8RIeIFRdPrPCYnRb77A19LDwlrjUDlY,lady_palm_189_aug_00355.jpg,174,152.24425287356323,1821.0474697765605,24084.0,0.0,4301.445193052292
1-zEIVsn190bZBcdT90lM9IloEaAJHOKw,lady_palm_274_aug_00353.jpg,176,158.875,1900.0051738117356,25266.5,0.0,4871.795480012894
1JrB9ECgvdyJc7QKskfB6uGr7CUQU4X41,lady_palm_521_aug_00354.jpg,71,546.8943661971831,4304.236793282208,36529.0,0.0,3234.1130286455154
1LqHCJb3IFqlvGqi16vAP398F_fKtmuIH,lady_palm_499_aug_00352.jpg,110,312.17727272727274,3030.1156275465223,31933.5,0.0,3658.813602089882
1F1h5b5KajnPMX24TAvUjuQ5LYlH43TyP,lady_palm_166_aug_00351.jpg,196,131.34948979591837,1695.541203722324,23800.0,0.0,4926.277796030045
12-wCQeSXiC-4uySkE7mrhaDpOCa5MY92,lady_palm_35_aug_00347.jpg,100,218.045,1729.8200110054806,17392.5,0.0,4726.616765141487
1F-TA4tCJU_neP2yYhH4ZnzXLXW_ZxF9B,lady_palm_450_aug_00349.jpg,54,589.4907407407408,4056.94861328563,30121.0,0.0,3119.9708946943283
1eLUvjWFHERXQnRhmqZXU5z_r-B9gVMrI,lady_palm_52_aug_00350.jpg,132,271.52272727272725,2867.9296565004843,33083.0,0.0,4811.594468593597
1RFUSm4XAzEGHAVi05GSvrQUVQXelvQgG,lady_palm_271_aug_00346.jpg,54,556.1666666666666,3681.3455143868655,27331.5,0.0,3532.463315486908
1pWBa8K28efg7vWOCoAr1QxqdYrWRLG8U,lady_palm_261_aug_00348.jpg,148,188.52027027027026,2075.127829731039,25330.5,0.0,4156.030979990959
1eKhN9QkOf90CRVmy0_EfcbsWMpxMdTW4,lady_palm_304_aug_00345.jpg,55,500.1818181818182,3229.4557258343025,24172.5,0.0,3749.65927195549
1iXBvHtQsHNne4JCMtMWLBfadJs7egoLv,lady_palm_656_aug_00344.jpg,149,178.23489932885906,1996.1087023340478,24436.5,0.0,3849.8989498615265
11yZd0mNdxbB-ypkzDge3t9mvONqkF2XT,lady_palm_271_aug_00343.jpg,110,270.48636363636365,2762.615701780315,29112.5,0.0,4420.048224210739
1TMrVuaWAXpcckQYajnri4tbHC9jSVknw,lady_palm_545_aug_00342.jpg,128,247.77734375,2613.8989659012873,29694.0,0.0,4435.303057193756
1IuCaLyKluNAyjX2AokrQ__xydG8DkTeg,lady_palm_35_aug_00341.jpg,198,111.0959595959596,1245.939678600432,17467.0,0.0,6172.538890123367
1xqZi6BSJWomFCjZuve9MVK2trtxvXesi,lady_palm_295_aug_00338.jpg,162,133.32407407407408,1594.5862891534723,20363.5,0.0,3936.6512565612793
1uQSoCDCuQmJov7ocd4xYQ5B9NjEVJC57,lady_palm_545_aug_00337.jpg,123,228.45528455284554,2417.667275897082,26930.0,0.0,4041.8888441324234
1vhfur-RDzYIGYfH2UgsjQO51ehgtNXqr,lady_palm_587_aug_00336.jpg,147,218.56462585034015,2463.440427333443,29968.5,0.0,3993.982211470604
1Th9FIuda9yvJy9a5LTZbRdn_R0SD-5o0,lady_palm_52_aug_00339.jpg,112,269.8125,2726.6214991570023,28993.0,0.0,4140.290865659714
1NXbR9HQ_2OlTu55znwIinM5YF99hUmsT,lady_palm_362_aug_00335.jpg,150,181.95333333333335,2118.555659993122,26038.0,0.0,4016.702992081642
10Acn9uC7lpKdDtDxy16u1IsPMX9HLhsd,lady_palm_107_aug_00334.jpg,149,189.34563758389262,2173.29357568303,26625.0,0.0,4318.239130973816
10x7dFpZidYR4yrmENOqjjVxwGN31E2qo,lady_palm_1_aug_00332.jpg,221,119.13348416289593,1690.0277224857034,25183.0,0.0,6594.261761903763
1v3F64mC_TM3S0BDgz0jLTX-eLcSNCBxa,lady_palm_35_aug_00333.jpg,135,152.84814814814814,1456.7048917868817,16917.0,0.0,5282.468701124191
1QUXIAsB8mDiVaYUdgsguQeK_UFGGuocG,lady_palm_584_aug_00330.jpg,110,254.24545454545455,2516.9249264144955,26516.5,0.0,3493.825793862343
1FUtaZvlhA55a1KeAiyEjYIqw6tD1_hBF,lady_palm_295_aug_00331.jpg,138,182.08695652173913,2020.6367834310313,23830.0,0.0,3953.330409526825
1IkcLzoZL7De9B5IAGPLES11hLLX79658,lady_palm_455_aug_00327.jpg,82,414.7743902439024,3537.974461978553,32235.0,0.0,3342.3283200263977
1a_uxnUgoGe52hOFg1M8IwZ6GA_D38kJP,lady_palm_87_aug_00326.jpg,213,122.1924882629108,1692.9362082493794,24769.5,0.0,4143.9477199316025
1VB6gcUkDYdc-XUiiOE6NhWP3KcTZ2RQS,lady_palm_261_aug_00328.jpg,158,184.97151898734177,2066.0280352752384,26035.0,0.0,4755.043173193932
1F5aVRr7GrghOzhB9zS0CJg0zMCye8-ds,lady_palm_261_aug_00325.jpg,188,154.38297872340425,1960.624260016589,26956.5,0.0,4229.580191373825
1wbChCtXsHhfH2a7B5G7s4f6jd85EL_dT,lady_palm_274_aug_00322.jpg,107,292.803738317757,2716.923857329845,28163.0,0.0,4316.741655707359
1dWtINsmdDpKFV_7kMDWripKW_ixbtetZ,lady_palm_12_aug_00324.jpg,143,223.2902097902098,2539.9712757947073,30486.5,0.0,4536.038120508194
1n1xpyVkq-y2D7CBse8sKlEJ-vmNfN_hp,lady_palm_464_aug_00313.jpg,67,581.7089552238806,4649.91154718412,38354.5,0.0,2743.412458181381
1RxrvXfJURMfpqHekZk1tRIIR4vpf7ONI,lady_palm_104_aug_00323.jpg,230,120.08043478260869,1692.626236717929,25730.0,0.0,5924.149941086769
1mgIer8HX4Vk8WxW3Q2D0tHEFA0NWbbON,lady_palm_414_aug_00320.jpg,47,699.3617021276596,4303.845837949025,29863.5,0.0,3138.934316754341
1p57JCGHRKAYwFaU5dVf0_p3ANFcerFBw,lady_palm_87_aug_00321.jpg,246,71.71341463414635,1012.1493973840647,15901.5,0.0,4473.75384747982
14yJqiNI33zuhYVc6fblrg8nMz0WuuRfn,lady_palm_383_aug_00317.jpg,126,236.8095238095238,2493.427260499363,28104.5,0.0,3566.144555091858
1YIqd8q3JfDWy1Rff_akbWCz-IgG3Z0oB,lady_palm_147_aug_00318.jpg,89,240.36516853932585,1882.2231338607814,17874.5,0.0,3816.553715825081
1D_TCB9Tl-0YAMhqeEhnj2K964pK5tChH,lady_palm_299_aug_00316.jpg,170,159.65882352941176,1900.1284688948003,24848.5,0.0,4472.682782292366
1ITM4OL4hpPPb6AitQ5K-Pd4ZNvUVW5gy,lady_palm_646_aug_00315.jpg,145,200.04827586206898,2229.39218121654,26927.0,0.0,4192.928386211395
1X7dj20fIZARfbCTkbCpAapQwgDy78g_t,lady_palm_30_aug_00312.jpg,117,168.21794871794873,1481.9731092416791,16108.5,0.0,4668.273619771004
14YMRkYJ7GcFfjyDot60yh5CoUZuOKngk,Jackfruit_Leaves_453_aug_00404.jpg,16,3020.1875,11671.077412340463,48222.0,0.0,1600.2884455919266
1hCrR8_7rjHqAjHqKrv7zYggCHC3WBkS6,Jackfruit_Leaves_650_aug_00405.jpg,3,14506.666666666666,20515.171192450616,43519.5,0.0,1084.416301369667
1ebJIrv7Lbt-nBUg_f0Y0mPCz9CPuTSVo,Jackfruit_Leaves_244_aug_00407.jpg,30,1419.0666666666666,7631.881249876876,42518.0,0.0,2016.042839884758
1Ro2cy91ICsoWYOs5JSUCQnEzWt5xX0EI,Jackfruit_Leaves_453_aug_00406.jpg,27,1690.8148148148148,8610.910140466449,45598.0,0.0,2091.782954931259
1c8OF2kzBqf_2Nvz0R5w0dDmzhkz8tcIr,Jackfruit_Leaves_200_aug_00403.jpg,10,4304.9,12911.86676433737,43040.5,0.0,1574.8813725709915
1EyYmX8YL-AkTaInZaUKpsiNyoAOHUgjP,Jackfruit_Leaves_323_aug_00402.jpg,22,2128.568181818182,9740.80005965472,46766.5,0.0,1815.8935651779175
1GeJXJN5HvtqQkNKUlvsS1VggUYfeCCZ2,Jackfruit_Leaves_445_aug_00399.jpg,11,4052.681818181818,12794.367109774108,44512.0,0.0,1421.3006385564804
1m4O0TJ_Xo23viENnmxfXKRw5vUukw_Sp,Jackfruit_Leaves_530_aug_00401.jpg,3,16213.333333333334,22929.115891275782,48640.0,0.0,1117.4457387924194
1lI0C5mTcKkT4gvUf70d9QPq4ehRAeAXm,Jackfruit_Leaves_337_aug_00397.jpg,34,1365.485294117647,7811.66601429563,46240.0,0.0,2415.505824446678
1Ui3-SsTfWvQ_kdN9JmUJwOR-Hu6XUyoQ,Jackfruit_Leaves_403_aug_00396.jpg,13,3280.1923076923076,11347.335048945095,42588.5,0.0,1317.4183888435364
1R7k_ZjtiYMMI-9kT7yo4pmhmOlQ-cjiw,Jackfruit_Leaves_393_aug_00398.jpg,44,1031.0795454545455,6747.290000557785,45276.0,0.0,1734.7219918966293
1Tx6g2kWekV1ZEjkU4x1CIWfPpAxk6-H5,Jackfruit_Leaves_42_aug_00395.jpg,5,9214.0,18412.004171192228,46038.0,0.0,1227.7543946504593
1IvGGnF2ZbEMiUV7E82gvNv_kg1JX7X41,Jackfruit_Leaves_481_aug_00394.jpg,3,14094.333333333334,19932.39735260719,42283.0,0.0,937.0782078504562
1_pgOHO04veJ1lNkxjug3VvBMq5zpKKc5,Jackfruit_Leaves_239_aug_00390.jpg,5,8923.0,17844.25005148717,44611.5,0.0,934.7939372062683
1K0jtQNk9sy7e0qHnlS1em0VCu42S4ida,Jackfruit_Leaves_295_aug_00393.jpg,11,3829.0,12094.611332024162,42075.5,0.0,1472.2884459495544
1LJfc9elcWbG3GsKHwHzXAS2IKsANII1b,Jackfruit_Leaves_650_aug_00391.jpg,12,3231.6666666666665,10627.154482216249,38477.0,0.0,1848.337215423584
1gTryqmzr2l93ri1SEGN9UpQ3s6uzlYnn,Jackfruit_Leaves_1_aug_00389.jpg,5,9705.0,19409.000015456746,48523.0,0.0,1097.78888463974
1c9MPEfLkcdo5tKgYhUwFkJCDKOEkmYYa,Jackfruit_Leaves_49_aug_00388.jpg,6,7621.75,17041.856688630887,45728.5,0.0,1148.908722281456
1NNQv5CdLppjdZh171CizsVDtIYNlygjo,Jackfruit_Leaves_208_aug_00387.jpg,20,2069.725,9019.88683614573,41386.5,0.0,1882.0844707489014
1b3oCBaQHY7rRWLuJxckhXm40UNkZKt5f,Jackfruit_Leaves_434_aug_00386.jpg,57,782.1052631578947,5834.242107709947,44441.5,0.0,2708.851057291031
19fviJt8WjrN7OA4xyDvMRGhSnL0gTSHO,Jackfruit_Leaves_504_aug_00384.jpg,11,4342.409090909091,13711.989685238945,47703.5,0.0,1232.2569210529327
1IXNaPZTwcPH1yndMQ1hI6jmnDylt9eBm,Jackfruit_Leaves_523_aug_00383.jpg,2,21853.0,21853.0,43706.0,0.0,1078.7838324308395
1zhXP5Q43ZguQDofLFw8nbdsAbp9XRqCl,Jackfruit_Leaves_169_aug_00382.jpg,4,12069.875,20902.172782916015,48273.5,0.0,1146.884337425232
1k80CLvzIUI8tJlGisMQ4BtvyCoO8kkH3,Jackfruit_Leaves_274_aug_00381.jpg,8,6011.375,15904.603287550903,48091.0,0.0,1254.7249569892883
1GFWQywtSdj1N5ilIbmj0cU-fyN5jEyxj,Jackfruit_Leaves_449_aug_00379.jpg,6,7680.666666666667,17173.374759752052,46081.5,0.0,1175.2691134214401
1MG7HqSNAI5nk1OIu3Wh3LhDQxYVLlLQc,Jackfruit_Leaves_49_aug_00380.jpg,1,45698.0,0.0,45698.0,45698.0,936.3086558580399
1vU58U0lONL5qZlL8IThejWSNTM2Q6_Q9,Jackfruit_Leaves_384_aug_00376.jpg,10,4150.1,12429.802306955651,41439.5,0.0,1719.165642619133
10-Yfd3t5Ua6hjzUj_7Nv5RgC80bVr5R6,Jackfruit_Leaves_195_aug_00378.jpg,14,2722.1071428571427,9814.419532319655,38108.5,0.0,1411.7270443439484
1rsRpqNEva6ZzH1yQXJjqtrwCWAFen6Rn,Jackfruit_Leaves_102_aug_00377.jpg,11,4254.318181818182,13453.335345611793,46797.5,0.0,1252.4234414100647
1LYIm2D8hlNZybgfzawWqOxqDvsXt-GJa,Jackfruit_Leaves_270_aug_00374.jpg,4,10707.5,18543.33596942578,42825.5,0.5,1221.3279883861542
11pl8tN-D_wMf-dkV4CpQL-7CcwDk5JRc,Jackfruit_Leaves_200_aug_00371.jpg,2,24496.0,24496.0,48992.0,0.0,1134.0731554031372
1zb3jnHhkP6Nv7EFmz9Gcdab87oOAuHb3,Jackfruit_Leaves_376_aug_00373.jpg,11,3808.409090909091,12039.45241471891,41880.5,0.0,1100.3157955408096
1J7BAnQO4Qc3kwFVDyJoC9Sgf32MmkGBQ,Jackfruit_Leaves_1_aug_00372.jpg,2,23794.0,23794.0,47588.0,0.0,1118.1564158201218
17Tn0BrSE6GMT41wXOUQ4mbmqG5iBSyZT,Jackfruit_Leaves_337_aug_00369.jpg,38,1106.3552631578948,6712.438868591472,41936.5,0.0,2454.0398757457733
1TtclWdyxQmWyUsEe5QATSORQv9sSltAQ,Jackfruit_Leaves_602_aug_00366.jpg,5,9304.7,18586.657643589395,46478.0,0.0,1148.1147856712341
1ZRiqm6SlbiZb_ehVgDXI9JwB3-1JmW6k,Jackfruit_Leaves_363_aug_00368.jpg,18,2661.8888888888887,10959.730597301746,47850.0,0.0,1727.4255286455154
1YCh40e2Vk4_3_ZU5Jk_jGW0UpqnpafAa,Jackfruit_Leaves_469_aug_00367.jpg,2,22539.75,22539.75,45079.5,0.0,1007.9726501703262
1xPPeuYjW8mzGLlYKghtohOkmUt3dY1WJ,Jackfruit_Leaves_384_aug_00364.jpg,13,3243.1153846153848,11230.29581799889,42146.0,0.0,1602.2367106676102
1lcglvd6m1S_j0hhW-NxDH75o-aMHY6Oy,Jackfruit_Leaves_147_aug_00363.jpg,3,13617.5,19258.053185615623,40852.5,0.0,932.8599525690079
1USn-2fLDRffY7071yUkcNMtvDQft1KcP,Jackfruit_Leaves_1_aug_00365.jpg,1,44557.0,0.0,44557.0,44557.0,1024.0487701892853
1u-RTkS_otvtKyQPR43kh3ycdJWDupdQc,Jackfruit_Leaves_609_aug_00361.jpg,9,4849.777777777777,13688.98051579183,43568.0,0.0,1437.9453002214432
1URXwMJNCYERby0UACxpeA55lCW49oJ8a,Jackfruit_Leaves_473_aug_00360.jpg,9,5249.333333333333,14783.035756118114,47062.0,0.0,1446.4650713205338
13dYocSGwKlTQxoi9TYJedP3Kw-08tBhV,Jackfruit_Leaves_123_aug_00359.jpg,13,3508.769230769231,12154.155816040524,45612.0,0.0,1309.376758813858
1jYvS_8fu2tJ8dJ-8Hn_JddzeS6mJI8iU,Jackfruit_Leaves_504_aug_00358.jpg,3,15064.166666666666,21303.9488058487,45192.5,0.0,892.1837655305862
1paJhE4w1mBPKoI9vqM8L3C-qNkqCZQpN,Jackfruit_Leaves_343_aug_00356.jpg,24,1720.2291666666667,8211.698714054195,41102.0,0.0,1973.5403147935867
1XcTJAVzFjd0S8hPkDynGmNM8z0n9IwEb,Jackfruit_Leaves_628_aug_00357.jpg,3,15216.666666666666,21518.202176038983,45648.0,0.0,978.2497804164886
1pcNIZ9HFWhn0VWdO_Y2GVfMjIvPkb9Ns,Jackfruit_Leaves_287_aug_00355.jpg,9,4577.722222222223,12930.791597559146,41151.5,0.0,1299.075243115425
1-Fvygy7gKqXQzIgUfMqBww62p-wEuHuT,Jackfruit_Leaves_553_aug_00353.jpg,39,1011.7564102564103,6227.236731171271,39399.0,0.0,2687.6622396707535
1Gb3malRnmykSWgEYzfg5jKC3t-GOS_NX,Jackfruit_Leaves_62_aug_00352.jpg,2,24746.75,24744.75,49491.5,2.0,1009.2375881671906
1VqiVrsIYIdXCv_ylww4e-XVrerwIDLJP,Jackfruit_Leaves_42_aug_00354.jpg,2,21486.75,21486.25,42973.0,0.5,997.4041086435318
12lYgsp89c2O19-39xqMGVZRjEIcuU5Fr,Jackfruit_Leaves_287_aug_00350.jpg,2,23502.5,23502.5,47005.0,0.0,973.1370829343796
19CPdAxVeUJMezQqKT4xzn6NEny77_R9P,Jackfruit_Leaves_319_aug_00349.jpg,16,2406.8125,9310.704007812392,38467.0,0.0,1660.8224972486496
1P3My8gEzN047j1nr2ksqcA04KQq9n2SZ,Jackfruit_Leaves_1_aug_00351.jpg,15,2983.9,11134.557096714714,44645.5,0.0,2055.7169399261475
1T6B38B_SSCX0sSEHEyQFQD_qPJs_DkoS,Jackfruit_Leaves_489_aug_00347.jpg,1,45371.0,0.0,45371.0,45371.0,961.1025931835175
1tQswiMSwL4EwC_fAw1711J8U1iu8cUDx,Jackfruit_Leaves_337_aug_00346.jpg,10,4750.75,14229.26235307017,47438.5,0.0,1186.6000669002533
1rPwB2U0C9oJ_G7nRpct57knL1cYXDdIt,Jackfruit_Leaves_334_aug_00348.jpg,9,4118.444444444444,11633.524908748386,37023.0,0.0,1226.749342083931
10cWdKee1Sd2e1fR4As0-wMOyvmJqYry_,Jackfruit_Leaves_313_aug_00342.jpg,6,7851.583333333333,17530.970034999646,47052.0,0.0,1335.9381605386734
1e4Mr41ausjY8I9qr-5QIBnvsxbZZ5OK1,Jackfruit_Leaves_334_aug_00345.jpg,48,765.0625,5226.12004405216,36593.5,0.0,2766.532296895981
1HHYRsq-02YNs1SshOypNKuJCygD3aAVG,Jackfruit_Leaves_208_aug_00344.jpg,8,5115.625,13533.537672089844,40922.0,0.0,1358.4061961174011
1bENNXmyUjy_dlzjXwmT7QRQ33H6x0Fsr,Jackfruit_Leaves_368_aug_00340.jpg,18,2571.527777777778,10580.858283386904,46197.5,0.0,1549.643784403801
1IvTwYTlPSxMXu_8x2xDVPFGuJCV8oH36,Jackfruit_Leaves_659_aug_00341.jpg,10,4542.1,13620.13366087132,45402.5,0.0,1475.6021546125412
1-HVwLTfB0S8Mnx9WxClky_6yAWF4BZFi,Jackfruit_Leaves_403_aug_00338.jpg,23,1973.9130434782608,9251.75787368585,45368.5,0.0,1337.352373600006
1Og9k9VTW9HRZktwAuTRAXbiRJN3RMPsa,Jackfruit_Leaves_533_aug_00343.jpg,3,15064.833333333334,21304.538062477568,45194.0,0.0,972.6345567703247
1vHv6b8kig0kEimSVPtg31GHmO5auFYME,Jackfruit_Leaves_204_aug_00339.jpg,1,46787.5,0.0,46787.5,46787.5,954.433546423912
16LjkkTJZmEFG3TZduLIKAV9tl61lKOmZ,Jackfruit_Leaves_445_aug_00334.jpg,10,4278.2,12810.281995725152,42709.0,0.0,1203.4112485647202
1-PWuOMR_Nw6TLvtkAr3hMmBLVpRT-yIU,Jackfruit_Leaves_253_aug_00337.jpg,5,8387.5,16768.500359304646,41924.5,0.0,1164.1980457305908
1csmoiEAVeMxNZxOTtku_f1oHUB-BRR14,Jackfruit_Leaves_495_aug_00335.jpg,1,49169.5,0.0,49169.5,49169.5,924.1248904466629
1C8dxO4qCj4W5CnKdJ8uswSKfbzGdvQFm,Jackfruit_Leaves_411_aug_00336.jpg,16,2877.78125,11135.78886261649,46006.5,0.0,1602.3544607162476
1qlqk7NhE76S_Bh0gMbB0JLyOnrmq6_32,Jackfruit_Leaves_138_aug_00333.jpg,2,23056.25,23056.25,46112.5,0.0,1114.4823161363602
1QPqwx45yCo9V_0AB7APpt9OZmz30F1OV,Jackfruit_Leaves_384_aug_00332.jpg,22,2175.6363636363635,9955.291378756849,47796.5,0.0,1783.0823831558228
1R_ZwGRoiRDh-84xt2l9Z9-PslH_aN3Ly,Jackfruit_Leaves_504_aug_00331.jpg,27,1682.4444444444443,8556.954802244447,45314.5,0.0,1802.6214870214462
1wzaHQetLw8YlyZFtEScQruoY-gEk9YV7,Jackfruit_Leaves_523_aug_00325.jpg,4,12377.5,21437.88152430179,49509.0,0.0,1015.078207731247
1IPu9njwnuv2OSRWAMy4dGqPB1r4CUNnD,Jackfruit_Leaves_225_aug_00330.jpg,36,1288.0555555555557,7614.746154463298,46337.5,0.0,2541.0276829004288
11aWhRI81_MZVK26K0oXjYyeizT_yDWU5,Jackfruit_Leaves_393_aug_00329.jpg,34,1246.1764705882354,7145.424590029574,42293.5,0.0,1598.5971013307571
17gUhHkJaZQEwAHio7SgU6-vi_Wk8xb91,Jackfruit_Leaves_659_aug_00324.jpg,2,22292.25,22291.25,44583.5,1.0,1003.8893901109695
1YRexGXd3Ya2TXLdFhRK5LCxWmVM-_tuK,Jackfruit_Leaves_258_aug_00327.jpg,3,15615.666666666666,21802.00847144338,46447.5,0.0,1193.1025930643082
1PTE_YvmTIhMaZreHX-el-hRQhtK3eMx1,Jackfruit_Leaves_295_aug_00326.jpg,12,3755.0416666666665,12426.035351662409,44967.5,0.0,1461.6193993091583
1LJgw2W-A6WtsEWpe5jdLDJtUHLtJ7tch,Jackfruit_Leaves_131_aug_00320.jpg,5,8901.0,17797.500341340074,44496.0,0.0,1224.014279961586
14keL7aAwYhk9vqJn2x9Zqr396fZt-fmi,Jackfruit_Leaves_462_aug_00322.jpg,12,3681.0833333333335,12205.90797324758,44163.5,0.0,1494.5727167129517
1aPCej6IBEtGNUyfvpXdSu5tP87BXl4y8,Jackfruit_Leaves_593_aug_00321.jpg,16,2356.84375,9125.43492408504,37699.5,0.0,1261.7615349292755
1CeW_x0Lf0G-4c2qxGvmG43SVWHxjrARq,Jackfruit_Leaves_665_aug_00318.jpg,2,24466.0,24466.0,48932.0,0.0,1006.5929267406464
14tFgja_fHuEiBkpDWmXJzFIAkH304okC,Jackfruit_Leaves_650_aug_00316.jpg,4,9676.5,16754.705260761824,38696.5,0.0,966.7594470977783
1ebDorJ3zYaOoK81ZmOCHRmDhUc8WNedS,Jackfruit_Leaves_523_aug_00317.jpg,1,39315.0,0.0,39315.0,39315.0,826.3086559772491
1QKxRhJchKuoSNFvIoGhkuX31Ke4VsuFO,Jackfruit_Leaves_679_aug_00312.jpg,30,1330.5833333333333,7098.502447797626,39556.0,0.0,2339.6134696006775
1hpV6C4bdrVeRbSAGJFlfIT2gCtrES_Ko,Jackfruit_Leaves_376_aug_00314.jpg,18,2114.6944444444443,8705.771856358811,38009.5,0.0,1342.6143472194672
1cnLVrxyhJGPB5LXxy0vS8e9CBZGzAeGT,Jackfruit_Leaves_1_aug_00309.jpg,2,23322.25,23322.25,46644.5,0.0,958.090399980545
1lvTbVlNbBguhk_7FX81fCGy3Gv4k1xhq,Jackfruit_Leaves_530_aug_00313.jpg,2,24723.5,24723.5,49447.0,0.0,1017.5634890794754
1a7S-NKXh2u047e51UxVTAetohmRySOKD,Jackfruit_Leaves_273_aug_00308.jpg,2,23186.75,23185.75,46372.5,1.0,1085.7472544908524
1w-RLJMPaVS9MYWGk6BZNDNE3wEd0pDqQ,Jackfruit_Leaves_77_aug_00310.jpg,2,24717.75,24712.25,49430.0,5.5,1033.865004658699
1XCStyb_1Hf3MAB7roAlpkK1bFZULvDHZ,Jackfruit_Leaves_102_aug_00306.jpg,7,6517.5,15964.345275376269,45622.0,0.0,1344.4478269815445
1vB_CNk3BvMFcD5eCC_19xxe429Pzld3-,Jackfruit_Leaves_424_aug_00305.jpg,27,1616.2037037037037,8230.270385346535,43582.5,0.0,1425.6437842845917
1uA1sHYJSFqLgo8urH2EZ-y_Fg8VUd-UX,Jackfruit_Leaves_679_aug_00303.jpg,15,3192.1666666666665,11937.713965505382,47859.0,0.0,1578.2712010145187
1oatKse5JakpaWuBXcaSLD-tUPNwy8Vw8,Jackfruit_Leaves_665_aug_00300.jpg,1,48459.5,0.0,48459.5,48459.5,1095.688379406929
1ZBKXtY33lTWfIOXpzszMoetxZLUDW3_z,Jackfruit_Leaves_659_aug_00301.jpg,4,9774.75,16930.363631283883,39099.0,0.0,1103.6122592687607
1dJDfxm1E05_ecKywWnx00ot93r9-ca_s,Jackfruit_Leaves_530_aug_00302.jpg,2,24258.5,24257.5,48516.0,1.0,1012.534051656723
135iLrfEJ2q_zQls3vyr80Cr1WmF4EAJJ,Jackfruit_Leaves_504_aug_00299.jpg,5,8772.9,17545.050009618095,43863.0,0.0,936.9777026176453
1nXGqKeox1yHYwXA2kCkdAxVWlJ7WUiw8,Jackfruit_Leaves_495_aug_00298.jpg,3,16309.333333333334,23060.28435186541,48921.5,0.0,1175.244728088379
1RzbK1wpLKYyYXOHAwxiKYCEIMMMm9nMY,Jackfruit_Leaves_489_aug_00297.jpg,2,23800.75,23800.25,47601.0,0.5,1079.6883795261383
1S7al0f3bpc7vHeNhNUwtD0U46sWKcQtV,Jackfruit_Leaves_225_aug_00296.jpg,19,2216.0526315789475,9400.500868367455,42099.0,0.0,1421.602154135704
16hVObhmgM08LfSr0C2SqK8tPFRrN6cY6,Jackfruit_Leaves_659_aug_00294.jpg,2,23218.75,23218.75,46437.5,0.0,1190.8010767698288
1iFgVevwsI4eqoEr6o6XiGCJAbwj5SPJr,henna_512_aug_00224.jpg,17,2725.823529411765,10891.795114754928,46293.0,0.0,1717.3077788352966
1MD_O3Ge3NIPXs6TjuuZaDkVPKnaOK-PT,Henna_531_aug_00225.jpg,1,46227.5,0.0,46227.5,46227.5,921.6639944314957
1qKlnS0o_cLEzGISrC-n9U0Ljk5NYTD58,henna_1271_aug_00223.jpg,3,15885.0,22464.782438296614,47655.0,0.0,905.1959581375122
14nd_8ab-MU1VmZWcKbYMXHrA7nsmlUq5,Henna_441_aug_00221.jpg,4,11010.125,19069.80722364217,44040.0,0.0,1014.3746712207794
1MRv4HaslY32NqRNR5AgEcHJjPfGBdM01,Henna_269_aug_00220.jpg,4,11329.25,19622.8366116497,45317.0,0.0,1011.6711345911026
1ALO7MMRJ3CEpnrPd2MbvFx3uzJ9ciaPm,Henna_606_aug_00219.jpg,6,7676.166666666667,17151.688042936832,46028.5,0.0,1106.5584367513657
1fMdD2KKCNIgNbZua3zupbRum3XYOAnAS,henna_956_aug_00222.jpg,163,227.57055214723925,2881.182838471619,36899.0,0.0,2502.14038002491
1sUzdz4f_8z5-VMWALkDHobzPkHQik9vd,Henna_591_aug_00214.jpg,1,49491.0,0.0,49491.0,49491.0,1003.2548332214355
16Am_GH7GgM5hIcwWFxP5ikWH8OqoZhqg,Henna_392_aug_00216.jpg,3,14619.0,20674.388068332275,43857.0,0.0,959.2447283267975
1BwpGuUrsvTLCJoUh5C3qoSKBPqH_gJdd,henna_79_aug_00218.jpg,13,3274.423076923077,11328.070147351384,42516.0,0.0,1303.0752429962158
1IRCfLZF7G7ZaaaHJbUMywnpMQV8UNXY2,henna_1293_aug_00217.jpg,4,11295.0,19560.049923249175,45174.0,0.0,968.5929263830185
1rBeVxg-b2WTrkH2VoHLPvrr82FeHYMsC,Henna_273_aug_00215.jpg,26,1641.4615384615386,8203.008036365352,42656.5,0.0,2101.8073403835297
1qfwtq8CmMD6ko5dxAg9_Jo7xgoKfcilk,henna_450_aug_00213.jpg,11,4337.090909090909,13694.225237499631,47642.0,0.0,1285.29349899292
10Kk-yHDXgSLGpm0ryWKEF4eBkqn2xnzg,Henna_403_aug_00210.jpg,3,14929.333333333334,21113.265677188727,44788.0,0.0,1044.5584369897842
1IU54zSDi6_gsQ1dLxlw604xDl9CP4MfK,Henna_524_aug_00211.jpg,4,12367.875,21421.78788166093,49471.5,0.0,1036.6934319734573
150GMNMwHZ8jEWlApk-0n79LUkhq0-M6o,Henna_670_aug_00207.jpg,1,38343.0,0.0,38343.0,38343.0,959.7300096750259
1uKGozRBwggCgq5n6CeaxW13oLJGkZljq,henna_1311_aug_00209.jpg,8,5469.1875,14466.51938731614,43744.0,0.0,1205.7371497154236
12skov3xxTWwp3hmrznRzWi94q9kkBi_F,Henna_123_aug_00208.jpg,17,2600.323529411765,10391.671256264313,44167.0,0.0,1694.4965963363647
12-vCqA8gbMxAN6xo7YOCKPxyyjxbzOOY,Henna_718_aug_00206.jpg,1,49523.0,0.0,49523.0,49523.0,886.9705624580383
1MsTXY08niuEYPUbJCO3FeMq1dKV5B6X-,Henna_517_aug_00204.jpg,3,14332.833333333334,20269.687287233173,42998.5,0.0,1019.2030981779099
1i7lEJdJrFIoO9eu18VDwNRZFz3MZFbnu,Henna_701_aug_00205.jpg,1,45946.5,0.0,45946.5,45946.5,1151.8549000024796
1eZF9wSiuV8JWmyCUX6Zd4sc7_VdS_xV7,henna_845_aug_00202.jpg,151,255.46026490066225,3112.2065709304993,38372.0,0.0,2790.314041018486
1My3kU5UZqR8M_hk9i44e0HRdf2oj5Nkk,henna_1107_aug_00203.jpg,8,5758.375,15234.094344081468,46064.0,0.0,1106.7838324308395
16NBN11XHLkO_vDD6buyFUp6McwFS15po,henna_58_aug_00201.jpg,9,5272.777777777777,14913.667689425605,47455.0,0.0,1245.896530032158
1sHZIDMGhjIfsqRVGsIN0x_3Ui62G-VNK,Henna_486_aug_00200.jpg,1,40868.0,0.0,40868.0,40868.0,852.7939372062683
1YC7SYjeypDmNY8nhwwNQZDOtvNi1KSfz,henna_688_aug_00198.jpg,17,2613.176470588235,10451.955890619054,44421.0,0.0,1526.5971015691757
1gIwK923Lqdd-kv3N6cdnuKBEF9CNYaaL,henna_1155_aug_00197.jpg,1,49645.5,0.0,49645.5,49645.5,949.154327750206
1KhRQ7R1JijtHhxQpqAkaGmjcD2cVKZ-Z,Henna_573_aug_00199.jpg,1,45389.5,0.0,45389.5,45389.5,975.781744480133
1Mi6ON04oi02dorg9OHIacbxQg-tsnmhj,henna_1246_aug_00195.jpg,91,438.53846153846155,4144.111361172071,39753.0,0.0,3505.7080454826355
1_g8WTgWnB18HyV1RkJY8xeUHBjB9wJ58,Henna_27_aug_00196.jpg,66,601.2575757575758,4741.064752424822,38823.0,0.0,3021.8216193914413
1UUfa757XSf4zqsn-xA9FET5Noy1sOrwt,Henna_469_aug_00194.jpg,1,40495.5,0.0,40495.5,40495.5,866.6934319734573
1lcxhfU9uW0OWIP5svLjhVMRmGRQJO-C2,Henna_392_aug_00193.jpg,6,6768.75,15134.937913511021,40611.5,0.0,1042.7178171873093
1oGipNyI5bJ3IeZTvuMQzbOxDd13kpCZ_,Henna_665_aug_00191.jpg,1,42601.5,0.0,42601.5,42601.5,834.3259009122849
1V-Xz8qYCoYC7YXTky8MVtSQkeTKW1N8i,henna_145_aug_00192.jpg,57,736.0350877192982,5489.41818798937,41815.0,0.0,2215.086557865143
1vOHAZdNBHLMRRZe4s6uReBDbhLQY4CZv,henna_1080_aug_00189.jpg,4,11079.75,19188.957923438677,44316.0,0.0,994.0142802000046
1xIXAy2Y6mCMKs22yakdr_zoBlzvCBsGy,henna_1080_aug_00190.jpg,5,9324.3,18645.850121675867,46616.0,0.0,1199.109733223915
12rS4Gu5ieeEkZxmc4_ug5agwQfsRIKmg,henna_983_aug_00188.jpg,155,243.43870967741935,3006.814166745306,37557.0,0.0,2438.7677969932556
11IrXqFLw_HnpyVhVZBXcvqFjJ3IE8EJO,Henna_322_aug_00187.jpg,1,40360.5,0.0,40360.5,40360.5,842.5512965917587
1jGKV-Uf8eYQfPlLjCNO76yL7mgrDPDxu,henna_1356_aug_00186.jpg,20,2419.325,10540.890492831952,48366.0,0.0,1535.276253581047
15r9rU7n52SLTx8yiDZ4737dfdM1VuK6e,henna_79_aug_00183.jpg,13,3442.653846153846,11919.49691824381,44733.0,0.0,1494.697606921196
1h0Eho-Cjt-ARW3SkPwc4jOG03-KYOD4a,henna_1356_aug_00185.jpg,39,1106.2051282051282,6815.375431009999,43119.0,0.0,2139.6408199071884
1D2Uot_NHIbnHNQHK1o9xmYaOLeLiW-ZG,henna_1283_aug_00184.jpg,13,3116.3846153846152,10789.555662330702,40492.5,0.0,1421.744290113449
1DfM493WoFvlqvFXbdOwEsN-MG83W4nV3,henna_1356_aug_00180.jpg,1,45824.0,0.0,45824.0,45824.0,868.5929267406464
1TtqA3MQa84w84-JWYgcaP1F8sp6wETUM,henna_415_aug_00182.jpg,52,819.5576923076923,5847.56181903542,42579.5,0.0,1961.9250903129578
1NZ-C5qeBS0MsnjGtlEVv0ePbmcZYTuZL,Henna_559_aug_00178.jpg,2,22671.25,22671.25,45342.5,0.0,890.634556889534
1KolplMrxjVk_8PavSAvDmY5Sy3Krf8zv,henna_1266_aug_00181.jpg,2,23347.25,23347.25,46694.5,0.0,991.9482647180557
1BSVGLNvvQGG3Zt3gqg5VvjtISZX_lJtg,henna_1136_aug_00177.jpg,2,20605.25,20605.25,41210.5,0.0,857.4385987520218
1uxiLxDZlkNJwls7GaLvvAcYmlqyGTWH7,henna_1356_aug_00176.jpg,25,1446.82,7064.176767154117,36054.0,0.0,1624.0945757627487
1vDcbBUN1o7UScfQGd46PIvMl_j0O6rej,henna_853_aug_00175.jpg,213,191.018779342723,2760.5742040863624,40385.5,0.0,3403.565910220146
1UXOmfj2a-hdyzzRNFgqC_5c5o8BIYit9,Henna_606_aug_00174.jpg,4,11959.125,20703.99822309389,47819.5,0.0,1091.1198379993439
1_4089V6n_xpRC9aiuw2bbJBOR4X9CnFO,Henna_269_aug_00173.jpg,2,21493.0,21493.0,42986.0,0.0,906.1665205955505
15pUvC5FgNgA-VWQiRhiFXgrsvBw28AEp,Henna_542_aug_00170.jpg,3,14420.166666666666,20393.195271680426,43260.5,0.0,926.6345566511154
1pxav8jptuk6Id1HV6ifI3bsmxZ-CmeKg,Henna_701_aug_00171.jpg,1,48368.5,0.0,48368.5,48368.5,927.012192606926
18S9TjnCTYYMNBdzrWf_YGkc52UalhL7F,henna_1334_aug_00167.jpg,46,894.5434782608696,5982.377172039925,41025.5,0.0,2063.121047973633
13OQXSp9y3iv42PMXtXTmKpVLRFXTcsA2,henna_1107_aug_00166.jpg,1,43924.5,0.0,43924.5,43924.5,997.806129693985
1y3IkUYvLWwda-46Qp9Bz97S2UCmVHhGx,henna_1261_aug_00169.jpg,88,481.48295454545456,4477.044313678532,42240.5,0.0,2595.578979611397
1MuwCX4AMzrmEXiOH2ZUN1VOiOB7CHveF,henna_1062_aug_00162.jpg,12,3701.75,12275.657529062682,44415.5,0.0,1534.4894564151764
19FxaL3OqeTcf8ryWucQcirKzN_naMAKm,Henna_714_aug_00164.jpg,14,3217.8214285714284,11597.58286794393,45033.5,0.0,1407.6437842845917
1jzf3jwuyJbzdPrhoio5X5AYWw9K6Avr4,henna_878_aug_00165.jpg,141,291.8758865248227,3434.8895814455964,40934.0,0.0,3380.7303425073624
1MNYMcDsi_hW-_3jZLfMc1aRtZzfuw4zz,Henna_452_aug_00161.jpg,1,46037.5,0.0,46037.5,46037.5,922.8944422006607
1EUGuFKznH70ASZag-OpQNs5ukiLzdDTJ,henna_827_aug_00163.jpg,149,251.1208053691275,3033.2785531019194,37152.5,0.0,2701.4195988178253
1puw4U5jL6HdwbrOPp_o3S8tFELOn46Hz,henna_1198_aug_00159.jpg,21,2006.6190476190477,8972.755166806164,42134.0,0.0,1829.3321636915207
1mZWInU7xUn4JfU82uUdmqKYLxgaD-jMj,henna_897_aug_00160.jpg,6,7224.833333333333,16151.864589644818,43341.5,0.0,978.6173115968704
1ionJcm9qCE6bOH3utR4CgjiI8_ZdsHGs,Henna_517_aug_00156.jpg,5,9137.1,18274.2,45685.5,0.0,1191.938160419464
1Wx2e5gF5k5V3qVKwndbcUlT95ECokYwC,henna_1237_aug_00158.jpg,38,1025.1315789473683,6232.508500304769,38936.0,0.0,2098.0083503723145
1YbNqPKl8-I1hQl2dEjxREvnNMy_JJWO7,Henna_207_aug_00157.jpg,4,11800.75,20439.498567418428,47203.0,0.0,1118.1320304870605
1nNpUeqCPWlhV5lp0LtTEsluOKCQHmM_A,henna_1081_aug_00155.jpg,4,10717.625,18563.47103647039,42870.5,0.0,1077.0020871162415
1kqG-jOg9N6tMDK3cPu7hUqgdArb9ZDWp,henna_676_aug_00153.jpg,3,15295.333333333334,21630.51428858983,45885.5,0.0,967.9898951053619
10bzYJG9zNJUHryNY-A7EbgCTkPUAq89w,Henna_721_aug_00151.jpg,1,47266.5,0.0,47266.5,47266.5,875.899494767189
1JsY3UO9P_eR_1YHXxT432EU8MBM5LZFS,henna_883_aug_00152.jpg,5,8968.6,17923.701647260255,44816.0,0.0,1227.955404639244
1y2hVFyKc3oZcrxBGCJPsU-BRWhg3TPgG,henna_1129_aug_00150.jpg,1,41706.5,0.0,41706.5,41706.5,820.5512965917587
15fI1ymzLzCrMlbRW0tA-kTiC4ljPIZ2-,Henna_517_aug_00149.jpg,1,47680.0,0.0,47680.0,47680.0,877.0538227558136
1QUkE_68OSq7yDYiALAidHlgdrlCKnao8,henna_700_aug_00147.jpg,12,3906.0833333333335,12953.957535301282,46869.5,0.0,1468.1463112831116
1IhwgqDy1WS7ogdIztbEBuujJhEIMlL3G,henna_1211_aug_00148.jpg,20,2131.825,9290.000904568042,42626.0,0.0,1819.3250237703323
1i8De9eJs3m5An9pGQQOIpdkOn5g8uoI2,henna_152_aug_00145.jpg,27,1589.962962962963,8104.800772022951,42916.5,0.0,1537.1656428575516
1BBPn0eWy5H4PCUVmeOw5mXyuJpg5Kvvz,Henna_123_aug_00146.jpg,7,6387.071428571428,15644.861827515155,44709.0,0.0,1100.423441529274
1fMoZ2wCgyZUUBaVhLAO51B9kQ4YsmQYS,Henna_416_aug_00144.jpg,1,48130.0,0.0,48130.0,48130.0,910.911687374115
15K83iKGTHzp2UoRjt_s7Mi3IVd1_wBj1,henna_966_aug_00142.jpg,69,552.9855072463768,4534.695028311161,37947.0,0.0,2124.444859623909
1cYxMcJKKR8h9ZnCoLJ9vvGSK76GvHRnX,Henna_458_aug_00141.jpg,1,42237.0,0.0,42237.0,42237.0,859.0538227558136
131VEx6QJgvsSldygFAO-ziUB2FWFm4Wo,Henna_728_aug_00143.jpg,2,22966.75,22966.75,45933.5,0.0,890.4680362939835
1N0MHG7dYltG3cWpwhdWgF4scgJgDCn3Z,henna_1313_aug_00140.jpg,15,3074.6,11492.076273386518,46074.0,0.0,1561.8864245414734
1lnTiydhbTISNlhi59Qxu5qR_DLQ9HAAk,henna_1237_aug_00139.jpg,4,10536.375,18249.53682759853,42145.5,0.0,978.0071401596069
1xCSqQeaICNf9ZsKs-lZRVOnjY2YV9UWO,Henna_648_aug_00136.jpg,3,16310.833333333334,23065.233969235072,48930.0,0.0,1325.2274832725525
13Sg7aniuxn0HvIqlW-HBdsqIzobUgW5Z,henna_415_aug_00138.jpg,86,532.9709302325581,4908.001060415398,45782.5,0.0,2102.2266061306
1bYmCoM2rzrreE5zLT6VXSCAUnHL-HN56,henna_135_aug_00137.jpg,35,1322.1285714285714,7697.523042551562,46206.0,0.0,1851.45705473423
1pBipDrl3-hLScKg6e3wgvxSgQcT4WNaY,Henna_101_aug_00133.jpg,2,24748.5,24748.5,49497.0,0.0,1017.2792180776596
1WcgvRfQ4ReTBxCgMlZtktffFoE4yzxgT,henna_1208_aug_00134.jpg,81,472.0246913580247,4206.099817197619,38092.5,0.0,3158.747588157654
1oHoOF2lNm4iRPL-Uy0T5uSj6irkE-h8a,Henna_294_aug_00135.jpg,4,11099.625,19225.1144449617,44398.5,0.0,1317.1929936408997
1U2EIZNu9uRbvsgZ2z8cvw5UvifHKcCsR,henna_1338_aug_00132.jpg,3,13865.333333333334,19608.542446823754,41596.0,0.0,932.357426404953
1Jq0eL8DoxH0d9wexDvBJ8-w_Zco5o30Z,Henna_459_aug_00130.jpg,1,49696.0,0.0,49696.0,49696.0,917.1126978397369
1oAUbBEMLcRF0kO-mkmSLug8-wdneCbJX,henna_121_aug_00131.jpg,127,293.96062992125985,3275.3885137144925,37060.0,0.0,2673.017578601837
1HhtiylIRSVGYb1OYDKVJcKGRsFM54BKp,Henna_437_aug_00128.jpg,1,45102.0,0.0,45102.0,45102.0,874.0487704277039
1wd_i1E2r2gFNPhqhTxJ4E133DRl_Jbe2,henna_1316_aug_00129.jpg,6,6985.666666666667,15620.201929090275,41913.5,0.0,1079.4112486839294
1OVm8wSrfMACzvemjo7NN8UZF9YxaSTjT,henna_1274_aug_00126.jpg,1,48651.5,0.0,48651.5,48651.5,1239.2863584756851
1Yrh73BON2QzOe9aN2Plg-jNCiuNkiHv_,Henna_645_aug_00127.jpg,1,48955.5,0.0,48955.5,48955.5,897.3553384542465
1wjGMDmUs0gue3bTG2qEp1ZfjeaWXByuJ,Henna_362_aug_00125.jpg,1,41768.5,0.0,41768.5,41768.5,849.5218589305878
1vlL_JgrFRdXoy0AwHiX8aSarfoCVp7SX,Henna_437_aug_00121.jpg,1,48755.5,0.0,48755.5,48755.5,918.3259009122849
1Fgk4x4brvI-8yp8HXaWJcmMVIVIcn6lS,Henna_360_aug_00123.jpg,1,48905.5,0.0,48905.5,48905.5,932.6101716756821
1is4fKVuzC_a4Oph5VrtWMLejBI4R9O38,Henna_432_aug_00124.jpg,2,24798.5,24797.0,49595.5,1.5,978.8528121709824
1mF4NeKauufiDiZgjcUIyVtKwmydWotf4,henna_1030_aug_00120.jpg,133,272.11654135338347,3102.1908247414185,35913.5,0.0,2530.5251569747925
1InziUFopoU0mMM3MqXeycAG3M2XbMLTz,heliconia_psittacorum_359_aug_00357.jpg,49,678.530612244898,4607.33416148574,32593.5,0.0,2796.0125249624252
1KWsfe_DM5Na2WeidMRKn-FpPZcM96JU9,heliconia_psittacorum_366_aug_00358.jpg,18,1897.3055555555557,7666.191516324721,33501.0,0.0,2488.8683012723923
1cGjGBLFCP9qB_1v8E7TvmjKl2Oj7bUsp,heliconia_psittacorum_190_aug_00356.jpg,24,1504.9166666666667,7138.360386943832,35738.5,0.0,1965.5575593709946
1cM3F3uOnNvjWu2f7pfu72amfn7dqqruY,heliconia_psittacorum_371_aug_00355.jpg,49,836.5918367346939,5446.798450834673,38517.5,0.0,3233.3506186008453
1FlczfReZ8otNHn0NS1Fr-Hb4uX7PMEkz,heliconia_psittacorum_380_aug_00353.jpg,16,2076.84375,8010.032794328057,33099.5,0.0,2836.799322247505
1xglkDgxK0X1cMgeQMOLRiRDDFp7FCDZ7,heliconia_psittacorum_671_aug_00350.jpg,97,428.49484536082474,4191.588563792701,41497.5,0.0,3233.173993706703
1_4bqvbUPpOt3MCAA6qWRns3YyPaWX5Zj,heliconia_psittacorum_630_aug_00348.jpg,366,48.240437158469945,579.3000247649787,10397.0,0.0,8564.845790028572
18XpbVjmoJkwD8cSKQ9-zHX81JCL_HOj7,heliconia_psittacorum_263_aug_00351.jpg,57,559.6842105263158,4153.414372887514,31640.5,0.0,2502.189150094986
1ofW6M9M_c7yRBGnxXxGZtPpBO-cE4Zvc,heliconia_psittacorum_568_aug_00344.jpg,179,98.18715083798882,609.0984453205264,5671.5,0.0,7265.697393298149
1MwkxKoxONdM9U2Tz-YnMJ0-0EwOQlvkK,heliconia_psittacorum_620_aug_00352.jpg,141,212.2127659574468,2293.588023622929,27298.0,0.0,6539.391703724861
1IUKLUaK2G0WEksea1O4-TLwscZ-KhK8B,heliconia_psittacorum_359_aug_00349.jpg,42,933.4880952380952,5860.398466348691,38452.5,0.0,2767.319092988968
11Hbei9ULVGLz5RaqSzsBAU-f0Nea7khX,heliconia_psittacorum_613_aug_00341.jpg,272,79.58272058823529,1114.1389355039316,18373.5,0.0,6252.438384413719
1G6rY2v5ZOqrIJK8CFQhPgT_7pR78tbKG,heliconia_psittacorum_368_aug_00347.jpg,45,767.0222222222222,4994.775452583269,33893.5,0.0,2730.2724096775055
1r0VjgY_8HtBR7GRKdOZCTf91j-vDXxlG,heliconia_psittacorum_357_aug_00343.jpg,104,358.3798076923077,3354.5081681906304,34338.5,0.0,4759.778233528137
1xlg2aJxOk4DC7beJ14apK1PjjGLc1czI,heliconia_psittacorum_344_aug_00342.jpg,30,1357.05,7293.734850712631,40635.0,0.0,1988.06008374691
1Y7-_JE8TRoub-KX7CgMK2iQZEMvubyJb,heliconia_psittacorum_590_aug_00337.jpg,131,214.41603053435114,2333.6103144739823,26814.5,0.0,6399.453542232513
1mCnxraYEegt5XyK62f_hVLp8faBwyLDU,heliconia_psittacorum_694_aug_00338.jpg,169,242.34615384615384,3104.5013072736665,40479.5,0.0,4288.959912180901
17xDMqvl5ynlTJZwL3rl-JvWRHM_gZDV9,heliconia_psittacorum_590_aug_00339.jpg,96,313.890625,3003.1225209867716,29583.0,0.0,5430.076783776283
1R1zKI4FR2P7DuzSXkUsa5BpKkH8yWLZU,heliconia_psittacorum_242_aug_00335.jpg,56,672.4375,4947.127300499124,37361.0,0.0,2840.3729161024094
1dlRNejtV23Sf124UBZnEDtvc4f2vJvpF,heliconia_psittacorum_465_aug_00340.jpg,45,872.2888888888889,5751.901339256716,39026.0,0.0,2937.669377923012
1vcbEuaK0CaSZt92ceSslqwnclZejoLTN,heliconia_psittacorum_211_aug_00336.jpg,206,95.26941747572816,1219.7683784532285,17551.5,0.0,8372.633464455605
1lpushg8aq-8dsKadV6xVj_Rg0TvmB4rg,heliconia_psittacorum_101_aug_00334.jpg,90,394.44444444444446,3622.56625615694,34567.0,0.0,4077.4136683940887
1x6bLDFk3wAabI_sqtuIsNXbuxOBr8T4U,heliconia_psittacorum_638_aug_00333.jpg,81,360.98765432098764,2170.5268148927744,18663.5,0.0,4719.7122193574905
1LVVCf49Q5Sd45GpcZ23R_ZpzEeFQo3X4,heliconia_psittacorum_344_aug_00332.jpg,57,660.5350877192982,4884.073239730293,37209.0,0.0,3023.1323632001877
1-he5mXNa3QwhDVtl2_4ZOuErdM1sscxF,heliconia_psittacorum_113_aug_00331.jpg,26,1571.9423076923076,7812.53837569273,40634.5,0.0,2119.3149185180664
1Fd09HFUjE0wB00pM4NB7spXPanxR3Bfv,heliconia_psittacorum_701_aug_00319.jpg,114,354.75877192982455,3733.9432194306096,40046.0,0.0,3898.4847366809845
1_Xh7-by3k_06dNynZL1aDgjRN7ADLC0E,heliconia_psittacorum_512_aug_00330.jpg,74,394.61486486486484,2918.9543163597564,25246.5,0.0,5882.101166844368
12TS16roiFmJfPJITlwyg8T_aU30sUd3d,heliconia_psittacorum_574_aug_00329.jpg,100,264.755,2354.721051945431,23646.5,0.0,5652.184429526329
1ZQblTyWTvVZDFQo-P8bd9cqp4csePKYN,heliconia_psittacorum_376_aug_00328.jpg,33,1322.1666666666667,7459.685402078281,43520.5,0.0,2883.201345205307
1Ua5ii6Oth7zso7nmZH50f0W18TKu63Du,heliconia_psittacorum_45_aug_00327.jpg,37,954.6621621621622,5651.811113757724,34864.0,0.0,2436.074364900589
1XPKlLAmGen4n4nNdG6nU9Iu33u8ucwdG,heliconia_psittacorum_261_aug_00324.jpg,47,862.4468085106383,5817.88770090676,40321.0,0.0,2313.4053184986115
1_dfTYT3pe_7hLnfGz3oyeICQ1xzEmWWx,heliconia_psittacorum_541_aug_00325.jpg,106,275.0990566037736,2686.863487080551,27801.0,0.0,6016.340843319893
1lG1o-W9P_FVKu_HN7uFwuPPZTh9LOTjs,heliconia_psittacorum_235_aug_00323.jpg,47,766.0531914893617,5135.983154171811,35599.0,0.0,2469.873354911804
1yMgFn2R44bDmLl_qBZ1EfiK4w81sXMpk,heliconia_psittacorum_589_aug_00322.jpg,50,480.76,3271.0244056564297,23376.0,0.0,4641.344687581062
16Do5U3mLSPvtNgzbkQfIApmTY4PjkBAc,heliconia_psittacorum_512_aug_00321.jpg,108,238.37962962962962,2321.8299235396867,24247.0,0.0,5575.623027801514
1tndkyFwUL68Fkmk6f0REwuY1WKfMZRqn,heliconia_psittacorum_570_aug_00320.jpg,40,703.0125,4095.855563077603,26267.5,0.0,5249.944753050804
1s_U5BwkqSH-zFm6qI-_Yj0xvyFclJesS,heliconia_psittacorum_434_aug_00316.jpg,166,172.26807228915663,2137.80516995902,27630.5,0.0,6951.388736963272
1itdEKwSgSqsyM4Wq09sSz70CxgKi74Jb,heliconia_psittacorum_504_aug_00317.jpg,187,118.65775401069519,877.9416544640561,11320.5,0.0,7370.116659879684
17V7hAkVOaYt3yCRaAKaHtsK3i3-daFyq,heliconia_psittacorum_612_aug_00315.jpg,73,498.63698630136986,4162.590097967912,35818.5,0.0,4249.680694460869
1Kk9E705lQjCWqvXwxXHwYx_lxajgW0f1,heliconia_psittacorum_679_aug_00311.jpg,265,125.02830188679245,1900.154909313365,30953.0,0.0,6772.158291578293
1n99BNseypMz92XvqSbFfkd56sVMvgB71,heliconia_psittacorum_229_aug_00310.jpg,50,748.43,5162.110445360501,36882.0,0.0,2696.230780482292
1Qw3zy8vQ12mLvaxBxfJ2R6Uga80KSCnK,heliconia_psittacorum_363_aug_00312.jpg,171,178.8918128654971,2009.576384979549,26301.5,0.0,6507.693220973015
1rfdQ5WuHBqeNac0Ym9V219pu-TaXvPse,heliconia_psittacorum_611_aug_00313.jpg,222,111.65090090090091,1475.1058828919474,21998.0,0.0,6236.590627551079
1ayLywO-xus9PL8-wPaXHvmFnPBSnb0XS,heliconia_psittacorum_574_aug_00309.jpg,62,480.94354838709677,3530.687682153434,28037.0,0.0,4015.514172911644
1gwz6jInHvlMSeVT1tEfmZ5xAI0E-kqwW,heliconia_psittacorum_571_aug_00308.jpg,49,405.4183673469388,1465.4704417984997,9106.5,0.0,5993.169270515442
18XIChSLYmplfTpVoPo3NCg4sVYN78iLm,heliconia_psittacorum_239_aug_00307.jpg,31,1291.4354838709678,6908.102123409191,39125.5,0.0,2549.966719388962
111qqQW0i5P7fouQe_lovODyTDQBok4pa,heliconia_psittacorum_271_aug_00306.jpg,59,654.6186440677966,4957.746851328311,38411.5,0.0,2922.1719059944153
1KVNtusggIhUG0_N-rbzXbV6vWvQVobQV,heliconia_psittacorum_120_aug_00305.jpg,147,157.4421768707483,1765.7865069574761,21486.0,0.0,7210.920700907707
1GVFN0I8qbUXgeEDcBu083nJcwSEHWBt4,heliconia_psittacorum_317_aug_00301.jpg,117,293.8974358974359,3133.9229099835748,34047.0,0.0,5211.172236919403
1fx0L9OHrybQD5bJnkl6PEJiyYTswdVA3,heliconia_psittacorum_437_aug_00302.jpg,28,1199.9464285714287,6201.820947079181,33425.5,0.0,3223.2257285118103
1jOF0JunbrTUJt940x97jLB8nIyXsmWRo,heliconia_psittacorum_330_aug_00304.jpg,50,783.8,5460.46876284445,39007.0,0.0,2751.4195981025696
1StyhKPRxTQQTHoYkR9gQVpgaOKoYkpDu,heliconia_psittacorum_432_aug_00303.jpg,57,591.2543859649123,4403.634995831949,33545.0,0.0,4193.6949726343155
1x0QtnGBNABXBzfr1SAWIBd0VAp1dQ5FK,heliconia_psittacorum_440_aug_00299.jpg,30,1328.8,7114.245397557401,39640.0,0.0,1848.5037360191345
124kMgrwtHmDkwntynoMJj5tPDBgETkO9,heliconia_psittacorum_621_aug_00300.jpg,213,140.17840375586854,1835.8782533517428,26804.0,0.0,7439.018239378929
1dXGje1evM-gLk4J44aIgnTOzBmKB3bro,heliconia_psittacorum_156_aug_00297.jpg,53,792.2735849056604,5622.094766361,41332.0,0.0,2626.2063961029053
1QffPmfB5PMUVMDvdOwO-BhbN3Qqty2xQ,heliconia_psittacorum_560_aug_00296.jpg,92,298.8369565217391,2112.5880031948755,19038.5,0.0,5973.63730931282
1nTKzoPrHPVwMrKZlf7bZTz34NxtcMqi-,heliconia_psittacorum_571_aug_00290.jpg,101,244.12871287128712,2287.7220940211687,23109.0,0.0,6498.573382496834
1ivRGCEpe0kNH29zNnc5GE6Di2Q05bt2n,heliconia_psittacorum_432_aug_00292.jpg,45,849.8888888888889,5625.0907389114755,38162.5,0.0,3008.2379207611084
1c7Pm7FnmyR8F4dv4rQNE1pFPOIdjBOok,heliconia_psittacorum_162_aug_00295.jpg,61,673.3934426229508,5166.228722584334,40690.0,0.0,3037.0419622659683
1B20mtdGcM0LJ0I0B1b1F8O-vilSOkpBO,heliconia_psittacorum_628_aug_00294.jpg,306,83.01143790849673,1276.1871740855834,22294.5,0.0,8613.196078062057
1B2TM8fCt1zC4K04xxNpEW6uvqsgueLmN,heliconia_psittacorum_421_aug_00293.jpg,85,357.8588235294118,3253.177657046184,30173.5,0.0,4335.854353785515
17SsAMPmw0WunWsKGQ3GT3txc4IxqtsZp,heliconia_psittacorum_188_aug_00289.jpg,254,65.49409448818898,718.2977272448555,11006.5,0.0,7735.309653401375
1a0e0bPgQH96zPht2QmG9c0xH2NVNNL-M,heliconia_psittacorum_566_aug_00288.jpg,107,262.60747663551405,2490.237247103173,25890.5,0.0,7025.249567270279
1OQxR47Jtbi8RgRJCoQAcV_ztyjyAgkl8,heliconia_psittacorum_674_aug_00286.jpg,184,171.31521739130434,2261.967941543995,30768.0,0.0,5449.019997000694
1-rNIb5chKWqbW2Wlwqwq3XT_adPsNAB0,heliconia_psittacorum_548_aug_00285.jpg,23,1631.608695652174,7315.73671875808,35940.5,0.0,3244.272409558296
1idmtyTAeryPls-_YD2GMclBHflnE1jKF,heliconia_psittacorum_615_aug_00283.jpg,62,577.3790322580645,4423.3074069997,35123.5,0.0,4541.504068136215
19Y2s-gZTmA1KtZLxi6TMrQ2p3d7gehlw,heliconia_psittacorum_437_aug_00284.jpg,32,1263.984375,7018.531948398708,40341.5,0.0,1860.947386264801
15hmyDQbzvvZ6QOS9mABXAekTZWXxcUDJ,heliconia_psittacorum_366_aug_00282.jpg,106,268.5566037735849,2508.8061717026626,25913.5,0.0,4873.66762304306
1xaQ7haTt95mARzGXI2XkHIYZmXa5V2cx,heliconia_psittacorum_288_aug_00279.jpg,115,245.14347826086956,2574.7319267510898,27735.0,0.0,5263.449368357658
1On89muZbbcpIZ_iHIFKloPjDfvpjGhO0,heliconia_psittacorum_571_aug_00280.jpg,109,226.60091743119267,2184.805469454193,22917.0,0.0,7028.521644592285
1P9gAChzqQLXrILjiNMKj042CDaRV-XLi,heliconia_psittacorum_330_aug_00281.jpg,40,968.975,6039.48007897824,38685.5,0.0,2193.0032967329025
1-L80BbpjSScH4u2izvstikJOSmlVLm9P,heliconia_psittacorum_584_aug_00277.jpg,137,173.78832116788323,1912.2918356467255,22467.5,0.0,7240.469910025597
1yIPRvn7AR_OrEIMoA1F_VwmFer3YNfAd,heliconia_psittacorum_171_aug_00278.jpg,93,391.5967741935484,3705.216328235351,35930.0,0.0,3267.2501126527786
1EVBhJ4ykPfv5ZjmW72YaKov2Gt6bv4TI,heliconia_psittacorum_218_aug_00276.jpg,24,1777.0,8460.830314110233,42353.5,0.0,1814.8224976062775
1EOtRMMJkK6W9hvdtS8wpnPUx3UH3ljlp,heliconia_psittacorum_512_aug_00275.jpg,79,427.4746835443038,3630.357924170415,32484.0,0.0,4582.32238984108
17XJaZ5aSYTuLcR40GbuPRjJ5jWz5FjPc,heliconia_psittacorum_571_aug_00273.jpg,75,359.3066666666667,2902.462368281265,25314.5,0.0,5540.603693604469
1ryClyIeDOqMm96mvtUBGOnGZwqhf3xgx,heliconia_psittacorum_638_aug_00274.jpg,155,198.6451612903226,2360.803473100974,29481.5,0.0,4853.157957434654
1U0PwGp9pu2IatQz9tuCUC4taU3y0GvKJ,heliconia_psittacorum_568_aug_00272.jpg,142,134.95070422535213,1050.7293515007268,9161.0,0.0,7637.444649577141
1xf3advtHWoyG6Onj4-RC0XyJXDUfX-9M,heliconia_psittacorum_574_aug_00271.jpg,85,350.4235294117647,3144.390317324117,29166.0,0.0,5583.137746810913
10ya-2J1HzWYS-oJZXBen0TkdICx47_qi,heliconia_psittacorum_638_aug_00268.jpg,37,1168.3648648648648,6705.087060974824,41373.5,0.0,2252.8195325136185
1VOOy78dapKdgPBw0GRXiTsp15t2Zob7m,heliconia_psittacorum_590_aug_00270.jpg,33,821.969696969697,4486.096724020063,26194.0,0.0,3786.4775953292847
1w7MWF_0hF6286Xe0aiss5NtfC5xzeBwD,heliconia_psittacorum_671_aug_00266.jpg,49,858.7551020408164,5938.0145251800695,41998.5,0.0,2374.2825157642365
1dAVCSCU11oJMi98uvxwY15TENSsIPrM2,heliconia_psittacorum_582_aug_00269.jpg,55,359.3454545454546,1699.2740986901847,11305.0,0.0,5731.490995645523
1_tgU8UEtBRrSsMJ85jzS7iP5onlwyvyY,heliconia_psittacorum_568_aug_00267.jpg,81,339.0246913580247,2900.5327617283474,26277.0,0.0,5254.554926037788
1oLbpNiybedXKsM8BL-q216mxtt8wP6yr,heliconia_psittacorum_120_aug_00265.jpg,68,586.0294117647059,4716.343074791627,39189.5,0.0,3091.3262325525284
1MbImQxuqOp_Ndvl9OVpOwhOW7_EO3aGq,heliconia_psittacorum_113_aug_00264.jpg,50,840.63,5814.5161740337435,41541.0,0.0,2986.85819709301
1qK4Lxng51hUvUIj0gycuwXvcRP9qkqSM,heliconia_psittacorum_320_aug_00262.jpg,206,102.7864077669903,1158.7940733272492,16549.0,0.0,8195.125888228416
1t_TXyIiax-erzMBzMgpFqZ99r6-QZlt6,heliconia_psittacorum_363_aug_00263.jpg,11,3638.909090909091,11352.433817584872,39536.0,0.0,2239.1210474967957
1pTJ34MGQmFsuZWYXBIcRuPgtxYTs4m3M,heliconia_psittacorum_368_aug_00261.jpg,46,841.2934782608696,5635.668468101079,38646.5,0.0,2838.5150504112244
1Sa4cmesUwMlKFeKdhys9OEqUv4-wGstv,heliconia_psittacorum_626_aug_00260.jpg,51,736.8235294117648,5176.634653092995,37341.0,0.0,2486.542404770851
15SpiKmnWaH2LSJ4Q3I-LJgQo8SiCgALY,heliconia_psittacorum_303_aug_00259.jpg,42,881.1190476190476,5590.70515167546,36678.5,0.0,2917.527243733406
1P44xMpViE8hhw3zgIRGZd8gtsybPj4sb,heliconia_psittacorum_63_aug_00256.jpg,70,484.4714285714286,3944.1783065005297,33245.0,0.0,3412.4532099962234
1Thh5fBIExCi4vVgI-apwV8FGj9ziTumn,heliconia_psittacorum_529_aug_00258.jpg,78,426.87820512820514,3609.816462400449,32098.5,0.0,4688.2736213207245
1CKZtOjoygr23AzP5DW2hKxWluEK9llmV,heliconia_psittacorum_218_aug_00257.jpg,50,840.38,5785.166892631535,41335.0,0.0,2661.8561086654663
1W4EzkrXwWoEs5rOOwE8ZRVYh2EuVEvOC,heliconia_psittacorum_569_aug_00255.jpg,82,364.5121951219512,3079.789662575179,28071.0,0.0,5835.799651145935
1IE7JtIKBFDNFQ9hea05htcynhw_JZNvr,heliconia_psittacorum_463_aug_00254.jpg,43,732.2558139534884,4662.058542442798,30944.0,0.0,2379.6550985574722
1KHkJTpnqDB-Hr82PZCyMgCw2yZt8Sl7d,heliconia_psittacorum_623_aug_00251.jpg,122,294.5245901639344,3120.728572491657,34617.5,0.0,5158.437176346779
1ByvYRRiXZUtAiUFWH5a3k18hYiOVTQuq,heliconia_psittacorum_621_aug_00253.jpg,204,133.43382352941177,1797.363303532533,25736.5,0.0,5901.384560823441
1qUeYST2M-fzofCfDkYCMkWWLzlG3JhU3,heliconia_psittacorum_512_aug_00252.jpg,81,396.2098765432099,3380.6724757140555,30628.5,0.0,5534.260548233986
1EyYJ27lCxakWTmdQ2RzXVD1TJfQJlTz9,heliconia_psittacorum_570_aug_00250.jpg,25,1172.7,5398.9767123039155,27613.5,0.0,4995.67058801651
1A_Fehir-RS301JKPK0fJ4pPOveVL4lw_,guava_plant_613_aug_00311.jpg,10,4253.75,12759.750011755717,42533.0,0.0,1292.1046800613403
1fFks16oAr0wSetGmOHtArfaMtPC-PtCY,guava_plant_806_aug_00309.jpg,4,11978.5,20747.370598463796,47914.0,0.0,940.4507913589478
1GfeUCKaIkATkc6C6OkIE_trjq393paBa,guava_plant_585_aug_00310.jpg,24,1592.4375,7621.1172427239135,38142.0,0.0,1546.354461312294
1txhl5Xcz0cjhPQS5oCNqD1AVRTWWJcF5,guava_plant_319_aug_00307.jpg,23,2054.782608695652,9633.521107622171,47240.0,0.0,1828.1950795650482
1elFIm6PHH_kb4ICd5AmWl_ol1YvQU-kT,guava_plant_222_aug_00305.jpg,62,677.7177419354839,5124.339167167714,40686.0,0.0,3210.279550075531
1NVWTfo_vRHJ7cv2Xo1CwXs9ZmsVcUE3_,guava_plant_229_aug_00308.jpg,51,814.4215686274509,5723.914306997312,41288.5,0.0,2935.3434780836105
1cyRNFhQJqHwjJR7GGKxNp8pG5iEHMmYz,guava_plant_50_aug_00303.jpg,8,5895.375,15596.94022026035,47161.0,0.0,1219.327988743782
10n0YoS6648iR22M-cWATUFEgsx2eYRGw,guava_plant_797_aug_00304.jpg,10,4074.65,12195.640629032163,40661.5,0.0,1351.7026588916779
1sneJLmdjLp09ZW-u7F3nBeNLm5He2WKv,guava_plant_971_aug_00301.jpg,56,639.7678571428571,4693.7966023597555,35449.5,0.0,2251.4885787963867
1n2jmu7qQGsdAoggbx2OTICJqXw8L15EH,guava_plant_946_aug_00300.jpg,23,1847.9565217391305,8651.484632474112,42427.0,0.0,1966.5037360191345
1Zs68VkKfpwcBB3FDCL9V4fm09kEmPtWd,guava_plant_847_aug_00297.jpg,48,838.15625,5743.484323884843,40213.5,0.0,2687.1769585609436
1-Cq4ZPeqrFWuB2Vxi0zpCjn1OxRskByq,guava_plant_608_aug_00298.jpg,4,11788.375,20418.064438674763,47153.5,0.0,1049.5462436676025
1IxVc4fMVMALLj8aFCuZKmmANyMSckKf4,guava_plant_438_aug_00299.jpg,2,23846.0,23845.5,47691.5,0.5,1183.8721446990967
14rR2jy_gju4GGBGQcXW2uxxxpxasxEgi,guava_plant_1111_aug_00295.jpg,121,306.92148760330576,3166.106984618599,34945.5,0.0,3284.553716301918
1jY4eXwWhYprGualXlWumuiENnCAl6zbs,guava_plant_357_aug_00296.jpg,1,46882.5,0.0,46882.5,46882.5,898.811182141304
1rmeHNGPbBKZOFce_DDUd5wcJukYA3_ey,guava_plant_755_aug_00293.jpg,129,250.82558139534885,2753.5855101010784,31401.0,0.0,5706.943876504898
1KNZwRaFv-mPgOCTuuPetMO0zAVD_Cxy1,guava_plant_1044_aug_00294.jpg,45,1007.8777777777777,6667.117209072162,45232.5,0.0,2564.4418951272964
1DlAY9Q23FlpJLzyGzzVE4tHOFAmhVOUA,guava_plant_613_aug_00291.jpg,9,4542.5,12840.353004406763,40860.5,0.0,1556.673221230507
1M9d4i7AexF4owLWkjvNAhJH4dVfNE3nF,guava_plant_746_aug_00289.jpg,4,11300.75,19571.45248985113,45199.5,0.0,1231.695519208908
15rh6MPDa9dOgcfhbk37xoSe-mHKbLphf,guava_plant_683_aug_00287.jpg,9,4809.833333333333,13603.732743462564,43287.0,0.0,1316.1046798229218
1-KlQDZtCnBqnHgleb_lcR1qf9vFQpup-,guava_plant_641_aug_00290.jpg,24,1813.1041666666667,8666.800258961357,43377.5,0.0,1959.0895227193832
19VSnn7_kzBqCnoMzEl1hgW075SjFaoPN,guava_plant_613_aug_00277.jpg,27,1575.111111111111,8024.659050485772,42493.0,0.0,2341.2043076753616
1T7V7HzCsv6Cmvql1gJuBWNN_iYdNxl4-,guava_plant_319_aug_00286.jpg,12,3750.7916666666665,12439.214859096368,45007.0,0.0,1516.0701900720596
1FMg_Fv2MlYE86XzRiLpDhSz5ns5l8mUY,guava_plant_790_aug_00285.jpg,4,9444.75,16344.06774834527,37753.5,0.0,1046.2396762371063
1wBTxV82tC5sTEOSIu7Qqh6sd9zBWDHEa,guava_plant_516_aug_00284.jpg,13,3131.3846153846152,10825.933811479383,40633.5,0.0,1856.9402462244034
1GxWozz7WIsnNczfC1uSDfCiL6dLaySF-,guava_plant_168_aug_00281.jpg,48,838.0104166666666,5732.932328959863,40141.0,0.0,2696.3485320806503
1ns3u2YFsnmYnyQxWtDRAZjsXyrS0MawS,guava_plant_1070_aug_00283.jpg,61,532.2868852459017,3809.971309709774,30022.5,0.0,3547.843037843704
1bE5mUpNh9AjjKC0vSe935hufRTMuHfyE,guava_plant_600_aug_00282.jpg,5,9803.3,19604.600061210123,49012.5,0.0,1193.4284925460815
1mUPMt4qWOIDaCT-oob1noKRJaHUUdYb3,guava_plant_1000_aug_00280.jpg,74,542.8378378378378,4572.043059422882,39604.5,0.0,2306.6601511240005
1XzGk-vhpu3JuGVJfi2O0iBTrnzUfIAN9,guava_plant_265_aug_00279.jpg,58,642.5172413793103,4747.934530027438,36485.5,0.0,2442.341391682625
1p2cLMvwzJuBA0mpJOFsF-6nT9XozBcdg,guava_plant_347_aug_00278.jpg,15,2970.766666666667,11113.853893327112,44555.0,0.0,1501.9036699533463
1PaUguBywVlGgRhc5X3mTNamjD--fugzt,guava_plant_91_aug_00276.jpg,22,1914.0,8761.667250015833,42065.0,0.0,1680.1950805187225
1DSi3DB5zFD9e1fXSer7e7LceSEeAUno7,guava_plant_657_aug_00274.jpg,11,4293.818181818182,13566.54843602241,47195.0,0.0,1249.6955193281174
1coQNOwDapyhpMXWrlA-IZfuqkSg6-02G,guava_plant_977_aug_00275.jpg,5,9159.6,18316.950082915006,45793.5,0.0,1139.6467493772507
12YnRC9KNv8JLN2ANleGXCl-VnIamdgoQ,guava_plant_265_aug_00273.jpg,51,698.3725490196078,4766.830894102699,34391.0,0.0,2400.292620420456
1FZUqlOefoLGFojTTc69DT-mM1Lggulr4,guava_plant_770_aug_00272.jpg,11,3792.4545454545455,11979.992662872517,41676.5,0.0,1140.808217406273
1kX_RVYYqaL99RLOlYBk1JZxrnJWyuHRQ,guava_plant_755_aug_00270.jpg,5,9090.2,18165.902489554435,45422.0,0.0,1147.9554047584534
1ytETSJZnBRrspwvZytVXONq8-f-5u9-_,guava_plant_393_aug_00271.jpg,2,20170.5,20124.0,40294.5,46.5,1027.3036032915115
12_ZUKhNqpaIGDA1rUn2rAxNigKHLAV8u,guava_plant_629_aug_00267.jpg,7,6236.928571428572,15272.189639595073,43646.0,0.0,1509.6437834501266
1GvDfguSltkCLD_TwemURrMoRK_LFQ5uI,guava_plant_964_aug_00265.jpg,143,206.21328671328672,2367.15927942315,28409.5,0.0,4895.851388931274
12R43-YMrsjKGZl7VAQgQ5t7YRZayGC-v,guava_plant_585_aug_00264.jpg,35,1292.8285714285714,7506.713526611512,45064.0,0.0,1849.6509249210358
1Ctbd7w7zb-fXzwA86v2ifEhFK3BcFBY9,guava_plant_393_aug_00263.jpg,5,9193.3,18384.35003365634,45962.0,0.0,1049.6295046806335
13llneLQO92hwBX2ePpsfAThsQ-kepRHf,guava_plant_271_aug_00262.jpg,25,1690.14,8276.287112612757,42235.5,0.0,1822.2367107868195
1CdT1i7vj3_hxGO0APqZ9wAV3MydnOoID,guava_plant_271_aug_00260.jpg,21,2156.6428571428573,9630.494644546534,45225.5,0.0,1672.3300757408142
1aY7JJIrJecp31rcBUZfH4sDXhixAUfVZ,guava_plant_152_aug_00261.jpg,8,5421.9375,14313.73560482531,43292.5,0.0,1564.6976064443588
1f5CWOrhmHLpvsBQLPGdKKIUgrLOHozH1,guava_plant_495_aug_00259.jpg,23,1902.608695652174,8826.580693461385,43301.0,0.0,1938.763622045517
1-bIbulFsVtQa6cZ0PwNx9Iv5gQ6o_-q3,guava_plant_630_aug_00257.jpg,23,1912.4130434782608,8966.601219370757,43969.5,0.0,1837.6580647230148
1ptGgwcpqAy9p13qk1moJj0Km4Ga_JnjM,guava_plant_564_aug_00256.jpg,16,2715.28125,10387.923840584,42945.5,0.0,1670.5310863256454
1huwZ0oKATPafBUf95fhCwnY8qT_tHbQr,guava_plant_700_aug_00255.jpg,1,47315.5,0.0,47315.5,47315.5,1012.2914108037949
1n5Z4WNgwtRXYFpYzzGMLEwRHwS7tgPOI,guava_plant_152_aug_00254.jpg,3,16468.5,23289.976051941318,49405.5,0.0,1095.2619733810425
19FWvHAki6i8cwgKPRC8sq1pRFGUQx7Pb,guava_plant_124_aug_00253.jpg,26,1680.826923076923,8244.41770573173,42899.0,0.0,2324.2509911060333
1hOZwPdOxPDjbZuwR5jEbiR4osbAfT0jA,guava_plant_552_aug_00250.jpg,42,973.3095238095239,6218.170584351941,40789.0,0.0,2266.694640994072
1e3lKbJo4RAp-d-rYrH8y4F7KKr-RiZc2,guava_plant_202_aug_00252.jpg,3,13882.0,19623.98150647994,41634.5,0.0,975.1614675521851
1ohdI3um_x_cdgaoxeWw5ImoisvbTs5fV,guava_plant_50_aug_00251.jpg,88,427.5,3903.3921866115375,36833.0,0.0,3528.4532099962234
15iZX5sTfEuDOGQHu8lPhbJRmz1BD6mez,guava_plant_217_aug_00248.jpg,114,288.7631578947368,2990.9134827757352,32078.0,0.0,3288.453211784363
15Oc3TUtwb1SWNw1VJpJ9hJRZR00Nw7Yc,guava_plant_407_aug_00249.jpg,22,1824.2954545454545,8152.90534753645,39177.5,0.0,1819.7169388532639
1zcFYLEXJ1KmY483S4QPVocp-Wjq3e5eV,guava_plant_463_aug_00245.jpg,14,3213.714285714286,11568.640240992467,44925.0,0.0,1478.0630499124527
19aSPpnLYnUwik5_FuAxr3BY6hUsfUrSv,guava_plant_671_aug_00246.jpg,6,8092.583333333333,18095.56644691517,48555.5,0.0,1250.8254619836807
1Wok95h7opMipmECQfg4czTsF3caWIZgJ,guava_plant_1005_aug_00247.jpg,26,1500.3653846153845,7457.28321271031,38786.5,0.0,1771.6336784362793
14DS77ka2CWWylDGyVDG_M0F-nc1AKODh,guava_plant_1061_aug_00244.jpg,167,164.07784431137725,1434.5986033113575,17722.0,0.0,6572.729795694351
10fSrhWafbQy3H-hAnw2Ex6tdrucY5wAV,guava_plant_683_aug_00241.jpg,3,15545.0,21983.949827089764,46635.0,0.0,1165.6122596263885
1TmyVi35_JQk4JtM3znC6uR2goR4pfKTU,guava_plant_608_aug_00243.jpg,3,14476.333333333334,20470.152109568917,43425.5,0.0,1319.411248922348
1iwSTGDuKe-rvJ_QElHPLvuolFamICOs3,guava_plant_1079_aug_00242.jpg,14,3395.3571428571427,12228.410220274183,47485.5,0.0,1403.0092270374298
18U77E0vh3Xf17HYRAVmUtPb0-kiDTKxW,guava_plant_866_aug_00240.jpg,42,836.2857142857143,5348.126465611753,35081.0,0.0,2255.7139748334885
1bFR-rGjihSyO5rz22Y23mMMm9YO3v7un,guava_plant_365_aug_00239.jpg,6,7476.416666666667,16697.878032394485,44814.0,0.0,1142.5411911010742
1tt8or0U5TgZcn0kdDdvVmNqjAwZwpJy7,guava_plant_356_aug_00236.jpg,6,7473.75,16699.962394543487,44816.0,0.0,1453.7615327835083
1h4iHbW5qtAY1dEl0t73uYwmv93bOO7qx,guava_plant_271_aug_00237.jpg,6,7906.083333333333,17678.316163256484,47436.0,0.0,1368.4234411716461
15xXKMBcEuqj5mPJtayEZZZfoTa_9QZQQ,guava_plant_305_aug_00238.jpg,21,2052.3333333333335,9148.381313150083,42965.0,0.0,1801.6509246826172
1p_EAKpVFz9MUvufrrN-yER_9koxDpPLA,guava_plant_1079_aug_00234.jpg,106,346.5990566037736,3386.928599319139,35029.5,0.0,3295.534383893013
1hsK1ElagOF6agAunJpCd8si-HikPyX1B,guava_plant_258_aug_00233.jpg,119,301.3109243697479,3166.924920099074,34694.5,0.0,3077.953649163246
1tZuFZ0BXNxIO8KOoZrmhT1-AHGxs4FuX,guava_plant_491_aug_00235.jpg,5,9761.9,19520.80005635015,48803.5,0.0,1266.3990559577942
1gFqFBvfRMpGReL0rM5W6fC-Utvqf8n75,guava_plant_237_aug_00232.jpg,29,1423.0344827586207,7509.021802461717,41157.0,0.0,2277.1210470199585
1lyyrxyZA3fnJxvjXQGaStgJthZBMfgYa,guava_plant_1026_aug_00231.jpg,61,678.0983606557377,4791.369145182528,37637.5,0.0,2819.963753938675
1X_YXEVNL79fCd8mFl6RCY5XkA2nHZ76a,guava_plant_641_aug_00230.jpg,4,10476.125,18145.180766442503,41904.5,0.0,1272.0802952051163
1KR1VMLJH0cCvu1YxqlojKf_3BFOec21Q,guava_plant_922_aug_00228.jpg,75,569.5666666666667,4873.924230250428,42496.5,0.0,2085.1626776456833
1G6g3oRSPvw9OXBFkf_rglU-7g5ZMgmtH,guava_plant_104_aug_00227.jpg,106,352.8679245283019,3563.7919182143137,36870.5,0.0,3571.909055352211
128ZxqSti9p7TpgtlH-i3Xi5AmUZUnXLd,guava_plant_721_aug_00225.jpg,6,6086.333333333333,13584.197653482848,36461.5,0.0,1112.5239461660385
1xY6ZqLSpB9GBrr012rESARNGDyZonagR,guava_plant_888_aug_00224.jpg,41,1038.7439024390244,6539.567855232831,42398.5,0.0,1897.2316588163376
1PWLPH4-fE_yFp77pMC_gNG-yAWOtOuCV,guava_plant_229_aug_00226.jpg,2,22785.0,22780.5,45565.5,4.5,1061.7300094366074
1lb6ZoXfOznMkjFsHDOViEAiaNcEmw8GW,guava_plant_1111_aug_00221.jpg,125,244.344,2563.8683955429537,28784.0,0.0,4683.300092339516
1wsoNuuiZ7tqytl6uYm2Om-i-vBsOwSIP,guava_plant_217_aug_00222.jpg,51,744.0882352941177,5122.234412780172,36953.5,0.0,2787.4612275362015
1_ppXRk56ZYlPeTAV7kaPsydUv-51qhxo,guava_plant_1124_aug_00223.jpg,13,3112.730769230769,10780.506443461494,40457.5,0.0,1185.712763786316
167LetwKoB1BVypXLuRPjT_iClzW_u5Ni,guava_plant_84_aug_00219.jpg,34,1322.6911764705883,7584.358923444224,44891.5,0.0,2099.1727830171585
1431MlFzssKq83pDUAYWJgQPz3BPV8MJM,guava_plant_375_aug_00220.jpg,6,8144.5,18209.19607872169,48861.5,0.0,1303.3279883861542
1SDwDIyfmpRNws-XSuxJWtxI3F2-8Sk9w,guava_plant_602_aug_00218.jpg,7,6062.5,14850.031565623018,42437.5,0.0,1031.688379406929
1gw1e1kFlPaIGZQQ8yo_pNoH6o5xepjRP,guava_plant_746_aug_00217.jpg,8,5925.0,15658.693296376936,47354.0,0.0,1183.1858530044556
1dqEE4gFjlyhxXTreG-f9bZLR4D6nqMBR,guava_plant_413_aug_00216.jpg,43,889.9651162790698,5632.598821267255,37384.5,0.0,2884.7160614728928
1vIuIs5MmGTPYXbXpMFD3gr9RQyYIePtz,guava_plant_119_aug_00215.jpg,48,872.9895833333334,5951.326620743184,41673.0,0.0,2066.084470629692
1T9FMVTFfGJW9DnTJ4tDgyfBS53U75Tf6,guava_plant_629_aug_00214.jpg,36,1197.6944444444443,7062.7627033518565,42981.5,0.0,2718.792181611061
1FiuNAkcHRlguhXwc-DzGxQHQ0MzTmhXn,guava_plant_245_aug_00213.jpg,56,702.3214285714286,5106.294859418768,38568.0,0.0,2931.26735830307
167xlowPqInhQUX_l7EvJthj5hqsraxQ_,guava_plant_491_aug_00212.jpg,16,2430.59375,9365.072013569139,38701.0,0.0,1689.609293460846
18SWVkxRPTvrodXa_KFCbwgdBczBblpNj,guava_plant_1070_aug_00210.jpg,14,3198.285714285714,11530.612422891454,44772.5,0.0,1462.690466761589
1gDxDZ2KVP9xY5Fw1Ev0-RFcRAOfvNmj-,guava_plant_698_aug_00211.jpg,12,4022.75,13299.611572492133,48132.5,0.0,1570.7737265825272
1t9cGifo_gb6sa9-wCWJspC5wPgyDuR0s,guava_plant_271_aug_00208.jpg,11,3495.7272727272725,11008.314348221356,38307.0,0.0,1876.2783398628235
1s3gz2ikoPK3AJaIARFUIEulnL498Pv-q,guava_plant_481_aug_00207.jpg,9,5373.333333333333,15198.081750302861,48360.0,0.0,1302.2396755218506
1dNu6f3qJZOXljzhC9uq06oZmvSGwgivR,guava_plant_50_aug_00206.jpg,5,8791.5,17582.500004265603,43956.5,0.0,1059.605119228363
16RoWwsS0NHSc-drjqzpvjm8WJqUiikfh,guava_plant_795_aug_00204.jpg,34,1302.7794117647059,7451.366121480062,44107.5,0.0,2336.3342500925064
1qi5lS9rRohfhE-5dLsvHpSZNbA2VMSCA,guava_plant_750_aug_00205.jpg,5,9501.9,18985.802299086547,47473.5,0.0,1066.0315251350403
1cwARI9X8pOAmb4NYzeazcpWFmlnxktko,guava_plant_790_aug_00203.jpg,16,2602.65625,10053.606956459007,41540.0,0.0,1362.2468152046204
1Zr3fgVGPCy59GzHKbMCxdpljFqAcoQiR,guava_plant_825_aug_00202.jpg,30,1196.0,6420.7112106058785,35772.5,0.0,1843.072277188301
1LUKmZjjvENlY3XrWubmbYTTI6c9Vsbh8,golden_penda_1573_aug_00348.jpg,25,1806.14,8831.302319046721,45070.5,0.0,2033.7169374227524
1P_3-BUBXhi6U-60Ml7WUEIJxstnEEcAN,golden_penda_1390_aug_00345.jpg,149,197.96979865771812,2378.1858894810566,29129.5,0.0,5101.557013630867
10IU2pimOcjYPOYDjJFq00KRTlZcgpcgC,golden_penda_1411_aug_00347.jpg,120,314.0541666666667,3394.042621390599,37338.5,0.0,4283.812724113464
1h3EaS2giqpM9ilmawNKOOnvMsseIRUfJ,golden_penda_1444_aug_00346.jpg,59,656.9237288135594,4927.474417388,38183.0,0.0,4066.4948410987854
1NsnP6U0eA8g7ovDBLoTZJpNodbmhf2l5,golden_penda_1239_aug_00344.jpg,74,556.4594594594595,4747.194185357452,41116.5,0.0,2269.1210470199585
1N38yyVj1Mjp9X1aIa6z0qdFXJ9QK30Xs,golden_penda_1536_aug_00341.jpg,56,699.4642857142857,5037.796082983558,38059.0,0.0,3458.036909222603
1dchW6sd38QPCNIoj1zPUk4kCNI3aeWx1,golden_penda_524_aug_00343.jpg,145,227.6689655172414,2683.573247858733,32430.0,0.0,5436.8534771203995
1jX--9C8eMfILf1HBq1If9T0IpuGpSliY,golden_penda_772_aug_00342.jpg,101,377.8217821782178,3711.025927366305,37485.0,0.0,3551.8745646476746
1f-EeHNWw8wraEblMt6b_5LmN9L4S0DCs,golden_penda_624_aug_00337.jpg,70,562.1214285714286,4636.555647734729,39076.0,0.0,4199.16092133522
1gpkniIUMyhtStSop69YERgrPs_COoAlr,golden_penda_337_aug_00339.jpg,41,853.7317073170732,5350.34380602342,34692.0,0.0,2950.6988151073456
1bML9-qmTkJB2pIC2pyCGTPhXDUJYKwa8,golden_penda_346_aug_00340.jpg,138,283.78985507246375,3278.3847017915023,38656.0,0.0,4388.540645599365
1Hby6pPXC3nrtfdcBaZQUghrGP_HwMJvV,golden_penda_1590_aug_00335.jpg,117,317.9273504273504,3408.0303220989645,37023.5,0.0,3103.3577579259872
1aqfoOXgSIOn7F_E8wrZJTvy7utmiRnhR,golden_penda_231_aug_00334.jpg,323,72.26934984520123,1158.855137326597,20845.5,0.0,8767.816354870796
1B_iiYnxZT4ZwRgpCe_N10BLochOMVHXO,golden_penda_1752_aug_00336.jpg,335,74.95373134328358,1331.6318880128413,24411.0,0.0,7757.392911791801
1Wl1C1diHq4RBsdZbKPQ4SVXVNdyX1rGa,golden_penda_1368_aug_00333.jpg,43,878.8255813953489,5637.736001231181,37414.0,0.0,2152.878406763077
1dvDPV4tujZVpZLvGdAYQV92RfYIJ5-qr,golden_penda_105_aug_00330.jpg,145,216.90689655172415,2166.5577170552706,25660.5,0.0,5556.233200073242
1W-db6bbV71ZM1r5xl0xUc5WfU6JeBvOb,golden_penda_1695_aug_00328.jpg,12,3774.6666666666665,12518.097772713802,45292.5,0.0,1464.7148518562317
1iGVuNwjaPjOLB6LWhBKWAtC6cQjFePMp,golden_penda_1435_aug_00331.jpg,207,157.72222222222223,2100.469189336417,30259.0,0.0,6235.218041539192
1Mh2kW4N7CLPX_CEf2R3tw5zr4S9e15Ex,golden_penda_1325_aug_00329.jpg,179,192.9608938547486,2540.720510712367,34090.0,0.0,4849.206728339195
16xMQNIDa2ztbpkq5Q5X07jgnQsGCXyw_,golden_penda_363_aug_00332.jpg,456,43.2796052631579,823.1518574863193,17571.5,0.0,9718.999238848686
13oPDd03lCheMfWdsspXHddbqAnFyvJE1,golden_penda_1564_aug_00324.jpg,39,849.3205128205128,5222.505189558345,33043.0,0.0,2245.0449274778366
1PnP9dY29lCs3hBnC4TT_zwshJF4oSQp2,golden_penda_1564_aug_00327.jpg,171,214.2748538011696,2700.485971082046,35420.5,0.0,4854.9813323020935
1o8KcBAGSp7n7YrgPX3stlQJ2gMoBiMNr,golden_penda_105_aug_00326.jpg,248,107.28024193548387,1385.1208747958071,21366.5,0.0,6749.790757775307
1X12zs5Yc1tjynhwqmzjAapPADEoi4_ur,golden_penda_1580_aug_00325.jpg,34,1284.3823529411766,7375.864917436926,43655.5,0.0,2239.003297686577
1Je-0WsSF_Zf1UZQloox2Su-8YjUBwmBu,golden_penda_87_aug_00322.jpg,285,71.41228070175438,832.864716604668,13431.5,0.0,7250.456838488579
12FjSNS7c9D5eVj38TIBNOftoTh3u5opF,golden_penda_231_aug_00321.jpg,136,253.84558823529412,2844.010899159734,33292.0,0.0,5350.201673984528
1ULpCntyAmmaYzYHPe2JQpnA1KOJMkotg,golden_penda_1606_aug_00318.jpg,46,877.3478260869565,5877.2316306137345,40303.0,0.0,1780.0428404808044
1pIbfob9y1xPnEh0TjOPbWyAmBSRSP_Hx,golden_penda_1563_aug_00320.jpg,56,796.1071428571429,5890.943036101421,44484.5,0.0,2635.797234773636
1i8mAq842yOhzVm722g7ufcV73jU6MLss,golden_penda_1695_aug_00319.jpg,29,1533.344827586207,8109.918647391034,44447.0,0.0,1736.586996436119
18SmGdIL8hy1yOT5-QslnOSvsIHcOTI8z,golden_penda_1563_aug_00317.jpg,74,566.8378378378378,4822.409195975924,41769.5,0.0,3162.4044407606125
1pjE2K4ktkQdmoJYKatNl1nGdUdbWUA_Y,golden_penda_1580_aug_00314.jpg,18,2144.3333333333335,8835.97727098329,38576.0,0.0,1581.3666532039642
1_tjQ5_zPZmhJ8eeBgBtAliTVpIYKwXpZ,golden_penda_1720_aug_00316.jpg,26,1771.2307692307693,8851.654030821639,46029.5,0.0,1826.7047472000122
18_u1caomvuUUZWNtGlJLPim9orCYj9oN,golden_penda_1580_aug_00315.jpg,67,565.5597014925373,4581.9525041369725,37789.5,0.0,2813.652133345604
1JntlasxVrYcKBwvcIUwAx-XPjyCObtoU,golden_penda_1066_aug_00313.jpg,391,58.15601023017903,1052.1537173675106,20819.5,0.0,7110.876107335091
1MPVi-LgPDZl1ZGtURmsLXLKXfA_aboOW,golden_penda_983_aug_00310.jpg,124,267.10887096774195,2939.9873330320743,32873.0,0.0,3469.725289583206
1VKhWOLBAWOsbFBR-1VCau2MFcsdLTX9c,golden_penda_1578_aug_00309.jpg,40,997.2125,6198.536601375662,39707.0,0.0,2825.2114490270615
1oxF8ZWUKtajezDfU4H-aRxgstCnFAzM1,golden_penda_533_aug_00308.jpg,139,156.44604316546761,1434.5263233097248,16616.0,0.0,6418.372368335724
10gRcEltnhRIm82HD3uNPRsBMOdSL5Ul2,golden_penda_1736_aug_00307.jpg,2,22343.75,22343.75,44687.5,0.0,1196.2224308252335
1-ZvTmnr1uJUQtmEx06eaopotD5JccGmJ,golden_penda_1379_aug_00305.jpg,57,729.7456140350877,5414.786869599073,41250.0,0.0,2819.426738500595
1cooxYonL9W1IsuGHwEDmx9FijBZ-JQns,golden_penda_320_aug_00311.jpg,326,60.24079754601227,991.1034561949488,17917.5,0.0,7801.912682294846
1-u80qJH6Zr837y6PHc7JNF62ZiH0SHtH,golden_penda_1066_aug_00303.jpg,118,346.0169491525424,3734.3796066177974,40739.5,0.0,4001.781198620796
1PR1qL3OHCXdPSAJG-W13w4tCdOmtvFS1,golden_penda_28_aug_00302.jpg,222,137.42342342342343,1989.2667366498222,29709.0,0.0,6681.014064908028
1nJOE-UdiYxVEQu70lD0kczhP_auq1-Vh,golden_penda_877_aug_00304.jpg,23,1574.0,7060.782068088738,34674.0,0.0,2162.0428404808044
1HC9JO86Zpl6Y1oVHe2kkvnaabk8CLnMC,golden_penda_1260_aug_00301.jpg,354,84.51977401129943,1471.4477400119888,27678.5,0.0,7642.120832681656
1AcHWjMju4GwjovUL3i7Lu-tH4xDRngRb,golden_penda_429_aug_00296.jpg,99,400.33838383838383,3905.871602975541,39066.0,0.0,5135.1062223911285
1esJQfYKCh5e-EcjmEH6_Hd03DCga5luR,golden_penda_320_aug_00299.jpg,168,189.77678571428572,2404.947052158797,31268.0,0.0,4693.625992178917
1McJHCX0EEw1I69pBbdlSfR4M0VxIAnmT,golden_penda_1034_aug_00300.jpg,119,319.34453781512605,3437.728589036943,37662.0,0.0,3891.9822088479996
1jc_YlOPurkZBJK_8bpeS3gZJhfCtMsv5,golden_penda_1030_aug_00298.jpg,248,86.79233870967742,1239.6175651727644,19553.5,0.0,6882.271866202354
1cSijVHe8aeG9s0S6MARsCkIN2d0396Ns,golden_penda_1589_aug_00295.jpg,76,554.9868421052631,4790.222074138496,42039.5,0.0,2937.100837826729
1r09-3SY1dYQlwy_APwQnkgXJiGJG1w_r,golden_penda_667_aug_00292.jpg,101,325.98514851485146,3212.5685156275217,32451.0,0.0,3617.916194677353
1dVyQGEGo6nuxeERSIqV4bWnD1nUhEufn,golden_penda_35_aug_00294.jpg,161,208.1832298136646,2584.8221809459283,32903.5,0.0,5866.742867588997
1yAD_ysE2P1ECh_vivdf5mK4QKVkY8iUl,golden_penda_657_aug_00289.jpg,82,339.7378048780488,3002.5879480078534,27362.5,0.0,4173.479683041573
1QNrOTqvxENI2EuGfKSogfauyifjKiRQI,golden_penda_215_aug_00293.jpg,405,38.52098765432099,523.8160066462056,10015.5,0.0,8281.639728546143
16NmSfNTMfjv3Cs8nozIa7V5vJOuSNvF-,golden_penda_1591_aug_00290.jpg,20,2396.35,10442.579856170601,47914.5,0.0,1642.6559771299362
1Ktdiu2ZfPGy4pr-nLoKxBWrRcseWICpI,golden_penda_1615_aug_00288.jpg,85,496.4647058823529,4541.283066159785,42118.0,0.0,2672.2307794094086
1vQLKoslnYhJ90e27RhplN4RymMK8fVTn,golden_penda_1607_aug_00287.jpg,34,1252.9558823529412,7194.463462977101,42582.0,0.0,1658.8885124921799
125BDpjiUw0u3IbV2azxlUJcsgC4KvAHP,golden_penda_1017_aug_00286.jpg,98,400.84183673469386,3940.777918125352,39213.0,0.0,3421.666413664818
1FG-7V3VFzKVnDxH93IOreaZwCV5JLU6s,golden_penda_1606_aug_00285.jpg,106,326.77830188679246,3294.542307290831,34084.5,0.0,3035.225728869438
1T3rgEYKZFTyo6PzrAjtCdofkUzrd7c_B,golden_penda_68_aug_00284.jpg,101,372.71287128712873,3681.207274355116,37184.5,0.0,5037.643237948418
1Ponilxh8dAYKciy-p6Xu335_OHjqa-KS,golden_penda_11_aug_00283.jpg,439,26.12756264236902,274.81777916647883,5301.0,0.0,8546.394998550415
1BFtfQeA_ngSrNxm-5RFYoRQL1F56zVBb,golden_penda_1340_aug_00281.jpg,102,372.73039215686276,3666.769879789461,37221.0,0.0,3720.0827145576477
1xfc-L6pbueLQzcremzIy2p5vvngHvEVy,golden_penda_624_aug_00282.jpg,102,388.8529411764706,3843.551956854541,39015.5,0.0,4203.545698404312
19LK8tYtsu5fxRfWYNyoEL7NIKBKxFJPo,golden_penda_1533_aug_00280.jpg,21,1878.404761904762,8208.47351480838,38584.5,0.0,2419.706832051277
1lAQ9UIZuXkEoPqRe9qlLBPbU5dJVanXt,golden_penda_496_aug_00278.jpg,64,579.1953125,4534.97412015182,36573.5,0.0,2944.9414567947388
1s5yNpcNsiWnkZAEtl2qMsP-8SItEt-96,golden_penda_215_aug_00279.jpg,328,72.82926829268293,1237.6092978821475,22450.5,0.0,9076.13928592205
1syZO41TOtIileBHXE9gGU5tBGcSRO5zZ,golden_penda_1745_aug_00277.jpg,143,260.65034965034965,3082.2828419216776,36990.0,0.0,3681.2126581668854
1EZ4B5MHkHNdZdIObvzUO_-DXT3heBLuG,golden_penda_974_aug_00274.jpg,125,280.756,3076.276143401954,34534.5,0.0,4025.4208080768585
18tPeok4FGSlB02qjtvoBSIYFbRGIsgKy,golden_penda_215_aug_00273.jpg,145,220.21724137931034,2589.902742025463,31297.5,0.0,5332.233198523521
1PshoZw-Og6yNO6-fK6jJ0xDVCTJAteRc,golden_penda_657_aug_00272.jpg,67,600.2537313432836,4860.1153020327865,40084.0,0.0,3460.369950771332
1Uyc6A4yhbzj80BaqmBpBi5i6yF-JM4w9,golden_penda_1255_aug_00268.jpg,25,1549.88,7583.441026710765,38701.0,0.0,2381.0377863645554
16qnu-aCC4lRIEoZFx-8JIbW4z7HKm2HW,golden_penda_238_aug_00269.jpg,352,62.93607954545455,788.1723109795581,14014.0,0.0,9074.461015462875
1JQ-WixAIpEOIa9VXWzxNK1qZ96JUXP2M,golden_penda_1587_aug_00266.jpg,34,1247.5441176470588,7162.069500836916,42390.5,0.0,1931.9078458547592
18rnWQ4M5pWrs2L0fI8gyGhr-I4d9EdpR,golden_penda_1573_aug_00270.jpg,34,1245.5,7138.7559552232415,42254.5,0.0,1994.06722509861
1N6XCM0DMLpJRulIa-Pjaf9VnkD5e46g7,golden_penda_1580_aug_00265.jpg,34,1189.8235294117646,6832.491763928608,40439.5,0.0,1965.2387977838516
1YTNKO2GDXL7KMo8wySDWN4LjSGiutmys,golden_penda_1587_aug_00267.jpg,23,1849.391304347826,8660.027787580333,42468.5,0.0,2089.782953977585
1lNBwN7ot9kw0p5Z4kx7SKqo6Leudx961,golden_penda_505_aug_00263.jpg,113,366.1637168141593,3813.6773606071374,40725.5,0.0,4082.911141872406
1JHnpHkv_XuN6loZIsMcZeOAGYasmzTuh,golden_penda_257_aug_00264.jpg,147,223.5578231292517,2664.911978940397,32423.5,0.0,5505.18651676178
1Kx-B7FzBcrplvpZMPPcEK3RE_mVIxjm5,golden_penda_889_aug_00261.jpg,72,494.15277777777777,4142.359226669032,35398.0,0.0,2929.1252229213715
1CHMdxSN2s3kihnS6N2u3HjyV7AfW5AaT,golden_penda_1206_aug_00262.jpg,204,177.39705882352942,2487.4351078719023,35617.5,0.0,5527.446401953697
1u66KF3q63gZPQC4yIzFrZ6rm3nba9CwH,golden_penda_708_aug_00260.jpg,71,522.0704225352113,4312.793906127536,36604.0,0.0,3499.6247839927673
1tzUfPjC2r00dDWNWKp0zz0heNwWZrWKk,golden_penda_756_aug_00255.jpg,88,459.52272727272725,4231.828122119953,39930.0,0.0,3895.6979401111603
10ZXPpzemM2kDXTT046uQv9S5jNUO0cxf,golden_penda_1620_aug_00259.jpg,24,1853.5833333333333,8877.381484080139,44428.0,0.0,1597.425528883934
1fKKpW2QjWtwxYI_kLEMa4FmdLNcKvHUa,golden_penda_1227_aug_00258.jpg,310,90.40322580645162,1424.8334238766458,25084.0,0.0,6976.082169413567
1kkicuPmrUJ0mbkhxzbEHHTdEN-ccYcdG,golden_penda_1506_aug_00257.jpg,116,301.95258620689657,3141.5036249810646,33982.0,0.0,4440.096996665001
1g3lpX-SBKE9CalR2xU5T6YTbuC5R1z1O,golden_penda_990_aug_00256.jpg,137,270.3795620437956,3124.088203637637,36703.0,0.0,4069.4380536079407
1j-2YZ7LIeJzAl5ifKA_yomIz90nkkgp4,golden_penda_1736_aug_00252.jpg,116,319.7198275862069,3408.615312127841,36873.0,0.0,3649.0045068264008
1-3BD5fNFWe65vubiIN1e0N60d4IPZrlt,golden_penda_337_aug_00253.jpg,115,323.31304347826085,3383.7291561240213,36451.0,0.0,4502.138623595238
1TJoIhSkKQ00lAnl7elImouvn3gPJwxVk,golden_penda_66_aug_00249.jpg,117,227.16666666666666,1509.0399633910001,14915.5,0.0,6081.865665078163
1C13ke1sE5chbY0nce6pj5sx74k_0x6dk,golden_penda_1506_aug_00248.jpg,34,1155.7205882352941,6579.9547303010695,38954.5,0.0,3059.1769576072693
1QRzT-dNw0C7y5Me8Z243tXdvWjUXQCiH,golden_penda_238_aug_00251.jpg,86,414.3255813953488,3771.785217293278,35188.0,0.0,3859.9822076559067
1D4vb5cxkS2pioqspnsNvoDABEwu4e-7S,golden_penda_1506_aug_00247.jpg,350,69.30857142857143,1132.3592175810716,21169.0,0.0,7226.106554031372
1CdwM7ttdXmDLkeLnNTH2veOUOai8R-x_,golden_penda_828_aug_00246.jpg,19,1982.3947368421052,8396.093848330442,37604.0,0.0,1878.1189600229263
1jraJC6Gf58s4wjjFMO_UEjyqTlDCzEV7,golden_penda_1768_aug_00244.jpg,134,281.95522388059703,3193.0289937160787,37104.5,0.0,4307.168063402176
1mu8XYgjh8JKrgcDX-tYQfqTFDL1fE6sK,golden_penda_28_aug_00243.jpg,166,171.18373493975903,2158.987891987238,27903.5,0.0,5798.791637659073
1h1AFFfOow60jf1B4sdlGL37CHZKQQusB,golden_penda_983_aug_00245.jpg,99,295.8939393939394,2840.947354328179,28416.5,0.0,4370.61676633358
1BsMNqP1RLYSa3SlWlMA7528owoK9kAR_,golden_penda_1407_aug_00238.jpg,285,80.23157894736842,1262.0650276790373,21325.5,0.0,6799.714637637138
1nZefQEpuprL---S-EjHC0o5z0qfNo2k6,golden_penda_524_aug_00241.jpg,146,234.0205479452055,2742.2178804185805,33251.5,0.0,5815.921579003334
1JzjFxs7QxmVDK1qBEB7bCUoawQ_vbxtf,golden_penda_734_aug_00242.jpg,123,310.9146341463415,3376.510500711031,37604.5,0.0,4420.190359473228
12dVCaLrvjtHO55bQVnsiM22SzJlRGTNf,golden_penda_1768_aug_00239.jpg,30,1394.7,7504.190489986246,41806.0,0.0,1877.0722779035568
1TsFGWJ5nkyygGX0W7zbFwTP9Kzcb1b6w,golden_penda_983_aug_00240.jpg,162,232.0030864197531,2892.5587835597216,36933.0,0.0,4439.694975018501
1dJZbQO_TGRK3LXGzbPem9sl1WUrLueTh,gmelina_philippensis_239_aug_00438.jpg,5,9052.6,18095.70139397752,45244.0,0.0,1001.4213534593582
16GRfGe8C0FkdNFDJOnnn9xqBjOVbHZj8,gmelina_philippensis_672_aug_00437.jpg,18,2196.277777777778,9053.302505504433,39524.0,0.0,1697.0235068798065
1dwxHHmqM2Tusnjyv7sXuyQbAROrxwqum,gmelina_philippensis_731_aug_00433.jpg,87,512.1551724137931,4572.133885414053,42885.0,0.0,2975.0003324747086
1ftLI5yog_xxvyGdrOp33p5saAnBcE8q7,gmelina_philippensis_329_aug_00436.jpg,40,974.1125,6078.447468810909,38934.0,0.0,1384.246816277504
1Uzz_9KUWwPfeDqVf9WChBYGnj77S_x1f,gmelina_philippensis_57_aug_00434.jpg,1,43857.0,0.0,43857.0,43857.0,891.1614682674408
1SpBESMwzuXLVz6F6Z_VZAVecvgBQDO_2,gmelina_philippensis_489_aug_00431.jpg,39,1088.448717948718,6691.082338183002,42335.0,0.0,1955.0550322532654
1-rpmEzsqIbDGB9bh8vDgs0nJQIbv4HFr,gmelina_philippensis_176_aug_00432.jpg,10,4582.55,13746.983346265462,45823.5,0.0,1159.9381601810455
1DFByNtwL-OXlIa8V03nyzLSgOcvQbPIR,gmelina_philippensis_549_aug_00429.jpg,14,2681.3928571428573,9644.19218860052,37454.0,0.0,1679.0651376247406
1Zeke2heYXbQiFNzC116h8MerdsEYSiIX,gmelina_philippensis_402_aug_00428.jpg,13,3463.8846153846152,11991.887921799223,45005.0,0.0,1484.045804977417
1PLT_djXszAN_nuZ2lHC0t__h6V9DfdvK,gmelina_philippensis_477_aug_00430.jpg,12,3671.7916666666665,12177.050746962388,44058.5,0.0,1204.5655769109726
1NdGk0fxfLO3_qiCQ8IDc9Lpb4iMPNIGk,gmelina_philippensis_579_aug_00425.jpg,75,537.56,4615.142335082058,40238.5,0.0,2266.4591413736343
1Is_a5g9vZ1mxvi7DD5epfz4Bvm2x3zZ0,gmelina_philippensis_672_aug_00426.jpg,14,3261.8928571428573,11758.425904702448,45657.5,0.0,1465.619399547577
18PEHWY-UVGe0cD1tQzSi9TpRdbVauu23,gmelina_philippensis_355_aug_00422.jpg,28,1534.642857142857,7961.345795306783,42903.0,0.0,1550.8569873571396
18iLDc_m9cTgh8QVUH8D6MDb0xzlnIekp,gmelina_philippensis_607_aug_00420.jpg,56,765.3214285714286,5661.890799323966,42755.0,0.0,2091.9494754076004
18LGrN3rjdanAG-HXRsIyI0T9mDaxI6-A,gmelina_philippensis_524_aug_00418.jpg,80,475.1,4212.151745545262,37913.5,0.0,2189.204307794571
19fkvjlvw2XSPfYjVx2bKarTEVDpSVnvj,gmelina_philippensis_389_aug_00417.jpg,55,782.6727272727272,5741.788326279683,42976.0,0.0,2075.78295481205
1y2xmhe026Ka0ZvCP7PbzJp7m8d8R5-5M,gmelina_philippensis_106_aug_00416.jpg,43,1004.4069767441861,6495.5765684397065,43100.5,0.0,1979.9179499149323
1Y4bLutc6R0z0wwk0M5e0_Ov74cVQkdmU,gmelina_philippensis_770_aug_00415.jpg,38,1079.1842105263158,6416.99266177932,40105.0,0.0,1962.3616020679474
11UlpCBJ2npIpat6MF7v5vJLDssyzVCTJ,gmelina_philippensis_35_aug_00413.jpg,33,1302.5151515151515,7304.8251399693345,42624.5,0.0,1976.8813725709915
1264QlgialtA4cHK4UMujqj0Xx2x9al_H,gmelina_philippensis_799_aug_00414.jpg,25,1679.52,8148.846123814096,41600.0,0.0,1734.9646326303482
15npm1E3m6-wlTaeYpyRiyy8EOw7C5CEm,gmelina_philippensis_57_aug_00412.jpg,3,14871.833333333334,21031.948397352273,44615.5,0.0,1054.3746709823608
1VksQuIskeNcj4JEhnQ8K-4DNDAHzbvaC,gmelina_philippensis_106_aug_00410.jpg,40,1121.4625,6991.685503499406,44784.5,0.0,2355.5646990537643
1W8W9ry1IyZZwCXyvv2K4Q90O9-VGNJxQ,gmelina_philippensis_477_aug_00411.jpg,120,347.52916666666664,3779.225527084349,41574.0,0.0,3047.735393881798
1G913B6CTNai_xpISEHbtIHl4-QWogD_i,gmelina_philippensis_498_aug_00409.jpg,37,1055.8243243243244,6320.281269630819,38977.5,0.0,1844.1778349876404
1YF-s-H72wYqi264d-4K0HnNhjBNNsaIM,gmelina_philippensis_477_aug_00407.jpg,25,1538.78,7515.809182090776,38358.5,0.0,1530.8397424221039
1YAZ9nDcAJvZdUQjYViK1dLUPj3aCWpHm,gmelina_philippensis_389_aug_00402.jpg,28,1655.8035714285713,8601.209808321906,46349.0,0.0,1787.7514299154282
10YRyzcDqkl7eoEyPMkdrln7dukyqEHPe,gmelina_philippensis_430_aug_00404.jpg,35,1159.942857142857,6749.938792073206,40518.5,0.0,1926.0773301124573
1XA6tiD8psV1GVG2GMekjC4XR4SRGSEJe,gmelina_philippensis_493_aug_00405.jpg,2,21039.5,21039.5,42079.0,0.0,849.1614682674408
1VEF6DXqA4zi45MFsteIqLVfid6pwHlKR,gmelina_philippensis_46_aug_00399.jpg,108,371.2083333333333,3822.275477337129,39909.0,0.0,2526.441897034645
1Y6fniZLQ4U0OdLtE86ahrxqG5VyW-6Kw,gmelina_philippensis_503_aug_00398.jpg,18,2599.6111111111113,10716.652209108386,46785.5,0.0,1555.4844032526016
1sHnPHRvkayY5hMzaHvYaXRWrQtLIi157,gmelina_philippensis_503_aug_00396.jpg,26,1425.2884615384614,7110.948581876937,36980.0,0.0,1642.1778357028961
1jZgMaXrhT12O2417z4JDbG4m_mHifqzQ,gmelina_philippensis_563_aug_00392.jpg,39,1125.3333333333333,6927.451117940349,43829.0,0.0,1792.337215423584
1h9pf9cmTF4fvCh_BN04LFp2a4KZGJuPW,gmelina_philippensis_560_aug_00393.jpg,76,595.9802631578947,5154.5861576704,45236.0,0.0,2279.079417705536
1ZVO7bo0Pg9sD1-VTO2rsNAwDXnHoXInB,gmelina_philippensis_355_aug_00394.jpg,90,407.72222222222223,3836.799812424058,36604.0,0.0,2547.596223950386
1Pv0Dwcfx4H632bk0Jsv6XB4pfwtyIIle,gmelina_philippensis_501_aug_00395.jpg,94,446.3510638297872,4295.3824841642245,41869.5,0.0,2399.797233939171
1nUbyE7emMdOGgueq8JGVpRokIiarkyqU,gmelina_philippensis_355_aug_00390.jpg,100,356.88,3527.817747645136,35458.0,0.0,2574.650047183037
1GT7XDoc0KR0RbEN_YIA6KtGkbTIW5jGE,gmelina_philippensis_655_aug_00391.jpg,89,511.08988764044943,4743.903350950161,45012.0,0.0,2412.0916105508804
1KdGPgtFhlGEg9bz11qirDeeF1-WGF2tx,gmelina_philippensis_209_aug_00387.jpg,31,1515.774193548387,8298.403326640137,46968.0,0.0,1291.778779387474
1BrKLzIxqVJDdDMV6Ro86GV2u6oGq8ZoD,gmelina_philippensis_307_aug_00389.jpg,25,1752.0,8578.827895464508,43779.5,0.0,1160.0386654138565
1AVUT6MWTUX2aaYtAn-zoBOjaMvjDhZsd,gmelina_philippensis_701_aug_00385.jpg,147,253.85374149659864,3040.836769019234,36996.0,0.0,2818.8581981658936
1PUKY7fWQhN994qnUXIKu1OlHcWOrjkbw,gmelina_philippensis_778_aug_00386.jpg,81,512.6851851851852,4496.887629063294,40728.5,0.0,2624.28965651989
14Coq9CFlyEf-eTRFPBsuA3i7Jbm_zBgs,gmelina_philippensis_383_aug_00382.jpg,107,380.0981308411215,3904.5604689034603,40580.0,0.0,2895.745499253273
1k1ry96CM8hmWwc9nz7qzS0NNlmXzwHmn,gmelina_philippensis_141_aug_00388.jpg,115,375.4478260869565,3990.0983094426397,42978.0,0.0,2971.6033650636673
1dC5M3rbbYiwEWL-jXZQV6E99p2YGDZ__,gmelina_philippensis_830_aug_00384.jpg,76,601.6776315789474,5081.206836227588,44593.0,0.0,2506.525156855583
1k0knPIEcfOfZb0qALEwSRvN7RL9T9bVU,gmelina_philippensis_778_aug_00380.jpg,48,882.1041666666666,5983.766851134212,41904.0,0.0,2277.78295314312
1EsGn04R25U7udImJmvwG2HQ_UtBIXf_M,gmelina_philippensis_430_aug_00381.jpg,16,2960.875,11463.417841524184,47358.5,0.0,1154.9848428964615
1jCHWXKOsieLUWw3VJgdprJWZeHwRwGIq,gmelina_philippensis_239_aug_00378.jpg,32,1411.234375,7847.1860262775635,45102.5,0.0,1703.20727288723
1ROmfYIT2EkEav9Ct61RRh7eDnUk9VCd_,gmelina_philippensis_430_aug_00377.jpg,41,989.939024390244,6247.408381896001,40502.0,0.0,1514.3300757408142
1e2oNkWzbdTRsULqqeTZF1aEgW5sAmXLo,gmelina_philippensis_188_aug_00376.jpg,24,1732.0625,8293.85711223536,41508.0,0.0,1621.4427738189697
134N45Cwwkq-5KDf1_OnyEe5GeBgRmyp_,gmelina_philippensis_402_aug_00374.jpg,11,3972.9545454545455,12562.47861771956,43699.0,0.0,1141.1686083078384
1etlXZHuMMWGUuQFV35DJupaZZLTLRIJe,gmelina_philippensis_616_aug_00372.jpg,117,361.46153846153845,3882.848254700862,42181.0,0.0,2411.3708283901215
1NO1ro2K4BEpbS3t4sqtTBPMyWSeJkTEz,gmelina_philippensis_106_aug_00371.jpg,15,2867.3333333333335,10699.872000272817,42902.5,0.0,1533.2346229553223
17Ldg5wWkS6FjFGwPVdqzHcGNnqXUK0eQ,gmelina_philippensis_285_aug_00370.jpg,34,1329.7205882352941,7606.830223353816,45027.5,0.0,1682.1879403591156
12pRe_qzQ1-e9xzP8x7Z0gVSkxjNfQXhR,gmelina_philippensis_141_aug_00367.jpg,29,1617.5689655172414,8543.877277107757,46827.5,0.0,2000.8885127305984
1b7h5jd8rp14LEriY8UVqpQXuoDqEtw-J,gmelina_philippensis_567_aug_00368.jpg,44,833.9090909090909,5465.867719178147,36676.0,0.0,1745.8418298959732
1-b3SghUW7TcPFHmbYV1t90Jct2Gwhz2E,gmelina_philippensis_430_aug_00369.jpg,106,374.25471698113205,3828.382882069535,39603.5,0.0,2413.3708283901215
1fD9pFhhDfoWTA3o08w9wBIr8lMIVLWtd,gmelina_philippensis_258_aug_00366.jpg,79,464.05696202531647,4086.892639030032,36558.5,0.0,2687.1769589185715
1YqupmPdfAw_G_-G8xs75co1Am2Vxp8J5,gmelina_philippensis_607_aug_00365.jpg,12,3892.375,12906.532598399217,46698.5,0.0,1205.5706293582916
1xCYlLDOtz-5UDpoNlIQoVvMoJvQpfUZk,gmelina_philippensis_830_aug_00363.jpg,57,708.4824561403509,5206.861350420158,39668.0,0.0,2264.015490412712
1WWE-d4BJtUkLDBa2yQNuVkeGqtixUueM,gmelina_philippensis_477_aug_00364.jpg,37,1078.2027027027027,6467.216260096578,39881.5,0.0,1822.1778357028961
1DiguQ80Y0jMuPeYNE4i3DsL0TTHxLztW,gmelina_philippensis_402_aug_00362.jpg,117,320.982905982906,3430.5137737435984,37268.5,0.0,2538.4490370750427
1fYdyzi5nc1p3tAmZItNFYWvw-UwSp4sS,gmelina_philippensis_239_aug_00361.jpg,155,215.39032258064515,2612.872193750412,32634.5,0.0,2882.113030910492
1X-AUXJgm3ajgJoWAm1RR_Mov8Qrk0KtW,gmelina_philippensis_666_aug_00359.jpg,69,603.7608695652174,4958.918357845102,41496.0,0.0,2000.2022213935852
1J3xvA2gzakhSSClQlnEpMQWq2_bCXakX,gmelina_philippensis_176_aug_00360.jpg,109,379.57339449541286,3918.968260138253,41106.5,0.0,2507.2114490270615
1wWNCE-pHx2LQu-aB6SLgfnmWZ-z8ngjd,gmelina_philippensis_383_aug_00358.jpg,95,444.60526315789474,4303.2858259062905,42166.5,0.0,2659.2358330488205
1luQQemtOOewrVxJfJh1FdkXhVP4uoDBY,gmelina_philippensis_239_aug_00356.jpg,42,824.9166666666666,5148.276604749199,33784.5,0.0,1902.035699248314
1v4nOqqZGykVfo34FB1e7jtQ90jRZeN68,gmelina_philippensis_285_aug_00357.jpg,10,3897.4,11682.701108476584,38945.5,0.0,1015.9310195446014
1UshXgdZmTNPIOvnifN9yMhC0Ewa0ql_Z,gmelina_philippensis_391_aug_00355.jpg,28,1352.1964285714287,7024.486769939756,37852.5,0.0,1721.893564581871
1H9RsdptoRhl1lqbuquxEVvMPmMAxxSOk,gmelina_philippensis_209_aug_00351.jpg,9,4434.444444444444,12541.265533882855,39906.5,0.0,1018.4995617866516
1iN8vDa_CngSi5YRzHSHZ-hnhYsBtEXwf,gmelina_philippensis_258_aug_00354.jpg,13,3450.230769230769,11923.380287703949,44754.0,0.0,1282.8670921325684
1mDAU8mnko6VyUYPdcAkSG-XP0BfHfG6P,gmelina_philippensis_176_aug_00350.jpg,25,1757.4,8605.690377883693,43916.5,0.0,1399.1168732643127
1rNEK5wYMa-najJGMn4XCFwYdLZ_kftNI,gmelina_philippensis_188_aug_00352.jpg,34,1197.3235294117646,6859.740975304381,40603.5,0.0,1735.3077784776688
1S8g3CF8t_1B0ITGs0q1GiwJlTGbCDrEF,gmelina_philippensis_383_aug_00349.jpg,45,787.3888888888889,5208.777610799431,35338.5,0.0,1876.9473876953125
1twYP_zqBcig0swRJqNXWK9k_eDfdOgiB,gmelina_philippensis_106_aug_00344.jpg,99,320.969696969697,3174.4580415667156,31746.5,0.0,2149.630715370178
17uOpIDHupvQDXpjk6vZ1mMSKy8Lnrtsx,gmelina_philippensis_430_aug_00347.jpg,21,1959.7857142857142,8755.59882313601,41116.0,0.0,1516.4722117185593
1i-LaJW0dqpiMsIwvnsbE3mqciavtRqHm,gmelina_philippensis_477_aug_00343.jpg,89,480.2865168539326,4396.155286467887,41710.0,0.0,2590.868301987648
1sPX4sQLQ9xr8P4XuYxRImbX78F_O1-SH,gmelina_philippensis_745_aug_00345.jpg,62,644.6370967741935,4964.818336482111,39419.5,0.0,2346.441896677017
16w6LGTt568ZJuh_JesXaPlXCxDCEzh4J,gmelina_philippensis_511_aug_00346.jpg,89,459.0730337078652,4302.329671073413,40818.5,0.0,2453.6378543376923
1qshs2D6wOuXvoztOYeExfuHf21oI6nag,gmelina_philippensis_285_aug_00342.jpg,37,1050.445945945946,6299.5924726447565,38848.0,0.0,1639.1828883886337
1u6tg_UgTK78IVE8GzGm7NpZLwT3eW3TW,gmelina_philippensis_438_aug_00340.jpg,6,7651.0,17107.708886152268,45905.0,0.0,963.9310201406479
1ZNDuCmAwH3TCth0k1Xa53nSxb6qDlB-I,gmelina_philippensis_106_aug_00339.jpg,105,378.3952380952381,3839.18823122014,39530.5,0.0,2742.657187819481
1kgViLZ9S4ej-X3AlRyYqzT6nmX517n59,gmelina_philippensis_482_aug_00341.jpg,39,989.7435897435897,6098.1882469953525,38581.5,0.0,1541.82754945755
1KmWXVNTarWuUb8mMGXd6yOF3aaBpwGzJ,gmelina_philippensis_501_aug_00336.jpg,17,2528.9411764705883,10078.660044403594,42843.5,0.0,1423.1168727874756
1ZenoKmtl4ItY3G_9MTSTWeBDSHbqwZii,gmelina_philippensis_812_aug_00338.jpg,49,712.9591836734694,4926.53757086146,34845.0,0.0,1955.2631832361221
1hn4JKZoAhGICtafnAgRrZMb7_Y2reNMw,gmelina_philippensis_745_aug_00337.jpg,8,6134.3125,16228.16453141247,49070.0,0.0,1293.1686081886292
17ldXkY_OczBKHYqV53c5tYc39p_tVtuY,gmelina_philippensis_12_aug_00335.jpg,60,781.15,5994.203706707004,46823.5,0.0,1981.734185218811
1BZOmAjz1f6VoHPdqbm6mEs-IUD3PqVL2,gmelina_philippensis_560_aug_00334.jpg,6,7290.0,16297.581684102706,43732.5,0.0,1173.955404996872
1o8yBH1m5p15Lpe7E5Q3WUi909fJsAtUU,gmelina_philippensis_516_aug_00330.jpg,61,736.2868852459017,5677.1234674276875,44711.0,0.0,2362.2165001630783
1gtVZ01aAelYp--fpyzTqT6qpjxlYbEkS,gmelina_philippensis_430_aug_00332.jpg,28,1640.2142857142858,8520.205441047363,45912.5,0.0,1667.1412581205368
1CZ7t4AFTPQJrIGKFVfiVHUvoGyRiIlga,gmelina_philippensis_563_aug_00331.jpg,1,38279.5,0.0,38279.5,38279.5,861.1198381185532
1SyAkMygpI4Sn-IpBd5F8JiM1NEJNv8hN,gmelina_philippensis_489_aug_00327.jpg,28,1579.6785714285713,8195.646968724885,44165.5,0.0,1713.7341842651367
1oBOycRq887YifZ-P_jeBupUEE0x5cI_M,gmelina_philippensis_687_aug_00329.jpg,9,5156.166666666667,14582.25073695949,46401.0,0.0,1296.4823161363602
1zacbqERAkXhWCM-MV9w2viqOdQCIUL_B,gmelina_philippensis_770_aug_00325.jpg,23,1851.7173913043478,8376.747281490496,41119.5,0.0,1758.3300759792328
1oE4o8CSDTtoo8Vsu6qEjU_PElTuy12xS,gmelina_philippensis_560_aug_00326.jpg,65,645.876923076923,5155.017109596891,41886.0,0.0,2289.2043085098267
1gxvRzQ2T6Ls9IxJvxNtORFCX_Dt5iQdn,gmelina_philippensis_713_aug_00324.jpg,39,1039.8333333333333,6378.906349006992,40362.0,0.0,1727.4671589136124
1WEykvMh157Nq4CSAGK1d4KpcfVBgF1i5,gmelina_philippensis_713_aug_00322.jpg,86,452.3953488372093,4162.095545764344,38825.0,0.0,2187.1698187589645
1Au57ZHKroPdBJsTcdwdS9EN_l_uyoLdX,gmelina_philippensis_616_aug_00323.jpg,57,644.1052631578947,4798.470636052702,36552.5,0.0,2319.998245358467
1fNxv1MggYgiLB3APketBKn-_uu-XK_2U,gmelina_philippensis_355_aug_00321.jpg,56,763.3482142857143,5646.514789420077,42639.0,0.0,2142.3687415122986
1ZtyrPhKdJEnV9rd9Y42hb0wvKAxq8kpl,gmelina_philippensis_389_aug_00318.jpg,37,1221.7297297297298,7326.295328320091,45179.5,0.0,1737.9696856737137
1QGhoFahB-8IMkQMXfUx4J9hNrQp1cMiT,gmelina_philippensis_285_aug_00316.jpg,26,1788.8653846153845,8937.52805650001,46476.5,0.0,1211.8549000024796
1YbSH8YJ1gcFdUXIEr1KCFGVOWJWvtDnh,globe_basil_518_aug_00432.jpg,2,23496.5,23496.5,46993.0,0.0,898.4264061450958
1UC4CyO-bthzsqtDtyrepXh03fIjhTPiQ,globe_basil_612_aug_00430.jpg,63,665.7857142857143,5200.154432012577,41611.5,0.0,1945.373792886734
1iz4pyH27U2uWENhz1tPlBxSVludJIbOZ,globe_basil_545_aug_00433.jpg,1,44693.5,0.0,44693.5,44693.5,935.2030982971191
1LG36Yxprns_WHYDm-WiFNlhaTSbsaI7W,globe_basil_490_aug_00428.jpg,2,23392.0,23392.0,46784.0,0.0,961.445739030838
1iL47oAEavEf3KTAQbZaaAugk-9f7olR0,globe_basil_629_aug_00429.jpg,14,3328.3214285714284,11998.908164030032,46591.0,0.0,1323.394004225731
1s_suXUgLD7r893LVL9Pypa6tH06s7r2J,globe_basil_677_aug_00422.jpg,1,43920.0,0.0,43920.0,43920.0,951.9554054737091
1ZddOP1d_OE9-nFRek01vPUULkR8YvgrP,globe_basil_182_aug_00423.jpg,9,5046.166666666667,14263.699851176218,45390.0,0.0,1331.050857782364
1hheV6EFtR4x-NmRcPxJ3-XzcS9L2_wDh,globe_basil_599_aug_00424.jpg,2,23373.5,23361.0,46734.5,12.5,1002.3330408334732
1kgad1YLGN4rZYhy9fKzcJJ2yTf5dNU9s,globe_basil_612_aug_00420.jpg,1,38566.5,0.0,38566.5,38566.5,802.0660153627396
1WRstP_8Yyh0wVR9exriYPjRxlFkNzAHo,globe_basil_158_aug_00425.jpg,217,179.95622119815667,2608.670504064218,38519.0,0.0,3973.954861164093
1GsEp6k14IZpNRagmWWsRLJgn4bAVBcea,globe_basil_346_aug_00421.jpg,48,831.2291666666666,5667.001754453818,39682.0,0.0,1753.391038775444
1Wu4pxaFHN5siKbXTW9EpJuZd1P1oQoP4,globe_basil_199_aug_00416.jpg,19,2368.315789473684,10045.555948842733,44988.0,0.0,1536.1118208169937
1wT-KmdPf2O_Qsf2N_QXD7e1K_YMzJwO1,globe_basil_534_aug_00418.jpg,9,4535.277777777777,12815.50735353053,40783.0,0.0,1234.6488369703293
1qV1QzB5ycSGC8ER4QMIG1ssxiEnrQliy,globe_basil_518_aug_00419.jpg,2,23081.0,23081.0,46162.0,0.0,969.1614681482315
1_g41G_j0L3T5u98EKEC8BBMgo9BcSSvG,globe_basil_685_aug_00413.jpg,10,4448.65,13340.283679611164,44469.5,0.0,1307.4183892011642
1uynZKXOqCc7A7AhMG8AYSycmsQW4E-hE,globe_basil_216_aug_00417.jpg,6,7219.416666666667,16140.870415957197,43311.5,0.0,1205.4284938573837
1WcFZDN2C7RxL-YYGeI60C8cFOAcKS8u8,globe_basil_310_aug_00414.jpg,21,2326.6666666666665,10402.821814220057,48849.5,0.0,1340.950352549553
130UAL82dKPcN8OsCv8lapnvhzxnCjBXG,globe_basil_112_aug_00415.jpg,12,3932.7916666666665,13040.428561238467,47183.0,0.0,1220.943212389946
1TbiNSWoEgPGGrwl85jcY1yOJ_NLO9nV7,globe_basil_562_aug_00411.jpg,1,42338.0,0.0,42338.0,42338.0,955.8477594852448
1pHrJ_1kuZ6TtME6r7hnxM61-tgR7wI2j,globe_basil_143_aug_00412.jpg,193,216.2538860103627,2960.907001197232,41243.5,0.0,4671.466615200043
1H7jsIT97bJMmCtO8MFUSvt9esOpiWYIx,globe_basil_621_aug_00409.jpg,1,46308.0,0.0,46308.0,46308.0,881.3969686031342
1pVcNEbgL1KkeVoOTAlhYH4oRWpJB0Yhy,globe_basil_706_aug_00410.jpg,10,4361.1,13079.63343675961,43600.0,0.0,1168.5828220844269
1sH-YHG0UpCFwsbiUrusMzPG2Zr70hZBN,globe_basil_660_aug_00407.jpg,6,7080.5,15832.255708942215,42482.5,0.0,1126.0386654138565
14_VtJUW3uVLX5Ws3cPUjkMHgvFWco4Aj,globe_basil_621_aug_00408.jpg,1,46347.0,0.0,46347.0,46347.0,857.3380935192108
1r-sogUJgUkeIab07r3LYIgSFx_ZELMke,globe_basil_420_aug_00405.jpg,1,41638.0,0.0,41638.0,41638.0,825.7644996643066
1Jh6E91sEnH0EMvEgXiQtOttyeTzaPisk,globe_basil_629_aug_00404.jpg,4,11220.125,19431.805848836462,44877.0,0.5,1060.2569209337234
1-f75BLEdmsjHLvxfkgW_16ugZ-ZYR0zl,globe_basil_320_aug_00403.jpg,40,1003.05,6228.423902561546,39899.5,0.0,2141.2144124507904
1cWxRI7Q6hI463qd6simTUR73HksHK17-,globe_basil_562_aug_00401.jpg,2,22012.0,22012.0,44024.0,0.0,921.622364282608
1nAH51V2Qrs866OWpFob9U0yj5xHdfKnX,globe_basil_3_aug_00406.jpg,24,1835.1458333333333,8796.67171728315,44022.5,0.0,1502.7808674573898
1c_Qd4j1MlFkNX0SBTZ9JN5d1hdemjgVC,globe_basil_629_aug_00400.jpg,2,21343.75,21343.75,42687.5,0.0,945.2030981779099
1c3S4CkOELvZLn8JFzOdY7R-sE9M5DzKh,globe_basil_566_aug_00399.jpg,1,45211.5,0.0,45211.5,45211.5,942.2914110422134
1ZQIrUTqphGE2e8sUegkgZ_5qnHm2VenV,globe_basil_483_aug_00395.jpg,1,48957.5,0.0,48957.5,48957.5,895.8406196832657
15Ry8c-Fpkr-QS_UvEZkKSbOwpRHP6-Rf,globe_basil_216_aug_00397.jpg,12,3900.6666666666665,12934.635701179304,46800.0,0.0,1477.6265394687653
1PzcXgIFhqSww5qcqJyEfA0AmSaa53cvZ,globe_basil_534_aug_00394.jpg,77,541.8766233766233,4684.004493850809,41376.0,0.0,2112.7707628011703
1R_OBKkPnFom-MvdtkzmbiyM6NjUgCjIr,globe_basil_629_aug_00390.jpg,7,5951.071428571428,14577.08842285575,41657.5,0.0,1107.653889656067
1ArtfzT3dlsbqKG7PPmHezwuwXuYmfIpE,globe_basil_102_aug_00391.jpg,208,201.50480769230768,2869.7541752594757,41490.0,0.0,4520.412792921066
1806tNlvEJ9CPni1rJovqEuV_Eg2OCAEi,globe_basil_377_aug_00388.jpg,16,2750.25,10648.832361167584,43993.0,0.0,1325.9797902107239
1W8I22ngaaAIQTC1jR8okgwiflLS3Yept,globe_basil_277_aug_00387.jpg,4,10968.625,18998.215789170175,43874.5,0.0,993.7472547292709
1xzDIrcH-VPgACAZp1ccd4EKXXrF_YNfw,globe_basil_53_aug_00385.jpg,34,1201.3970588235295,6899.846954589359,40838.0,0.0,1537.0062626600266
1P0pkTwC10VZgv0AplV_oHNHNPkjfq1gb,globe_basil_3_aug_00386.jpg,12,3842.0416666666665,12738.540426036412,46091.0,0.0,1127.5117543935776
1CcsNCb8FfZNwOBTae0b-et1zvD93edVb,globe_basil_320_aug_00383.jpg,27,1686.388888888889,8596.87066917196,45522.0,0.0,1409.6437848806381
1z1nC42_2sDt2p0FFGRd13E67cR4cnMw4,globe_basil_562_aug_00384.jpg,18,2130.6944444444443,8784.350656041826,38349.5,0.0,1277.300638794899
1-Tbfnyo3rDz8XwVnkQ5ht_3Q9mjAvh6J,globe_basil_247_aug_00382.jpg,112,405.1919642857143,4258.569831006699,45272.0,0.0,3131.132363796234
1Tm1vF-ioH83RKT3CPOELlig4RhQtsWYU,globe_basil_685_aug_00380.jpg,3,16298.5,23048.145547237997,48893.5,0.0,1082.6345565319061
1yq23QoiL4OjbJik3dNwIxUd-mVPamaW2,globe_basil_91_aug_00381.jpg,36,1106.611111111111,6544.940351896001,39827.0,0.0,1627.6753093004227
1O2nY5vTctauw7CvKUO2XCseB9fgzw1rd,globe_basil_334_aug_00378.jpg,68,627.3382352941177,5122.954742857055,42560.5,0.0,2482.282516002655
109iiI-tVgWTHAnbmdK5aaFL8MDbVkjY2,globe_basil_387_aug_00376.jpg,23,1950.195652173913,9142.644722183404,44833.0,0.0,1227.8549002408981
1UBObQI9yoW8fPn6_L9OogoLeg02NonGd,globe_basil_490_aug_00379.jpg,46,928.5760869565217,6212.3829618643895,42602.5,0.0,1775.8691800832748
18DHjNnUxG65RqISS5FidpQj-yiLsXZ6J,globe_basil_562_aug_00377.jpg,6,6888.583333333333,15401.775377686892,41328.0,0.0,1083.0853480100632
1-Vo03qjObptzkzgUanSY7AIbHyfMze09,globe_basil_277_aug_00375.jpg,33,1229.2272727272727,6951.526616823654,40553.0,0.0,1975.8245840072632
1PBdReixMDKlPa29Hqt6i-I43Hy-YwQjB,globe_basil_251_aug_00373.jpg,25,1834.6,8985.626573589623,45855.0,0.0,1808.077330827713
1NOUwB-H4QQlezbtiTc1iL4Fc8TGOamPA,globe_basil_346_aug_00374.jpg,27,1550.9814814814815,7905.445084901786,41861.0,0.0,1642.6976072788239
12tSCHkv7RpSUknAEKQrZq4_U_AgibYl8,globe_basil_251_aug_00371.jpg,39,1071.7435897435898,6572.775471274843,41589.0,0.0,2190.812392473221
1UjgGkVf1KU_Cpz42JLkTVLl-vWzYXpZb,globe_basil_165_aug_00372.jpg,23,1966.6739130434783,9219.295198008094,45209.0,0.0,1662.378846168518
1G67fAWVetxTbcl5Im0FHSijPzH1J6s_S,globe_basil_251_aug_00370.jpg,15,3051.6666666666665,11415.618613208057,45765.0,0.0,1625.3666540384293
1q0xVHp9Z9C4_I8auKfwozQ4ua9hpIjdG,globe_basil_257_aug_00369.jpg,218,190.82110091743118,2787.625490261994,41255.0,0.0,3724.183220744133
1WiwVcN9YUxV4mycGwOGdAZwCJaDkkI1T,globe_basil_320_aug_00364.jpg,1,44842.0,0.0,44842.0,44842.0,946.8183224201202
1_JMMgQnz0rqUteZGJLJkHSWFCuay4k4y,globe_basil_706_aug_00368.jpg,1,46194.5,0.0,46194.5,46194.5,978.4091610908508
1U2pLEF-TJukezLuiOxlD8RJGBMuu73MS,globe_basil_174_aug_00366.jpg,23,1776.1521739130435,8326.52165024871,40831.0,0.0,1654.7463772296906
1b5XJBt-YCJHn_Z0-VwESYt6F1xylSvIr,globe_basil_685_aug_00367.jpg,17,2246.3823529411766,8982.154560292463,38175.0,0.0,1304.5554720163345
1osmqOxvx2qt6-G-Ds0rSrjTLsf6oHqNj,globe_basil_460_aug_00363.jpg,6,7868.166666666667,17535.418842223935,47078.5,0.0,1161.303603053093
1L4tLjQpT9-Q29AatgeOY0ErjAYOVR6Ii,globe_basil_251_aug_00365.jpg,16,2651.8125,10268.74739938342,42422.5,0.0,1437.3178836107254
1EIwxfdl4ga_I7D-pP9XkNds2Xu80xm63,globe_basil_558_aug_00361.jpg,2,21350.75,21350.25,42701.0,0.5,919.7472546100616
1QRIm5r2JTfu_4eSOas5MHc3tyoN9jOwO,globe_basil_534_aug_00360.jpg,3,15814.5,22365.08038214931,47443.5,0.0,940.3502860069275
1bnCp_5dJ7YjScrx7sVah95scFFdgVy8S,globe_basil_450_aug_00359.jpg,42,1095.6785714285713,6984.5367111428895,45818.5,0.0,1479.9625446796417
1TkdI-7oy-JNXDfp2y-xLu-FKf9uY1tuc,globe_basil_75_aug_00358.jpg,6,7119.166666666667,15917.375397833513,42711.5,0.0,1050.676186800003
1p_MZ6ylQaVbZCbad4_9_UmfnbhavDqTt,globe_basil_677_aug_00353.jpg,18,2216.027777777778,9130.24887009023,39861.0,0.0,1401.3250238895416
1FL1vg8yXKrxm3OwwEZVVwvikNQRxvJsf,globe_basil_277_aug_00356.jpg,8,5571.625,14737.732516719627,44564.0,0.0,1197.3279883861542
1vdElxxkVxabEcNF2vwt-YBS6IGnMsYps,globe_basil_257_aug_00354.jpg,5,9017.3,18032.6000249548,45082.5,0.0,996.801077246666
1W4UWTklQyE5agXIJwQ3OENc2uobmyefm,globe_basil_534_aug_00352.jpg,24,1614.6666666666667,7741.8969987264045,38743.5,0.0,1692.3616015911102
18xI7dMAMV7VVEAmnRezsShvglviYOrFH,globe_basil_158_aug_00350.jpg,25,1818.54,8903.581181659434,45437.0,0.0,1786.4276163578033
1aLliQssGK5Ii5zDV_O4H_Lpt5fxEIMqE,globe_basil_199_aug_00351.jpg,2,23100.75,23100.75,46201.5,0.0,1020.7178171873093
1F_HyBjc6Ta1MKlBhNE2dw0FV0Y7mNrcn,globe_basil_558_aug_00347.jpg,2,24484.75,24484.25,48969.0,0.5,1015.7472546100616
1gcRZtSjIMB3GInfsy7Zb_-yl2YEpn8eg,globe_basil_334_aug_00348.jpg,21,2046.0,9147.306958621106,42954.0,0.0,1140.9848425388336
1o0Zfy-XmlaZ2QGeUloRVu09JUgsIlKJg,globe_basil_353_aug_00349.jpg,1,48592.5,0.0,48592.5,48592.5,918.7523070573807
1vcA8OsprQMpKlvLEGonRYM61hnFrN1MD,globe_basil_450_aug_00346.jpg,1,47268.0,0.0,47268.0,47268.0,1002.4163014888763
1thVXz06wZfnLt5I3nMATzvY3g2cVcFVK,globe_basil_558_aug_00345.jpg,1,46720.5,0.0,46720.5,46720.5,891.1787132024765
1CxWvF0eQQjJvbJUy9lP4SNfqcH9pLYXL,globe_basil_174_aug_00343.jpg,35,1249.942857142857,7285.441280655383,43731.0,0.0,2017.665204167366
1QoW0vVdnjcT2-LEelYLFCAXN07O-07Zn,globe_basil_423_aug_00341.jpg,1,45087.0,0.0,45087.0,45087.0,857.2203433513641
1MBsohH1VgjMfpJAyekrcNqa5hRT4FBqU,globe_basil_131_aug_00344.jpg,71,553.7323943661971,4628.256582317742,39276.5,0.0,2481.846004962921
12wIfJ6O9xcHVVbQvxOD5kpJpsHbt9McA,globe_basil_387_aug_00342.jpg,2,22567.5,22567.5,45135.0,0.0,1011.5046139955521
12v7mkarOoeUK4veXFSI4PhHYlI3tJ4JR,globe_basil_629_aug_00338.jpg,17,2627.4411764705883,10507.514894647815,44657.5,0.0,1701.3494091033936
1-H7oOM02KWJ-U9-D5FE71Mb2Y-BJeGFs,globe_basil_496_aug_00340.jpg,2,21819.75,21819.75,43639.5,0.0,949.6883796453476
1EpXZsF1LxngiAnPwUN2ZI-1pznNAWnVP,globe_basil_75_aug_00336.jpg,70,596.8857142857142,4953.530813738122,41744.0,0.0,2307.880495071411
1b7ZeGocF6fa_yzRNh6Q3FKV-0IIjvZeW,globe_basil_377_aug_00334.jpg,1,47535.0,0.0,47535.0,47535.0,876.3675310611725
1g7ehqPnc_G4ZMsyaM4rjx5mXQvjloGrJ,globe_basil_741_aug_00331.jpg,2,23019.5,23019.5,46039.0,0.0,977.3624787330627
1FeJFgGsfpWvCrzRSibsrX-7b2TCjBDr8,globe_basil_334_aug_00335.jpg,172,252.25,3257.032440476139,42842.5,0.0,3630.1344512701035
1D4Q-Zn6ajiCN47gKNDhQ4Ennau97_dyQ,globe_basil_236_aug_00330.jpg,3,15267.666666666666,21591.387713365923,45802.5,0.0,1106.0142800807953
1DnsTJFs_lST-fTEhbyCNW9D9Ym2QyOts,globe_basil_353_aug_00333.jpg,1,47098.0,0.0,47098.0,47098.0,877.3380935192108
1WmZPTvm2asy-ABpUY6eSdZ6KwnzE6wxt,globe_basil_287_aug_00332.jpg,96,397.015625,3850.960790188386,37931.5,0.0,2451.6378548145294
1opcFPaNc5CyYG8-PgtJ3T34IZdAwaMsH,globe_basil_387_aug_00328.jpg,16,2845.53125,11015.144263224538,45507.0,0.0,1333.2518684864044
12WZH6l9BTI6f-LbMN6Clgd0VSyYX7NSM,globe_basil_483_aug_00329.jpg,12,3887.8333333333335,12894.182904080773,46653.0,0.0,1506.4894564151764
1X2PCwLrP7-8RjTKbx9Ovs_nDuUqtgXxG,globe_basil_334_aug_00327.jpg,152,252.5625,3085.885383437332,38172.5,0.0,2920.4216871261597
1w-CA8ruupSGvMvak8yI-zGE62Jwe4WFE,globe_basil_734_aug_00326.jpg,2,23056.25,23055.75,46112.0,0.5,984.3157960176468
1ywxpK3HVlUCIHyPE4KJZOkSZLZoVKKby,globe_basil_287_aug_00321.jpg,20,2066.0,9002.8469802613,41308.5,0.0,1386.5727171897888
1DJ8JdKyNyNvuC5mdFs_ZGFIa6dLEMMLu,globe_basil_562_aug_00325.jpg,1,47556.5,0.0,47556.5,47556.5,870.8944424390793
1KKjGnj5LZoRWOVkWtd9y19wqlXdAMjIQ,globe_basil_590_aug_00323.jpg,1,46813.0,0.0,46813.0,46813.0,987.1959578990936
12G_zDnTxerZHJbDaICIOtPaK-etJF64p,globe_basil_629_aug_00324.jpg,5,8232.7,16464.900004555144,41162.5,0.0,955.5706293582916
1IkxbXqYDvUkUGUrGthEt8kE-0B8iFKyf,globe_basil_534_aug_00319.jpg,10,4561.1,13681.800012790714,45606.5,0.0,1339.0579979419708
1yTTyVD9bKYV_c9Q8YZ-r-0zEQNC6U56D,globe_basil_490_aug_00322.jpg,1,44273.5,0.0,44273.5,44273.5,969.5462441444397
1_eSFwXb_Tp4a0l1ZqtXuMQLORmnN5IqO,ficus_pumila_60_aug_00436.jpg,15,2761.6666666666665,10281.55921487052,41231.5,0.0,1435.1168723106384
1e26W_LmrUZNYXRhFjCCppNokaIaLhjBf,ficus_pumila_84_aug_00435.jpg,49,844.2244897959183,5838.064326663196,41291.5,0.0,1651.2489038705826
1b32ZAGRiX4rXPYsMm_AfHG1zobLM9YiX,ficus_pumila_250_aug_00431.jpg,152,255.29605263157896,3061.8463815688933,37878.0,0.0,4114.835022926331
1-biIWc3xrOwOSoGPDl39Gz_cTAyjj5Nk,ficus_pumila_239_aug_00433.jpg,61,696.3688524590164,5389.015357538325,42439.5,0.0,1611.3494087457657
1zq7scIGrcco7xD-XpTUV3WuB1bQz8hSa,ficus_pumila_385_aug_00429.jpg,114,344.2280701754386,3606.1454084321012,38677.0,0.0,3367.3750035762787
1W6jHWT1ZtsSxTRY0HJLCaOhg9gNi_tIX,ficus_pumila_14_aug_00430.jpg,68,538.0882352941177,4389.357800023404,36466.5,0.0,1762.9057568311691
1WOqbOKYGiZpyXEARbbFBeivMjatGDs_9,ficus_pumila_518_aug_00428.jpg,32,1309.6875,7263.74930492812,41752.5,0.0,1530.1706951856613
1XX60rfn8scj5zH9my_z8Q78O_pw9meuz,ficus_pumila_80_aug_00425.jpg,37,1136.972972972973,6795.8465126571145,41912.0,0.0,2191.4641947746277
15ehk7RvQqHvBjZsZI5_f6kuIj62vAGlN,ficus_pumila_369_aug_00426.jpg,3,16403.666666666668,23198.28787264746,49211.0,0.0,1222.7005709409714
1bhkcXuiMiYo4Ez14OVeKwqUcVd3Xn1BV,ficus_pumila_412_aug_00421.jpg,23,1744.5217391304348,8158.342643227852,40010.5,0.0,1582.7981114387512
1PdAST1Bg-KmvM4Vj5pTTWd5hV4Y36yO-,ficus_pumila_75_aug_00424.jpg,27,1584.7037037037037,8077.689543220448,42773.0,0.0,1406.3717067241669
1pa8gN8mMi0LMisZhrgCAplqZNC4XYTn5,ficus_pumila_32_aug_00414.jpg,8,5639.125,14917.265639917894,45106.5,0.0,1173.9554051160812
1sqigQhjBfrPMSe5-iDV15A3nRITnc_lH,ficus_pumila_558_aug_00423.jpg,62,704.9516129032259,5499.574970901107,43658.0,0.0,1588.0529462099075
1T3RGqT08SXNb3UtEoWkeMz6XvOETEHVz,ficus_pumila_104_aug_00419.jpg,68,676.6397058823529,5523.693525892098,45890.0,0.0,2144.7362719774246
1gsY4b_fIt9-2X89YRPjVSvlsus7FfiCz,ficus_pumila_91_aug_00413.jpg,62,645.75,5028.939315913959,39923.0,0.0,2880.3384261131287
1ipw4sTkTic6YnK6fCmP7Uv-Q5uADwTr8,ficus_pumila_210_aug_00415.jpg,14,3358.464285714286,12090.812745138774,46952.5,0.0,1281.8548998832703
1zZkDcsQKe5R-rbqfB9cP8kzNzlSLJT7t,ficus_pumila_14_aug_00418.jpg,9,5053.111111111111,14291.826208590111,45476.5,0.0,1184.180801153183
1KP6dAjOmhv_ZcCy5ctF5oQlSyGpSRbL0,ficus_pumila_130_aug_00412.jpg,19,1834.0526315789473,7717.436361722065,34576.0,0.0,1690.0184547901154
1bssywGZEjOfk4t9MksJbtp_yA6lI1DQE,ficus_pumila_21_aug_00411.jpg,2,21466.5,21466.5,42933.0,0.0,906.1320307254791
1kFiS1TEC57p8cd3h45Fbw-YR7LLnX8TJ,ficus_pumila_262_aug_00410.jpg,11,4067.2727272727275,12860.422696226584,44735.5,0.0,1205.210238456726
14a_ZRFLvSWYny873O2tSbhqP6FVbBV-S,ficus_pumila_344_aug_00406.jpg,174,216.56896551724137,2783.676893937488,36829.5,0.0,4479.320303559303
1FASJtHqLJLWuGOMUbuge7T_2XFPKkdjY,ficus_pumila_468_aug_00409.jpg,25,1816.36,8885.45459334524,45346.0,0.0,1398.4650715589523
1xNKhTcEGiqQEPSndqiNdU0IT0oQIuh8t,ficus_pumila_480_aug_00407.jpg,64,679.7734375,5357.515518475022,43203.5,0.0,2410.986052751541
18XsPBYRFcnF6issGwaZOl5KnS3LCkzn6,ficus_pumila_210_aug_00404.jpg,51,860.1764705882352,6072.184810331361,43797.0,0.0,2598.6500477790833
1IzDAsj8IfPsgRnUFuEooXFZIF8r7ZUZ3,ficus_pumila_118_aug_00405.jpg,65,657.8076923076923,5256.3994847982185,42709.0,0.0,1635.065138578415
1Y6xQIX6qWR1PXIkGlpt7Cvv1rLJr7-dR,ficus_pumila_529_aug_00402.jpg,127,320.96456692913387,3581.084170381739,40518.5,0.0,3283.132363319397
1xcQ6b7Tr_agqHrCOXpNXOpTjFSWcrZR8,ficus_pumila_594_aug_00403.jpg,92,399.2608695652174,3798.487172030137,36634.5,0.0,1941.3809344768524
1TT-veJsgiIxiPCgaOatwZFrdRoI44vPU,ficus_pumila_262_aug_00401.jpg,2,24591.25,24591.25,49182.5,0.0,895.6984841823578
1WQDZ44ZLrqWChIPzggfiyq2PEOIh1dUI,ficus_pumila_234_aug_00400.jpg,41,1061.8536585365853,6623.790218344248,42951.5,0.0,2307.689588665962
1gx24f-2sB17U2KLxUBmbjT8Kz0NVfwLI,ficus_pumila_75_aug_00397.jpg,60,691.7833333333333,5299.175653947404,41395.5,0.0,1480.229571223259
1X_OY4wPNJHg_2zlRv5aB5mTDbo86IRu-,ficus_pumila_496_aug_00393.jpg,120,306.90416666666664,3322.1356643078216,36547.0,0.0,2156.4520016908646
1MyWSAMH6GEIeuCZview_sMvqCycD38u8,ficus_pumila_488_aug_00395.jpg,174,187.1293103448276,2423.9658973461706,32069.0,0.0,3494.210571169853
1PLr_0-0G021iDnMKiPG_E6IecgKNTkbZ,ficus_pumila_250_aug_00396.jpg,71,515.3943661971831,4216.391767212357,35785.5,0.0,2590.1302760839462
1XEGEh6W8Yg2toH4SQanaQVkzNCdmQ-x9,ficus_pumila_80_aug_00391.jpg,21,1994.952380952381,8890.738324240197,41755.5,0.0,1204.9259672164917
1cp7c_o_e6bha8PHrw8JEgqjVqfLa_NMh,ficus_pumila_438_aug_00392.jpg,2,20497.0,20497.0,40994.0,0.0,907.1614682674408
1W-kSkEGSpxa4sZ1A3zBWNcHFfy7MCgcI,ficus_pumila_480_aug_00394.jpg,102,448.2647058823529,4448.5731209325695,45155.5,0.0,2493.890600204468
1hbRbclWe88UYl-1U8cIrC4FOiEDymy3s,ficus_pumila_250_aug_00387.jpg,73,583.8082191780821,4900.3808900257645,42164.0,0.0,3681.08062851429
1SjihuekBfYM70N-piPRhv6uX08kkhpZt,ficus_pumila_11_aug_00390.jpg,56,659.7142857142857,4877.94991504879,36835.5,0.0,1400.7392370700836
1gjLkTwhCxSaz1wCSQCE-qTqkqw8MD-rR,ficus_pumila_447_aug_00386.jpg,84,405.8392857142857,3665.478094556141,33799.5,0.0,2428.182011127472
1X5rudqUa8uvxR6XAFqKZkUUpJPTLDhWa,ficus_pumila_11_aug_00388.jpg,43,887.046511627907,5740.156343399879,38087.5,0.0,1340.2884459495544
1uKIIpA4-wr6kbWfdO5LCZXVeMlml4zFe,ficus_pumila_329_aug_00382.jpg,46,1002.0434782608696,6707.305796849989,45996.0,0.0,1766.8813725709915
1ouamw2JVj7D9gS7FsGDW01ttfiBT-w1w,ficus_pumila_603_aug_00385.jpg,115,371.0739130434783,3862.9326892826084,41607.0,0.0,3588.269445538521
1ymn2kMMNLLLJ6mwjanEg44iY_PEnW2h-,ficus_pumila_84_aug_00383.jpg,73,566.7465753424658,4795.217414845646,41255.5,0.0,1760.3788464069366
1u886RPFTpLK8Q0gxlc7jzIq5RVbn1Xte,ficus_pumila_586_aug_00384.jpg,1,47581.5,0.0,47581.5,47581.5,909.2375882863998
1ZZ9vIrb6P4lGqyejfw3TqepmHvE5_Q3U,ficus_pumila_603_aug_00381.jpg,155,266.2,3233.0943066177133,40383.5,0.0,4000.467491388321
1_ZS6bR1SQTIdYmVnbahsf-UdVPXBkjOw,ficus_pumila_350_aug_00377.jpg,27,1579.9814814814815,8053.905065569908,42647.0,0.0,1695.4915432929993
1PQLhUbAV_89vecrvD2LQCqCP6xIK0sNE,ficus_pumila_227_aug_00379.jpg,36,1055.875,6242.499686707374,37987.0,0.0,1493.9524405002594
1v0F6bTxSy8HfpMzKrj9PI0PYmY6cW2CJ,ficus_pumila_32_aug_00378.jpg,66,659.2651515151515,5298.367705489443,43376.0,0.0,1498.0113154649734
1Qkry2z5xjcVPT00D1GiHFNrX-47GEBio,ficus_pumila_130_aug_00376.jpg,74,576.4797297297297,4916.083298339314,42579.5,0.0,1620.6387320756912
1tsn-lyNtllnQPgNn-rBRGEV0vidMemIJ,ficus_pumila_234_aug_00375.jpg,71,517.8802816901408,4213.241105005381,35767.5,0.0,3491.509999513626
1fUWdXXL4Kj-UoO0zdbpqv6DgFIwFZy1u,ficus_pumila_288_aug_00374.jpg,9,4889.611111111111,13825.666177997793,43994.5,0.0,1314.6488363742828
19UMLaloPzbCfSrqn4Kik-tRaDi-PTotV,ficus_pumila_3_aug_00372.jpg,22,2042.6136363636363,9354.212875553863,44909.0,0.0,1652.2367106676102
1y8AeyVThR7I8I6nZqtcCXCM1jFa1GEK7,ficus_pumila_581_aug_00371.jpg,29,1594.5862068965516,8433.221673494212,46219.0,0.0,1547.8864248991013
1Lo_2dx4OAVIFayADrLHN2fkVjdJZaiwz,ficus_pumila_185_aug_00366.jpg,39,1148.6923076923076,7077.527382783015,44777.5,0.0,1817.4742987155914
18mCJydoNvtdot9VLQLF6ExMVv4sXiCcs,ficus_pumila_460_aug_00370.jpg,104,386.8173076923077,3905.4772417534705,40023.0,0.0,2027.2387990951538
1M55dy9mCES8GX6fJsgxHRHUBLDBMx4-X,ficus_pumila_60_aug_00364.jpg,6,6394.333333333333,14277.81857073723,38320.5,0.0,980.1564158201218
1MyTQQHNBeq305qoBfAZSHdxOkfGSirnk,ficus_pumila_546_aug_00365.jpg,95,394.7421052631579,3812.0091593356287,37353.5,0.0,1990.001209974289
1h-niZHl6Yr06qxQaNTzkSvPDq0njiNY0,ficus_pumila_518_aug_00369.jpg,5,8322.4,16644.8,41612.0,0.0,1069.813269853592
1jzwHdQz3CSW26cBHraS_4QifWOB4ivfL,ficus_pumila_377_aug_00363.jpg,74,568.0202702702703,4830.352389388397,41838.5,0.0,2149.2215535640717
1YBSdChxTnNKMTKyI_PBQuTu6uMX_TGGp,ficus_pumila_365_aug_00362.jpg,102,380.1029411764706,3721.4767713236038,37773.0,0.0,2266.133240699768
1p1Rk_7_5E8SbPXWsgNAyf-K3x23SlsZ7,ficus_pumila_84_aug_00360.jpg,4,11664.25,20203.07363218528,46657.0,0.0,1303.8376548290253
1DQvuPyi9kjd_gtL8F4fG_lbaYkbTFX1D,ficus_pumila_567_aug_00359.jpg,168,248.29761904761904,3193.27599932287,41514.5,0.0,3407.0562431812286
14-8vMOt5gaQApM0InuepbUyul5XrB09r,ficus_pumila_350_aug_00358.jpg,59,678.2033898305085,5150.013529782001,39899.5,0.0,1553.8519350290298
12RqvzyZkzVqTUyN7NcCRC3VGdLXCB_AE,ficus_pumila_468_aug_00356.jpg,128,349.69921875,3918.380317161833,44507.5,0.0,2290.653011202812
125IoJsPDN2xMllU8LRf3ibGo30DCoLoZ,ficus_pumila_558_aug_00350.jpg,45,816.2111111111111,5395.601680472808,36606.5,0.0,1944.6530120372772
1b2WhI288omgy8zkjfLeYxeD9zy90DnPT,ficus_pumila_594_aug_00355.jpg,51,839.0784313725491,5926.747611359073,42747.5,0.0,1890.989018201828
1bBF6-cPKdGCmw5tzp295X9yUD1Wd9hrZ,ficus_pumila_551_aug_00353.jpg,5,8899.6,17798.70000421379,44497.0,0.0,1128.867092370987
11wBMpaXfmiFmczLxAcGmRlD0oQUF5L2y,ficus_pumila_538_aug_00349.jpg,7,7042.428571428572,17249.744185325868,49295.5,0.0,1145.9310200214386
1tkC0RZWSU_0SvtP_tXBZIQrXibwL8jhf,ficus_pumila_412_aug_00348.jpg,55,705.5181818181818,5137.183245677481,38455.5,0.0,1871.20727288723
1j58nH5Kgu4NMrvxY1PgVvlAj11fhQfSv,ficus_pumila_185_aug_00354.jpg,48,966.0833333333334,6617.737117440942,46335.0,0.0,1990.1849759817123
1pu2grQAUcEFerxbj9aaNi1gSBDW_Lx2O,ficus_pumila_257_aug_00347.jpg,50,910.08,6359.775822589975,45428.5,0.0,1735.7097994089127
1zxzmtQCcOLtfSzsGorDWRA9fQergtwsx,ficus_pumila_210_aug_00346.jpg,25,1935.12,9458.892414315747,48274.0,0.0,1653.82754945755
1WUjo5imGavoIc9vdHecgDMkdGnagKSQt,ficus_pumila_14_aug_00345.jpg,59,665.1101694915254,5048.068654905789,39110.0,0.0,1420.9331073760986
1UFdA4tmEe2TYECaT_381rhjF1E2Ee8by,ficus_pumila_130_aug_00344.jpg,52,714.0192307692307,5091.626638565838,37075.5,0.0,1441.4844043254852
1S_NNXkhavVC_5lbEycBpi8Ek81zVP_tE,ficus_pumila_297_aug_00341.jpg,60,728.4833333333333,5589.14358449088,43659.5,0.0,1774.302726507187
1KInHiI7rDhA_HtJh_PwF7nB6xfg0zpz-,ficus_pumila_488_aug_00340.jpg,42,1021.1428571428571,6526.249085228741,42809.5,0.0,1467.0336126089096
18h62JscLRt40xYsGd_yOSrTVaMEFLfdJ,ficus_pumila_3_aug_00342.jpg,28,1641.857142857143,8521.91238792379,45923.0,0.0,1594.253956079483
1-vgl6Q-kdLQlzzVcVx9YoMCbWSkUn9Z2,ficus_pumila_104_aug_00337.jpg,60,662.0083333333333,5066.759370718516,39580.5,0.0,1884.7707616090775
1lifndgvA4vc7nV6BKQUN0SWzYUgwSSHE,ficus_pumila_185_aug_00336.jpg,14,2772.785714285714,9991.459348782206,38797.5,0.0,1211.234623670578
1y2agFQ3JpFR3xPIsGHfP6lsS4UxGuM1H,ficus_pumila_344_aug_00338.jpg,74,550.9324324324324,4611.621589487131,39946.5,0.0,2521.9393696784973
1X0RT6q_5BfH1mEzHl-mHBa29fRyatBC1,ficus_pumila_227_aug_00331.jpg,73,556.5410958904109,4712.744575066421,40545.5,0.0,2728.9414588212967
1CvpWIR9WG7u9GT_QgPG7E-VlnX7PJW-A,ficus_pumila_496_aug_00335.jpg,139,320.52517985611513,3722.222005662467,44046.5,0.0,2604.3170058727264
1PLro9XzLozC8NTq4sojSaZfXrnVFIaDG,ficus_pumila_567_aug_00334.jpg,61,624.7540983606557,4824.483330549035,37995.0,0.0,1765.8174442052841
19-FwQH51hlGc2sbeptRHq5ibR2gudadp,ficus_pumila_365_aug_00333.jpg,20,1818.175,7900.467159090973,36255.5,0.0,1680.094575047493
1cqWbFWWoK7SSk8deIRDC5PNE8ksXk6Ux,ficus_pumila_496_aug_00329.jpg,27,1615.2037037037037,8043.487627174223,42627.5,0.0,2058.92300260067
1dXbZcBB9kmStcrq0Pu6o_Wr0dK6soKO3,ficus_pumila_488_aug_00332.jpg,18,2516.6388888888887,10361.458733109546,45238.0,0.0,1460.506701350212
1tqZrGHpl-QgvIwDRKKmVo_Z4QrZouxz0,ficus_pumila_496_aug_00330.jpg,140,319.47857142857146,3731.030352171707,44307.5,0.0,2595.1454335451126
14FaKHaASb-jW_K7pL_nmCcG0RZKgAY1_,ficus_pumila_551_aug_00327.jpg,37,1131.972972972973,6763.096112454456,41710.5,0.0,1628.7392370700836
1Hf99sKep-TTjDbv0VyEubLOHykwrV7dU,ficus_pumila_118_aug_00328.jpg,38,1012.0526315789474,6151.637597323892,38431.0,0.0,1457.6509243249893
1eYVtll6NUlNYX83HaP9nCiYKVFKGLcH1,ficus_pumila_529_aug_00325.jpg,99,410.2676767676768,4028.278073061082,40288.0,0.0,2239.0205430984497
1B5SxamlcZgEk_KD8qA4QJ73badJpGnS1,ficus_pumila_369_aug_00324.jpg,69,600.536231884058,4928.084673890566,41238.5,0.0,1771.1900281906128
1TJSV35McHoSrsFPBSrqcDHP9jPXSpU-N,ficus_pumila_581_aug_00320.jpg,50,696.81,4784.159235320246,34182.0,0.0,2544.7261667251587
1-1GiQHQroPOAMOKLEf1Nb4mXSR-a6LMd,ficus_pumila_546_aug_00322.jpg,98,393.7704081632653,3849.621637363732,38308.0,0.0,2325.672345161438
11M4uNY78yuRsKgTdl7l5eKl9orlVDWoT,ficus_pumila_438_aug_00321.jpg,60,632.5166666666667,4841.075798110947,37817.5,0.0,1586.5382270812988
1YQYy4oomH0crXQpGYJCrx5xuky-54i74,ficus_pumila_3_aug_00323.jpg,54,836.1574074074074,6073.106725117495,45049.0,0.0,1539.928055524826
1ZywPjTUNKyzPkDnXVHHNk-k70tCeJT2w,ficus_pumila_315_aug_00316.jpg,64,660.7421875,5235.157933977634,42213.5,0.0,1959.8834601640701
1FOWFjJp7h6pzkUJ51K_03gKl7kqwqkFA,ficus_pumila_350_aug_00317.jpg,74,616.2702702702703,5257.0478171002305,45532.5,0.0,2165.0966633558273
1utKSipVjNa6FElXrTVHlrkuVdO2BaPaO,ficus_pumila_396_aug_00314.jpg,66,626.8409090909091,4974.490861840894,40731.0,0.0,2009.2316579818726
1FKQCfgzZ2ho_4K9jUbAo1Dxxcr89W6r5,ficus_pumila_468_aug_00318.jpg,41,990.9756097560976,6255.07070688938,40551.5,0.0,1466.004175543785
1h-zYo1hvPvdiR9intuDPLYfZCVtbZlB_,ficus_pumila_262_aug_00313.jpg,5,8701.0,17391.25082045567,43483.5,0.0,1080.6416968107224
1hVZrthYpHWzAy9teZra7SRj5gxzHxQd_,Euphorbia_Trigona_Triangularis_Cactus_1316_aug_00420.jpg,128,233.5703125,2563.556023816069,29121.5,0.0,4730.211780428886
1QyWqoUwRNg0UtxhWghR8FJ_hlbnomCxv,Euphorbia_Trigona_Triangularis_Cactus_1709_aug_00418.jpg,236,117.61864406779661,1547.073262234273,23555.0,0.0,6021.578434705734
16MrxphLkRFrj-iO9vskIJzibrdFyMoq_,Euphorbia_Trigona_Triangularis_Cactus_508_aug_00417.jpg,248,124.80645161290323,1840.7672874349532,29043.0,0.0,6895.9257555007935
1OToiSBxPZ2G_TiV2s_hPLmBG94j8VTkX,Euphorbia_Trigona_Triangularis_Cactus_43_aug_00415.jpg,247,116.59716599190283,1687.342764206222,26571.0,0.0,6295.207938671112
1qNjY076jx7UhSosrHowf4Y81bd9fhzW6,Euphorbia_Trigona_Triangularis_Cactus_1479_aug_00416.jpg,90,398.89444444444445,3726.919128668585,35558.0,0.0,3125.083592772484
1kmQb2jAFuNDoIVnTUr12YlQTAcpgqOrk,Euphorbia_Trigona_Triangularis_Cactus_1568_aug_00413.jpg,83,424.45180722891564,3782.119500936506,34672.0,0.0,3489.749674320221
1LqW-zBJiZRtCUEA86YZ3k_gMCI40B5tb,Euphorbia_Trigona_Triangularis_Cactus_1478_aug_00414.jpg,142,250.3450704225352,2932.2615215779106,35068.0,0.0,4762.163010954857
1qjid1FEVIAOQ3bl1siXJCH6XW_CdRhzu,Euphorbia_Trigona_Triangularis_Cactus_1759_aug_00412.jpg,94,388.25531914893617,3731.291850148196,36371.5,0.0,3477.9435443878174
1vMNN976AIdT1-K_FC0zL833Sp7pXqq4T,Euphorbia_Trigona_Triangularis_Cactus_386_aug_00411.jpg,76,513.5921052631579,4418.352180566486,38777.5,0.0,2688.56678712368
1YH2Ooury2B0Nn9-nK8SK5YVafV5YuECK,Euphorbia_Trigona_Triangularis_Cactus_1680_aug_00410.jpg,110,361.0272727272727,3680.8760289047073,38787.5,0.0,4033.5902940034866
1PmxbStZ2cYG7mxb-I06kevTjTVNZas8b,Euphorbia_Trigona_Triangularis_Cactus_1675_aug_00407.jpg,72,296.7708333333333,2084.1347390888823,17634.0,0.0,4183.715182185173
19-pNg_RBXjndeJO9_92w9qRiRJQCr__p,Euphorbia_Trigona_Triangularis_Cactus_1636_aug_00408.jpg,266,96.6109022556391,1464.8075593773267,23936.5,0.0,6398.982540845871
1j5iWslMPMtV989u_1Z0Xo8jQpk7G2gqT,Euphorbia_Trigona_Triangularis_Cactus_13_aug_00409.jpg,128,273.32421875,3023.2574433399363,34343.0,0.0,2998.3973013162613
1jZ7QGTyDQQFKaW5RZafp2NrJWPbxljHL,Euphorbia_Trigona_Triangularis_Cactus_270_aug_00405.jpg,126,253.59126984126985,2716.9091466433433,30613.0,0.0,4141.16092300415
1sJzs3ub1-TWhhNCAdKzSUeWkVgYNOvt9,Euphorbia_Trigona_Triangularis_Cactus_1390_aug_00404.jpg,333,60.773273273273276,971.8227373493716,17748.5,0.0,6670.889177918434
1HQq3kUMXZ9qpjlQmyUBtw5RjJforo1n_,Euphorbia_Trigona_Triangularis_Cactus_1561_aug_00406.jpg,250,104.36,1424.7450503160205,22455.5,0.0,5980.725620508194
1zbkwYAVrBQC0kTnL7yi6uzu_T1SmXATt,Euphorbia_Trigona_Triangularis_Cactus_1865_aug_00403.jpg,74,409.1756756756757,3423.0008709290883,29653.5,0.0,4246.75176012516
1xwNFLaaH3WUqSE-bZO9HXTuQTMhVS5VF,Euphorbia_Trigona_Triangularis_Cactus_1559_aug_00402.jpg,35,1258.0428571428572,7244.861127892583,43499.5,0.0,1873.917950630188
1p5xPcSSQmV0p4j-TImcGWZZ-vlAU-Pyv,Euphorbia_Trigona_Triangularis_Cactus_1728_aug_00400.jpg,23,1690.5217391304348,7900.795157393504,38748.5,0.0,2411.4885786771774
1_ZlkIT8gDHAaJ-bGAQ9LfiRYc3wWNOyZ,Euphorbia_Trigona_Triangularis_Cactus_1680_aug_00399.jpg,274,84.19160583941606,1156.4280680649229,18860.0,0.0,5850.683992266655
1UtCvbOOxhkHE3KNrSmu8vRFEGLq6xuWm,Euphorbia_Trigona_Triangularis_Cactus_531_aug_00398.jpg,155,231.9,2750.9983398407294,34360.5,0.0,4753.376212120056
16C42DQzkDCT6bbWGuTex733BXggxUytC,Euphorbia_Trigona_Triangularis_Cactus_1530_aug_00397.jpg,30,1050.9166666666667,5488.595646251922,30604.5,0.0,2451.471333026886
1yH_5Bv62otJgJOH0hHKKvCuLY3cXNpdy,Euphorbia_Trigona_Triangularis_Cactus_1709_aug_00396.jpg,100,337.425,3318.9228180051127,33359.5,0.0,3079.16685295105
1L_XBao8NwNvdLeo0MstmXxAj-LiUbn9c,Euphorbia_Trigona_Triangularis_Cactus_1479_aug_00391.jpg,324,70.9753086419753,1120.2790957956663,20175.0,0.0,6590.352160573006
1yp_PVhcDT0TvxEKZPawdCtwlBaxYeL-6,Euphorbia_Trigona_Triangularis_Cactus_1905_aug_00395.jpg,150,167.04333333333332,1976.6928137140803,24291.5,0.0,4527.493963599205
1P7SBIfqftg9etSkNak8OV_rD5OlFUgXF,Euphorbia_Trigona_Triangularis_Cactus_1709_aug_00393.jpg,77,529.0649350649351,4595.71425447345,40593.5,0.0,3284.865338087082
1XOK4bmU9RrKA0MUr_Uiyk7a5Sq1LWAO5,Euphorbia_Trigona_Triangularis_Cactus_1865_aug_00394.jpg,158,179.79113924050634,2227.5669620240897,28090.5,0.0,4441.393458485603
1fyJPBEZVcLy7ezzhHiQAQrg63O4L5vus,Euphorbia_Trigona_Triangularis_Cactus_156_aug_00392.jpg,81,490.48765432098764,4260.589083607308,38593.0,0.0,3324.3871965408325
1P9o3EgZPzdGJI5Xx2PTmAZk4T_A__bO6,Euphorbia_Trigona_Triangularis_Cactus_1858_aug_00390.jpg,283,73.29151943462898,704.3741017838241,10037.5,0.0,7086.53592646122
13JPjJquLT0e8rF7AHgJbCDfjfXrEJp11,Euphorbia_Trigona_Triangularis_Cactus_1479_aug_00389.jpg,58,735.4310344827586,5544.038594282955,42592.0,0.0,2788.8510580062866
18tmBktjZxNK00xptS2E4HXCgNm-vjlyO,Euphorbia_Trigona_Triangularis_Cactus_386_aug_00388.jpg,511,34.20352250489237,577.529108785385,12994.5,0.0,9695.869296312332
1PgYMZtfdwFazTNbkNDRpliN0Y1FCHBH-,Euphorbia_Trigona_Triangularis_Cactus_386_aug_00385.jpg,414,40.371980676328505,586.6240498663383,11846.0,0.0,9141.016488432884
1gVt-MRf4ZqqYWNS-qMcLUgyMzvYD8e8N,Euphorbia_Trigona_Triangularis_Cactus_1695_aug_00387.jpg,66,477.280303030303,3785.575784963621,30996.5,0.0,3844.5781013965607
1ScsAMrId6ag6nM4oq-aR-gloIX0zG53i,Euphorbia_Trigona_Triangularis_Cactus_1750_aug_00386.jpg,191,169.15183246073298,2270.505899524185,31464.5,0.0,4952.447280883789
1mehiP5d0DSYiv1kz87pGYTOIwzATPf-F,Euphorbia_Trigona_Triangularis_Cactus_1739_aug_00384.jpg,47,949.7872340425532,6432.336496623484,44576.0,0.0,2230.0672249794006
193q_VZsmUb-j1E0i9wG_kODh4IlBoENK,Euphorbia_Trigona_Triangularis_Cactus_508_aug_00381.jpg,384,52.734375,912.5675672847606,17900.0,0.0,6878.729797124863
1xDZbsS0RUq7az3Tc-vZmhqFUc1vwPRTP,Euphorbia_Trigona_Triangularis_Cactus_1849_aug_00380.jpg,68,571.4485294117648,4664.684855646503,38753.5,0.0,3643.205518603325
1ywuCq8YIuXllufm7cxnHo4hwa-uDxYiV,Euphorbia_Trigona_Triangularis_Cactus_114_aug_00382.jpg,292,91.1318493150685,1408.496416898931,24103.5,0.0,7448.408071875572
1uNzu38w4FOugTXuyDYCr3KCiUbKl9P1A,Euphorbia_Trigona_Triangularis_Cactus_1688_aug_00383.jpg,90,420.4111111111111,3943.473963805248,37623.0,0.0,3761.281637787819
1uHLmXdwMlTlRINVw06P3Fz6KAIn4Eq8l,Euphorbia_Trigona_Triangularis_Cactus_114_aug_00379.jpg,288,104.5,1677.5577889946642,28518.0,0.0,7589.01824259758
1RJKFoPw3EQUCJ-udUQhLlvEP1qQ12TFl,Euphorbia_Trigona_Triangularis_Cactus_1642_aug_00378.jpg,117,324.9059829059829,3444.4895841669036,37422.0,0.0,4564.516261219978
1XLj0wUs8hTxrMqpHGsfx-n7C1Ejq_4qH,Euphorbia_Trigona_Triangularis_Cactus_1777_aug_00377.jpg,130,214.9923076923077,2434.272277123411,27863.0,0.0,3439.4826498031616
1pCovX4xgJmgVe0j6XO7JycT76puRvaX-,Euphorbia_Trigona_Triangularis_Cactus_1912_aug_00376.jpg,58,708.7586206896551,5346.04342113881,41070.5,0.0,2741.2774637937546
1pO1WE6pQWeD_NdCHnntcAiIiyTD0U6K1,Euphorbia_Trigona_Triangularis_Cactus_1191_aug_00372.jpg,79,485.9240506329114,4181.330816772931,37409.0,0.0,3353.458263158798
1ClVdnZopdRXgBmGhvxh4sXCWA9R3lHVz,Euphorbia_Trigona_Triangularis_Cactus_383_aug_00375.jpg,145,249.8448275862069,2958.54767581316,35752.0,0.0,5267.366109490395
1FEVH8WV_w2h1RMWMmElqEB-HdL5GjIE3,Euphorbia_Trigona_Triangularis_Cactus_1799_aug_00374.jpg,27,1326.0925925925926,6714.8262312215265,35565.0,0.0,2924.0297689437866
1l-2nE5bj2Aq9ffHEoIW_NbiVjaxXJQUS,Euphorbia_Trigona_Triangularis_Cactus_1695_aug_00371.jpg,35,849.6428571428571,4855.950410978015,29163.5,0.0,3262.2307794094086
1XZZPS56WOl3hfrCSB_kQLvRYdF5Vfhep,Euphorbia_Trigona_Triangularis_Cactus_1833_aug_00373.jpg,84,293.7857142857143,1763.1177645581934,15772.0,0.0,5191.275704979897
1r4gtxHryGe04PtpfJKIrMUzK3H2C5Hzh,Euphorbia_Trigona_Triangularis_Cactus_270_aug_00370.jpg,202,132.6608910891089,1792.106004341603,25534.5,0.0,5820.365231990814
1EFy07zpV9QNFVf10wp-TNo3BoayXlvwS,Euphorbia_Trigona_Triangularis_Cactus_114_aug_00369.jpg,360,54.84166666666667,924.9564493876935,17571.0,0.0,6838.2100263834
14fTOSru3srBeJqnDXqvt9gDytKrTU_6Z,Euphorbia_Trigona_Triangularis_Cactus_1709_aug_00367.jpg,163,217.87423312883436,2710.73001585279,34718.5,0.0,4504.700027346611
1OuD3A5ygwpPrYve0zUEHJIVkhnFtlBTg,Euphorbia_Trigona_Triangularis_Cactus_1682_aug_00365.jpg,17,2655.235294117647,10540.39609719735,44816.5,0.0,1784.0285598039627
1bhvL9izBDrMfp9CftE7xPhSyIPfDvdA9,Euphorbia_Trigona_Triangularis_Cactus_1530_aug_00368.jpg,22,1863.1818181818182,8501.795519644733,40823.0,0.0,1573.9940700531006
1Yhud4gJ_Y-BRRITKT0FpCY7rUwdOTjGo,Euphorbia_Trigona_Triangularis_Cactus_1490_aug_00366.jpg,317,69.12776025236593,1021.808489955038,18172.0,0.0,6753.39884352684
1EH-b4RgT40nPV4tctOgVUVQM2nMhgarQ,Euphorbia_Trigona_Triangularis_Cactus_508_aug_00362.jpg,227,111.91409691629956,1463.4874129349041,22085.0,0.0,5904.67388856411
1ZeeMRIZBsNjL_gfJ_HovkalHFEMW3rje,Euphorbia_Trigona_Triangularis_Cactus_1473_aug_00363.jpg,136,262.76838235294116,3022.2349059707403,35377.5,0.0,4803.341723680496
1zlauO2RpbTF_F1uT9kgijQtXDQVigrcH,Euphorbia_Trigona_Triangularis_Cactus_1682_aug_00361.jpg,36,1179.263888888889,6968.33770378372,42404.5,0.0,1719.8103042840958
1vs2C-GcZvaFLRqNMiiqtQ3xLf28pjP5_,Euphorbia_Trigona_Triangularis_Cactus_1611_aug_00360.jpg,122,326.7704918032787,3545.0951501413183,39322.0,0.0,3516.2623039484024
1K0QdwlC-AOREt6AeZCzPL2VNdSj-U6Wj,Euphorbia_Trigona_Triangularis_Cactus_162_aug_00358.jpg,119,290.8235294117647,3078.3693732672655,33726.5,0.0,3673.7913035154343
18xbfbiEdX7z9mji4z1tQtvD400G0_TwK,Euphorbia_Trigona_Triangularis_Cactus_1308_aug_00357.jpg,82,451.6036585365854,3973.557774670597,36208.5,0.0,3680.5192271471024
1i20KJrCIo--GxCK3ldMtsz6nJ6qblE4x,Euphorbia_Trigona_Triangularis_Cactus_162_aug_00359.jpg,153,174.5,2021.959034352899,25089.0,0.0,4375.719360113144
102zdJqmPrA-DTpWUWYmBBXFv2wkaqAwc,Euphorbia_Trigona_Triangularis_Cactus_1715_aug_00356.jpg,211,135.90758293838863,1668.2839573382487,23997.0,0.0,5631.664659142494
1Tw2XdBqvYmmPR0bCZWo4dByg_yMAOj1D,Euphorbia_Trigona_Triangularis_Cactus_1715_aug_00353.jpg,23,1858.695652173913,8716.88279038358,42744.5,0.0,1634.1118208169937
1_yslnU4mvCH3lf4rcxsThBuy3Ucijpg3,Euphorbia_Trigona_Triangularis_Cactus_1765_aug_00355.jpg,27,1396.5925925925926,7113.410087627449,37668.0,0.0,1491.5676647424698
1ffx08GM0RmDsYgbK_TdNwVcu68te2fI9,Euphorbia_Trigona_Triangularis_Cactus_1725_aug_00354.jpg,175,177.3657142857143,2007.0051399952483,26349.5,0.0,4913.903125047684
1paecPGnbsPe3J3Qf-qoMPpN889QL0iL0,Euphorbia_Trigona_Triangularis_Cactus_1479_aug_00351.jpg,102,332.54901960784315,3305.01533806607,33547.0,0.0,3436.026805996895
1MtAn-4taVfVGE1G_jVgAqebyE-DFn4WO,Euphorbia_Trigona_Triangularis_Cactus_1799_aug_00352.jpg,183,144.27322404371586,1896.6071984571115,25729.0,0.0,5280.025050640106
1qK2tlsGvC-TEjsIQZRkZJl8Qbe2WsQvJ,Euphorbia_Trigona_Triangularis_Cactus_1709_aug_00349.jpg,27,1524.2962962962963,7765.553141753245,41121.0,0.0,1673.4255285263062
17jkihhyGxPXRTzd9g4ujtROW0UE917vs,Euphorbia_Trigona_Triangularis_Cactus_1739_aug_00350.jpg,125,244.676,2667.9411727067745,29952.0,0.0,4123.739568471909
1IMM75UbzacWzww6vX60RmWlt_QUaSZ6b,Euphorbia_Trigona_Triangularis_Cactus_1187_aug_00348.jpg,230,111.02608695652174,1645.9224951950307,25018.0,0.0,7040.910599470139
1KQbK9rYcQSqkVgr-BibpUpE1AX-z41u6,Euphorbia_Trigona_Triangularis_Cactus_43_aug_00347.jpg,8,5785.375,15302.694976600527,46272.5,0.0,1359.494508266449
1HzV8OJZdgXLx0g5F4ZC_BSghmItkWwes,Euphorbia_Trigona_Triangularis_Cactus_1728_aug_00345.jpg,13,3015.153846153846,10262.183626500924,38560.5,0.0,2108.3615996837616
1pINMGY1SB_XbiZwLy3qifxIUhM6Pu5RW,Euphorbia_Trigona_Triangularis_Cactus_1249_aug_00343.jpg,110,363.5272727272727,3774.3654053221394,39769.0,0.0,4150.987261533737
1InIo32c3WdXWDlh8s3JXQgK8KKZbrIXc,Euphorbia_Trigona_Triangularis_Cactus_1187_aug_00341.jpg,104,354.75,3566.8381407228703,36554.0,0.0,3139.2328684329987
1mrds0yVHcacdaiLDYqHEGIYkTIEsKXMO,Euphorbia_Trigona_Triangularis_Cactus_1695_aug_00339.jpg,38,1177.1184210526317,7135.8185874928195,44582.5,0.0,1677.24176299572
10MOyIiImXaCT4jKkIjhvfr6b0ZgE9yiA,Euphorbia_Trigona_Triangularis_Cactus_1308_aug_00340.jpg,275,80.2,1095.2925752759147,18157.5,0.0,7322.567450046539
1DiI_yx0_8A4IVc54U9G2HdSIwhhEyOcP,Euphorbia_Trigona_Triangularis_Cactus_1725_aug_00337.jpg,28,1510.8035714285713,7828.9156090228435,42191.0,0.0,2209.8245854377747
10atUaYrg7V2jZcmlXUWRkzsbLgSLllQf,Euphorbia_Trigona_Triangularis_Cactus_1865_aug_00333.jpg,68,325.6764705882353,1876.504013970225,13859.5,0.0,4478.065470337868
10s5CRs0-MgQCP3HSedVhqG0yihDpPrP8,Euphorbia_Trigona_Triangularis_Cactus_508_aug_00334.jpg,31,1453.483870967742,7943.631471777708,44962.5,0.0,1659.3077788352966
1LwxdToQq0Q20kWRUhhE4AspB37uMzLU7,Euphorbia_Trigona_Triangularis_Cactus_1636_aug_00332.jpg,223,134.40358744394618,1939.58434497899,29032.5,0.0,5474.5935916900635
1MDLSk8ZrDIWVbMxCstRPoIgDx3cLX6I6,Euphorbia_Trigona_Triangularis_Cactus_531_aug_00336.jpg,121,298.60330578512395,3117.6604818074375,34431.0,0.0,3963.7467103004456
1n4gsL-yIlwbjr7S62JGmPEM6R4uYtfLW,Euphorbia_Trigona_Triangularis_Cactus_1739_aug_00335.jpg,125,277.184,3046.588804900326,34201.5,0.0,3934.7862507104874
1iVxAJ2oGIGKTxxeBkhu77huv_HJDIXvM,Euphorbia_Trigona_Triangularis_Cactus_1308_aug_00330.jpg,191,163.4973821989529,2096.4959262639445,29048.5,0.0,5132.721447229385
1nNcOKsc_5cgfCwpHDDzz1I1fWKuCDy1N,Euphorbia_Trigona_Triangularis_Cactus_1905_aug_00329.jpg,61,552.5409836065573,4166.750166885264,32820.5,0.0,4440.6340099573135
1JhyH7yS1IrNkV2vXOB6JrqBN7FnLnPtB,Euphorbia_Trigona_Triangularis_Cactus_1526_aug_00328.jpg,92,328.5923913043478,3093.350608764945,29837.0,0.0,3506.6613606214523
1S38zzdhKQ3n1dIL7hy538Cr7Jt1HzbC7,Euphorbia_Trigona_Triangularis_Cactus_1849_aug_00326.jpg,234,127.18589743589743,1581.2839127317918,23981.5,0.0,5270.302179694176
1-UGJJwnuTC1Gc8NXhqhKz7B5LAs4lbPQ,Euphorbia_Trigona_Triangularis_Cactus_379_aug_00327.jpg,324,76.7824074074074,1105.5650549699676,19540.0,0.0,8959.220462918282
1pjbQpik4gv-jQZJDCuaflic3th2Vhzpc,Euphorbia_Trigona_Triangularis_Cactus_1849_aug_00325.jpg,327,64.54587155963303,1047.1701648561773,18938.5,0.0,7595.579642772675
19eLsG_GJH26HCLvz8wUpktoYBu6IRO4z,Euphorbia_Trigona_Triangularis_Cactus_290_aug_00323.jpg,71,512.0,4008.315317324548,34036.5,0.0,3547.5516273975372
1R32Aixrm-20dRV33XUUPkky2GI1InirI,Euphorbia_Trigona_Triangularis_Cactus_370_aug_00322.jpg,117,331.7008547008547,3551.6464028948394,38584.0,0.0,3294.2866913080215
1kBFMoblrvHXq2zqrqCfJYfRtwb-w7VoW,Euphorbia_Trigona_Triangularis_Cactus_383_aug_00320.jpg,147,244.43537414965985,2931.105079542543,35661.0,0.0,4910.295041561127
1fKfvvzh5SnwIUaHYWeVbao1u1cJlY7p3,Euphorbia_Trigona_Triangularis_Cactus_1858_aug_00321.jpg,280,65.09821428571429,713.0155704799239,10976.0,0.0,6027.928720116615
1U4bVlPkHZHSjCLe5aSZM8QVZ-hrtUo13,Euphorbia_Trigona_Triangularis_Cactus_1490_aug_00319.jpg,11,4067.409090909091,12862.276902947597,44741.5,0.0,1078.6000669002533
1lQCiNMuU9xeTXl1EEQ8q2aF_U78CCWa8,Euphorbia_Trigona_Triangularis_Cactus_1858_aug_00318.jpg,38,988.4342105263158,5975.598637893786,37336.5,0.0,3418.4805575609207
1zBa-FXLzjR64zW38H4sbCVfxkwTh0ARD,Euphorbia_Trigona_Triangularis_Cactus_1750_aug_00317.jpg,224,95.58705357142857,1215.4705742024498,18015.0,0.0,5617.2281485795975
1lpTggLkFAGofByfJb-zSMQ4k0Y3MrlmW,Euphorbia_Trigona_Triangularis_Cactus_1499_aug_00315.jpg,29,1399.344827586207,7380.748310467797,40454.5,0.0,1962.1017146110535
1J-bXbTt1KV4z7gioE0d9I3MVoyKjkb79,Euphorbia_Trigona_Triangularis_Cactus_1803_aug_00314.jpg,16,2979.15625,11505.079555785824,47538.0,0.0,1514.1046798229218
1BZKsXa2gzJQcJkxVODiIeLkTlJXldHey,Euphorbia_Trigona_Triangularis_Cactus_1682_aug_00316.jpg,217,131.3732718894009,1649.6786822521872,24088.0,0.0,5594.701236844063
1ZNVBZNsB1J7mYjArXjZYSlxOSVk2CQfq,Euphorbia_Trigona_Triangularis_Cactus_1858_aug_00313.jpg,45,793.0888888888888,5254.576053613639,35648.0,0.0,2586.2236400842667
1ZcwGEI0RVcewou0X2XFlBcUD1Kl30clg,Euphorbia_Trigona_Triangularis_Cactus_1530_aug_00312.jpg,23,1819.0869565217392,8524.386047829988,41802.0,0.0,1789.876319527626
1j-UytaIy6NK33tmDhgFH8gfFcMCjqzU9,erythrina_variegata_96_aug_00472.jpg,189,216.87566137566137,2946.235407847657,40613.5,0.0,4133.493963479996
1Boyx34z9l2i9T08ZryktiuoItMjw4QLO,erythrina_variegata_96_aug_00471.jpg,79,443.15822784810126,3897.238462042994,34862.5,0.0,1780.0600847005844
1Zo9ir6g4adAZHb9LtiAbKLjJYcxJb-nT,erythrina_variegata_125_aug_00470.jpg,62,609.7096774193549,4679.304345482165,37154.5,0.0,2663.135327935219
1Iud2j4A9M47oxce-wNW4ICWWFCMKL4qN,erythrina_variegata_502_aug_00469.jpg,57,641.3333333333334,4725.456972549343,35999.5,0.0,1514.2295705080032
1cDTLXtEUXTlKc4EpBwtOv30WNo584F-3,erythrina_variegata_420_aug_00466.jpg,426,74.90610328638498,1528.2093050857081,31579.5,0.0,3281.4826486110687
1ML_rhpZ2YXW2k10oxrCDyE3uqityTbNN,erythrina_variegata_20_aug_00462.jpg,71,531.169014084507,4355.220319893647,36966.0,0.0,2471.630713582039
1O89XIr65wY-yGIrgpQ750h0dFj6H_dli,erythrina_variegata_238_aug_00463.jpg,155,243.76129032258063,2983.967960854269,37272.5,0.0,3767.4380539655685
1iqicqPxJ5fpGLdJGQApIoVqNUIhvGQDF,erythrina_variegata_468_aug_00458.jpg,40,1100.425,6781.964985855869,43451.5,0.0,1826.7981127500534
1mav6dlsAN5OHWPK9fFVcqdLhKJ6unLPw,erythrina_variegata_60_aug_00460.jpg,137,299.93430656934305,3419.950636098218,40178.5,0.0,3008.414545416832
1dk3yDZT3zDco4txs6giVvmYDKfILBtG4,erythrina_variegata_748_aug_00461.jpg,46,936.6521739130435,6273.194139828094,43018.5,0.0,1661.5087893009186
1MqX-t2KsB_18mO1NPGYdlcC6QytsfKB5,erythrina_variegata_223_aug_00456.jpg,255,148.37058823529412,2338.0818954688607,37410.5,0.0,3479.916195988655
1h0NE7ZYkx4hWQKVPNwdCFAM3MWFt0kmk,erythrina_variegata_590_aug_00457.jpg,63,712.1031746031746,5600.629473662739,44811.5,0.0,1844.579855799675
1LdmMf6kgCj5MlVb2UmOW6PwZKVpAMYB9,erythrina_variegata_657_aug_00453.jpg,41,1084.5243902439024,6796.500008479275,44068.5,0.0,1736.555471420288
1cbMGTYka4wuAz7ebm4h7U0Tf1Xf7Lyog,erythrina_variegata_439_aug_00455.jpg,59,637.6355932203389,4853.133851956312,37598.0,0.0,1711.0407524108887
1wO-zfZomx92B-nDyeP-qspxFUZMaR8Ld,erythrina_variegata_439_aug_00452.jpg,48,831.8541666666666,5696.341357761954,39884.0,0.0,1643.910809993744
1xHJc6nOd1aiCnO1LC0dKLc8znHr2LNhN,erythrina_variegata_337_aug_00454.jpg,151,271.8112582781457,3306.9934634584165,40774.0,0.0,4352.807673215866
1zCMG3SP8G7HK5EGbx9t_XPT98i6JUXJU,erythrina_variegata_748_aug_00448.jpg,66,624.6666666666666,5029.651149368457,41175.0,0.0,1788.6803615093231
1Bhx2cCxaht7FYRINVC0aTYvsFPOHAeEX,erythrina_variegata_420_aug_00449.jpg,133,285.82706766917295,3272.2407782276523,37881.0,0.0,3130.1445556879044
1o4WgpGou7-R_aIk4l6K0PF7fUHf1aTpL,erythrina_variegata_60_aug_00447.jpg,85,431.2176470588235,3920.593211002535,36364.0,0.0,2425.790094256401
10_t5aR1xTgr4hFSGPHcoC7EJD0w8xOpZ,erythrina_variegata_160_aug_00446.jpg,426,85.05633802816901,1742.5447018386183,36008.5,0.0,3376.4288268089294
1lPTFTR1Z3_vkxIXmWQdmLmfhJrBgbNn1,erythrina_variegata_361_aug_00445.jpg,322,109.95031055900621,1926.0828749874133,34616.0,0.0,4224.7904266119
1PjTUa1Z3dDk0akewgQdJ8K7inaQC0RL2,erythrina_variegata_502_aug_00443.jpg,66,653.0151515151515,5257.76914466186,43042.5,0.0,1894.361601471901
1yEIHx04FAtK0gfBlU06q9XauOA-UFvEe,erythrina_variegata_356_aug_00442.jpg,116,315.74568965517244,3375.0396763285266,36509.0,0.0,3026.446071743965
1i9ENJq9oGlhOI3yE0OnRAfayreeYekVZ,erythrina_variegata_60_aug_00437.jpg,112,329.10267857142856,3419.3318851489685,36352.5,0.0,3195.5486640930176
1FDVfeYEYG7L_yTBipl3KJtuG_hvKN4wd,erythrina_variegata_238_aug_00441.jpg,275,137.7709090909091,2224.9023901508967,36965.0,0.0,5139.692010879517
120tXgWrKZptaITNc35V_VHJ2a9A8XSuO,erythrina_variegata_160_aug_00439.jpg,2,24092.75,24092.25,48185.0,0.5,1028.23253595829
1L-Cut7VnvRIEiDm3zn5MSzaZx6T2a58E,erythrina_variegata_620_aug_00438.jpg,12,3811.8333333333335,12490.275943264378,45235.5,0.0,1480.5828212499619
1hVmzBkaK-7I-LbmbgRewunYl1nwGkwiW,erythrina_variegata_20_aug_00440.jpg,135,268.037037037037,3089.7534952793926,36034.5,0.0,3574.384231567383
1aRoRTrQjM_KW-U8TRU4ytC1ACYEkI1us,erythrina_variegata_698_aug_00433.jpg,18,2537.3055555555557,10437.571938725992,45572.5,0.0,1691.903668999672
1c-rsMRoTNvIlYHYV7MxktK2P4iVSeo9j,erythrina_variegata_96_aug_00436.jpg,254,141.5964566929134,2211.051058882957,35309.5,0.0,4148.3812663555145
1M-OUF4tfB0ifAKHdXKuGruEoj4OYww75,erythrina_variegata_439_aug_00432.jpg,63,621.3333333333334,4886.034088206007,39094.0,0.0,1837.6753091812134
1CH8uIB7n9CdGOYhXWv6Txk_jtFbJPsgZ,erythrina_variegata_76_aug_00430.jpg,82,439.0731707317073,3903.647283054618,35571.5,0.0,2543.9149849414825
1MS28iy6nUw5GdEaLX_ZKoL2g_-JYUQcZ,erythrina_variegata_698_aug_00431.jpg,22,2038.5,9320.633743816117,44751.0,0.0,1592.264060497284
1lUjI2WT2ejMGViCYxkrsyvV_VzKCIVrc,erythrina_variegata_468_aug_00427.jpg,1,47552.0,0.0,47552.0,47552.0,872.4264061450958
1HmywwBt84zS9y0n-vtVEqOF2H2D39q29,erythrina_variegata_468_aug_00423.jpg,1,46499.5,0.0,46499.5,46499.5,864.1837655305862
1L4-saRN7q_BTA73mVNn8ySHzIXTU1Jxc,erythrina_variegata_76_aug_00426.jpg,73,508.32191780821915,4308.776512744642,37069.5,0.0,2546.372916698456
1Y9xRS08Mhw3j2TGpa_Syn5TjCk0z3gL7,erythrina_variegata_698_aug_00424.jpg,57,747.0175438596491,5583.219996203625,42528.0,0.0,1672.9158630371094
1RfaOrOhpvohgphe6VvX2rWSSFV6aLmN8,erythrina_variegata_238_aug_00421.jpg,172,186.19476744186048,2367.2152498453806,31139.5,0.0,3303.166852712631
1jIgHNwa68vJXCbX-ek_5lFhLJilY85sv,erythrina_variegata_160_aug_00420.jpg,37,1110.8513513513512,6637.225360394231,40934.0,0.0,1985.991105914116
1Bi_wnLFo8hthNYbPklBHXI2EdFGp-kl-,erythrina_variegata_590_aug_00419.jpg,68,661.5808823529412,5409.5923698027955,44941.0,0.0,1755.526034116745
1Y817s7181N9olA-FgJZ--xCU2M_npLot,erythrina_variegata_382_aug_00416.jpg,197,197.51776649746193,2710.0231878377654,38133.5,0.0,3819.8644593954086
1YKB5FtTcx4gKUKuhKBngNhU7baUnV-L7,erythrina_variegata_356_aug_00417.jpg,490,74.03979591836735,1610.603601502054,35689.5,0.0,4239.4208109378815
1_m_enuHSDgDR9LxMgQjIzVF_m5RzK5Va,erythrina_variegata_468_aug_00418.jpg,64,670.171875,5311.639908477794,42830.0,0.0,1916.3027257919312
1SSfV0bP9W52MUg2L_U3jlfJljdRGV7To,erythrina_variegata_382_aug_00405.jpg,33,1122.2272727272727,6336.878544141082,36969.0,0.0,1533.408282995224
19DNnDrdfxop9da2-L5OfEWqNluslJypS,erythrina_variegata_356_aug_00414.jpg,317,114.60410094637224,2011.0705414284896,35864.0,0.0,4964.728587031364
1Q2d4UXz1OBt4CRCgdIiCiShbICKaMDYh,erythrina_variegata_671_aug_00408.jpg,7,6442.928571428572,15781.88744919896,45100.5,0.0,949.0954525470734
13oMwOP2BHioYgsrr1E3nhHjTDeB6F_Kb,erythrina_variegata_103_aug_00413.jpg,358,109.85055865921788,2042.3421738732354,38698.5,0.0,4473.753850102425
1-DipDhvP3bnxKFq-4wIwdXAzN3ebzwq1,erythrina_variegata_665_aug_00404.jpg,35,1186.357142857143,6911.332406760269,41486.0,0.0,1715.383898973465
1EZ7zU7GLGIyXiN2Pb3qq2gUwGHIRY7-w,erythrina_variegata_420_aug_00406.jpg,256,131.1796875,2081.1148320731613,33363.5,0.0,2731.066347837448
1zOal2_Gxxg_F5RT3-F8D5bdTdK_XrL1v,erythrina_variegata_125_aug_00403.jpg,106,401.41037735849056,4101.720139504503,42431.5,0.0,3505.6563094854355
1WRCqy3xNgtxaZx4oUhaq5Gij0gg9fxmV,erythrina_variegata_620_aug_00401.jpg,1,49105.5,0.0,49105.5,49105.5,914.6690467596054
1KGFhKRStPY-4qz5Gy9zhB1D3cB6qSZBr,erythrina_variegata_620_aug_00400.jpg,3,12927.333333333334,18282.01012531779,38782.0,0.0,849.705624461174
1dIIwEQHZHqAwkt3yiDDnT9MG0t5oPCio,erythrina_variegata_361_aug_00399.jpg,72,594.8194444444445,4955.435307362538,42348.5,0.0,2049.900704741478
1TK8_nQzkswxmfbFKn3Z4RBLppAZ93an4,erythrina_variegata_665_aug_00393.jpg,51,844.9313725490196,5966.29448342414,43033.0,0.0,1720.0945752859116
1KtSEBt1vQficwFyYObGEf22pkEdCsBNB,erythrina_variegata_420_aug_00396.jpg,107,361.0607476635514,3651.216416631049,37951.5,0.0,2736.2408850193024
1YUwDrOS8LPzOJ_AAUMujYoYu45UAXvle,erythrina_variegata_557_aug_00395.jpg,39,961.7435897435897,5858.242635842906,37072.5,0.0,1616.0874350070953
12YWasi2M7pBz0R9YXL82V-3CGQM73sIn,erythrina_variegata_160_aug_00394.jpg,469,65.63859275053305,1398.1486769282849,30311.5,0.0,3354.009560585022
1A2U839ZEWqMbwodYr_qmYzlDcwzZAFae,erythrina_variegata_160_aug_00389.jpg,363,97.24517906336088,1790.9420237543172,34169.5,0.0,5270.711343050003
1iYcbBxwW--f99VZ2LIxpkxQiqNJ2jD6h,erythrina_variegata_590_aug_00390.jpg,49,757.1326530612245,5238.641151095786,37051.5,0.0,1611.8103048801422
1lsa8B3_qVHAJ35mGa30MTQj2e4pZnjVA,erythrina_variegata_468_aug_00391.jpg,75,507.8466666666667,4362.327205344515,38034.0,0.0,1717.5260339975357
1uRxyDW8xXxiWMIzTk_lriUtNA6ZnDlOl,erythrina_variegata_103_aug_00388.jpg,3,14012.333333333334,19816.431840492598,42037.0,0.0,1088.298551082611
15j1AVd0q9QjVtpcst6C_bg76tB2Zzvki,erythrina_variegata_748_aug_00385.jpg,56,788.0357142857143,5760.477564882117,43505.5,0.0,1736.9991228580475
1M3VBTY1USXr20r4u3vmPr5TMHzTBf5if,erythrina_variegata_238_aug_00387.jpg,114,344.07894736842104,3642.042656678469,39059.5,0.0,3703.9822113513947
1qcR_4m4tGHHJ_RIzs0o1Ma74zHMnV9N7,erythrina_variegata_238_aug_00380.jpg,114,379.75877192982455,4025.4159075913785,43170.5,0.0,3609.0288932323456
1p4QJ6p38lFMRHzPtW5qfx3h3a6pWA6ot,erythrina_variegata_76_aug_00384.jpg,73,515.2739726027397,4345.204418509863,37385.5,0.0,2217.464193701744
1RQo_ltSJb7OXfHJdjGpiEToBVijHrZZ8,erythrina_variegata_557_aug_00382.jpg,34,1234.1911764705883,7084.841141494724,41933.5,0.0,1679.3250234127045
1eaxTr4Wg5I5dI7dwydYcT4G8IWIBjheh,erythrina_variegata_160_aug_00375.jpg,78,518.4871794871794,4493.118411251582,39945.0,0.0,2952.4145452976227
12o9R-fTwhqRSfkeHKILb9ktd5tqINbCJ,erythrina_variegata_382_aug_00374.jpg,37,1090.7837837837837,6522.791721735597,40227.5,0.0,1686.7981119155884
1GHB27x0jQyTdrhUtGHYuHlkE-EnwcSqA,erythrina_variegata_361_aug_00376.jpg,4,10898.25,18865.065407055976,43573.5,0.0,1224.9503529071808
1hOVGJG2-CIRuzL7dIzb6QurC1FWsX9qE,erythrina_variegata_620_aug_00378.jpg,66,664.719696969697,5354.8006959549775,43836.5,0.0,1852.5798556804657
1WJjfwxNCrornln2s1ivht6VY6Spe4w2u,erythrina_variegata_620_aug_00370.jpg,1,37114.5,0.0,37114.5,37114.5,764.4924215078354
1Ni_n3z1rQhh_aul4k1FAfz4jA5KOCwgP,erythrina_variegata_96_aug_00371.jpg,158,258.1455696202532,3194.237242455226,40281.5,0.0,3746.0410854816437
1tgyjZ6rggE12h4a2wyLoPVYriZ3W4smq,erythrina_variegata_356_aug_00367.jpg,367,95.08719346049047,1778.0103725141405,34109.5,0.0,4857.054489135742
102AQHY1NTEonyWMnu4E6d0p92FPxHZAx,erythrina_variegata_590_aug_00365.jpg,56,724.9732142857143,5371.691358258558,40562.5,0.0,1656.5554710626602
1Crpco97tsaxS3bXSfLBd8srN0jbrOdd0,erythrina_variegata_195_aug_00366.jpg,35,1142.7,6645.036152970556,39889.5,0.0,1951.9911053180695
1G7joCXtO119B_j6eZo1MOcqv42HHIyb4,erythrina_variegata_103_aug_00368.jpg,263,138.32509505703422,2225.150041469304,36155.5,0.0,3454.8623725175858
1GMtSTty6RtNR8vQ3HSNZmjXFiJFFWT88,erythrina_variegata_665_aug_00364.jpg,27,1669.2777777777778,8442.701561367721,44717.5,0.0,1654.2712007761002
1r1mdzF-YW8umuzz7GNs0lc_MooBqBRbI,erythrina_variegata_125_aug_00362.jpg,456,64.11842105263158,1344.752948520806,28745.5,0.0,2459.253077983856
1eGKzBB1JaXFC0tga_lo8sSKOAqWoIGPK,erythrina_variegata_20_aug_00363.jpg,88,488.03409090909093,4529.083667603856,42732.5,0.0,2096.184976220131
1xK1q6656eK2r6XNTWwUuH9zGMaLLR60P,erythrina_variegata_698_aug_00360.jpg,49,851.9897959183673,5894.603921617891,41691.0,0.0,1802.5798563957214
1P7D2S3Yqtdszt4qp9KFxByLIilHmx69J,erythrina_variegata_361_aug_00357.jpg,72,605.9652777777778,5093.140136856189,43521.5,0.0,2087.9078454971313
1j7zl2UV_xVXB1yd-7hzUbis6s4KTyU-1,erythrina_variegata_468_aug_00356.jpg,13,3445.576923076923,11731.95902856505,44081.5,0.0,1437.9381598234177
14F11YRqKumEan3qMUNhsyIul3wjTK9Ol,erythrina_variegata_195_aug_00359.jpg,223,170.804932735426,2526.0145644199615,37807.5,0.0,4468.641152620316
1iKNOQEhtWaToFzVNcpMVwV25Z2Nysx-r,erythrina_variegata_698_aug_00355.jpg,30,1496.8666666666666,8049.7352709404195,44846.0,0.0,1436.6072068214417
1OPIRSLbccNo9-VHRSw-Jm6gyjzkcA3ob,erythrina_variegata_60_aug_00354.jpg,124,314.0766129032258,3466.6438817101193,38761.0,0.0,2787.5444893836975
1QRKVryrun6jzsgGBEdfARtia6wnrnRKW,erythrina_variegata_60_aug_00350.jpg,65,714.0461538461539,5669.218189026852,46067.0,0.0,2722.8754428625107
1rhYnsmQThMRO_6kFjicpZUOG6ZAS8SfE,erythrina_variegata_748_aug_00349.jpg,57,742.640350877193,5552.6013887236695,42294.5,0.0,1770.7808669805527
1QuRGHtuW649KS5UQWKj1Gbg3Vi2BymQV,erythrina_variegata_356_aug_00348.jpg,526,68.3916349809886,1540.9184309627155,35375.0,0.0,4518.114241838455
1Qx4VYH6wAn6XbxfvWjZSa6GKhufgbz8c,erythrina_variegata_502_aug_00347.jpg,20,1849.7,8051.070763258762,36943.5,0.0,1403.7787795066833
1wIdlo6Yk5KmgiPj_BLDmds5e1WIERIpB,erythrina_variegata_671_aug_00345.jpg,53,703.2735849056604,5064.028858421414,37220.5,0.0,1632.7808668613434
1uJoTitW0hvCIJvxIGVuUQboJ3hae3YIe,erythrina_variegata_356_aug_00346.jpg,439,79.55239179954442,1643.4827763646513,34475.0,0.0,4039.1121541261673
12mkTGAI9WU231zZpNIcqnK2kjdZG8520,erythrina_variegata_657_aug_00344.jpg,23,1996.9130434782608,9363.474259580675,45915.5,0.0,1591.8031640052795
1WgsFuM-RNuFdRZhDVq4-rJWQwddwjZsn,erythrina_variegata_361_aug_00343.jpg,2,21351.75,21351.75,42703.5,0.0,991.5462437868118
1HwxBFGq43-aleMkK2WAMIUhfVFpvDETI,erythrina_variegata_20_aug_00338.jpg,322,105.30124223602485,1848.9412026194336,33231.0,0.0,4241.251324057579
1RIZgWF9_6PLrclw20UbR-lZm9dWt5cLr,erythrina_variegata_557_aug_00342.jpg,54,720.5092592592592,5239.961105215717,38868.0,0.0,1711.5260334014893
1Pd7wJKNO9RY361TvKGb18FdG7imYKgkt,erythrina_variegata_20_aug_00335.jpg,4,9739.125,16868.3706473647,38956.0,0.0,1270.1879408359528
1CcWZK29-fqdRXpWqcb2Qj2W0dOiXnjLq,erythrina_variegata_590_aug_00341.jpg,50,768.05,5367.780376701341,38342.5,0.0,1611.1585029363632
1G2ed__EpcW1m7c75veiNs5yPtqOElqau,erythrina_variegata_103_aug_00339.jpg,52,663.9038461538462,4702.886585997417,34249.0,0.0,2193.3464435338974
1omBAT_x0CYtuhAvx_JsghZWksojnMlHW,erythrina_variegata_468_aug_00336.jpg,51,837.0784313725491,5912.4634686700865,42644.5,0.0,1801.9351952075958
1LHIWkXo9I7uRxFwJTqLgLbR7soJBJUjJ,erythrina_variegata_361_aug_00337.jpg,106,377.77830188679246,3793.9894968575018,39250.0,0.0,3037.6176443099976
1My8RMIzaiXNfRTigjHdyaCcPiuHx1H0m,empress_tree_264_aug_00340.jpg,65,589.0769230769231,4677.871343012242,38011.5,0.0,1876.8712671995163
1f0eapPu1F5glw_ziYnh1nCIzTVd_oLbU,empress_tree_94_aug_00341.jpg,34,829.6029411764706,4621.247216389895,27371.0,0.0,2263.4225623607635
18zlLDHFKXb81Nx_tw73PimFNi5nCchxh,empress_tree_486_aug_00338.jpg,16,2891.4375,11195.003829659629,46249.5,0.0,1151.7543942928314
1zRvsjOgCOpzVgBeyGqq930BgeafYvnOJ,empress_tree_195_aug_00339.jpg,40,1132.85,7058.157944180621,45211.0,0.0,1824.2539554834366
1lT7x3j3_X3hE4Li_hexpTSVi5jiEsSAy,empress_tree_146_aug_00337.jpg,66,602.8333333333334,4799.929809566768,39300.0,0.0,2107.2387988567352
1J4kRHuU2u4vHOWYQAyasJr29Y160Cmsl,empress_tree_526_aug_00334.jpg,117,349.84188034188037,3742.345773360785,40656.0,0.0,2450.2165007591248
1ZmPRS5bXwG2SjTQHCDb_UIlYKiT7kjK8,empress_tree_545_aug_00336.jpg,47,924.3617021276596,6260.998487514666,43388.5,0.0,2023.0966625213623
1bl3ZhhJXY6few0vAeaTCwkrut2NTWJm4,empress_tree_671_aug_00335.jpg,22,1667.4772727272727,7621.053052202396,36591.5,0.0,1686.1534497737885
1fbVaTKKVZsoxTFq9MlUunYeW73PfGgrO,empress_tree_265_aug_00332.jpg,32,1331.21875,7398.893141394423,42526.5,0.0,1538.1950805187225
1F_E6dYSP7sSq-fvgxwc9k91rWPZnjDMb,empress_tree_412_aug_00331.jpg,75,515.9,4424.9812270788225,38581.0,0.0,2023.0550323724747
1ZtBNJ3q7ougznC9iSjtKq9C5954zS03e,empress_tree_176_aug_00327.jpg,30,1303.5833333333333,6981.764799680347,38901.5,0.0,1836.8641278743744
1_ii2XkDkQS2WeXOofU2QaZ-grq_m8Kqn,empress_tree_278_aug_00328.jpg,52,824.5865384615385,5885.995360339165,42859.0,0.0,2129.4814385175705
10Q7svrBmbPA2fOM66Q1k7KYVbovuq3jg,empress_tree_46_aug_00329.jpg,166,192.88253012048193,2439.5463383802407,31529.0,0.0,3399.3577595949173
1Fhbc0x5yjWtOTZmLiB0EtsbXgd9d0g-G,empress_tree_274_aug_00326.jpg,47,883.6489361702128,5988.554467104528,41500.0,0.0,1647.8346897363663
1ZdtWpj5dr7Jg7PgCVJElwA3bUzRZOML1,empress_tree_274_aug_00323.jpg,19,2328.7631578947367,9865.493964702935,44184.5,0.0,1217.085347533226
1G0SmR_r1wS__oZkHKmWDMaCgYfSrHPnB,empress_tree_366_aug_00325.jpg,102,325.578431372549,3246.317663337878,32950.5,0.0,2474.282515645027
1Xblgr0bUzcVb-SPl5SlbwGsQG1_96mJe,empress_tree_18_aug_00324.jpg,45,833.7,5356.304661486935,36359.5,0.0,2309.741322875023
1GfARbBvj7v4DS5D1yDIcLvEfIi4aVp6W,empress_tree_366_aug_00322.jpg,154,234.83766233766235,2887.0861511956487,35946.0,0.0,3209.5760128498077
1uShgOkG7SztQFr1brhO4uI1ER39mtjjc,empress_tree_249_aug_00321.jpg,80,503.76875,4472.0260382905235,40252.0,0.0,1917.0306475162506
1JasNb2XX4tPyMEniqREBVYuhc_gutGXy,empress_tree_473_aug_00320.jpg,9,5461.111111111111,15442.289166761402,49138.5,0.0,1140.8183220624924
1AusFgk4EHWL1AJdVSzVlTV7xHA6bACWn,empress_tree_366_aug_00319.jpg,28,1571.875,8135.2855453277025,43844.0,0.0,1876.8397417068481
1k5j3lK-ByrAsdNp0fvF4YVCDAInkX12m,empress_tree_669_aug_00318.jpg,25,1881.14,9213.318944354418,47017.0,0.0,1358.3401806354523
1WbTPBb1SLUokA5yfdimWKtKRCWlYl40o,empress_tree_505_aug_00316.jpg,14,3312.3928571428573,11941.060975502272,46366.5,0.0,1074.2569208145142
1vuMdigjo8oDRl7VBGOTFex6_qC927jvd,empress_tree_278_aug_00315.jpg,98,374.6938775510204,3653.6149631763597,36358.0,0.0,2201.121048092842
1JXaOE9k2YgTyONHdHYFXP9Co1Kp2rrMW,empress_tree_569_aug_00312.jpg,13,3471.3846153846152,11945.492503859492,44851.0,0.0,1297.2102377414703
1YCcMjjkWnCnIiB0o9gdvgZWKcJe_Shd9,empress_tree_16_aug_00314.jpg,86,422.9011627906977,3858.659682514612,35997.5,0.0,2737.578979253769
1xyvGGOndFQG7WYhhtXHrnlybIQIFkR4v,empress_tree_545_aug_00311.jpg,23,2076.913043478261,9732.421522318624,47726.0,0.0,1372.950351715088
1of8kYyRO-GhPRohTyFPYwix349kXvzTG,empress_tree_233_aug_00308.jpg,61,661.9180327868852,5113.191729772367,40268.5,0.0,1948.5869963169098
1QBVIXBL9U4hgIsZ8ysQ11KlLl7WKW561,empress_tree_12_aug_00310.jpg,122,307.54918032786884,3245.493166072595,35996.5,0.0,3022.639941573143
1P7p1dNUkVH2LreLXSDSE17vV23DHz_e1,empress_tree_136_aug_00304.jpg,2,20556.5,20556.5,41113.0,0.0,852.793937087059
1dhr2LX4R7JiazZ9jWozhHWYjsTn3K_Oe,empress_tree_209_aug_00309.jpg,46,968.0652173913044,6474.00766242503,44397.0,0.0,1607.8620394468307
19F2U3_SB1UTcnDVsMhVtOv2HOsWsqBgI,empress_tree_601_aug_00307.jpg,11,3330.9545454545455,10523.2852834571,36608.5,0.0,1296.5067007541656
1DJjBXK8otRnOnk43QLiw1_YPMrnlxmjw,empress_tree_177_aug_00305.jpg,29,1427.6379310344828,7527.732820179625,41260.5,0.0,1664.7808669805527
1oYA9aGTUVRH2op0Hwgf-OM_ybSxDIw-S,empress_tree_513_aug_00303.jpg,91,449.72527472527474,4244.233459741554,40714.0,0.0,2473.5129638910294
1_rGyayhR4Z56jstDRgOwWqSgmRMvxPCz,empress_tree_373_aug_00301.jpg,93,443.5698924731183,4222.865594091316,40947.5,0.0,2609.253077864647
1roEqOl_o6pOBvLiRJ28ChgwjhAsV1PU2,empress_tree_97_aug_00302.jpg,72,555.2013888888889,4672.395238154179,39925.5,0.0,1975.8245849609375
1X1vJ-hZt2fKvcipp4LU83KiHWg55xk6f,empress_tree_290_aug_00300.jpg,99,388.2929292929293,3818.0574070706925,38185.0,0.0,2441.772849678993
1t9_K-gw_U1MJg51-UHU8rqIhL-5u9OoX,empress_tree_486_aug_00299.jpg,34,1250.264705882353,7180.657248341972,42500.0,0.0,1748.160591006279
1TFHvIXn48JmOlQ3iwIu1z3oIT5vffxBs,empress_tree_32_aug_00297.jpg,112,259.125,2611.505465603126,27760.0,0.0,3204.1201704740524
1fhOy4UazoIwaXZUC_BgAfE48EPctHLWn,empress_tree_18_aug_00288.jpg,130,254.10384615384615,2849.463096995477,32617.5,0.0,2975.8531447649
1cTnJyEPG2LA_Os-OGP8ovq049XSP8u88,empress_tree_26_aug_00298.jpg,102,303.9656862745098,3031.193655437367,30767.0,0.0,2254.701782822609
1Kz-VDDHol_01UsVW4vMmqNnU2bSN--Qm,empress_tree_146_aug_00295.jpg,55,676.9,4969.280150356516,37193.5,0.0,1911.0306473970413
1yzqpFIvtcIPex9CIxmt3nIKc4Pgm7xJ0,empress_tree_233_aug_00292.jpg,74,537.6013513513514,4553.297022695759,39440.5,0.0,2116.5108758211136
1DRTDfYbWFFoop4rN7IuBOiKpKunx8hQS,empress_tree_556_aug_00291.jpg,9,4796.055555555556,13565.293625122991,43164.5,0.0,1086.173660993576
1009d16bMfXbP-omyfoX0yMx5e2kIQlci,empress_tree_534_aug_00290.jpg,2,21666.75,21666.75,43333.5,0.0,892.5756818056107
1fAcjyOqetUvo86nqd7hRuBURFoOPIJ-Y,empress_tree_246_aug_00287.jpg,61,608.827868852459,4695.827385575939,36982.5,0.0,1856.7707614898682
1fPMcAY-k8po9doJ1s4R_Fmpd3G6uAYFA,empress_tree_146_aug_00286.jpg,56,753.4910714285714,5551.794126428114,41926.5,0.0,1870.3199708461761
139UxoyemshRSgzB-Gc-LsAciPcAaN_P4,empress_tree_199_aug_00289.jpg,16,2777.75,10729.28048904026,44332.0,0.0,1234.9848424196243
1Qsvf70GiESrjNE9f-MjW5XZ2o12Yko82,empress_tree_314_aug_00285.jpg,58,616.5775862068965,4632.620469246734,35592.0,0.0,1835.1139078140259
1yFogXSZSTRRxKSWWi3gPvrLMY1tkIV1k,empress_tree_520_aug_00283.jpg,8,5775.625,15278.41069276759,46198.5,0.0,1277.4112476110458
1MGGZXLIdktOnNhgPW8K2jEgI1PPuqBtk,empress_tree_265_aug_00282.jpg,10,4681.6,14033.468145472807,46782.0,0.0,1179.730009675026
1ooK44o16Cbr1kqYXOwz18TQTacpZ6MqG,empress_tree_26_aug_00284.jpg,67,556.6940298507462,4486.921185350424,37008.5,0.0,2403.3048129081726
10EZnpJRPpPrHs2RmCe1bemRI6yQNNsZC,empress_tree_564_aug_00281.jpg,11,3140.2727272727275,8938.011128076527,31257.5,0.0,1671.8519341945648
1FlacQLg8H33JMwbirXWZEU_eBxCN3DYi,empress_tree_607_aug_00280.jpg,3,14695.833333333334,20706.37310239424,43979.0,0.0,1146.1391705274582
1laO1ZB2i9LA4Wz0Oltk5vphdmhN5-4uE,empress_tree_246_aug_00275.jpg,69,526.7971014492754,4313.721188841957,36098.5,0.0,1841.0478934049606
1y8Tw7FW7Kgpx2JUZoidsSiW13Vetvmdf,empress_tree_400_aug_00279.jpg,99,370.8030303030303,3628.086630035358,36286.5,0.0,2706.039874315262
1Cw7_Aez0Xmn_1SvroI18btVSc-VLUZVC,empress_tree_174_aug_00278.jpg,16,2694.59375,10313.559382280975,42638.0,0.0,1649.9280534982681
1Zsm-pcgUekw22U8l_QPcEmnhhsaFvqqf,empress_tree_636_aug_00273.jpg,97,445.39690721649487,4346.0786928949865,43028.0,0.0,2670.5007708072662
1V5tMHxWzg8Ilv2uEQs0yi_j6T9a2NMhe,empress_tree_590_aug_00277.jpg,20,2013.15,8689.243019532829,39888.0,0.0,1656.5727167129517
18O6dy4cnifaaNQeA4Y96JLmSpnY1Ci58,empress_tree_181_aug_00276.jpg,29,1156.1724137931035,6042.0000431974195,33127.0,0.0,1709.9696861505508
1_HxbTSyKTmb_xR6IWFB7DXUBU7POOydE,empress_tree_473_aug_00271.jpg,29,1605.6724137931035,8491.601043420393,46539.0,0.0,1541.0163674354553
1yOfsTrzxJoO7xG6SdjYXUXsTLL2joFh8,empress_tree_100_aug_00272.jpg,24,1713.3958333333333,8192.348260443967,41002.5,0.0,1525.3595131635666
1gX7MI7k7w8Lg43eVjwQmcwh8DpFDDZiW,empress_tree_94_aug_00267.jpg,134,274.00373134328356,3131.5787739610496,36389.0,0.0,2723.3535833358765
1WG2aceUf7sZs4sK9LNKMj7RVCSIMiRUM,empress_tree_172_aug_00268.jpg,58,630.698275862069,4724.471422669177,36299.0,0.0,1897.7758140563965
1rK7itlgkh1b9CFLQGxb5b9pjkZcbxIo4,empress_tree_387_aug_00270.jpg,27,1419.537037037037,7220.306667240569,38236.0,0.0,1705.775814294815
1a_EME-mmuigyBH7FtldPWKYmI415gU7j,empress_tree_341_aug_00269.jpg,91,425.7142857142857,4018.132015115335,38545.0,0.0,2256.434755563736
1XDfNwdpsuyytw9DkqSlEvg8rjYbnF9QO,empress_tree_556_aug_00266.jpg,7,6809.142857142857,16678.31322131118,47662.5,0.0,1118.6173115968704
1JyMv1zNimWlYg7pOdmg-GMr9XGYC57U-,empress_tree_132_aug_00263.jpg,20,1824.05,7922.296595527082,36356.5,0.0,2077.581943511963
1s7SmDvtMHqSTQoKl8QUOgbc_EhnXC-4C,empress_tree_94_aug_00262.jpg,30,1447.5166666666667,7754.480282911006,43206.5,0.0,1646.1290657520294
19nNiOkvhmU-47LiH4ZAGUMZgsk7A5Nuc,empress_tree_235_aug_00265.jpg,6,7735.416666666667,17284.844079946328,46385.5,0.0,1203.4873685836792
1s8VlNupU0XgU8cOEUKF2QtU5dJrhpO6T,empress_tree_81_aug_00264.jpg,35,1067.5142857142857,6119.79867255885,36751.0,0.0,2292.9545266628265
1_LpGK9jC1-EeZLhcQzc3ICcV5w-456qd,empress_tree_23_aug_00261.jpg,101,330.1930693069307,3280.5418940572667,33135.5,0.0,2308.0987503528595
1rt4GHvDBuc2dTd0pTp_CYcxIQ1uV2zur,empress_tree_283_aug_00260.jpg,103,364.5533980582524,3670.5742295086625,37435.5,0.0,2087.4053188562393
1e2vBr7v6TR4aVzDQjyYrKWhCdlLPDv9S,empress_tree_46_aug_00259.jpg,90,387.6166666666667,3643.097377270854,34756.5,0.0,2120.3586366176605
1u2wahJSniAD7Mcm77m1Jvxi-iTiGl7fe,empress_tree_510_aug_00258.jpg,35,1131.1714285714286,6537.104089014665,39248.5,0.0,1748.3372150659561
1Z_ogAgEsHTOPs-xpe88Fdsa2BMAoGkZ2,empress_tree_258_aug_00254.jpg,21,1917.8809523809523,8508.640823562779,39969.5,0.0,1680.839741230011
1p15dGgqOucwUjn02GYrihTKevs5afiiS,empress_tree_311_aug_00256.jpg,31,1224.9354838709678,6686.887472993906,37850.5,0.0,1787.4255286455154
1Uy0gGYD1rSJi1TrUiLPggqc0SPLWfbaH,empress_tree_534_aug_00252.jpg,39,1038.7692307692307,6382.7379813880225,40384.5,0.0,1933.2144132852554
15nID5EOAqxcmZi_3KbAUuKsAyUixeumV,empress_tree_32_aug_00250.jpg,116,278.36206896551727,2810.32182135707,30399.5,0.0,3268.3800567388535
1iB6b8pR-Veiv-luTEwa4v21MnXdo-iS3,empress_tree_186_aug_00253.jpg,16,2489.40625,9496.028683446357,39264.5,0.0,1570.697606921196
1gBSqR46GovSrtSTRx02vZaiR_dZ6tc7P,empress_tree_468_aug_00251.jpg,118,346.5550847457627,3736.0428239161233,40758.0,0.0,2234.7362715005875
1M5C8V97GhrTDDfB-kLB65ioLxk1z_6Vr,empress_tree_79_aug_00249.jpg,115,276.0173913043478,2900.26935325612,31241.5,0.0,3153.173993706703
1-f8SKHie_BYdIFfnQZWx1fCEZHmvVN4X,empress_tree_172_aug_00248.jpg,19,1971.5263157894738,8268.419833243905,37049.5,0.0,1590.940247297287
1K95MCMMhLXt2u98Svk-j6b-KM1F39Sfy,empress_tree_233_aug_00247.jpg,24,1700.4791666666667,8116.471502803172,40625.5,0.0,1593.6681689023972
1lpX5a_gcbqSk-kSddXnvvSrFihhs6g6Y,empress_tree_100_aug_00246.jpg,134,235.01492537313433,2670.8957647846155,31037.0,0.0,2771.017575740814
1qxjb4nnT_nDlpKE-Ljd7j70giC-IO5g8,empress_tree_100_aug_00245.jpg,18,2242.6666666666665,9082.407948275,39688.0,0.0,1937.7585697174072
12d3-PHylgCxz7ZOqadyc9fyY9BN3_mhy,empress_tree_169_aug_00244.jpg,56,733.0357142857143,5418.757978126556,40919.5,0.0,2001.640819311142
1KEVlvlVK_uNLGl9LO66VRwC9y9992MHm,empress_tree_412_aug_00240.jpg,35,1343.057142857143,7814.154681246652,46907.0,0.0,1526.6315913200378
1hW-maSpXocfgW_uVZet9KUIs1B1zL7df,empress_tree_209_aug_00241.jpg,47,861.468085106383,5821.843637948903,40347.0,0.0,1678.7047472000122
1-ziLLmK1RN5NcULZNuJEG0j9qeAY19NS,empress_tree_134_aug_00236.jpg,84,419.0892857142857,3796.305925439632,35005.0,0.0,2273.530207514763
1fuBWl-nQ0gJHY4DFyNBtCYncMxj0F9ix,empress_tree_176_aug_00238.jpg,1,46152.5,0.0,46152.5,46152.5,923.095452785492
123oghdQvOkXwAQStNgSgE29mg7xF1FGu,empress_tree_19_aug_00237.jpg,125,297.268,3263.4098973582836,36636.5,0.0,2854.3140412569046
12oUVP7k2CJOuuoMUXAFEGApnDcZb8y29,empress_tree_285_aug_00234.jpg,62,671.75,5230.283222416693,41521.5,0.0,2259.280428171158
12AsT-QGFEubdYh45hiv6785MOOugb7m3,empress_tree_669_aug_00235.jpg,98,360.15816326530614,3520.770080852949,35035.5,0.0,1967.623575091362
1qWQlrE2O5INkGHlWHrWKc2Tqn1Hq8XO9,empress_tree_501_aug_00233.jpg,12,3099.3333333333335,10268.47425442986,37156.0,0.0,1430.347319483757
1V-UQdlzK2E_NRZ8OierCdLM6t-NgSADU,empress_tree_222_aug_00232.jpg,41,1037.2073170731708,6544.85773380905,42430.5,0.0,1556.5899621248245
17juxBn0lUN18UyNTlmQRhACVvEqz9wh8,empress_tree_632_aug_00231.jpg,30,1329.5333333333333,7159.106203446225,39882.5,0.0,1431.8031643629074
1W2DPgO7PYXoruX5C16OVSoDPAUa3NPVl,empress_tree_408_aug_00230.jpg,8,5562.5,14714.157062587718,44492.5,0.0,1110.8670922517776
1u1gOLAKDl0LU8qU-FSE6I3N5CzT8MgSj,empress_tree_223_aug_00229.jpg,47,948.3085106382979,6429.234774254301,44553.5,0.0,1586.614345908165
1EZUf4gs7CH2wW9MYvkLM79OS6p00YkfQ,empress_tree_468_aug_00228.jpg,41,1108.7317073170732,6998.32566918127,45370.0,0.0,2080.444861292839
1gY_224AZcnRN7HA6sgMv0GYJWRn-5D5D,dahlberg_daisy_747_aug_00445.jpg,210,161.0142857142857,2115.2013519567654,30685.0,0.0,4616.045259594917
12sZwaog7RrYGW35560YLWxZp16dOd9P3,dahlberg_daisy_376_aug_00444.jpg,11,3538.8636363636365,11170.162003567826,38862.0,0.0,1375.4772635698318
1w_lZ5jG6rsy-IbjqKiPc2OL6LOOSsqfk,dahlberg_daisy_561_aug_00441.jpg,130,316.2923076923077,3583.2341192026165,41014.0,0.0,3840.5019813776016
1BORE_igfVCOz9C-D0rtv2ZIX5JEcu3p1,dahlberg_daisy_495_aug_00442.jpg,175,224.21428571428572,2839.083208879017,37650.0,0.0,3771.323269367218
18QwMlhx3XoOmaR8hpUiCb9A6mL2SkaJR,dahlberg_daisy_364_aug_00439.jpg,145,252.09655172413792,2964.4322677349387,35822.5,0.0,3081.350618839264
1t4Gv0MA_4thciA7iOrojJWYUcmseQG3a,dahlberg_daisy_456_aug_00437.jpg,164,237.84451219512195,3014.023501297281,38718.0,0.0,3664.4359669685364
1_gT_Pmtn1qavfwZP2qFHrnxybj32bb-o,dahlberg_daisy_233_aug_00440.jpg,160,225.09375,2816.7990372426175,35743.5,0.0,3283.1739926338196
1NfJWBk3k8Gz_4i_h2uTNTOxH3fcbX054,dahlberg_daisy_531_aug_00438.jpg,115,355.9913043478261,3794.2975663044035,40868.0,0.0,3355.257253408432
1eWP6jJkh9wl3AqfbltCWl97ld_L9KeVW,dahlberg_daisy_700_aug_00436.jpg,207,156.70289855072463,1991.8572390521729,28499.0,0.0,4098.391371488571
1YAHS8S_KNtdb4D0hnaDquZxFM5Wv99wX,dahlberg_daisy_682_aug_00435.jpg,156,226.40384615384616,2799.080464345862,35074.5,0.0,4273.109188437462
1ea3ekAKlmhl2rt1Sx1BkUp1w2V1BaFW4,dahlberg_daisy_331_aug_00433.jpg,154,217.3538961038961,2634.826012593747,32805.5,0.0,3310.127310395241
12gnWIXBQHPX63PvcPF1Syts7KBt-lEj5,dahlberg_daisy_456_aug_00434.jpg,130,301.5230769230769,3288.7057027754026,37638.0,0.0,3381.4094948768616
1-3SFjaFSY38nA2SnhpvcZS_kwlSpbCCh,dahlberg_daisy_590_aug_00432.jpg,4,11364.625,19680.932610571963,45453.0,0.0,1018.2325356006622
1EWQKkka74jS1p4OA_pWEL9dVj9QHHvjj,dahlberg_daisy_721_aug_00431.jpg,147,234.18027210884352,2811.9884901120013,34211.5,0.0,3240.2694469690323
1dwhfOTByQA0m6FgYuFKBlwO4hUE2Rof-,dahlberg_daisy_72_aug_00430.jpg,22,1907.659090909091,8723.338173838307,41883.0,0.0,1760.7564809322357
108eKiPRf0tXynXKr0xlx-CEItN6G3iVl,dahlberg_daisy_392_aug_00428.jpg,27,1749.0740740740741,8908.562056832683,47174.0,0.0,1810.4793509244919
1nw_pgG6m_fsmWWRR7KhB9vFUGHk16d8U,dahlberg_daisy_531_aug_00427.jpg,127,317.9173228346457,3561.397532003379,40294.5,0.0,3167.1323627233505
1AiDqQR7-y-w5x0nqSXMyNyK8a8N7gBYR,dahlberg_daisy_474_aug_00426.jpg,22,1778.2727272727273,8145.468939465772,39105.5,0.0,1554.4549658298492
1XWUHNwbabuMOLYd4vMYL0WswjvVNsJdV,dahlberg_daisy_526_aug_00425.jpg,167,212.25149700598803,2710.3918783736876,35133.0,0.0,3573.507035136223
14Uyv6Q1TRjYZvaOnlj5QlcZgSNkspPuZ,dahlberg_daisy_274_aug_00424.jpg,68,608.0147058823529,4962.889943910904,41231.0,0.0,1959.273288846016
17XQd4lGzN6elntcohwlfTr3v-xYRCM2i,dahlberg_daisy_131_aug_00423.jpg,18,2109.5,8642.066303841922,37741.5,0.0,2251.665204167366
1aGFsMFcNuQdN7WDSLFPSJuoRQY50Nh8i,dahlberg_daisy_784_aug_00421.jpg,239,124.81589958158996,1756.8721795362278,27146.5,0.0,4354.079751491547
16i47a-_Yc-PI_NrMTovI5bhAC8aH0eKA,dahlberg_daisy_721_aug_00420.jpg,193,181.75647668393782,2482.835054331568,34583.5,0.0,4098.173116326332
1P9l8kBPZTqWzk_na9OxdjM02KpRV-dM4,dahlberg_daisy_364_aug_00419.jpg,110,378.8272727272727,3921.4920133890855,41320.0,0.0,2288.635766148567
1LJhD6WLplbzaQ5ll9WzgYi_NzeRqYEkl,dahlberg_daisy_668_aug_00418.jpg,196,182.92091836734693,2295.8649475233738,32074.5,0.0,4253.219799876213
1JWe09vbgZnNM-Fv7I62ucE4jvi6v0dsk,dahlberg_daisy_798_aug_00415.jpg,245,129.22857142857143,1979.4416912300276,31048.5,0.0,4572.163011550903
1FaQ0fv8tJFD_74LGWI9AOS-XJzLdbEns,dahlberg_daisy_624_aug_00413.jpg,111,353.9954954954955,3701.3911546484032,39174.5,0.0,3542.9313535690308
1xcpo3GU_bxTu9I20TdKVy9nKzpdAWBIa,dahlberg_daisy_309_aug_00412.jpg,200,177.8775,2476.5485087604784,35113.5,0.0,3635.857320189476
1sfMtmYhO8Uw7BdQQmrPi300aZSpVldrS,dahlberg_daisy_512_aug_00408.jpg,48,814.3541666666666,5124.265677024625,35821.0,0.0,2661.4885786771774
1Ia1wju773JEKo7unI9BdvD3WK9Dd31Zz,dahlberg_daisy_661_aug_00410.jpg,96,367.921875,3557.55044787969,35042.5,0.0,3548.068436026573
15LjuP9i1tpcujWZfayDg_WQnsDe80oc6,dahlberg_daisy_349_aug_00406.jpg,134,290.44029850746267,3291.0815301701014,38242.5,0.0,2735.880494117737
1-WCxR0mk9rGdmiF5SHuoKg3QMhoKmUYC,dahlberg_daisy_672_aug_00407.jpg,184,175.6766304347826,2136.697431975936,28906.0,0.0,3826.852267742157
14Wy9HicdAPayaYYKiwTkYfA83wgUaSrD,dahlberg_daisy_709_aug_00409.jpg,93,396.8709677419355,3799.8762627726364,36844.0,0.0,2749.963755130768
17cjK7e9ni5HmOQOnXLTM3FiansJkzDYQ,dahlberg_daisy_721_aug_00402.jpg,29,1287.2586206896551,6806.808048109261,37305.5,0.0,1425.0407526493073
1rLFPWYtGh3Ni_4CLBB775rcUBxuUx0Gt,dahlberg_daisy_456_aug_00405.jpg,157,241.59235668789808,2895.284891772754,36384.0,0.0,3509.0806279182434
1_zTOVP3R-dgIOihthZMhyuxyxTjJEvpf,dahlberg_daisy_49_aug_00403.jpg,35,1222.1142857142856,7099.859327666504,42621.0,0.0,1862.396090388298
1u9gLsVMMmdAyC6BpBLdi3Ey6PjSzW6iI,dahlberg_daisy_730_aug_00404.jpg,58,664.2758620689655,5011.19936274845,38498.0,0.0,1630.6803622245789
1kmp4mUVPTRG-gNBzfY7tt4zHUjMN7A8t,dahlberg_daisy_542_aug_00401.jpg,151,238.59602649006624,2910.3547499540737,35883.0,0.0,3522.570960521698
1T3DpGa8tVRUmSA-r5CA2vOJUlYD4wkqi,dahlberg_daisy_233_aug_00399.jpg,134,284.27985074626866,3256.459329371048,37839.5,0.0,2787.176958799362
1BQqpyHzR2PsQtoG1C64YcGW2cObXMpMy,dahlberg_daisy_798_aug_00400.jpg,163,228.38957055214723,2899.264855004071,37130.0,0.0,3878.911143541336
1grcCJiuY0bbB5L7lngrCR8nU6797JL7W,dahlberg_daisy_643_aug_00397.jpg,138,298.1449275362319,3466.722664090776,40875.0,0.0,4034.727377176285
1dQjTTryAgUTQqeJM8vIhBcpYVURmptyJ,dahlberg_daisy_184_aug_00395.jpg,33,1087.9242424242425,6098.130774362788,35584.0,0.0,2141.079418182373
1YK5kSUOL19zhG7p3yEnyuFjZKwJOTWoE,dahlberg_daisy_41_aug_00394.jpg,26,1533.2884615384614,7645.2489912326455,39759.5,0.0,1963.5159289836884
1-HJOGoIPYpzs5j2pjZnQbGMP1XkYBD-B,dahlberg_daisy_233_aug_00396.jpg,135,252.48888888888888,2899.2376076189576,33813.5,0.0,2806.7576917409897
1ILInMsDKKbJVkGMequMZCJ7djIET0SEQ,dahlberg_daisy_13_aug_00393.jpg,73,539.8150684931506,4569.642710701961,39314.5,0.0,2230.7362716197968
1LdhKD7uQJRFcR7SBdnMjN9V9jdhbZd0n,dahlberg_daisy_561_aug_00392.jpg,151,237.59602649006624,2882.166716064411,35536.5,0.0,4085.2614295482635
1lhm-NUYCsjeRN-DA419dd0xhFE7n18V_,dahlberg_daisy_747_aug_00391.jpg,267,110.3632958801498,1610.665644214933,26315.0,0.0,5241.407738208771
1JSMkW9_wVIkhMX6w-GUr_mRWvgHDiqb8,dahlberg_daisy_349_aug_00388.jpg,116,308.01293103448273,3207.7999889689722,34698.0,0.0,2938.740447163582
198XaSgehrpD5RcK0V5swp6sulRY0RKXm,dahlberg_daisy_297_aug_00390.jpg,158,258.0506329113924,3185.667988389003,40173.5,0.0,2913.5861196517944
18O-Fw3xWb7FUscc1UrnmLc6_tel6NVMk,dahlberg_daisy_542_aug_00389.jpg,72,525.8194444444445,4425.055963476585,37812.0,0.0,2367.287568807602
1xwmr0rVB56mBKSW5Tq1eN03EiXltZeFY,dahlberg_daisy_688_aug_00387.jpg,111,342.72522522522524,3586.667115697127,37960.0,0.0,3247.274498820305
1EVBToR9rm42ij01kyuLmNiFJ_PXhpuYO,dahlberg_daisy_747_aug_00383.jpg,220,147.86818181818182,1977.4625081807064,29257.5,0.0,4344.908178091049
1pohUrie2LB-AGS5Zd5eqdrGuCBQ4bCl-,dahlberg_daisy_364_aug_00385.jpg,168,229.08333333333334,2889.6662342624463,37567.0,0.0,3222.972982645035
1Lr67aS2l0EZfnCE55SBRaXNaBQs2f4ol,dahlberg_daisy_512_aug_00381.jpg,171,210.37719298245614,2723.3985373252976,35719.0,0.0,3734.6857484579086
1QykM0QtqWPYMVDPL2iM9ITA4mNaL-eUD,dahlberg_daisy_446_aug_00382.jpg,32,1179.453125,6550.664967867021,37652.0,0.0,2394.7118859291077
1P8mV8fOLKBog4YNB2JVcdwVyI6tUCIpU,dahlberg_daisy_672_aug_00380.jpg,226,142.6946902654867,1938.9614179341715,29152.0,0.0,4594.873688697815
1uZVSJd25UTcaOvTvTqV3eRBpf3uBBNZa,dahlberg_daisy_233_aug_00379.jpg,116,332.5,3546.4156449469,38363.5,0.0,2873.8460050821304
1i_GG67nfSMuk87U82zC5FdOKn4SzcSHT,dahlberg_daisy_637_aug_00377.jpg,251,130.72908366533864,1861.1116190268788,29415.5,0.0,4316.315250635147
1j2F4-Bb_GjiN8qEI5ra9BODNLb6PcSLp,dahlberg_daisy_72_aug_00378.jpg,89,446.08988764044943,4170.946408353674,39573.0,0.0,2886.095784664154
1hv19laSk6l1zN7QpkihcH7BEZgFf9xRv,dahlberg_daisy_297_aug_00376.jpg,48,844.5,5652.181506396446,39589.5,0.0,2133.1900277137756
1mUbgDIptMfe6qxHQtcJ4CNKjQC5B8BDX,dahlberg_daisy_72_aug_00373.jpg,85,461.6941176470588,4218.897369953516,39128.5,0.0,2535.2774637937546
1gJwEClb3Ce2DpWun---xXhfiqpf0H3eG,dahlberg_daisy_204_aug_00374.jpg,108,329.875,3384.5194671809545,35339.5,0.0,2920.3729169368744
1TsgL_Ukl2Oj7IdQa9H1Gxgb6DzPCKln6,dahlberg_daisy_643_aug_00375.jpg,138,249.83695652173913,2909.4906971036644,34304.5,0.0,4053.1609241962433
1VbNsGBWbIvq_qLPHnHUVTyh__rkw7NfT,dahlberg_daisy_37_aug_00369.jpg,84,439.63690476190476,3993.2669875971574,36820.0,0.0,2592.2063962221146
14FVzKzEVT9o229tKzHisi40J1zXxnmpI,dahlberg_daisy_37_aug_00370.jpg,73,559.6986301369863,4740.716529955718,40786.0,0.0,2342.400265932083
1A6bBK2ZG24V3jYG6KzxbQj2A4FA6_hZ1,dahlberg_daisy_651_aug_00368.jpg,126,280.1825396825397,3111.7028319391798,35070.0,0.0,3713.2715343236923
1MA7DelC4DQMNX8unuk9Kg3LH_2BgxSgg,dahlberg_daisy_364_aug_00366.jpg,160,210.665625,2588.219380506772,32840.5,0.0,3556.4359669685364
1R4YZimjr58lnoOL8wsuscvhRz0NfG8vd,dahlberg_daisy_37_aug_00365.jpg,26,1342.1346153846155,6661.11157644141,34647.5,0.0,1863.8935642242432
1SE3ZT9Ac3aNJ5190xxQleLM9kOD8Q_4W,dahlberg_daisy_737_aug_00364.jpg,50,927.8,6484.10212134263,46316.5,0.0,1826.6214861869812
1z4F385VWmrcCl1T7x8DNQGMnnZDgSFXx,dahlberg_daisy_163_aug_00363.jpg,65,678.1538461538462,5420.043510273182,44038.5,0.0,2316.9200377464294
1Dc7YHuYhlvImi7GYMtPT_32LmOgZ_SaJ,dahlberg_daisy_23_aug_00361.jpg,73,531.3493150684932,4497.454759406757,38693.5,0.0,2299.4469491243362
11gYxTbJdwElKGTHmqAjJaeeNF37qoaTK,dahlberg_daisy_545_aug_00362.jpg,185,194.67837837837837,2466.509153300731,33577.5,0.0,3824.852267742157
14Ly1_IcB0vBUue7i0W0zdDbZRW_CUf3i,dahlberg_daisy_184_aug_00360.jpg,118,284.18220338983053,3044.392250769879,33214.0,0.0,3447.382144212723
1NiDJ_WV0LntqxD8qMxv_gUlF9mXOW4Oy,dahlberg_daisy_376_aug_00358.jpg,175,220.97714285714287,2842.710470065569,37712.5,0.0,2913.5272448062897
10LuD9aTV5igGlwVCpR4_Jr50MqIZnS0S,dahlberg_daisy_542_aug_00359.jpg,38,1018.078947368421,6174.076555207003,38573.5,0.0,2332.2337458133698
1xin-5NqmNYHa3hotWkRFeD6e5DGgtApB,dahlberg_daisy_126_aug_00357.jpg,35,1249.1857142857143,7281.283658498013,43706.0,0.0,1626.2955864667892
1d2QNLNRXg-9VE9jUCIJ7YCkLa5X3rWGn,dahlberg_daisy_72_aug_00355.jpg,51,851.7450980392157,5936.339658650618,42824.0,0.0,2358.1748710870743
16p5JQeBSRXBpJZZfIHdpb9SCDJfzAQ0m,dahlberg_daisy_651_aug_00356.jpg,112,380.27232142857144,3997.9230952326498,42501.0,0.0,3445.642029285431
1lRyapGZFG2DLwSKD3T6DrqOYVNGkn2dI,dahlberg_daisy_624_aug_00350.jpg,107,324.64953271028037,3287.8297846137407,34174.0,0.0,2815.7698843479156
1TP2ftN18vxxaLAGzP0fZQc2cZgXC-LLQ,dahlberg_daisy_747_aug_00354.jpg,67,484.7761194029851,3349.7711653671568,27246.5,0.0,3116.816566824913
1MkepGJiZwp_q9qLwdFmDxQuTFM0sbrdK,dahlberg_daisy_376_aug_00353.jpg,101,389.71287128712873,3773.083085099247,38105.5,0.0,3010.154660820961
1Ev_EcIVtCYUXSHbdo9L1e4E2UnK8IFSD,dahlberg_daisy_531_aug_00347.jpg,43,793.2790697674419,4695.7444654613355,31115.5,0.0,2790.0226304531097
15qxTfTGOb1fD0aTDXhS6OlA2PWcrYdGw,dahlberg_daisy_624_aug_00343.jpg,23,1933.6521739130435,9044.068939792125,44354.0,0.0,1583.6854147911072
1dOTjhHpXIxmp_qj2_Gksgc5SB3c1YmM1,dahlberg_daisy_131_aug_00351.jpg,76,554.875,4669.413157034353,40979.0,0.0,2477.1870641708374
1ldunuARhS0wzG1OOdhDD23sQdxbptmgp,dahlberg_daisy_637_aug_00348.jpg,58,602.8189655172414,4293.717423907219,32981.0,0.0,2667.187062740326
1qpm2tVs73n2OnJRCY-9Dggqrg9NeLyEw,dahlberg_daisy_661_aug_00346.jpg,83,428.6024096385542,3409.9038981962453,31050.5,0.0,3229.811514019966
1Icribf53PusK1cQwkjDVn7bcS2BwqoVt,dahlberg_daisy_131_aug_00345.jpg,107,313.1214953271028,3128.114117030278,32508.0,0.0,2899.007473230362
1RThTuiJkCoqicC7hK2wG3bzJnCph-HrD,dahlberg_daisy_364_aug_00344.jpg,183,200.22677595628414,2669.5942031517875,36214.5,0.0,3205.39224922657
1tW7GUJiaV_8sskOq0AEslIbGwxoDVPH_,dahlberg_daisy_392_aug_00340.jpg,148,270.4662162162162,3173.951135894793,38741.5,0.0,3101.267358660698
1iw6P2J7waFv6NG4k6kS513czVLQWgF1Q,dahlberg_daisy_72_aug_00339.jpg,60,662.1666666666666,5051.554276215941,39463.5,0.0,2358.9789140224457
1RrEJ_kmrYFpuGGDy4IaV45-fQMGMqW1u,dahlberg_daisy_376_aug_00334.jpg,53,709.0377358490566,4979.98770159224,36615.0,0.0,2200.6946411132812
1TQdbKdBnTD4xD-OctFyBvkwsKR20geqV,dahlberg_daisy_709_aug_00341.jpg,115,376.0869565217391,4004.833967280297,43136.0,0.0,3193.6693794727325
198BPmUIJPIFLRr6GUaYCBVV6RsABm6z2,dahlberg_daisy_49_aug_00330.jpg,69,588.1304347826087,4842.5731374634315,40521.0,0.0,2315.772850036621
1kSy9KjGZ7Qlaep3bOON9M1a0pERU1_pj,dahlberg_daisy_688_aug_00337.jpg,126,312.70238095238096,3482.5712319533754,39249.0,0.0,3385.1811335086823
1sLmw00AOn2XUVsvC_JYJ3HCPznNhxcxD,dahlberg_daisy_643_aug_00338.jpg,199,175.89698492462313,2429.0338098590037,34354.0,0.0,4648.062503814697
1Ep0v8O6uPN06Zy6qTn62YIrKnud5kBs-,dahlberg_daisy_274_aug_00335.jpg,30,1198.15,6440.81614801261,35883.0,0.0,1862.4377216100693
1v4AZ1wZ9sYazybAylvbUbndGJYr0ukMX,dahlberg_daisy_433_aug_00331.jpg,179,164.67877094972067,2137.3413734852693,28676.5,0.0,3846.9355297088623
1ar5lXQlhq1i6L7QeKv9xfmuxFn_7D8Lj,dahlberg_daisy_747_aug_00332.jpg,125,318.356,3531.638477996297,39645.0,0.0,3527.558770418167
1Z_DNt2ei5CaMgi46kK_PcQgnp88uovXJ,dahlberg_daisy_376_aug_00333.jpg,165,228.37272727272727,2851.894738938215,36746.5,0.0,3208.0440505743027
1Wl3cyGDLCPtltmmhI2O8qM-D6fkCY_y7,dahlberg_daisy_709_aug_00328.jpg,187,189.81550802139037,2577.191021418959,35338.0,0.0,4437.920371890068
12bmX6YXMAHP_t53Yf2IcI6sF2du_V-8D,croton_308_aug_00461.jpg,95,444.96315789473687,4229.232121569629,41447.0,0.0,3420.01966547966
1AJVxDFUpPyFiwGZYQsJN-qokiEn0nMLA,frame_000573_aug_00459.jpg,232,147.7801724137931,2233.8272127295354,34099.0,0.0,3351.7181482315063
1vFSNLD-WsJtt7ywsgiKTbBIu-338lgRb,frame_000666_aug_00458.jpg,185,207.31351351351353,2699.05676398678,36806.5,0.0,4398.658396482468
1pKaNpKCog2ccgQqSkJdi-BqPbudt-qi5,croton_178_aug_00460.jpg,153,274.0065359477124,3281.800509617335,40730.5,0.0,3784.8207429647446
12qBB1PRGUwcv5MxhHWGNl8FHAnbl-eF8,frame_000468_aug_00456.jpg,69,474.84057971014494,3732.4755777303203,31229.0,0.0,2369.2387973070145
1IauHfzXNN_BlDSLDVfV2QSgF8ocSVVCx,frame_000486_aug_00457.jpg,133,250.9436090225564,2840.102171500951,32881.0,0.0,3419.03899872303
107pMsB8DBCRXFQxf5WT-6YIOkYsilOZw,croton_198_aug_00455.jpg,120,365.2125,3884.1834891982658,42734.0,0.0,3628.4460711479187
1tRQwQTIcRT2PSsTQ_pxYl_DUZK7T9wGq,frame_000458_aug_00452.jpg,184,202.7663043478261,2702.339357381223,36759.0,0.0,3991.5213149785995
1x1c09UWg8bEZfHxJe2IcFuNKQX9tw8yD,croton_40_aug_00454.jpg,20,2220.225,9665.0098997298,44349.0,0.0,1338.933107495308
1hNoJ5Dh54078pDzE8-BrjtByPFMkTPmg,frame_000441_aug_00450.jpg,103,351.78155339805824,3490.3429830282125,35601.5,0.0,3287.3333740234375
1Us904zHeTuwkNcJNymbBED3T-4BzAZAA,frame_000396_aug_00453.jpg,180,218.15555555555557,2897.685930804139,38986.5,0.0,3160.130275964737
1uesafcSg8NRFPzSdU3hymWGoIN3EUQuH,croton_316_aug_00451.jpg,186,191.75806451612902,2564.658118355713,35074.5,0.0,3458.5465766191483
1CGALAo1iQE0BmXmzZ5hRfr91U_LNoa7U,frame_000475_aug_00449.jpg,156,254.44230769230768,3123.706040805361,39144.0,0.0,4405.604574680328
1ztpk1yQEZsUcqqfJt_7WpyOuVNY05eeR,frame_000492_aug_00447.jpg,164,241.359756097561,3032.2788126102155,38954.5,0.0,4116.751762866974
1rXpqlKvuV45A3EMqQRh9BJMvdpq2WVcm,frame_000666_aug_00446.jpg,205,179.1951219512195,2416.0146529751923,34669.0,0.0,4409.119293689728
1FTRhEbJqcQfQDUXOxYFTmBTvXYmH2XTK,frame_000365_aug_00445.jpg,213,177.0211267605634,2541.814530745426,37186.0,0.0,3203.960790872574
1YnCSRt4zyKwabfSVbI5D8TqnhqDQ1qbN,frame_000634_aug_00443.jpg,217,154.63594470046084,2232.936008418995,32971.5,0.0,4501.6533452272415
1qlIJqBjlNiXaREAWKmA6xKj_GMxZVdiM,frame_000692_aug_00442.jpg,206,181.2402912621359,2558.589199827456,36814.5,0.0,4327.5385600328445
1miH_OCz1QagisFsYVEVUK4oMYrksxyKF,croton_40_aug_00438.jpg,110,405.85,4208.090239780555,44339.5,0.0,3152.7993228435516
18-Y3z44COX1mZCtuayuT3Xal06WnnZsY,frame_000441_aug_00439.jpg,116,377.78879310344826,4013.6314164609075,43419.0,0.0,3624.612592101097
1j463_O6h0hJejCSAGI9Zy1qn4SPlmoX_,croton_100_aug_00441.jpg,151,247.5662251655629,2936.1090770219216,36199.5,0.0,3771.6908004283905
1E5l76k3dsU_ozQ2NxMJdeGzLprYpdFac,frame_000475_aug_00433.jpg,62,647.0806451612904,5001.389494183453,39709.0,0.0,2830.9688061475754
1XwW-m3BuTjmforCMeP13Zn5UR9UlnZgf,frame_000573_aug_00434.jpg,177,203.52824858757063,2655.354300211931,35430.5,0.0,4515.386319160461
1fD0wrES3u2L2dS-G-tL1WNW86F7oK7sq,frame_000666_aug_00432.jpg,216,179.9398148148148,2548.636359442837,37546.5,0.0,4398.266481757164
1s8WrQCN4eqj_gm5oYt-Gxr3l0CeK9cFa,frame_000343_aug_00429.jpg,41,1011.0487804878048,6379.180121458455,41356.5,0.0,1969.214413523674
17HEZdhBV8RyinFbT1p7mRZ_tyy9fjJHo,frame_000343_aug_00428.jpg,113,351.15486725663715,3703.5192950076566,39545.5,0.0,2787.152572989464
1vzzC1cI00JqKbUygsXeaDQV1JxV_F9mk,frame_000458_aug_00430.jpg,139,250.22302158273382,2914.3059591680944,34485.5,0.0,3299.9536516666412
11ZKw_9RZ2TMvdsC9mCrI2pzzymf46l6Y,frame_000475_aug_00427.jpg,142,286.7042253521127,3361.7054918487142,40204.5,0.0,3917.3304089307785
1QiUT_zw6lIAUAf6cQYDPikBkWVMZFhrm,frame_000365_aug_00426.jpg,51,745.1470588235294,5205.331811478437,37552.0,0.0,2346.829636454582
1KKoyvvDQFeX7DDfWWzHn_8BztERy0S2M,frame_000468_aug_00425.jpg,66,678.2045454545455,5431.791450660103,44470.5,0.0,2271.138293147087
1B9HrGGotAjeefelryQYVhEZx6umbYk8T,croton_136_aug_00424.jpg,1,39829.5,0.0,39829.5,39829.5,852.9188276529312
1S84X2wZTL6LaJle5SuBDRwKqruKShi2s,croton_154_aug_00420.jpg,48,833.1979166666666,5657.654806892516,39619.5,0.0,1820.7463772296906
1C25QGFSCjET9kUHFTYul4BzZP9eT8hB7,frame_000486_aug_00418.jpg,196,186.82908163265307,2568.744247249365,36057.0,0.0,3916.0827162265778
1AzhnTDgzQEdhd-uWgG_EKytVPWryQ_P9,frame_000641_aug_00422.jpg,172,177.4418604651163,2291.342026303257,30140.5,0.0,3847.15378344059
18GVW4aXPGcEz8LtdVRV0RA95BAHc_meO,croton_260_aug_00421.jpg,3,15415.166666666666,21800.337766241657,46245.5,0.0,1044.7178170681
1BqbcRaw3LzINNU7h4AoNzqTPEXf3wXct,croton_154_aug_00416.jpg,66,582.2575757575758,4598.279512114668,37653.0,0.0,2111.533173441887
1TGUHpBjA99Hnl7OORPZAXvrGwrkuxBCo,croton_234_aug_00417.jpg,89,453.90449438202245,4212.279719093915,39968.5,0.0,2223.515928506851
1iJQniu72SY1CgsD7uUsFVZz75oOe6nsn,frame_000598_aug_00419.jpg,1,42330.0,0.0,42330.0,42330.0,963.5046138763428
1FxKuTzTPpnF7zzvKghcuq9tfvXUBBhW2,frame_000468_aug_00415.jpg,202,183.1361386138614,2560.7025538585235,36487.0,0.0,4036.1071016788483
1bIt_u-onfEV81gtPArx1nnZN6XsAVTYG,croton_100_aug_00414.jpg,16,2831.53125,10909.199355459063,45082.5,0.0,1577.192992925644
1VuHm4ssiPmV2f3DlL__hgGqaKvmYoptb,frame_000508_aug_00411.jpg,181,219.5027624309392,2898.055103442489,39100.5,0.0,3970.786253094673
15qI3SkioctZdjtgSrp1ZpGk6BLz0KXaf,croton_270_aug_00413.jpg,70,600.9071428571428,4937.923749116812,41617.5,0.0,2922.7993216514587
1BPzO6SE6VALimHvHx6-7YuAzfGKGHRpP,croton_154_aug_00409.jpg,122,312.82377049180326,3391.266523723366,37616.5,0.0,2288.8540227413177
1muSl5_WZndKYTgO6P3rKC8VkCeVYQ-kz,frame_000365_aug_00408.jpg,237,168.92194092827003,2563.114001199964,39544.0,0.0,3802.1273099184036
1Q4cvKPueuZOfvlYQ50mTo3rey2MKqLfu,frame_000612_aug_00400.jpg,52,875.4711538461538,6202.8041428651295,45172.0,0.0,2334.8540227413177
1NhGl0cBZJuIsv69T84bLM3XsENKQYGUV,croton_260_aug_00405.jpg,85,458.90588235294115,4153.343732672521,38524.5,0.0,3123.6105036735535
1M2wWqah7TpqKE7hWVsZX6JYGAlFmbkPq,frame_000468_aug_00402.jpg,196,177.52295918367346,2446.8348371183824,34345.5,0.0,3711.205518245697
1N_hLtZ_cGNIgM01Ic0eHQtzWl1t2mhry,frame_000486_aug_00399.jpg,149,223.76510067114094,2672.445173097395,32735.0,0.0,3627.732430458069
1F4l1d1zZlG0LapAvHVPdbhSkJfKZK_Gu,croton_316_aug_00397.jpg,96,444.984375,4293.3980705198255,42291.0,0.0,3351.9019144773483
1Wn8ge245DrLrCUPCZaWebjVYM-Ir01hk,croton_136_aug_00394.jpg,81,517.320987654321,4611.4674496240605,41763.5,0.0,3150.9830878973007
1qp8cG22z_ybgeiOfp54iXrj57j7uEL5R,croton_234_aug_00391.jpg,78,496.31410256410254,4313.694118666332,38348.5,0.0,2814.833812713623
12gGXI6Gqmd17MtNCVumfYJgasdHTHyRI,frame_000634_aug_00396.jpg,8,6014.125,15901.298128513754,48085.0,0.0,1271.5533839464188
16kBpzW8nRChGwgKTqOlungeMpjxOizwg,frame_000573_aug_00392.jpg,142,281.4577464788732,3306.2612365649243,39541.0,0.0,3537.8014097213745
1VOUMJUvL1fvP3t06I1PnEVV1tjyk5p0x,frame_000634_aug_00393.jpg,135,272.72592592592594,3125.0793179376938,36448.0,0.0,3642.3110766410828
1dsSplN_Kh0aWlhAe6P38WtIneUQsh32C,frame_000343_aug_00390.jpg,111,352.5945945945946,3639.1275378237788,38519.5,0.0,3247.0663475990295
1XpmB6RW9OXEuCMbKUhOC2IhFvhMYS6Qj,croton_154_aug_00389.jpg,180,222.66944444444445,2945.56351671642,39631.5,0.0,3207.16685461998
1tzyraJ-0TK4NcC0oxxdYOjQ5xXY1gj6I,croton_71_aug_00386.jpg,27,1631.037037037037,8299.929799932856,43952.5,0.0,1547.602154135704
19jcQFdFMtkMQFbnrTNOsI78jnR9vu89p,frame_000468_aug_00385.jpg,227,153.50881057268722,2284.6334473847564,34499.0,0.0,4050.342601418495
1DlV63dLqLSpc8rx5UAuEZD8hky1Ce6O4,frame_000641_aug_00384.jpg,1,47270.0,0.0,47270.0,47270.0,1020.8183220624924
1KPWir_GFuC_wkhPJi_rn3eYsnIuNO9h9,frame_000468_aug_00382.jpg,156,224.0352564102564,2747.671153830152,34432.0,0.0,3890.2004656791687
1-JsdbxhtQhZ7WZnwIcI_9V9DEqNVV3oD,frame_000365_aug_00383.jpg,2,23288.5,23286.5,46575.0,2.0,1002.793937087059
1DDJc28r_A-O5ltlZhC_EMmOyW_tKyDFW,croton_234_aug_00377.jpg,117,343.1880341880342,3632.11895062383,39461.5,0.0,3393.8257961273193
1NaRpUOdbXAUmzOvHCaXPgzF5oX9h7P74,frame_000441_aug_00375.jpg,1,45038.5,0.0,45038.5,45038.5,882.4091612100601
1KlLXnvIeZUnlw-fa8WwXQj71nqrXtspU,frame_000396_aug_00379.jpg,54,767.0277777777778,5570.656918520294,41322.0,0.0,2298.5352617502213
1V4iSQCvd6Fne56gn27NwwoZZqtfARAg3,frame_000475_aug_00373.jpg,221,180.16742081447964,2635.4206875709724,39269.5,0.0,3969.5070345401764
1dZE09Pr4RMlGQjU6ubZKyjOrfOjCaX_6,frame_000525_aug_00376.jpg,175,238.04285714285714,3095.680115837526,41072.5,0.0,3931.122258543968
1yF42k75y5UaGf98Bak8AFoO27D2yx1JI,croton_154_aug_00374.jpg,223,163.0201793721973,2391.085674907895,35789.0,0.0,3166.279551267624
1sgccJ-qHmHhfyTkBlq5uvZ3ilGcvSe_O,frame_000468_aug_00372.jpg,172,184.92151162790697,2302.8326965788456,30280.5,0.0,3631.0633836984634
1whS63EntFHasjm3vFFpndZEEY5duBrDa,croton_40_aug_00368.jpg,80,525.28125,4544.7812535669345,40917.0,0.0,2839.7211151123047
1Pdc0-nk2GcPH7FmLrBKMfTPiV84CCCo2,frame_000508_aug_00369.jpg,42,931.9047619047619,5952.739182648941,39048.0,0.0,1966.0428404808044
1nloPuN4KEefXWHT55ONiz4f4E4xv0QZX,frame_000508_aug_00366.jpg,55,700.2818181818182,5130.49222054999,38401.5,0.0,2336.701782345772
16MEXXjWzK3FIWvGePOKgZaUAnc8XDdnx,frame_000666_aug_00367.jpg,74,491.0067567567568,4155.025671118898,35991.5,0.0,2715.790093779564
1PCpN1VbJCLElIQrvcnqng11jeqkQGC2K,frame_000486_aug_00365.jpg,75,502.18,4268.332890516702,37219.5,0.0,2864.6429055929184
1EMZbcCYaSn2Wwgz4oWbnLuoDHhLJM07x,frame_000441_aug_00363.jpg,1,48707.0,0.0,48707.0,48707.0,1052.676186800003
15YolJrq_rnfMYDCvcayF6yK8jJCcNyqP,croton_136_aug_00364.jpg,1,42106.5,0.0,42106.5,42106.5,824.0071402788162
12n44OzJxa2Lc9LoDOSWZWMdIG69UFD4B,frame_000492_aug_00360.jpg,195,168.05128205128204,2303.048426834423,32245.5,0.0,3626.84512758255
1VgAZ9X5sKbmzwVM19sKdhUY2tm9dXysE,croton_316_aug_00362.jpg,104,397.3798076923077,3947.4168193452747,40457.5,0.0,3283.6521335840225
1ktja_GMJRDFNCAkpuwejdcsw8RkjC8ZX,croton_198_aug_00361.jpg,19,2342.2368421052633,9654.557684774722,43289.0,0.0,1603.158502817154
13ycqMO9ZLTfG1e2pwCUg2M2nykNZ5igM,frame_000486_aug_00359.jpg,207,168.70772946859904,2410.0212139179307,34759.0,0.0,3106.7404470443726
144C5JbG9cSwSJNYRa8Ld92PgGLU2_0yC,frame_000365_aug_00358.jpg,217,151.80875576036865,2218.1295939266693,32751.5,0.0,2978.4561772346497
1v5sspH7hUtRj2j3-mekBJ-f0cNL0uKlx,croton_136_aug_00357.jpg,19,2266.315789473684,9566.988906776378,42855.5,0.0,1306.8082169294357
1ywiMe7UHQ-CcdJ2IRtMvWr5n_N2TfkBY,frame_000692_aug_00355.jpg,228,141.91666666666666,2080.483500565609,31484.0,0.0,3333.6003997325897
1vWqPV7ttgDbSYRzRPu2MoWHY5RqGyzNW,frame_000666_aug_00356.jpg,69,540.8115942028985,4376.760459966201,36631.5,0.0,2809.7139741182327
167LRteOcA0tjIGXYRjeexw-kFD2RuhAM,frame_000475_aug_00354.jpg,112,325.84375,3392.5644311910078,36068.5,0.0,4086.190362095833
1ZYklB33QUwwDeqJc5Wsoy4svVUjcHlyr,frame_000641_aug_00352.jpg,173,181.34971098265896,2322.319479837034,30637.0,0.0,4019.822830080986
1rrPHBcr7xUkagQjz4bBRfXG7xmdsAMJy,croton_178_aug_00351.jpg,85,509.4235294117647,4433.688904622851,41101.0,0.0,3397.375003695488
1O0H_3Tzd6KfCItH7dTEMDKL8eVKtskxq,frame_000468_aug_00353.jpg,261,137.53831417624522,2195.9436198759267,35546.0,0.0,3832.886757850647
1SzzeWbLa9ctgDxgah_jOeCcMporc-_Ck,frame_000486_aug_00338.jpg,226,149.25,2166.780304953326,32639.0,0.0,3805.087768435478
1-UdJIK2oSLeIto-mWXIduqPX5l7PQPtg,frame_000525_aug_00350.jpg,226,154.94911504424778,2295.778447484174,34591.5,0.0,3960.519227743149
1jarHB8l4Tzl8e1sDj8ipAQGkQ2dWKMQr,frame_000486_aug_00348.jpg,151,268.9635761589404,3240.9557713099407,39962.0,0.0,3617.8430404663086
1YTQYCnVbDkCZq_L-i_mXKOCJRU_U7sRn,frame_000598_aug_00349.jpg,196,207.19642857142858,2850.1144518618435,40006.5,0.0,3943.7496757507324
1aAfjXRgh2eOmA_ze0YauDtmuXhJLeesM,frame_000612_aug_00344.jpg,173,219.21098265895955,2850.2261162193436,37599.5,0.0,3993.2542880773544
1WlPCbYQ2RCxmGpZWtB45TLXVzfckeLfv,frame_000666_aug_00347.jpg,258,135.80232558139534,2092.0829175233566,33660.0,0.0,3856.3598467111588
1cnjI27fNa5hL99_4n_pXS5BGjo7PL1mT,croton_316_aug_00345.jpg,101,394.76237623762376,3856.509025573132,38957.0,0.0,3314.8552327156067
1vrUa3f9zD87_FsFJM8ip4K6yppjpiGd_,croton_154_aug_00342.jpg,153,212.52287581699346,2560.8727125982446,31783.5,0.0,2945.0663487911224
1YSjiElwV0QMZtd846gWsMtNHJQpsng-h,croton_308_aug_00343.jpg,51,786.9803921568628,5535.80327518747,39931.0,0.0,2348.528121113777
1qzMPCh8JRozyzatfEX4GfCnHQinwDB-5,frame_000612_aug_00341.jpg,255,133.65490196078431,2115.5532902871055,33850.0,0.0,3660.418720841408
1BFhh580JcnOeRxMEWIR2i4nJLTF0ZDZQ,croton_270_aug_00331.jpg,1,45315.0,0.0,45315.0,45315.0,896.5929267406464
1LTRAFC9Q8YHjo7_TqCRef_nsD3gxbH3x,frame_000486_aug_00339.jpg,139,226.4496402877698,2630.8689719983417,31132.0,0.0,3743.538558483124
1rweVbHf4jaBv6iQ5wCaiwFWoVDCfHMgD,frame_000612_aug_00340.jpg,188,185.81648936170214,2509.863935681047,34507.5,0.0,3661.3232696056366
1UnNVWvsVWz6XdnSChwyolYUUmDLv1TN-,chinese_fan_palm_302_aug_00462.jpg,50,471.62,3079.8193689890322,22009.5,0.0,2516.566785812378
1YTGLyqXTyzgfJcHwjCi20DYM9kc7F2Nl,chinese_fan_palm_437_aug_00461.jpg,128,177.828125,1869.5495085689051,21218.5,0.0,2522.660152077675
1X4q3GmQuAE4EPPg6EXYRvyzXsfMZ_crk,chinese_fan_palm_162_aug_00460.jpg,133,158.6954887218045,1684.69200888224,19489.5,0.0,3122.078539967537
1DyVv6bSa1b1RAGMRv4I3ZU8IQ0WXE0SV,chinese_fan_palm_686_aug_00459.jpg,119,225.05042016806723,2399.6854900672547,26291.0,0.0,2606.9200377464294
1cHK_noweuVpY7h3U0m0ZY9LRPNWB8lQU,chinese_fan_palm_549_aug_00458.jpg,134,189.33582089552237,2104.19426453357,24445.0,0.0,2787.1454335451126
1vaeifCdnDtEQ2c_TCbm8_HbA5nHIIgva,chinese_fan_palm_702_aug_00454.jpg,122,207.5,2229.6463302947222,24731.0,0.0,2537.464193701744
1_quz3m7Lc9ENrt4_PBGaxL28MNtdUIdT,chinese_fan_palm_650_aug_00455.jpg,167,160.4131736526946,1978.732986908327,25646.0,0.0,2940.1302762031555
1PeKluuNK8fe2LAxWqwLzn4Orr8HWoVe1,chinese_fan_palm_686_aug_00452.jpg,114,221.24561403508773,2320.054885585659,24883.5,0.0,2404.6012773513794
1L9W6SbIyV0pBM4iJ4WG5IOkEjCxsDB6x,chinese_fan_palm_437_aug_00453.jpg,130,206.51153846153846,2198.5053851908156,25151.0,0.0,3040.147520542145
1KWLsmtq0zt0Rgk7BL6Rfj0QhuCobY5Pv,chinese_fan_palm_372_aug_00449.jpg,116,178.1551724137931,1817.3642414954547,19657.5,0.0,2543.454088449478
1ACoVmkP2jtMOZoSJm3KXFm6aw68MBmrp,chinese_fan_palm_693_aug_00451.jpg,118,254.53389830508473,2687.9885860400177,29327.0,0.0,2374.2438510656357
1AUYmZYq4hVda4ackavhvr5D21IcPpSli,chinese_fan_palm_372_aug_00450.jpg,40,527.225,3105.9814088102653,19905.5,0.0,1861.5920486450195
1SiVNeXxsNdBJaYWflLQmiOyrcNgvmRsc,chinese_fan_palm_693_aug_00448.jpg,99,239.76262626262627,2335.5227210460607,23359.0,0.0,2347.020542740822
1zOr70GXUUQDK1EPbV02ck87TgaZXn5Gt,chinese_fan_palm_454_aug_00446.jpg,47,473.2659574468085,3023.3533268278625,20951.5,0.0,1904.1189613342285
1naXDdKhSxY9j1eFEeflqsODavINrj6aJ,chinese_fan_palm_372_aug_00447.jpg,107,232.65887850467288,2320.359832107631,24119.5,0.0,2521.9566160440445
1XX5kqUGbCLx2idO0BBtvce3nVUV4sZBP,chinese_fan_palm_446_aug_00442.jpg,124,174.38306451612902,1840.1639490300756,20574.0,0.0,2488.2652698755264
1h_tqd2C634UDowbGB_xlJWVyRGKE1LGn,chinese_fan_palm_650_aug_00444.jpg,128,203.140625,2219.797856380927,25211.5,0.0,2478.9444226026535
1ln7KxfI6zC9KvZg63xJ2iH9oljmyuLVf,chinese_fan_palm_113_aug_00439.jpg,153,155.0718954248366,1765.8330528812855,21903.5,0.0,3854.2664803266525
10EjIbiDszmFidHVfxoJsmO543jJOm5Qo,chinese_fan_palm_258_aug_00434.jpg,174,134.2787356321839,1541.6126972187237,20364.0,0.0,4473.493965506554
1-_kgs8XYm1lou5aNhjE3776IBQyIT4oG,chinese_fan_palm_237_aug_00433.jpg,159,123.74528301886792,1433.0972174994947,18108.5,0.0,3135.416632294655
10-khUxl4O4ZLsEZeoggrXTJB2u7MKaLw,chinese_fan_palm_281_aug_00432.jpg,168,129.50892857142858,1482.8704502557562,19197.0,0.0,3945.7639548778534
1QqgciXz45rgLkB0IF4YOn0giq-4OtUH4,chinese_fan_palm_42_aug_00429.jpg,141,168.15248226950354,1822.2654514876058,21701.5,0.0,3530.033944249153
1MhaHMIjKDNY5eRPoR9MN-OcCn5dmCqNI,chinese_fan_palm_625_aug_00427.jpg,138,167.70289855072463,1890.341441857315,22288.0,0.0,2854.6012778282166
1NVPsQQ7aYvNfcmatDv0juSC-HYfKWlws,chinese_fan_palm_527_aug_00431.jpg,106,233.0990566037736,2299.2605675826785,23779.5,0.0,2951.745499610901
1Ixc_YAEE70WrqqkECwYr1ijm121lNNK8,chinese_fan_palm_162_aug_00428.jpg,160,138.75,1588.2649023383976,20137.5,0.0,3725.756816148758
1yJknxHoeiOYk6UCQbgyjjDWWKPbGZucq,chinese_fan_palm_281_aug_00426.jpg,146,133.45205479452054,1508.8221811776184,18286.0,0.0,3437.7324274778366
1ope2P_shsCxJzSsyCsA8vQEyi8ZOvba7,chinese_fan_palm_625_aug_00425.jpg,142,190.49295774647888,2185.494425468348,26132.5,0.0,2886.1159965991974
13ME_I1reOezlCNlpNr956Nr5fTRdDXzm,chinese_fan_palm_446_aug_00422.jpg,110,225.02272727272728,2255.404683891526,23757.0,0.0,2959.0003337860107
1AGxpj_LFhvBVuoYWBwzM9cB-1wwJ4fR7,chinese_fan_palm_506_aug_00424.jpg,99,212.6060606060606,2054.90641148527,20552.5,0.0,2564.199254512787
1es9LAD0sgdbYUjdV0--259TiGgX6SW8_,chinese_fan_palm_506_aug_00420.jpg,127,201.3740157480315,2178.7282671505236,24649.0,0.0,2742.240886569023
18uOA6_fuXH-e6tDAbos424P8gt1-myNr,chinese_fan_palm_450_aug_00419.jpg,115,181.89565217391305,1849.9964858904957,19918.0,0.0,3368.2866916656494
1nG-u1To89itjH7qAVH3f93KSU92ZDeVV,chinese_fan_palm_605_aug_00414.jpg,132,192.06060606060606,2114.055143942545,24378.0,0.0,3112.31700694561
1Pn6-24A0H2bZeQ1DH3XkgpGNSuiKu36I,chinese_fan_palm_527_aug_00416.jpg,92,279.2391304347826,2595.8682403152716,25038.0,0.0,2733.2875686883926
11SNxmrrICBMsOdVuoaFhYJjz47Kc3iGh,chinese_fan_palm_617_aug_00415.jpg,134,191.62313432835822,2142.2072950376587,24891.5,0.0,2496.2997624874115
1dmoRDf_wWD2YaCQeTUoMEBvf-520frLP,chinese_fan_palm_258_aug_00413.jpg,66,333.74242424242425,2405.0784530806704,19691.0,0.0,2804.01252245903
1QfHdMeYoaen1Z48AFK9qARZecBLyVI2u,chinese_fan_palm_237_aug_00412.jpg,52,425.5192307692308,2779.111278741853,20244.5,0.0,2471.5962237119675
1djMrrtmVuBOdhEC2olsMc8_39dOOV2ob,chinese_fan_palm_617_aug_00409.jpg,130,203.7923076923077,2245.8443450623467,25706.5,0.0,2739.890601992607
1Mulo7CoBrtLzYDBc7mANQpwMreq4a256,chinese_fan_palm_721_aug_00411.jpg,130,208.95384615384614,2333.470651729995,26711.5,0.0,2681.6895892620087
1yyaUI6_0LM96nfIMU514BbHKUou-k5mJ,chinese_fan_palm_450_aug_00410.jpg,157,169.5095541401274,1997.9218865006708,25100.5,0.0,2878.5911722183228
1tSg2M4pUVaXA2YR0wsgvknriaXbM0fbd,chinese_fan_palm_434_aug_00406.jpg,168,151.5922619047619,1803.7837608957104,23422.5,0.0,3195.0835931301117
14hSOMm2gsC2M3W4_qaRcvYAHIyT6kByj,chinese_fan_palm_440_aug_00408.jpg,148,183.91216216216216,2106.8711516647018,25706.0,0.0,2780.56678712368
151RvtInhkmZ2ESLZ5ukgVVNZJsy52suB,chinese_fan_palm_686_aug_00404.jpg,140,202.87142857142857,2322.6551557980156,27584.0,0.0,2799.807340145111
1b23_gUkUKgb7Z0KyPHCF9bzSysSbWeRm,chinese_fan_palm_434_aug_00405.jpg,65,413.53076923076924,2990.170375743886,24282.0,0.0,2536.3830201625824
1xk7brddT48aY5Y_JG7w4KZyrNv7P_I0r,chinese_fan_palm_702_aug_00403.jpg,171,150.39766081871346,1913.7909066205568,25102.5,0.0,3318.625661611557
1SoIhcqsPM2-VA1WIt9F9s6HgxmyNitWl,chinese_fan_palm_588_aug_00400.jpg,65,410.03076923076924,3167.8967335501757,25744.0,0.0,2214.479351401329
1OzyICf1y6sSehBRD3ah3NJzYvjUCr2jR,chinese_fan_palm_350_aug_00402.jpg,139,154.27697841726618,1675.9406112018894,19814.5,0.0,2820.774936079979
1PqCsOkcFAnlOEkIlkZO_U3iiAmcWInOX,chinese_fan_palm_702_aug_00397.jpg,50,563.14,3769.3782219883433,26944.0,0.0,2156.4793511629105
1gfygCscztf2uEGtcW5PEOZ5FEilfLdYT,chinese_fan_palm_665_aug_00399.jpg,111,190.17117117117118,1932.4341888208905,20450.5,0.0,2236.327111005783
1lQJIQusQ0qmm4TRM2bU03P69Ee3EOn1l,chinese_fan_palm_350_aug_00398.jpg,179,134.25418994413408,1551.6936074203759,20751.5,0.0,4312.876654982567
1qWaLOaumYi6yVxtekwu9xHbEzqHiFBSF,chinese_fan_palm_278_aug_00394.jpg,49,365.61224489795916,2382.1484027892316,16859.0,0.0,2390.341390609741
1sQaT0Bg1i99z6g359CMf-egpLApTNGta,chinese_fan_palm_617_aug_00393.jpg,107,228.7663551401869,2304.27232753179,23949.5,0.0,2775.169818043709
1W1GvO1oe-_Ie0t5MFUusqq0zkAQf4yCt,chinese_fan_palm_278_aug_00395.jpg,129,185.32558139534885,1978.8135614683408,22560.0,0.0,3023.4094948768616
1aAUtBsObWsWCLLi9Kg--ezbRP0yNIrW9,chinese_fan_palm_650_aug_00396.jpg,106,217.13679245283018,2188.5810768332826,22642.5,0.0,2776.133241176605
1y0m9UPz2t750pEfUBk3gHQW27o5foY87,chinese_fan_palm_237_aug_00390.jpg,168,140.13095238095238,1673.194972021818,21739.5,0.0,3578.4187203645706
1Qg6SJQVbXfN8FeNIHxN9WFEIFO0MwHIH,chinese_fan_palm_674_aug_00392.jpg,137,165.07299270072994,1857.5167774783813,21821.0,0.0,2592.341391801834
1KD_A_6I85nysWIHxVSurtmfLn68hvsDa,chinese_fan_palm_588_aug_00391.jpg,122,204.077868852459,2160.321300879756,23955.5,0.0,2824.986053943634
1IbQTy_yt37p9f4O-9x2cucrUMULVo1Do,chinese_fan_palm_437_aug_00389.jpg,160,166.034375,1930.8328409667831,24479.0,0.0,3148.6571860313416
1Lzu_DqeJWJnK88Kzoe_aL9gDovb8FYG2,chinese_fan_palm_702_aug_00387.jpg,185,153.48648648648648,2013.5062315304563,27464.0,0.0,3192.2480252981186
1U1CVFI4wdMAvS2a8Xm9iltGS2OvfFMj4,chinese_fan_palm_588_aug_00388.jpg,35,646.5428571428571,3676.0119430309423,22076.5,0.0,1859.4742988348007
1697naOSegsPcudsj5fZ9G_o8iQcq_UW1,chinese_fan_palm_237_aug_00383.jpg,127,147.24409448818898,1582.5810758623786,17906.0,0.0,3120.453208208084
1B_h1ThZDxOwCvtvcRwhpqw31RJKdPM0K,chinese_fan_palm_454_aug_00382.jpg,128,172.2890625,1858.6543988206552,21108.0,0.0,2313.086557984352
1QqdyAQKLhGC9ii2ehwXA5pM-qLO6KDQH,chinese_fan_palm_42_aug_00376.jpg,70,383.82142857142856,2821.2246505421244,23775.5,0.0,3146.7648310661316
13ToVk-5L4-JhISxs-Y3vG671SUirygAA,chinese_fan_palm_278_aug_00381.jpg,139,158.87410071942446,1701.9615292652802,20107.0,0.0,3817.7395676374435
10AcjK0ZSZtX0bDsJ8ce7M1PRSppO48YG,chinese_fan_palm_442_aug_00378.jpg,38,711.1842105263158,4191.4999441555465,26205.0,0.0,1789.224516749382
1Phmrwk0f__0FDIyOXA2apD9xTCMJvoM3,chinese_fan_palm_617_aug_00377.jpg,151,155.3476821192053,1813.6333944273424,22354.0,0.0,2786.986053586006
1pLD_AgyxXaRiDF5p7QvY0_1fr-hD1z9H,chinese_fan_palm_281_aug_00380.jpg,116,193.36637931034483,1970.8577232603998,21321.0,0.0,2502.8439158201218
1JymsH-JwYuPikxUJRvKs2zKDjmFEaqP9,chinese_fan_palm_237_aug_00375.jpg,61,338.827868852459,2427.354950648224,19122.5,0.0,2626.8094255924225
1xb3bim2yccL9Vg1Ftgdsp8rRSQjSw9YI,chinese_fan_palm_674_aug_00374.jpg,37,716.2567567567568,4160.831013705857,25673.5,0.0,1817.3006390333176
1ASYa57WpP0nX1mCrYU2e8aKChFZ7Xfz_,chinese_fan_palm_721_aug_00373.jpg,43,547.1511627906976,3503.7644614854485,23254.0,0.0,2127.623574733734
1bpHeHmTcsntWlq40615mVb5M6jHNcf8K,chinese_fan_palm_588_aug_00371.jpg,173,141.28901734104045,1760.2375448094606,23206.5,0.0,2841.4195989370346
1EggMwWiwjk9x2Xu_UanKv97wgRj0twUU,chinese_fan_palm_42_aug_00368.jpg,153,156.53267973856208,1865.1519367863973,23150.0,0.0,3514.921246767044
120Ru12YfJhiAqp7bqCZ51P1LEm7V4kPZ,chinese_fan_palm_674_aug_00367.jpg,119,222.7058823529412,2359.6202678509085,25850.5,0.0,2817.7484650611877
1FIkV4MPI6UZusM0zkyZdUUKUeRU3LkWq,chinese_fan_palm_450_aug_00366.jpg,116,195.2155172413793,1992.729843559931,21548.5,0.0,3226.60545194149
1_zuvX8h5oYXxon3w9-dN7Bd9WpOWICMQ,chinese_fan_palm_281_aug_00369.jpg,142,167.76408450704224,1858.1280540152575,22206.5,0.0,3109.308987736702
1xTYtGFfzcBu5HDSZWs7M28wnBbcr7nNr,chinese_fan_palm_721_aug_00364.jpg,104,232.64423076923077,2335.3388772307067,23933.5,0.0,2626.17487180233
1oAGS2O18-VtHIfP2UlaWBNp8vxAIYFrb,chinese_fan_palm_281_aug_00365.jpg,153,167.80065359477123,1917.2728779942574,23777.5,0.0,3362.078539252281
1dQz9V_-eS8C6CM0aGttWNUsiWpnXZ1Uq,chinese_fan_palm_450_aug_00362.jpg,139,185.69064748201438,2056.116582468975,24312.5,0.0,2892.3312870264053
1zZXxvqPQnVOjoSKlvviC90yvnTWC7cXB,chinese_fan_palm_693_aug_00363.jpg,144,166.83680555555554,1921.095640829679,23138.0,0.0,2674.7505518198013
1HH3ijd8HDTvG-cVw3NDP5X-vzoG8Ymbk,chinese_fan_palm_686_aug_00360.jpg,116,262.37068965517244,2779.5940840475137,30070.0,0.0,2407.4154237508774
1C0JjTUcY0ALx3AZOremlWiCT45nxBm3c,chinese_fan_palm_446_aug_00359.jpg,95,258.7,2417.5417553679126,23696.0,0.0,2302.1332408189774
1-tUSiLH9wOX4POvx_q8UdOpu_hNn-rwV,chinese_fan_palm_162_aug_00361.jpg,186,137.24462365591398,1701.7891938546786,23253.5,0.0,3780.283724308014
13NQkE3IWJN_PpW8cjjfuxQwkRGfveH0E,chinese_fan_palm_113_aug_00356.jpg,157,135.85031847133757,1594.8099346302806,20041.5,0.0,3887.0187871456146
1SMPlBp8VQUi_86lZboUyqMKSsFLJC6yv,chinese_fan_palm_167_aug_00358.jpg,162,138.88888888888889,1618.6302918223598,20646.0,0.0,3650.18321955204
1YJJI_05ixfAZyKL-hUr8sGEWPFW68I-r,chinese_fan_palm_42_aug_00355.jpg,134,163.26492537313433,1764.7122135366976,20504.0,0.0,3631.1121513843536
1n7S2XbKMZt1y6dbCrnSJkggovkAHNFu4,chinese_fan_palm_506_aug_00351.jpg,157,178.5095541401274,2098.164489364695,26358.0,0.0,3008.7089219093323
1pPfhFn3fMIaxCFg1g5UVIR2AsusPyy5-,chinese_fan_palm_617_aug_00352.jpg,115,222.13478260869564,2297.352003391257,24744.5,0.0,2568.9860525131226
1C_R0lRHkIWNGLxaHWda8e0IEz6WScR6P,chinese_fan_palm_605_aug_00353.jpg,133,177.1766917293233,1950.5652296246424,22574.5,0.0,2818.275375723839
1u_W0pk6ZutXaLGJ0K-37fmUdg6OpVlHo,chinese_fan_palm_237_aug_00348.jpg,44,504.3636363636364,3088.099103382864,20737.5,0.0,2227.7484625577927
1iPCYd9xAzCnJxMhf8BIDH24RW7PyZLDO,chinese_fan_palm_549_aug_00347.jpg,121,179.31404958677686,1905.5935943499082,21050.5,0.0,2391.939368367195
1y7RqDI0JFjv3CYI_xI9XQ8WNzakjsaAg,chinese_fan_palm_721_aug_00346.jpg,137,200.96715328467153,2314.088692163389,27187.5,0.0,2873.3535836935043
1OhCpxLY2aaafgxqz5UZ9T4hG60icCvOy,chinese_fan_palm_162_aug_00345.jpg,145,165.56896551724137,1824.2295110640164,22036.5,0.0,3628.283725142479
1Af0YTkCe6d5QfD-9l4R6Rjk9qgc6SIFO,chinese_fan_palm_246_aug_00343.jpg,170,139.3294117647059,1675.0028165962995,21894.0,0.0,4269.511212229729
1jyc7Tm_DCX-DZEb8zc1lbt7_R6yO2bHt,chinese_fan_palm_665_aug_00341.jpg,141,193.42198581560282,2204.9045984441204,26272.5,0.0,3089.2703231573105
183TcCLpJPP5KH07yDavSB3KgQYvlaD0y,chinese_fan_palm_446_aug_00344.jpg,123,226.7560975609756,2411.3965291920376,26854.0,0.0,2638.8022867441177
1P_6nd2Eo50jAwRBEupTkCa1ThYqJLj44,chinese_fan_palm_721_aug_00342.jpg,125,250.376,2661.5929167744644,29884.0,0.0,3266.5424020290375
1Kxwz786H4Zv7Hb6RzOn0DdIeO03Abyub,chinese_fan_palm_318_aug_00340.jpg,155,162.90645161290323,1867.9188141049945,23310.5,0.0,3379.5343844890594
1Z94L_4bJ8PbAJQp8iRGsfXv5txCBG5mh,chinese_fan_palm_650_aug_00339.jpg,139,198.5503597122302,2231.8031167959593,26409.5,0.0,3167.010437607765
1CdjNh_onBIDBzUBwMSRnKzOnzV5mwpb_,chinese_fan_palm_450_aug_00338.jpg,58,463.0344827586207,3291.398747391173,25282.5,0.0,2147.841830253601
1Rmbg-yKbMOfGIM127AgO9UdROxVVVN1d,chinese_fan_palm_208_aug_00337.jpg,163,153.6564417177914,1780.985817797183,22795.0,0.0,3848.325357079506
1hg5TniD6bpqG6h4M-mbE-Z4W34FJYZRd,chinese_fan_palm_588_aug_00334.jpg,175,119.47142857142858,1496.454570657197,19845.5,0.0,3483.985175728798
1ckb5Mlt1TiZCZMcvNSsTmTr5DynX0wFO,chickpea_183_aug_00410.jpg,38,1083.7894736842106,6567.126359887657,41030.0,0.0,1633.5432795286179
1rPnMRRSBBWbzXFnJHDydknn6ytngSr_6,chickpea_292_aug_00409.jpg,135,229.72592592592594,2544.2177126432885,29673.0,0.0,4491.9620013237
15JwdBJ_W-wFQjuFcnvbNkcPWFfOv9WWr,chickpea_543_aug_00407.jpg,5,9464.8,18910.603696339258,47286.0,0.0,1255.9554047584534
1BLOEPqMted4ZXsMP41Cbdzu8zAe6TX26,chickpea_593_aug_00404.jpg,26,1744.3076923076924,8713.839718292658,45313.5,0.0,1524.0285601615906
1xvVR35JV9ULv6kAL_9fkGYX6gtfvwTpu,chickpea_379_aug_00405.jpg,24,1621.7708333333333,7772.7357058974185,38898.5,0.0,1868.5453666448593
1HYrGIl5_U9RwTWqeIwmKEErARdGt7qSo,chickpea_496_aug_00400.jpg,10,4426.3,13274.733688854176,44250.5,0.0,1491.1412584781647
1hOZBDANKJMZNrCfLGuCGtQu67qgZ9pEu,chickpea_687_aug_00403.jpg,6,7848.416666666667,17547.357169045586,47085.5,0.0,1417.4772635698318
1JtTBoZwSXHVgOLJ305bu_CUpneeyQPUm,chickpea_687_aug_00402.jpg,2,24573.75,24573.75,49147.5,0.0,1002.2670255899429
11j0MAueuKI5JD05MMMS91zffPbj8XSTg,chickpea_620_aug_00399.jpg,23,1808.7826086956522,8481.703982852798,41591.5,0.0,1277.8376545906067
1w-HuVo-bUV8_HM3gvQFjfmZQVKXUn2ZZ,chickpea_583_aug_00401.jpg,10,4311.05,12905.822731329452,43028.5,0.0,2095.7169383764267
1nej-JLhSOnRbjWPmRzWsg8_p3kyREK4N,chickpea_638_aug_00394.jpg,16,2528.4375,9790.78896188115,40448.0,0.0,1364.1706951856613
1J85wrdzeazf9uggjHMcCRVYKn7NOD7Ro,chickpea_532_aug_00396.jpg,8,5442.0,14398.178634813503,43536.0,0.0,1264.0630497932434
11IbfUcibEX2BZy5pgvKMPlmbqYaE2MHC,chickpea_687_aug_00398.jpg,15,2593.3,9701.636557474894,38893.5,0.0,1856.888512969017
1pdAD_G0EzLsHYsTBwhSXBCauKpJPqct0,chickpea_665_aug_00397.jpg,33,1248.2878787878788,7055.726279681806,41161.5,0.0,1665.8103051185608
1AAQ-SVMcUNo305tJh3l0CcEtVSmkqwk4,chickpea_25_aug_00393.jpg,39,1207.2820512820513,7422.164409591798,46960.5,0.0,1798.4793518781662
1T_NiYvRIGlHoitQwkJJfsRzBDvfj8SXI,chickpea_229_aug_00391.jpg,75,461.14666666666665,3961.12155310701,34536.0,0.0,2632.7576920986176
1va0mEpvIlwVWhz_smOoHDN_PF79Fo26c,chickpea_641_aug_00395.jpg,35,1097.2857142857142,6392.818853197383,38373.5,0.0,1855.8174450397491
1l-cPWqQNwPsQQhpeQLAwaDZfZsZ6FENL,chickpea_601_aug_00392.jpg,2,20382.25,20382.25,40764.5,0.0,1010.6589419841766
1UpEgFh_ajb4qJlsV5kq2vXTWOiqa1iWf,chickpea_511_aug_00390.jpg,21,2102.6190476190477,9398.949905764248,44136.0,0.0,1296.004175543785
1qed6s0ZrVfq0bs7JC6tuOJ2dm7CPmDUm,chickpea_534_aug_00386.jpg,9,5438.222222222223,15380.201053647423,48940.0,0.0,1194.2152907848358
1ThMRmenlH3kb1vVWIIB6ppGY3kRaMzy1,chickpea_341_aug_00388.jpg,86,445.8837209302326,4056.0409760343746,37838.5,0.0,3020.8653379678726
1uxw7jRjmitFHGl3Z-nGI4C4W_N7uuQ9f,chickpea_601_aug_00387.jpg,7,6694.928571428572,16398.954741142523,46864.0,0.0,935.3208485841751
1MZu2cc90kh47zYrMAzhyZGeyL7buxNGS,chickpea_704_aug_00382.jpg,76,493.30263157894734,4232.61476752329,37148.5,0.0,3085.2084844112396
1NBRBACYME3z_XpFohgfB2iaCuk1d-HpD,chickpea_385_aug_00384.jpg,64,689.5,5468.768094970063,44096.5,0.0,2819.1597135066986
1XFxKh8_FjSLKVedJI_zM7uYiHKwe5jVO,chickpea_424_aug_00383.jpg,56,772.4642857142857,5726.186615061564,43239.0,0.0,2162.008349776268
1BTaa7QBkRkVB7a7RmX1mmguE2nGGPv4Z,chickpea_123_aug_00381.jpg,28,1558.75,8091.516963881724,43603.5,0.0,1961.8519353866577
1-MC4dl6d_6NnPVAs8hya0RJb3y8-_bNr,chickpea_12_aug_00380.jpg,23,1942.195652173913,9102.990418513376,44639.0,0.0,1481.359514117241
18SmME_StfpIYBN0WRaIP87YtHVwXT8H9,chickpea_249_aug_00379.jpg,22,1872.4772727272727,8575.314395876097,41169.5,0.0,1808.2610964775085
1uMp_W823wvgxGV8ALufJhgeTxOWyIJJ6,chickpea_225_aug_00377.jpg,56,716.9732142857143,5251.364475254131,39660.0,0.0,2385.8388657569885
1zoVfpuBqhN8RVy9NJeOKc6SIBDL1OrR_,chickpea_583_aug_00378.jpg,4,11730.5,20316.95597585918,46920.5,0.0,1055.0437180995941
1-LXSeZoh8v6m5l30x3hOK_LsF__5tUbf,chickpea_225_aug_00376.jpg,32,1269.75,7056.738919067007,40560.0,0.0,1702.846883058548
1YEAK851L91LVWR12BB6N4iihCLkJ__Ld,chickpea_511_aug_00374.jpg,17,2332.323529411765,9328.294134988353,39645.5,0.0,1405.9869303703308
19C5rCILklDJi-GYtJ39eYEQTujB6BOFY,chickpea_310_aug_00372.jpg,20,2157.05,9379.203963956643,43040.0,0.0,1853.994068980217
1tuT-KiKI4Pvotf9jKW9lpXKaOLJBMEzq,chickpea_665_aug_00375.jpg,10,4643.2,13890.941899669728,46316.0,0.0,1570.2051848173141
1uOhKXeWprYRfrFCsLZ-ecGz7evpwNRdq,chickpea_292_aug_00371.jpg,75,511.3,4377.166462450337,38165.0,0.0,2825.568875670433
1CFs-2N5ZaRzE5D11_5a5Tga0L3O_h9ZV,chickpea_379_aug_00370.jpg,51,757.2843137254902,5346.041556706088,38559.5,0.0,2221.079417705536
1U0v1u1FgwDJgdKgWwFX9gPkvPozmivg9,chickpea_701_aug_00368.jpg,11,4324.727272727273,13674.881680331804,47568.5,0.0,1294.298551082611
1vJ7zYbk6EzPtvuPx5HzoFBKbryb-B4aO,chickpea_660_aug_00365.jpg,18,2526.3888888888887,10411.111909018113,45452.5,0.0,1578.7981122732162
1hgffoO4VkFpqmvUe1kFT73XWB1P6R54q,chickpea_160_aug_00362.jpg,83,485.69879518072287,4379.0334329468205,40139.5,0.0,2731.904880642891
10XOnBcslBuXGjvuq_oPUAJp9Lvz49el4,chickpea_212_aug_00363.jpg,46,790.8695652173913,5290.337377705064,36279.5,0.0,1646.0184557437897
12XcIr29V4kGHmHwVTwBZQPwlOs82onBL,chickpea_469_aug_00360.jpg,3,15659.333333333334,22142.45967341679,46973.5,0.0,1158.1320304870605
1vFk4cenxFy0CpUXE_ycrMDvCLPH6HxpS,chickpea_12_aug_00359.jpg,19,2011.421052631579,8518.539962098703,38152.5,0.0,1632.479351758957
1A8aO9tacVmuaJgCWpQOazQUWWi0WrpgD,chickpea_609_aug_00357.jpg,36,1067.375,6288.749014857804,38272.0,0.0,1778.5209820270538
1xo_65Rue052EFkdKYDWU6iF7WT81IEGU,chickpea_583_aug_00361.jpg,11,4144.272727272727,13104.866728474364,45585.5,0.0,1385.2346233129501
15PmUO4moCLJfyM1B0OhMQQYFI3Kq5U6t,chickpea_126_aug_00358.jpg,75,559.58,4791.212353214998,41775.0,0.0,2765.7211151123047
1-ZMAA3kGLaq5sA4zojGJWaj97Ie7Mdff,chickpea_538_aug_00356.jpg,16,2884.5625,11158.955493900123,46103.0,0.0,1580.5138417482376
1lBS3SJsuEM_pA7lMBic7JFdLj8JRDZHl,chickpea_208_aug_00354.jpg,14,2664.0,9593.819360847454,37255.0,0.0,1537.6854141950607
1fK6Amr6qwsMZZDp9r7BiSt-iVDzQYElK,chickpea_212_aug_00353.jpg,25,1729.42,8464.127820017842,43195.0,0.0,1398.447826385498
11SevSUY3vJHt1jJJcab9aj5NqCvSV67N,chickpea_249_aug_00351.jpg,71,578.6760563380282,4786.264588587002,40622.5,0.0,2724.30690073967
12uV3muLG7E430D0bDbPzpZarGNVi0I38,chickpea_301_aug_00346.jpg,41,904.2439024390244,5702.740456026758,36971.5,0.0,2279.027683496475
16Q3TU80MxCuppjg4jX-IPXRJrvHdlNfa,chickpea_160_aug_00349.jpg,24,1558.1041666666667,7442.807142888539,37252.5,0.0,1954.687502026558
1s9f0SHLCdUftdG5bBAGx28Fm-Qvb483N,chickpea_330_aug_00348.jpg,12,3775.4166666666665,12499.332580237591,45231.0,0.0,1375.2934980392456
11Emugo0qfgv9_5X2LgHucck3TDWjYly5,chickpea_118_aug_00344.jpg,3,16200.666666666666,22910.848967004455,48601.5,0.0,1061.279218196869
1PKi4kUOdr5RavyHBfr0qNKuKSktWq0Pj,chickpea_225_aug_00345.jpg,70,526.0714285714286,4313.70752724524,36357.0,0.0,2489.5962245464325
1im9tqCw51pqk9NRpv_GkMOG7xkSxuJkP,chickpea_249_aug_00342.jpg,10,4533.7,13531.51250267316,45128.0,0.0,1677.3422685861588
1et8RSvmtM_-qv4L8TPWczv9WjnoCu_wS,chickpea_253_aug_00343.jpg,9,4516.444444444444,12756.581624671773,40597.5,0.0,1590.655976176262
1uO4ZGkUW4rdVNkGWVOq3FnWZ0bfD6nbp,chickpea_520_aug_00340.jpg,15,2876.8333333333335,10740.223212557341,43063.0,0.0,1311.903669834137
19gOK_L6jFYK3ndSFb1pXiZTILnN9YRkN,chickpea_48_aug_00341.jpg,42,1082.4880952380952,6929.5879150550745,45453.5,0.0,1982.2266060113907
1pIc8-fVcmUA2tLJ6yRMuJsLMOljtZ7Kk,chickpea_568_aug_00339.jpg,1,48225.0,0.0,48225.0,48225.0,906.3675310611725
1PiX7COJWrF-Y4yV35mMHqHcldDWpkS-b,chickpea_511_aug_00336.jpg,30,1192.6833333333334,6420.196673367742,35766.5,0.0,1468.638731956482
1yNfMbCisfWLMsQpyLZHYKAGSjuZN4Rgk,chickpea_69_aug_00333.jpg,148,205.67905405405406,2462.112906885153,30056.5,0.0,4578.513296723366
1QkV_orUa9eIfAJabqJyMO5sVfUAMPR4T,chickpea_469_aug_00334.jpg,55,798.5636363636364,5864.002054953244,43890.0,0.0,1844.9301433563232
1KBCYTp1HmqU39rIaTIAlWtFIHI4Afedb,chickpea_645_aug_00332.jpg,10,4627.05,13865.989969075414,46225.0,0.0,1506.246816277504
1PccSmhtd50wFp94_LUVCcegRARNnVh2r,chickpea_341_aug_00335.jpg,2,24344.75,24340.75,48685.5,4.0,949.0954529047012
10OzT-zecwaYn5dmCw6bQxTfKjUubGG4C,chickpea_357_aug_00330.jpg,23,1808.4130434782608,8441.518193161823,41402.5,0.0,2223.800198316574
1FIWa3n0ykxNGAU2PUakaJnj94ISBFTFM,chickpea_341_aug_00331.jpg,16,2815.6875,10902.14169308461,45039.5,0.0,1434.8326016664505
1I6QYa9SZqpptTxXwHvnQAczAPD_wNxbf,chickpea_701_aug_00329.jpg,9,5411.111111111111,15304.403118742908,48698.5,0.0,1384.4406861066818
1GF-9ribwTxKganaksTW4P51bIeaTCbI9,chickpea_382_aug_00328.jpg,18,2271.6666666666665,9363.047552598578,40876.5,0.0,1409.0579980611801
1PvM-_g4mWsS88lMWwKr2CdAI8L1gbjcO,chickpea_382_aug_00327.jpg,24,1985.6875,9516.663544379779,47626.0,0.0,1586.2712006568909
1XkWRzZKj6wvyagRoYrXq5wVQ94_p8Fzt,chickpea_292_aug_00326.jpg,34,1152.8970588235295,6613.14641539577,39142.5,0.0,2050.452000975609
1_JtAte3z5eKbCvNAUZ-JzlIQD9UE3RCz,chickpea_40_aug_00325.jpg,8,5946.3125,15732.275111489556,47570.0,0.0,1079.203097820282
1YIi_ikxknIfJpgjmxxUAropvFxRH_zPB,chickpea_148_aug_00322.jpg,65,582.2384615384616,4606.716024631607,37435.0,0.0,2832.740447640419
1BoMSua6odyi0ljPcUNV4RQ4YszJpKFo0,chickpea_246_aug_00324.jpg,30,1316.1166666666666,7082.955950358735,39459.0,0.0,1595.124013543129
1oc-3ymt5GAg7n46MpwRCijwgeYj-Le5V,chickpea_160_aug_00323.jpg,56,757.8571428571429,5598.920622790264,42280.5,0.0,2228.1504855155945
1LWC6PuIHaMAQf9U7KE6qiGded3XieKcZ,chickpea_471_aug_00321.jpg,102,420.70588235294116,4196.032241923257,42590.0,0.0,3371.458264708519
1BbC8e9eEGSAOn-8-j-8Xl1-dRZQfkzac,chickpea_630_aug_00320.jpg,23,1698.6521739130435,7966.851933282249,39066.5,0.0,1406.0285602807999
1ERgh4sq06hv-B6me5WUau0in_Eejf2Ee,chickpea_483_aug_00317.jpg,9,4980.0,14083.976160871616,44815.5,0.0,1207.61225938797
1OWMIoTt2VPDAdNpYcSQ-H1jxSc8DRT8A,chickpea_653_aug_00319.jpg,30,1296.6,6976.184218945675,38864.5,0.0,1636.8813725709915
1ANxxsH9QsyWOUeX-HJ_EHzOeeW-wOGHc,chickpea_665_aug_00318.jpg,41,1005.8536585365854,6356.201663599124,41206.0,0.0,2138.351495862007
1Fvpqqf3thUrTUux_XsFIaapyY583rO1w,chickpea_687_aug_00315.jpg,8,5676.0,15016.717496676829,45406.5,0.0,1306.8670922517776
1il0TjbY-g2ih7GnNr7UoN5aR4HoLvhRi,chickpea_40_aug_00316.jpg,7,6296.642857142857,15420.7044880629,44069.5,0.0,1317.1341177225113
15dg7CU-ieUeeBVzpVCUHp5qhqTCqJqkA,chickpea_249_aug_00314.jpg,43,980.4883720930233,6348.582361888262,42124.0,0.0,2060.150485396385
1h9EjlRvuinBFjhIQq3TWPqplqa5Shnbi,chickpea_238_aug_00313.jpg,68,613.0882352941177,4978.545182271666,41364.0,0.0,2512.081505537033
1SQBB3RtI9CjE-YZGOXHFIt6zA9g6TPVC,chickpea_665_aug_00312.jpg,49,798.4897959183673,5525.244193042786,39078.5,0.0,1880.8468829393387
1LwDDocZQ4-o70jQm1P6_DTF-KYrzGLmh,chickpea_534_aug_00311.jpg,12,3925.5,13016.244883798092,47095.5,0.0,1347.0681025981903
1LXdJ3lDPUptt-fOW3F39GuW_1Xxptixa,chickpea_453_aug_00308.jpg,12,3593.875,11919.384163560702,43126.0,0.0,1266.4234412908554
1dxESAh9P8_N0rw9theVfcN6R065klKzs,chickpea_653_aug_00309.jpg,37,1259.8918918918919,7554.351607155232,46586.0,0.0,1890.3616012334824
1xP6kuaMr4u21d14yzu5F00l60HX1WNIF,chickpea_554_aug_00305.jpg,3,14989.833333333334,21192.108162919725,44960.0,2.5,1145.1686080694199
1-_avwVDnVIGpd21f_JuHROVVjEJHyHCX,chickpea_160_aug_00307.jpg,62,679.6290322580645,5288.808864110388,41986.5,0.0,2100.9200385808945
1Q5kAP_qa1JY7b8hGgJCRh1Kl9nFC-4wL,chickpea_520_aug_00306.jpg,24,1823.75,8744.72967230358,43762.0,0.0,1300.2884460687637
1yW3IrL7rJGZ0neVcrmRcT5RgKWxd2VIb,chickpea_567_aug_00304.jpg,16,2596.625,10052.425342454675,41529.5,0.0,1424.6315921545029
1u2BIw4jASpYZeNPVri97SepPwDTisIq1,chickpea_79_aug_00303.jpg,30,1316.6166666666666,7072.840489840148,39405.0,0.0,1675.8691798448563
1e4f8HbWL6q_KW1kexp4aM2o1xT7UZd9W,chickpea_701_aug_00297.jpg,30,1569.4,8444.422267982576,47044.0,0.0,2070.018455505371
167x2jkA-x1c9YwD4Jx89zNyNZVssMWeZ,chickpea_385_aug_00302.jpg,10,4686.85,14038.053807508362,46801.0,0.0,1275.1686084270477
1JmgGqXH0HZEHXGdOycMqG6VdD5rXLhp8,chickpea_424_aug_00301.jpg,30,1458.15,7829.54851311151,43621.5,0.0,1600.070190191269
1Gd_M-zvKx_2gi3ndEoArcviklt0GqX6R,chickpea_352_aug_00300.jpg,27,1667.9814814814815,8498.010703471944,44999.5,0.0,1697.3250235319138
1hdnkAYEoqpQbSoL9jerQUYKXZvR5009Z,chickpea_25_aug_00299.jpg,72,513.6319444444445,4312.102010615215,36848.0,0.0,2490.3241472244263
12J5sQHaqZv56npQISXms3qEAmK1vLbDy,chickpea_275_aug_00293.jpg,55,807.8727272727273,5910.18719840288,44238.5,0.0,2515.027682542801
1mTGQlFJ6x6tgKeeXPLjCI67_F6fKGO62,chickpea_593_aug_00298.jpg,20,2187.875,9513.11428880548,43654.5,0.0,1578.1534509658813
15CERKgnz3JjGj6EfY4fN6cKDXkieg9H8,chickpea_701_aug_00296.jpg,13,3422.076923076923,11852.6901926008,44481.0,0.0,1613.8275501728058
1lxLwsA6j4txoPj4Z9TLDANwi1Whj5xCt,chattim_598_aug_00341.jpg,5,9555.0,19110.0,47775.0,0.0,1354.1219252347946
14RRlvJhTOKty8kBepSAAvZdLT0w0ojB-,chattim_919_aug_00335.jpg,4,10175.25,17624.04997971522,40701.0,0.0,955.5046141147614
1C03RZ9dzUMKMGPdT9eQxe3dM0xXNiZ1o,chattim_935_aug_00339.jpg,8,5412.5,14318.239242309091,43295.0,0.0,1434.4549663066864
187vI4OyKQeQjAb5Vs1bfIDmeZbHglc0m,chattim_398_aug_00340.jpg,29,1544.3275862068965,8098.73404461746,44398.5,0.0,2600.0499802827835
11NpiDrnheVvZG1VjHAmlQKpJfj_YyJ57,chattim_231_aug_00338.jpg,35,1244.0142857142857,7250.786437627413,43523.0,0.0,1485.1240129470825
1o8FwZcnhW9BLODjsE-hrL_okLKrV0v1d,chattim_923_aug_00334.jpg,6,7994.916666666667,17865.328041620793,47943.0,0.0,1320.2224304676056
1h13uIpANW9r-1jIAtVaSYXS77TBAtTe-,chattim_580_aug_00333.jpg,11,4389.0,13868.169622622092,48244.0,0.0,1330.9503524303436
1cg3zUypJIwQ0_uD942vDLeC7qUJiP0ph,chattim_751_aug_00331.jpg,23,1684.391304347826,7899.74933415821,38737.5,0.0,1721.6753095388412
1mU7xlF7SJLOtwQBY2dTd9Q2OAMisvd7v,chattim_919_aug_00330.jpg,3,14915.666666666666,21093.938091836295,44747.0,0.0,1137.0092279911041
1luKOrivPg4Doa8WgCFKkQJqHGte2-Eoa,chattim_598_aug_00326.jpg,36,1031.0694444444443,6085.189013946506,37031.5,0.0,2195.3048137426376
1pxepby9f9eUh6vKksiUN0cwisy-Jw8bR,chattim_161_aug_00327.jpg,260,132.18269230769232,2049.954234078368,33120.0,0.0,6655.790759801865
1c91xIVY0InQWSAAJ2bkeskMTA6KjiUkN,chattim_1854_aug_00325.jpg,7,6280.142857142857,15383.145511784473,43961.0,0.0,1649.567663550377
1ZnB76nkyITDI2OUH3be2nQH-4H844OaN,chattim_926_aug_00322.jpg,1,41229.5,0.0,41229.5,41229.5,851.5807341337204
19RTQ1nQ4E2G6YIitEtP1gmA5zhbJlcby,chattim_578_aug_00323.jpg,3,16247.333333333334,22977.199152396464,48742.0,0.0,931.6812392473221
1u_i6urlR9jSeVhHmxzwK0a_eZ3zpw4Yq,chattim_980_aug_00324.jpg,11,4197.909090909091,13274.954137599569,46177.0,0.0,1415.4011435508728
1ec2DrG4OU_2FdjFYlQkZnxsTXdGP8R9V,chattim_903_aug_00320.jpg,13,3311.8076923076924,11470.850703712602,43048.0,0.0,1545.5849089622498
16qw6huWJLp-dt8ewInyoMv9tKDwLRCGs,chattim_1764_aug_00319.jpg,13,3268.0384615384614,11315.0446912023,42464.5,0.0,1651.4082845449448
1LTBHMEsw36nPandS7SEDCJ7ARE9B3sHn,chattim_942_aug_00317.jpg,114,340.7456140350877,3573.04092208609,38321.5,0.0,4367.677730560303
1xhwkpLTP02QlPgrFbl3ZCxoiiInMa8Wi,chattim_1737_aug_00318.jpg,3,15306.833333333334,21643.595859334975,45915.5,0.0,1063.9482650756836
1SzPw6IVDenXvhJRGdfcKopbitIUwvnBW,chattim_1425_aug_00315.jpg,29,1443.0862068965516,7620.131316260314,41765.0,0.0,2229.329198241234
1gzrN6ns_UcPX9dPMROWdVrUGu7GXjcwI,chattim_636_aug_00316.jpg,11,3934.2727272727275,12427.193194697953,43232.5,0.0,1649.8864243030548
1DVSuI5tTnfKYo0Lamfao7T65dcSK4LDB,chattim_611_aug_00312.jpg,2,20313.75,20312.75,40626.5,1.0,934.1736606359482
14e1IAZCgcqvJ_flCBd6U_mtvy5mFKTef,chattim_1262_aug_00314.jpg,4,10008.75,17335.086174793018,40034.0,0.0,1149.9209152460098
1_zakn6FrcTrzJsYTX7_5XStnxVQ5pXsZ,chattim_576_aug_00313.jpg,188,136.68085106382978,1818.6092313748518,25005.0,0.0,5922.597766280174
15tnRL_Cbg4pjKd-n4X-1kzmxjvlJCC28,chattim_161_aug_00310.jpg,2,20981.75,20981.75,41963.5,0.0,1000.2569205760956
1L2KHENQq6jHUQM6_0Ge9i-hkUeOTzgb2,chattim_314_aug_00311.jpg,17,2291.764705882353,9165.683858376064,38954.5,0.0,1394.454966545105
1vx9C2E06EDlNPRQi2k2WlM6L3v7sIR3D,chattim_585_aug_00309.jpg,11,4213.863636363636,13322.877093540525,46344.5,0.0,1422.1290652751923
1fEYtEotRb_nyfGNgLWroxYt1gWqtLeC5,chattim_885_aug_00307.jpg,167,194.57185628742516,2186.9202542455655,28322.0,0.0,6871.482102513313
1TcoueKjbLv5x3ZO4c59n7jdacBXAZ-Hc,chattim_1269_aug_00306.jpg,1,45325.5,0.0,45325.5,45325.5,842.6934319734573
1AYQStDxX3LyHwy0H8as2mKuCzwyjsUPq,chattim_935_aug_00304.jpg,49,905.7551020408164,6243.752746417201,44163.5,0.0,2809.385108232498
1Yw6SyKEul9zXHZtZLMcBP31jq3EuPiW_,chattim_1035_aug_00303.jpg,1,40470.0,0.0,40470.0,40470.0,1017.4457384347916
1pjjUwmQVXHw_EcJV5noKphdVCOkc8U-2,chattim_885_aug_00305.jpg,12,3814.8333333333335,12652.069296056761,45777.0,0.0,1307.4112491607666
1zM03FFp0oa_RDWBoyDiRQR01KcV-O6R3,chattim_174_aug_00300.jpg,6,7687.0,17183.06460588448,46109.5,0.0,1218.8914774656296
1ifbZiMOQtQbL84C5Q-tS7QboELhUXTdZ,chattim_611_aug_00299.jpg,36,1084.5277777777778,6407.196520259729,38990.0,0.0,2596.1302758455276
1oRa4SaWJGdeY78xLM6pOMoaYIcH0UOPT,chattim_1035_aug_00302.jpg,3,16242.333333333334,22969.774532100997,48726.5,0.0,1284.014279961586
1wsgtR0n9COROkgUeHFEUi54UkCJw0oKY,chattim_958_aug_00297.jpg,39,1127.9102564102564,6949.580502809001,43968.0,0.0,1750.5453661680222
1JcIKz2gM2Uu8aoL0UdmyIYzaA9sne6WJ,chattim_1530_aug_00301.jpg,17,2648.6470588235293,10589.463776854562,45006.5,0.0,1530.3372157812119
1h5jzvb-8ECuixWNVuSCcah3Ueky2UFzA,chattim_911_aug_00298.jpg,3,14765.5,20881.570355219934,44296.5,0.0,1077.938159942627
1MzPXpBwswWJD3GEvyu4j7yKW_HczTktD,chattim_1233_aug_00295.jpg,183,204.6120218579235,2703.401293628268,36675.0,0.0,5207.539768099785
14eadL4RxcHfQy83dT2CY5SfHJqaigsDh,chattim_1689_aug_00294.jpg,34,1271.25,7287.546153874632,43135.0,0.0,1773.5159295797348
1LQxUWEZvh2rGSLs6pwz9XUrvgHReFzgZ,chattim_748_aug_00293.jpg,36,1275.138888888889,7536.978476163662,45864.5,0.0,2552.258130669594
1QXYKEy_KMy0ucMWlbp8cf3hA70Kic3lt,chattim_632_aug_00290.jpg,280,105.93928571428572,1365.897740456878,22430.5,0.0,9289.59513437748
18K5H7MvQZABmsueaYkUDg-f6FD3ztMxN,chattim_1369_aug_00291.jpg,70,506.6,4179.473323449807,35223.5,0.0,4012.5751358270645
1UlsQ82EvhH9vgPti7VBMzxBczvUe1K8j,chattim_174_aug_00292.jpg,4,10147.75,17575.263900934744,40589.0,0.0,973.2447282075882
1dl5TIPFooCjccvBFW64wAG3I6GSo58wi,chattim_1254_aug_00289.jpg,5,9739.4,19478.550000962598,48696.5,0.0,1164.156415462494
1RdR71hXuKLac72IclkWP978EH06R8tU2,chattim_935_aug_00288.jpg,22,2063.3636363636365,9356.505459477012,44939.5,0.0,2221.4986830949783
1zm0sOy-4A1a6t5GbmMAVM5mHcKiOcTOx,chattim_945_aug_00287.jpg,12,3942.3333333333335,13074.637454077094,47306.0,0.0,1727.709799170494
19KEooQYsQeImpSRELcynvtOzYtbJjOI-,chattim_563_aug_00286.jpg,90,411.3777777777778,3837.89970941219,36617.5,0.0,3929.5213137865067
1nZrtUzBy_KbC2O1F33CAOUjRh3oKjjAH,chattim_587_aug_00285.jpg,4,9905.0,17150.189984370434,39610.0,1.0,1175.29349899292
17M7JRzI7MDlhVJmkXXeZ348M1TeRmVIw,chattim_751_aug_00284.jpg,89,410.13483146067415,3541.225198824098,33580.5,0.0,4966.883793115616
1Jrg8zbSi_6y76FMD8Tww_LFipuiRuo3f,chattim_1170_aug_00280.jpg,31,1511.0806451612902,8256.006321008277,46731.0,0.0,2211.0794179439545
1VLgiFosKpc69vrDcq5Cmmo0UIBajRoyc,chattim_1684_aug_00283.jpg,44,869.6931818181819,5693.353188164316,38203.5,0.0,2704.549541115761
1LrMJU3Y80vf814WvIrpPwy8-KWZNsZzU,chattim_897_aug_00281.jpg,123,261.4105691056911,2768.9077768237353,30833.0,0.0,4451.861494898796
1U6u963CLrV1RqifIPaFYPXaigEUQNo2z,chattim_624_aug_00278.jpg,6,8054.833333333333,17997.517094187064,48298.5,0.0,1631.4255285263062
1s0CW2B0EyPX4slBijHMSSL3vlglQMwo1,chattim_644_aug_00276.jpg,9,4899.222222222223,13850.376054082655,44074.0,0.0,1388.8569877147675
1f-o8UorQymMHKK5eUfm8nb4A5K-Dczm2,chattim_885_aug_00277.jpg,23,1880.3695652173913,8818.222668228844,43241.5,0.0,1400.673222064972
1ICK1d6fWPdTD5XQpaPYNhCNP7U_fGX0J,chattim_100 (1)_aug_00275.jpg,7,6307.285714285715,15448.611049118259,44148.5,0.0,1249.8031647205353
1gtacWoFUAwSAYybiweFLGuX86SVs_hdY,chattim_906_aug_00274.jpg,9,5275.666666666667,14890.042468785045,47391.0,0.0,1557.342268705368
1ToRLIhfiSi6zzxsonQtsMe8fbdDGEK8I,chattim_133_aug_00272.jpg,112,332.5580357142857,3377.705603175201,35910.5,0.0,5003.317337632179
1NEW1MSKIDQfi7unua58SoPW2pnf6MaVx,chattim_751_aug_00271.jpg,85,479.9764705882353,4237.387994636959,39304.0,0.0,4489.913228392601
1Np6Ulfh7UVKWTl_xfnzOkL8FnTLoN3vw,chattim_963_aug_00273.jpg,13,3432.230769230769,11888.874470592868,44616.5,0.0,1185.7787796258926
1SkL22JTpN7zdjZWn0UQ3IszOG2ODjhV3,chattim_1247_aug_00270.jpg,12,3346.2916666666665,11083.022992130678,40104.5,0.0,1347.9036697149277
12GVNCxt6gPtd0ERx6tcXBG7-VCoJPJV3,chattim_1269_aug_00269.jpg,3,13266.0,18760.957118441478,39798.0,0.0,979.2691136598587
1Xtsdiz9xtQmzZjLpStPBnxe8Fx_abxcJ,chattim_840_aug_00268.jpg,60,549.8833333333333,3512.9287631152188,27413.5,0.0,4788.599519371986
1_CgH9maJODhZ68nWt28P3DYaSbRly2lC,chattim_1164_aug_00266.jpg,30,1274.3666666666666,6793.882039420139,37860.0,0.0,2712.5667868852615
1sD3vgvuvQz3O_3X58W7uAX6iT8q7GdKq,chattim_900_aug_00267.jpg,27,1711.7777777777778,8709.774139535903,46123.0,0.0,1422.3473210334778
1mJgyC4TEHro99ZK5LObYcdnp2t6HRVjj,chattim_987_aug_00264.jpg,4,10027.625,17367.77863377683,40109.5,0.0,1017.4873689413071
1Pw_QuKui34CIWPI5CjN3Q6qoH7okW4f4,chattim_745_aug_00263.jpg,31,1492.1129032258063,8166.158149999377,46220.0,0.0,2429.1870621442795
1rKkCG4RDIU3SlAysSlD-UN3v7po5zrHF,chattim_958_aug_00265.jpg,16,2661.1875,10304.540218811015,42570.5,0.0,1475.3178839683533
1JFRXZYGU9RP7jvmJBfDcuaUZRf7AJdJP,chattim_1470_aug_00262.jpg,23,1823.8260869565217,8538.410504772837,41872.5,0.0,2190.5768917798996
1PkoxuLvefZuIWHdsxe9wqFHaKieL1Mr_,chattim_1252_aug_00261.jpg,27,1748.2962962962963,8908.812292767429,47174.5,0.0,2119.6652042865753
1UYwkOOdCJgFTmTjnS89LPTkTIhohAjpR,chattim_624_aug_00258.jpg,11,3878.5,12262.522302824682,42656.0,0.0,1620.6976068019867
16ejJIcte80ITXT4Po0cO5kEvtS_pyoBY,chattim_969_aug_00260.jpg,5,8933.5,17867.0,44667.5,0.0,1032.884337425232
1epB04f5Tsq45DP7MtUJUwK3FLFrXrgaY,chattim_1413_aug_00259.jpg,47,850.7978723404256,5729.5708814657455,39710.5,0.0,2932.563821911812
1uqEZAhLawne-2rQM24JxaohgyhmfneIB,chattim_885_aug_00256.jpg,56,630.9375,4586.468541168626,34641.0,0.0,3133.499893784523
1rJTJXwnhxJi9cZGJXj1WuoWX9HThktPI,chattim_853_aug_00257.jpg,9,4056.8888888888887,11473.907473475483,36510.0,0.0,1028.2985509634018
1S9OXTQR7QNI4DAFzeRd6vvdSHA6sNTT8,chattim_1551_aug_00255.jpg,35,1251.5142857142857,7286.8022238699405,43740.5,0.0,2227.890600323677
1EkUMMEHVWY5b8bZX117fBUi1GEm5drJn,chattim_133_aug_00252.jpg,13,3643.769230769231,12617.335601366667,47351.5,0.0,1246.2396759986877
1604WhEn-uOpvcALygS56KtPv-J3HYWxS,chattim_108_aug_00254.jpg,7,5665.857142857143,13877.642465785148,39659.0,0.0,1224.239676117897
1XOG6xh_nW9Bnq7JvrANVlOQ3OmToz9D-,chattim_1262_aug_00253.jpg,8,5207.3125,13773.852508778862,41649.5,0.0,1464.4377208948135
18bP1cJSv2kWeMVK6Rp-W5KiSWQ0BjQcL,chattim_585_aug_00250.jpg,5,8458.2,16914.650024756647,42287.5,0.0,1115.8721442222595
14yGa3g6VBd_DgEGE0gv8eakMrpo7935N,chattim_592_aug_00251.jpg,4,11470.625,19867.705294569754,45882.5,0.0,1142.2224307060242
1ho4LR7n8feS9flw7Ul1x5FfBs6Lisuy5,chattim_951_aug_00246.jpg,33,1278.7575757575758,7216.962896979726,42104.0,0.0,1892.836776971817
1Z5NM2ZDpXL4vBzXjZ2V2UPCQXbQ-oKTQ,chattim_395_aug_00244.jpg,10,4665.95,13991.016940254915,46639.0,0.0,1289.9137749671936
1MWUZ0rSKiBbHIOx6TSgs2PFPQiOJNmdY,chattim_947_aug_00247.jpg,34,1225.8676470588234,7037.634658944496,41654.0,0.0,2187.32919716835
1D6bHoRt6m9TGwipxkvfHcOEtQKo3bSoM,chattim_729_aug_00245.jpg,4,9801.625,16969.118603270912,39193.0,0.0,1045.428493976593
15JZztHp9zkBBvdGBCgbm2lSoMIiv2Lx_,chattim_1435_aug_00243.jpg,19,2258.5526315789475,9580.577397025078,42905.5,0.0,1821.5159298181534
1cIkeitPSE5OLvRx4XXRaFp3bikk9U9kg,chattim_178_aug_00242.jpg,170,215.8470588235294,2737.2374701120593,35796.5,0.0,4012.256375670433
1GqS1Ojd8AKgSSEuSfyn2ehluvmxKrJmn,chattim_865_aug_00241.jpg,14,2886.285714285714,10406.512464239271,40407.5,0.0,1458.5971019268036
16RPvAtZHtkiTNLdCOyYuu0N3JGe3NhRh,chattim_1492_aug_00240.jpg,11,4381.136363636364,13853.57908643583,48190.0,0.0,1438.64883685112
1hk8pbcupAXogA_k4fpdWfHEgHR78oUN1,chattim_958_aug_00237.jpg,35,1049.8857142857144,6114.287983410794,36702.0,0.0,2129.949474811554
1ydppgBwhR1q_-gCUmXefqokiUbZnnoxG,chattim_942_aug_00239.jpg,84,480.29761904761904,4344.711218497403,40062.0,0.0,3272.771972179413
1t16NQ_ub6V7G4hCPCST_fTOqBugfYuWc,chattim_742_aug_00232.jpg,10,4643.8,13921.402767321977,46408.0,0.0,1288.666081905365
1rA4p6xkMOM-wUzeeMQseqoTd0tesHtGN,chattim_1399_aug_00238.jpg,14,3268.0714285714284,11772.661529785775,45715.0,0.0,1739.1900277137756
1y9hcS-KHUOJTmJpBp4v4LkhAtGQF6Lp2,chattim_1676_aug_00235.jpg,193,176.13989637305698,2334.341170018981,32518.0,0.0,7379.3958786726
1fFNPNVFv8SJjhfbVPZe8PobvVTEiv5-P,chattim_673_aug_00230.jpg,23,1860.5652173913043,8701.47126902955,42674.0,0.0,2298.7434124946594
1wYcr-cyW6bBBo6uLh2DzM4wLmdFCVCju,chattim_751_aug_00233.jpg,9,5388.777777777777,15241.765235896162,48499.0,0.0,1566.1118202209473
1tQBcrT3cbHL-fJfIFrDKbO4UQx9cu30B,chattim_108_aug_00226.jpg,10,3948.7,11845.266677453912,39484.5,0.0,1481.2245186567307
1oRPY4iem6K7aLcAEfyKbc3M8XzJ8rr7S,chattim_969_aug_00231.jpg,12,3791.875,12573.513091556459,45493.5,0.0,1364.2224304676056
1zc5l4xD0marYAa-aa7DZy8vnE81dX-mW,chattim_926_aug_00225.jpg,46,913.8260869565217,6115.823713778474,41940.0,0.0,2881.4927541017532
1jTXu9BBj8n-bdgtPQDMTl4G0ax87a2mU,cardamine_asarifolia_195_aug_00457.jpg,44,793.1022727272727,5160.87722742808,34635.0,0.0,2849.7110100984573
11PTETBsEjSEiW6ZlKEIFnrNAF4oVI9pp,cardamine_asarifolia_252_aug_00456.jpg,11,4144.454545454545,13095.95626598765,45557.5,0.0,1468.0630506277084
1GxSAqRoTSpVQilHVUe-KVGRgrfdbGNIV,cardamine_asarifolia_57_aug_00455.jpg,14,3233.464285714286,11643.170009654781,45213.5,0.0,1570.187940955162
14xjh-Vfi_H5Ndnvp2-Lobdsa3SpgsmKZ,cardamine_asarifolia_521_aug_00453.jpg,47,798.7978723404256,5329.800611674722,36943.0,0.0,2472.608416557312
1fKXLoJmaRALvaDbTrC0QhEjuprN6kn0z,cardamine_asarifolia_113_aug_00452.jpg,13,3233.9615384615386,11193.680563434576,42010.0,0.0,1869.8834598064423
1l7HNNhw1zJfAnoGfz3PUkhbyMBEMIZd8,cardamine_asarifolia_330_aug_00448.jpg,25,1448.72,7090.309973590716,36184.0,0.0,2260.483526468277
1aaBcFn6xCYXOnEOW9lRorodembPLrAVD,cardamine_asarifolia_434_aug_00451.jpg,24,1707.8125,8050.650245234465,40312.5,0.0,1874.7707624435425
14FCZY9Cr3pq9VxgAv1KdYX2E42AXXD_t,cardamine_asarifolia_503_aug_00449.jpg,44,941.9090909090909,6170.41152789291,41404.0,0.0,1786.7291322946548
1Yf9fWKX37OFWfv1h6v0cf9soBuT0bXQW,cardamine_asarifolia_167_aug_00447.jpg,3,15556.333333333334,21946.2408828685,46593.0,23.0,1099.8477598428726
1kQXtHOQwFdmvbgey6hxmlXTB32Bsy6tM,cardamine_asarifolia_654_aug_00446.jpg,47,1014.6170212765958,6862.0867710432885,47555.5,0.0,1634.773727297783
1xjTjfDAlXinQIVFV2IrUD9ocJXauNQGH,cardamine_asarifolia_339_aug_00445.jpg,24,1825.8541666666667,8736.696276195176,43725.5,0.0,1762.8052518367767
1E4xAq4SK8xWc0Eh1WE_lz-MuhCAX2jR4,cardamine_asarifolia_330_aug_00444.jpg,28,1415.3392857142858,7329.814948518691,39502.0,0.0,1683.5504187345505
1f5ybBan725C6UtNRp7D3SoUZT7-FqwzP,cardamine_asarifolia_132_aug_00439.jpg,17,2805.1470588235293,11194.605708271632,47583.5,0.0,1461.4772639274597
18zqYs4Mm5lDQ2pHgsfaGShUkb3A4x0fI,cardamine_asarifolia_393_aug_00441.jpg,31,1382.1290322580646,7566.033792834817,42823.0,0.0,1283.4945088624954
16tNV1ZvZHMBRPJMCDIwaSroMP-JWirvP,cardamine_asarifolia_611_aug_00438.jpg,15,2526.2,9250.298405637157,37131.5,0.0,1709.047892689705
1Fd4SzUHoJT0-UvGrcL5mJsXDbhEhkxDO,cardamine_asarifolia_157_aug_00437.jpg,33,1390.1818181818182,7846.921241285792,45779.0,0.0,2075.072277545929
1MOiX1FZC6ZsQJ6gtd6zK6q3VJTUY36Lx,cardamine_asarifolia_100_aug_00435.jpg,2,20098.75,20082.75,40181.5,16.0,1110.3990556001663
1-NgRtjCHXkS1d3aqQ1OJ2JfqoPgpjf4C,cardamine_asarifolia_43_aug_00432.jpg,29,1477.0689655172414,7795.701242179098,42728.0,0.0,1810.1362051963806
1mXD6PZxEYCZtPpKRW0T_axied7hHB6kN,cardamine_asarifolia_57_aug_00434.jpg,9,5062.111111111111,14312.155911007527,45543.0,0.0,1350.8326026201248
1XxoGSpzzf1U2zVoKDPaJQDfzlLUSir8j,cardamine_asarifolia_113_aug_00431.jpg,1,40280.5,0.0,40280.5,40280.5,824.5512965917587
1jrqOY3hX5-5a8oEgSFq4sEkeu-UFOoZR,cardamine_asarifolia_434_aug_00428.jpg,20,2254.975,9824.390696723895,45078.5,0.0,1446.1635547876358
1g5c-XgYHHOzHPCQiz4rNYQ7lUUeEGEea,cardamine_asarifolia_477_aug_00429.jpg,32,1245.296875,6821.169399903343,39219.5,0.0,2149.9667209386826
1plq-maSPHsZ-nqGKJrFLuFTupU_OgQxF,cardamine_asarifolia_90_aug_00427.jpg,21,2089.785714285714,9339.545360316793,43857.5,0.0,1758.520981311798
1NDpLDlN3JDsm7jomMSNOvVNXir3Z9co3,cardamine_asarifolia_503_aug_00426.jpg,61,695.5655737704918,5384.471350579208,42403.5,0.0,1910.6875026226044
1vVA64570e2APfE37HP6tFXzU7OpY16Yl,cardamine_asarifolia_43_aug_00425.jpg,16,2607.125,10085.219459529624,41667.0,0.0,1598.17069542408
1l-4LOUaXI51GZ8vrGazNEJs9Bg2_ERAc,cardamine_asarifolia_281_aug_00423.jpg,28,1532.75,7961.323520957878,42901.0,0.0,2235.949475169182
1it_pUOacJRu26G7fCb0QSOUjitnz37Uy,cardamine_asarifolia_252_aug_00422.jpg,13,2947.5,10202.79038943608,38291.0,0.0,1506.6143465042114
1yHenHXoTZlI66YKz-yreLN0AwnoVpfmz,cardamine_asarifolia_157_aug_00420.jpg,18,2156.1388888888887,8888.29070057523,38803.5,0.0,1825.2316575050354
1c2llsrPBoIliQMknNudmN6xJsgNgZ6ZD,cardamine_asarifolia_574_aug_00419.jpg,42,1128.4880952380952,7208.052022439323,47282.5,0.0,1714.4133356809616
10QdcAI9LIiRX40B3KlXOe8owlDAdFQBJ,cardamine_asarifolia_157_aug_00415.jpg,17,2177.970588235294,8707.507809306573,37008.0,0.0,1536.6387317180634
1A826ErWaV5f72NMQyv1l9nk5_EMEr-U3,cardamine_asarifolia_132_aug_00413.jpg,16,2395.65625,9267.497168732287,38288.5,0.0,1522.9574928283691
1oP_4B9eB5eDqs9-R-F33E7DePR_3nVwj,cardamine_asarifolia_281_aug_00418.jpg,9,4139.888888888889,11700.712691441247,37234.5,0.0,1397.175747871399
1dMIg2gV7CBTSAnawzwbr9Sk5bx0ovDKL,cardamine_asarifolia_167_aug_00414.jpg,8,5912.125,15618.014097809459,47233.5,0.0,1190.0142802000046
1Yi9-4HUGC5kSOKhXdy1rhRGbxk4TfLUx,cardamine_asarifolia_148_aug_00416.jpg,3,15084.5,21318.209856833666,45233.0,2.0,964.3746712207794
10Kopge_1URvBp4Z03HXZwpg-e1hZF_FO,cardamine_asarifolia_371_aug_00412.jpg,30,1433.6666666666667,7681.045137580925,42797.0,0.0,1834.8468825817108
1YAtXxSUfgQffxeCJKytGmyghHgThhf91,cardamine_asarifolia_2_aug_00409.jpg,11,3843.6363636363635,12136.309063547715,42222.0,0.0,1310.2051856517792
1diYUTEY4U_T176CChqV6U3yRZpH6iARD,cardamine_asarifolia_52_aug_00411.jpg,16,2498.75,9643.32556421798,39847.0,0.0,1750.444861292839
1rE4bkaX27LiqrHbt3hTQfSLH7AKWpEyq,cardamine_asarifolia_113_aug_00410.jpg,20,2083.05,9067.190348862208,41606.0,0.0,1540.7148522138596
1KauTHT-jeMaWKueR0XffaFY06lPx7fFC,cardamine_asarifolia_477_aug_00407.jpg,39,1036.9358974358975,6387.884807195056,40414.5,0.0,2274.2165001630783
1MC09EIWVXY27h2Yc9SEXX5j4WAPCC01_,cardamine_asarifolia_57_aug_00406.jpg,10,4017.1,12041.134655421807,40140.5,0.0,1131.2691134214401
1iiNrSnwiM0A_uLYx7HiDJkbAbvwIX-cz,cardamine_asarifolia_157_aug_00408.jpg,21,1936.5,8650.677472781843,40623.5,0.0,1910.3687416315079
1slRCj7uX8-fCQRA7ucR3l4nLjjEpVtmG,cardamine_asarifolia_175_aug_00404.jpg,15,2816.733333333333,10529.497091293371,42214.5,0.0,1906.7535170316696
1bpNtsvVoreeEjjCFZoNLnzHEL1aQbPTV,cardamine_asarifolia_477_aug_00403.jpg,35,964.1714285714286,5535.705452453782,33239.0,0.0,2166.660152196884
1lKNtfUozGHIR4vadfs7ufLNK5-AyM3qC,cardamine_asarifolia_238_aug_00405.jpg,24,1851.0833333333333,8869.873595335066,44389.5,0.0,1711.106768131256
1rFxpVLCi8QMyC1_Koq_d9jDJqHOcA18x,cardamine_asarifolia_90_aug_00401.jpg,6,7095.583333333333,15850.555451404709,42538.5,0.0,1618.4722110033035
1PZNyVoGKPy2vNoOVSBwKwAnJn-wJzSH0,cardamine_asarifolia_157_aug_00399.jpg,34,1204.1911764705883,6911.720331537781,40909.0,0.0,2278.5840314626694
1mtDkrheEeY54LeYzt_oxovWQRKQkniPB,cardamine_asarifolia_238_aug_00402.jpg,13,2802.076923076923,9701.771941340157,36410.0,0.0,1681.7097990512848
1phvfheOKsUzkYd3Nw9iyLFA4lMtV7xsa,cardamine_asarifolia_238_aug_00400.jpg,32,1336.84375,7426.986668601603,42688.5,0.0,1737.7341848611832
1cFNn1ldJBfGzbjHXi5xd5l9_HVajtv7m,cardamine_asarifolia_100_aug_00397.jpg,17,2710.470588235294,10832.38307314012,46040.0,0.0,1816.4793512821198
1amwVLG9ZNKagZCgsvoDCPjUD5qcZrmh9,cardamine_asarifolia_57_aug_00396.jpg,17,2544.3823529411766,10175.529515820572,43246.5,0.0,1858.604241490364
163h39GD1YNtcC0w2Ww4Ao87soLms0dWv,cardamine_asarifolia_90_aug_00398.jpg,8,5166.8125,13666.132588760938,41324.0,0.0,1318.6488370895386
1II_qo9X2NXV-5CWPj7PIkejyUp8dqIgi,cardamine_asarifolia_167_aug_00392.jpg,5,8202.5,16389.751175658526,40982.0,2.0,1210.8843373060226
1YN2q0mEbqKDPtWpMYe3M4-IjY2xKDFJm,cardamine_asarifolia_57_aug_00395.jpg,2,22474.75,22474.75,44949.5,0.0,933.5218588113785
1Bb7T907hZA7hteBGBBP09zGuehK88Fih,cardamine_asarifolia_175_aug_00393.jpg,11,3692.090909090909,11669.408586747779,40594.0,0.0,1496.3128308057785
12TGoYOGc54f6TQL10uxQ2TTXjMdJNFy2,cardamine_asarifolia_205_aug_00394.jpg,25,1439.44,7046.072113340879,35958.0,0.0,1802.7880074977875
1cA2V7obD0Vvkz3X0g-QgtZEesRKHIhok,cardamine_asarifolia_548_aug_00391.jpg,48,795.2291666666666,5355.741872006714,37507.5,0.0,2456.7677969932556
1FKwMlrtvnODBrwYiXLH8XmfAIzEIO3jD,cardamine_asarifolia_357_aug_00390.jpg,43,874.3720930232558,5663.030173437866,37575.0,0.0,1390.489456653595
1fGIlh3LwktcE6W5IAEEF7zaO7XqHJ_by,cardamine_asarifolia_330_aug_00388.jpg,20,1953.775,8487.658208356117,38950.5,0.0,2033.8834601640701
13glaFFAWrxeN8CPsT1Sf0dUuUoT5EN8u,cardamine_asarifolia_533_aug_00386.jpg,10,3842.45,11515.019241082493,38387.5,0.0,1600.7564814090729
1XyZ6xgTndvYV7imihEGKsVG72THC9wto,cardamine_asarifolia_132_aug_00387.jpg,2,23370.75,23368.25,46739.0,2.5,1024.5168067216873
10WuBj3bFOqVKOGYRvFgZQzxlLS-RQy4W,cardamine_asarifolia_548_aug_00384.jpg,53,636.9528301886793,4517.555738621118,33209.5,0.0,2583.034823179245
1etosE2qlu9I2Umlj77EaOe25iCX5l6gE,cardamine_asarifolia_71_aug_00370.jpg,21,1818.047619047619,8124.854695997078,38153.5,0.0,1611.910809636116
11TAu5yHOr4167TKJdb7LbvTe6X0fpWDB,cardamine_asarifolia_407_aug_00382.jpg,24,1719.6875,8236.073477660764,41218.5,0.0,2087.9078451395035
1dvz6Ii-dEIFSbvk57inyLSxrTSSRrED0,cardamine_asarifolia_548_aug_00383.jpg,38,1118.9736842105262,6672.949552945053,41702.0,0.0,2067.640819787979
1eWaj52ZH3D4mitVOj-1kx4b1sPbcct1r,cardamine_asarifolia_113_aug_00380.jpg,3,15139.5,21399.17252294272,45402.5,7.5,1302.3401807546616
1E2o_LvsWJA2RENd8A1m4xT12Wre6LMNR,cardamine_asarifolia_330_aug_00379.jpg,26,1479.7884615384614,7376.066078323183,38360.0,0.0,2227.6479592323303
1q6TWLvxaErNEs17xoy_p3H339R81I4cf,cardamine_asarifolia_183_aug_00375.jpg,7,6730.642857142857,16454.601233858757,47036.0,0.0,1319.4284934997559
1b9l3YzEWKW2QBrzbJRr9iWrfvjVXlxZj,cardamine_asarifolia_57_aug_00378.jpg,8,5762.5,15156.099766265726,45861.5,0.0,1719.5432790517807
1Nmmo41u7moREzXLD8VWTOdHwmdfjBtJh,cardamine_asarifolia_281_aug_00377.jpg,22,1651.8863636363637,7568.366815135906,36334.5,0.0,1825.599189043045
10WxbLjbHFxhoJwT0ZeAbETaS83bkJ8aw,cardamine_asarifolia_43_aug_00374.jpg,35,1177.9857142857143,6840.665211476893,41065.5,0.0,2442.5251561403275
1I7Brq3atl4kJcOqXmQJH6QAseCMm1hPe,cardamine_asarifolia_71_aug_00369.jpg,6,6424.5,14365.171512492754,38546.0,0.0,1071.210238456726
1hnDfzoo9HuVUCCs6dbsFjE_uTZBK4smJ,cardamine_asarifolia_132_aug_00372.jpg,13,3161.269230769231,10934.656690849766,41040.0,0.0,1604.4965969324112
1mf_l5AyO_AjLlqkH2DJCiYuA98PYgEi6,cardamine_asarifolia_269_aug_00371.jpg,19,2036.7105263157894,8639.263256411014,38690.0,0.0,1745.6336793899536
1SOi0IA87F6JpeSAA8zu-c-VFL8wHo_Wx,cardamine_asarifolia_357_aug_00373.jpg,35,1255.7714285714285,7286.884495293932,43745.0,0.0,1859.1311528682709
1uVEoHIH4gvMTu10gOQz5sfR-WkgOZ2jN,cardamine_asarifolia_183_aug_00365.jpg,21,1951.2619047619048,8716.806274879971,40934.0,0.0,1972.5453666448593
1oYkO16LglrnoGqAszfkTUfr1uHGlGEDh,cardamine_asarifolia_269_aug_00368.jpg,22,1920.4545454545455,8793.973189206306,42219.5,0.0,2246.317006111145
1wsNmKO6wCzm9j6OSMjBwD32_r2VoCwkg,cardamine_asarifolia_503_aug_00367.jpg,122,360.05737704918033,3952.58688542982,43838.5,0.0,2061.498683691025
1L_RYHgZQTg7T8AARpKdvBw9JnWSR2tmk,cardamine_asarifolia_393_aug_00366.jpg,60,769.6083333333333,5907.633422877322,46147.0,0.0,1754.2367109060287
1hNTJpkP-uJ7FucGJ-SI8uHTe0OrBmyoY,cardamine_asarifolia_521_aug_00362.jpg,42,893.9761904761905,5608.136912592763,36797.0,0.0,2257.949474811554
15wlEz7OqE0Cbi5PhYXMFNebN1nhbfxRk,cardamine_asarifolia_100_aug_00364.jpg,34,1089.1617647058824,6208.069594014414,36751.0,0.0,2100.1921154260635
10uSnBpoLKkOc968UHp9q70JBNbkcQeV6,cardamine_asarifolia_574_aug_00363.jpg,62,598.3709677419355,4593.991544832864,36474.0,0.0,2340.5424021482468
16snD3tjEQaGWpitO4jOLq_GJbBkVqEVT,cardamine_asarifolia_568_aug_00361.jpg,79,423.61392405063293,3726.150918070349,33332.0,0.0,2208.015490412712
1N5qNufoGXgss4_Gv5Q73yxsDCcVn_WWF,cardamine_asarifolia_371_aug_00356.jpg,34,1319.1323529411766,7514.5864689056025,44486.0,0.0,1971.373793721199
1pFzxWJaZf_PYkvkdz8SMjUO96RpCU9CS,cardamine_asarifolia_71_aug_00360.jpg,17,2686.5882352941176,10743.603072410515,45661.0,0.0,1860.3372161388397
1E8ULyj0_HHVzb_oCuBM48p38h2J5wQn3,cardamine_asarifolia_407_aug_00357.jpg,40,1012.775,6258.698361031229,40096.5,0.0,3068.380056500435
1UHGMbAwNBU4wI6bZslaAnUqfe9-548FH,cardamine_asarifolia_371_aug_00355.jpg,29,1311.344827586207,6872.89838110211,37678.0,0.0,1857.4154238700867
1Xo26ImsRa8TFgVmir7sHPKyoun1Vlmez,cardamine_asarifolia_330_aug_00358.jpg,13,3503.8846153846152,12123.813220514292,45502.0,0.0,1591.1585025787354
1EEnbF4zznWN_DY9fUHJGZ0mTFrxWc8nV,cardamine_asarifolia_252_aug_00353.jpg,5,8888.7,17772.650380852036,44434.0,0.0,1010.1147853136063
1QXCf8bFU8bJmCWs72MycFUBEdfpJY91s,cardamine_asarifolia_434_aug_00350.jpg,16,2667.40625,10320.622477318699,42639.0,0.0,1738.0356998443604
1Ltzx-VlElV-CIHD9UBak0XQUq_1sJSey,cardamine_asarifolia_167_aug_00351.jpg,18,2501.6666666666665,10300.089543839467,44970.0,0.0,1607.5676634311676
1-PuwkOxblzB7IakTaMUbw-FmYtumO3n-,cardamine_asarifolia_57_aug_00348.jpg,26,1509.0384615384614,7505.022534844296,39034.0,0.0,2011.2387982606888
1_9FhXLiD92VwgWCpe6Ian_FjTH2qRJqp,cardamine_asarifolia_205_aug_00346.jpg,14,3003.1785714285716,10826.450270067984,42038.5,0.0,1597.5849089622498
1YCRiXRcaDiozK8iSMeD0RkjVYjs1VQtY,cardamine_asarifolia_548_aug_00345.jpg,53,684.1132075471698,4843.707368544235,35607.5,0.0,2195.346443414688
1gwvKJ2qULQ5mzDrqy6RextWXrVCBH8F-,cardamine_asarifolia_157_aug_00344.jpg,14,3113.035714285714,11218.94052240019,43563.5,0.0,1568.1534504890442
1UJnaSgttSUP28De772zrZjbhvDXTmfmF,cardamine_asarifolia_213_aug_00342.jpg,9,4223.611111111111,11942.287587434314,38001.5,0.0,1119.7371497154236
1RMyqIo9mr3wwhL4eXaJdTFd-zTQSBf6O,cardamine_asarifolia_357_aug_00339.jpg,21,1750.8809523809523,7787.664141669613,36578.0,0.0,1904.3443561792374
1ZCDX48giHZWzdHZfABmuZ89AMiQMSHGX,cardamine_asarifolia_589_aug_00335.jpg,60,556.9083333333333,4194.7368039124,32772.5,0.0,2315.2703236341476
1dEjqZP7JBeAiHsmqECNSnqWwyLYbZeT4,cardamine_asarifolia_393_aug_00337.jpg,22,1837.0681818181818,8389.51053574892,40282.5,0.0,1690.2367111444473
1C78VlRxcTMTiv0wtejzqwy9SevoZSJBK,cardamine_asarifolia_574_aug_00336.jpg,67,471.4925373134328,3758.2886849597585,30999.5,0.0,2653.017578482628
11lvSn0Z-qDfYH_rpUD98T5c9DuAu0Z_C,cardamine_asarifolia_157_aug_00338.jpg,15,2515.1,9407.301960356825,37714.0,0.0,1381.5016486644745
1-mkc7K47Ee_oILqzMKAn4997SS2wq8Dl,calotropis_610_aug_00441.jpg,54,830.3888888888889,6007.756085436456,44567.0,0.0,1478.9158625602722
1Xrsu9d-q2304Uvw5mtcs-pEV6SIyX95b,calotropis_473_aug_00439.jpg,14,3283.3571428571427,11838.035186919098,45966.0,0.0,1504.3717061281204
1Wf2Jwq5zdavJKvMIc-9eWqArWXdhDhOT,calotropis_464_aug_00442.jpg,29,1416.9827586206898,7488.331858669513,41041.5,0.0,1153.168607711792
1ApaN-8_GumV_AQnQySEAPNVl4GsGwR-J,calotropis_114_aug_00437.jpg,29,1494.2931034482758,7851.935034421772,43042.0,0.0,1418.3300762176514
15tglsq50rVMY-Xw9XRoy3pstCPcFbPRa,calotropis_520_aug_00438.jpg,37,1185.918918918919,7097.437633850602,43770.5,0.0,1286.0386650562286
1Xn6QkPswZfyNxpgwHbyQqealEKI_zV3i,calotropis_615_aug_00433.jpg,16,2835.90625,10981.8685116348,45368.5,0.0,1100.3157960176468
1FhUUGpn_AD6SqfHb8e2aCsqs_OdZfqoW,calotropis_210_aug_00436.jpg,11,4155.454545454545,13140.542963831347,45709.5,0.0,1226.5239466428757
1x5Cdph0FCXcu3Nd7juqbEzt7FJTtevcR,calotropis_35_aug_00432.jpg,76,527.4736842105264,4477.241569501906,39298.0,0.0,2323.4297038316727
18nbs77N6IdgBGBttDTGaDR-fm0kUHdhT,calotropis_298_aug_00435.jpg,14,2923.6785714285716,10540.224959660734,40927.0,0.0,1046.315796136856
11N1ZVCPXWcrmr-f784NEpGc4CFwlDgTR,calotropis_397_aug_00434.jpg,17,2624.4411764705883,10480.27683441385,44545.5,0.0,1240.707711338997
1q65sKNW-2ePXosGb2GtA52_k0s12c47v,calotropis_669_aug_00429.jpg,1,46227.0,0.0,46227.0,46227.0,954.3919162750244
1aQBp-vdfiZB2HSaJKyx2VD0qQWNtJ0Er,calotropis_242_aug_00431.jpg,10,4548.9,13646.366668091548,45488.0,0.0,1059.7300099134445
1APt6K5b2JJQmq_OfVo_EkKdZL0qIbohr,calotropis_242_aug_00426.jpg,15,2932.6666666666665,10962.347272469626,43950.0,0.0,1167.293498635292
1v5IbXXrTlQvBNaJE9x4-hYrscqXVFjZE,calotropis_242_aug_00424.jpg,16,2675.71875,10300.564515732787,42569.0,0.0,1493.1585029363632
1o2Mne7u_ybicY7FQAHDi3h9Ey3oEei0P,calotropis_648_aug_00427.jpg,16,2464.90625,9544.475362445855,39430.5,0.0,1064.5168067216873
1YYSg-2RgzU949Y1un-_31fnjkNgus_Fe,calotropis_554_aug_00425.jpg,37,1102.3648648648648,6606.606582489421,40742.0,0.0,1143.3940035104752
1j_ScN2J8J-r7EU2YQZfZftavlbp_kVH9,calotropis_156_aug_00422.jpg,27,1711.5,8688.113036190864,46012.0,0.0,1287.7371499538422
1Dp94FKdyBp4T7Riabv12hlGlvfTO5XZ3,calotropis_559_aug_00417.jpg,29,1392.103448275862,7341.961614675428,40242.0,0.0,1452.6559768915176
1nm923HIJMP5GOOmW_K1GKH98New-W9Gl,calotropis_473_aug_00423.jpg,16,2463.6875,9534.074997533518,39389.0,0.0,1053.9310200214386
1mB1vEL-uNMnoEEuyzuu0s0_iRJsDzk4r,calotropis_669_aug_00413.jpg,3,13765.0,19458.871528602747,41284.0,4.5,879.053822517395
1jq8iLUmCUlyrHHPdhJmzaqmiL_PSdVp1,calotropis_175_aug_00418.jpg,27,1642.351851851852,8336.874966093372,44152.0,0.0,1296.2224308252335
1Vlopn_JLpTRs4gpja3R1RTJ1O9VCdRhL,calotropis_175_aug_00420.jpg,8,5880.6875,15558.647681710443,47045.0,0.0,1160.482316851616
1UsYmTau-OEIsRVyPf1L_JKoBjEEJu5ue,calotropis_298_aug_00419.jpg,25,1636.76,8013.453179647336,40894.5,0.0,1141.494509100914
13NnoxvsrZX7q4hYqABPwk061O3kuL8uA,calotropis_489_aug_00415.jpg,17,2600.1470588235293,10399.963246208677,44200.0,0.0,1033.085347533226
1PQUEqf4zR8zObqlJWV3jbM3cnqIpr3rg,calotropis_628_aug_00416.jpg,44,1014.9886363636364,6590.303760319394,44229.5,0.0,1365.27625310421
1GIKLtbRUzRWroIIGMmTELZAahh0ZoIB-,calotropis_610_aug_00410.jpg,1,47832.0,0.0,47832.0,47832.0,889.5979790687561
1uQvHtGs65Yfaw3aTkCjHKodfArCz5WpW,calotropis_156_aug_00414.jpg,26,1542.673076923077,7667.728361754853,39881.0,0.0,1599.952439904213
10JCyLrjBYKEq-Ms_s8zYLdf7JH2Mp7Su,calotropis_559_aug_00408.jpg,65,630.2846153846153,5021.2219137831,40800.0,0.0,1460.4722117185593
1UX2AAjc5bgkVpV9s-homHm7YpmQ94t4u,calotropis_156_aug_00404.jpg,41,979.6829268292682,6177.881357730683,40052.0,0.0,1408.087435722351
1ODif0A6UDEF0zZrCbDXVs2yP1N_PdeoC,calotropis_187_aug_00411.jpg,35,1312.7571428571428,7616.665763190826,45725.0,0.0,1366.3056911230087
1C6VhQhrdODyGrh7F0VTBPK8GDAvjNy5Q,calotropis_280_aug_00407.jpg,12,3513.0416666666665,11622.674793369664,42061.0,0.0,1162.198045372963
1-uzUotZC1G_BPqANnvKKaHlbnXmU5ugF,calotropis_554_aug_00409.jpg,68,660.1838235294117,5364.935896021014,44573.5,0.0,1530.7320975065231
1LfbqeylVvTR_CWBhTcH8hjLlApTBHDMe,calotropis_587_aug_00405.jpg,64,667.9375,5271.271385494324,42507.0,0.0,1420.631591796875
1UR75eD-TjN6-FXG2RmDuqf38svXdv4G2,calotropis_499_aug_00406.jpg,32,1380.390625,7679.045022956931,44135.5,0.0,1183.6538890600204
1z0oVNlx-8Gw8lo8F29JuUqHGJVofQW6p,calotropis_397_aug_00402.jpg,27,1656.4259259259259,8445.853946369301,44722.0,0.0,1129.6538891792297
171F5sg6Z7ZWPWfnsTpY6DtlVa-7G0H5I,calotropis_1_aug_00400.jpg,60,721.2416666666667,5534.690155052092,43234.0,0.0,2056.427616238594
13z6MfpUsGYolNLGeMr4LrJ_-f8faoIPp,calotropis_324_aug_00401.jpg,21,1812.3333333333333,8091.703934002748,37999.5,0.0,1558.3960918188095
10LK-O3kgOYwlPHW4-K2OqKe3_lBZPR1t,calotropis_599_aug_00398.jpg,52,816.7115384615385,5786.626331586076,42141.0,0.0,1463.3767582178116
1yyGhQYkqDysBA-qG67ygMDy9d_HP3WKa,calotropis_587_aug_00403.jpg,41,1127.8658536585365,7121.078695028251,46165.5,0.0,1180.9432125091553
124g0dLGjfG4KVSio1GnPC-hpumb0UMZB,calotropis_571_aug_00399.jpg,68,650.7352941176471,5295.120661480404,43993.0,0.0,1497.8031647205353
1PAVPvVHkxjiNX2wWOCin6g5wUrqQFjlc,calotropis_464_aug_00393.jpg,24,1771.1875,8491.606275724698,42495.5,0.0,1193.4528789520264
1ExhLMCFX5G1ZrzP85JJOiRLNAXYrFUWO,calotropis_249_aug_00396.jpg,13,3296.923076923077,11414.526313238815,42838.0,0.0,1053.3868635892868
1URacn0DGFY25NQ6kBBM5QD8MXBxOx0ru,calotropis_196_aug_00395.jpg,26,1813.5384615384614,9060.193597145233,47114.5,0.0,1384.1808007955551
1gg8lP4F8k4HOIq6vKlPq48fFQjHJ9Ve5,calotropis_610_aug_00394.jpg,44,1054.2386363636363,6894.43579955525,46264.0,0.0,1356.0214203596115
1Iru697XnqMRLjx0HZS5DfOZcR7_KA17u,calotropis_520_aug_00391.jpg,40,950.0625,5910.258572164483,37859.5,0.0,1252.3645659685135
1cXq9KCgOdif-zFKb-dm3S-JsnG2wspfl,calotropis_271_aug_00392.jpg,17,2467.029411764706,9864.367891365051,41924.5,0.0,1137.7960246801376
1brTM-cv_V4wHpVAL45nXL-nX__Aa7KoD,calotropis_379_aug_00389.jpg,20,2090.325,9111.056608971048,41804.5,0.0,1246.246816277504
1NFxO3WiWUAvs-3HiVj8PAgy2yXS3efmX,calotropis_397_aug_00387.jpg,4,10157.75,17484.78611000146,40442.0,0.5,1005.9898953437805
1nIcMg1d_DeYMThDWGNM7uMICJ3lAZqA-,calotropis_425_aug_00388.jpg,10,4362.85,13068.387274354094,43568.0,0.0,1102.8599519729614
1r21KTPxP2Jm0zaJ4W31yQrC-U55DV777,calotropis_610_aug_00385.jpg,54,819.7314814814815,5907.558338697979,43826.5,0.0,1487.5016486644745
13NcGAxOKBdBHqtBIBkRlGdhPqjTOcg9z,calotropis_175_aug_00386.jpg,21,1838.857142857143,8220.712441815514,38603.0,0.0,1048.9503529071808
1nenpJUJnpiG-u96lacdoiCDq8ovRCotC,calotropis_128_aug_00384.jpg,39,1045.7820512820513,6443.95693036872,40769.0,0.0,1864.5697516202927
1ogLB7ukTuotTBdFG7s_e19MoVFduKnJM,calotropis_102_aug_00383.jpg,52,747.8269230769231,5313.07381234526,38690.5,0.0,1672.6214871406555
1WzWJxNrHqCuwoiMsvfb0hjHyIh92P5G2,calotropis_669_aug_00382.jpg,3,15614.0,22080.116349331132,46840.0,1.0,1007.9066346883774
1Sch0j6NQLX0K4vnBQTRlhoNJpOJsQFMP,calotropis_156_aug_00380.jpg,42,1014.0357142857143,6480.349419584948,42508.5,0.0,1402.7320973873138
1Ly-W5syCREYzQPbp7qfqsbnhLUXSoNGi,calotropis_128_aug_00378.jpg,57,793.0877192982456,5884.022278723616,44824.5,0.0,1762.3960918188095
1P2FmZrZgh-hYyE32k300C4nn_xfeHoUe,calotropis_554_aug_00377.jpg,57,779.2894736842105,5807.363245738928,44237.5,0.0,1422.790972828865
1kgvu2nzviWetwzfUgJ85FHun_9VCPt0U,calotropis_559_aug_00375.jpg,21,2093.190476190476,9351.642719809015,43915.0,0.0,1136.4995613098145
1QEnheBIB2wmxDReEGQ4thJwNuTTo4zEN,calotropis_510_aug_00374.jpg,14,3194.5,11516.40816245611,44717.5,0.0,1228.523946404457
1ZC-Tl1K3wwkIPJ2QydVx6iyFd9w1DTcW,calotropis_648_aug_00373.jpg,17,2424.5882352941176,9681.86348014146,41152.0,0.0,1229.661029458046
1KYPNZL1dsQAJ70ZW2f00_GSMHrBOBoJI,calotropis_271_aug_00372.jpg,17,2756.705882352941,11013.952010249683,46812.5,0.0,1179.3279888629913
1jxrwrostPUu7KMLlYoyy3u12ssLf3oj-,calotropis_379_aug_00369.jpg,34,1167.2058823529412,6698.648892651728,39648.0,0.0,1038.700572013855
1oeSJPDPPhRBaWnelC3HkqED9O0vCd9WV,calotropis_74_aug_00370.jpg,29,1511.051724137931,7957.481286169539,43618.0,0.0,1619.41838824749
195oL3u2h6I6X0K3M0EhTtGL2PYpDiMW_,calotropis_114_aug_00368.jpg,64,694.6640625,5427.992797076535,43773.5,0.0,1828.4377213716507
12ZeOnbPbRFzBWSEv-FJtp3AJ3K9kHi9v,calotropis_571_aug_00371.jpg,49,722.4489795918367,4986.302768426455,35268.5,0.0,1240.6315921545029
1rZVEJE38_slSzZdJPngPy7CfoXxOZnVC,calotropis_580_aug_00366.jpg,67,648.4104477611941,5236.551861193153,43190.0,0.0,1518.6488370895386
12Y1NBF5xuxANNNpoxwAxqIQn2_1iytWu,calotropis_615_aug_00365.jpg,52,848.1442307692307,6027.4493077156685,43892.5,0.0,1343.1341183185577
12pAd0zOALX-T-sznuHxWyA-X811yjUCr,calotropis_652_aug_00367.jpg,15,2994.3333333333335,11158.535113933587,44745.5,0.0,1454.8569869995117
1bta64kuLJ9KM72Lbpy8bwMA6GInXl_tz,calotropis_175_aug_00363.jpg,27,1549.148148148148,7871.608940450831,41686.5,0.0,1379.5188937187195
1K6_ybZ6AWhboamey5hRL9zCe6iVhXC4H,calotropis_489_aug_00361.jpg,6,6797.666666666667,15196.467327054082,40778.0,0.0,959.2203426361084
1TdBEjILdl4b8f5QhT3Q4HEEciIXIoaoR,calotropis_210_aug_00362.jpg,20,2404.65,10461.672521757695,48006.0,0.0,1360.322935461998
1TnWmviSivoZM7LWDwfGxsRRSyqtYxvEM,calotropis_539_aug_00360.jpg,49,759.2448979591836,5235.834841841881,37034.0,0.0,1375.1168730258942
1CbQZ9X88oIWiMmQnT_UCxhagPk9Fe3fL,calotropis_102_aug_00359.jpg,118,357.614406779661,3846.3857145768566,41962.5,0.0,2311.7657099962234
1V9S5NuwCMytl1agISbgndT1pYlw574-W,calotropis_249_aug_00357.jpg,7,6760.428571428572,16528.370577863498,47246.5,0.0,1112.4751760959625
1WlEcjdlTFuHx2jnfEvhj4Rw3OZ2FAgKl,calotropis_628_aug_00355.jpg,42,1067.952380952381,6782.58846835526,44497.0,0.0,1333.57776927948
1htToCjuFXGPk-eIeXSciGg9l6nqYfrVf,calotropis_187_aug_00356.jpg,39,1212.474358974359,7424.881937202356,46982.0,0.0,1312.281306028366
14hJyZjmBujJ-fugL6TyUjKBEZ8qAIopV,calotropis_257_aug_00353.jpg,21,2175.8333333333335,9668.73643974588,45415.0,0.0,1153.026472568512
18OtCU6mCDI-cbMuFTXB7V-oT_JjUfbSo,calotropis_257_aug_00354.jpg,8,5185.1875,13717.015808243197,41477.0,0.0,1036.2569208145142
14vN2eK5Kk_fsj75WMrwLuSb7s6PgDtiO,calotropis_210_aug_00349.jpg,18,2468.0833333333335,10124.47590310234,44212.0,0.0,1228.68332695961
1pSXUb7aNpQ_G0bV07G6vxKcwLc9z98Ad,calotropis_102_aug_00352.jpg,71,583.1408450704225,4827.445210652608,40971.5,0.0,1886.3859869241714
1zDuC_0Yo8frVChAQhDAVZMzj87mQjS_y,calotropis_383_aug_00351.jpg,16,2791.5625,10766.04986153667,44488.0,0.0,1268.3229360580444
1opeirF2VyGgYcn_9rfbsF0yG42kAjmfm,calotropis_656_aug_00350.jpg,17,2381.4411764705883,9525.389709307796,40483.0,0.0,1253.7371497154236
1MsSzNLbdmhsdeIL8zXTog71i7VBWGlkc,calotropis_644_aug_00347.jpg,16,2703.375,10441.62568535786,43143.5,0.0,1302.714851975441
1BcHivEL2GnnRU3Uw26VLOLc-3Soigt2M,calotropis_242_aug_00348.jpg,5,9582.4,19007.938624164377,47597.5,0.0,1108.1320300102234
1PCvFFJrS4uJKW1QJt5qw8Gi3YoS3ZO37,calotropis_35_aug_00346.jpg,99,358.7323232323232,3541.118770677724,35414.0,0.0,1932.7118872404099
1Tm2PmN9FSDnNPY21KWmAH0DXos4-BD_5,calotropis_349_aug_00344.jpg,28,1616.7857142857142,8380.967391558526,45165.5,0.0,1159.955405473709
1eBSb09V1875XNRxIBI6Lz3UVzhOPKPfi,calotropis_599_aug_00342.jpg,18,2177.8333333333335,8969.738776699252,39161.0,0.0,1378.0285596847534
1-EntFgERN91MBI14RqdJeY8xDnpkiirC,calotropis_473_aug_00345.jpg,2,21330.25,21330.25,42660.5,0.0,981.9726494550705
11Mdv-jZW9YrjwCjQvPoe-6CdKbFEtd4A,calotropis_499_aug_00338.jpg,29,1409.344827586207,7452.0717428379785,40842.0,0.0,1256.7493416070938
1ozGnRM7afgKDIX481Kx_Hbe19r9EKERV,calotropis_187_aug_00343.jpg,27,1577.3333333333333,8002.020309711606,42379.5,0.0,1259.0092276334763
1aAfQ0WgYx2ebPMHLFHOzKTgqoHUmgPX-,calotropis_349_aug_00339.jpg,28,1535.8035714285713,7979.114793074396,42996.5,0.0,1126.0559096336365
11X_Bg1v8nNt4nC5yVrBzgbyjg2K7L_NX,calotropis_74_aug_00341.jpg,1,46328.5,0.0,46328.5,46328.5,907.4629839658737
1iNSbpb7j575laR7HXHxnqwY6TSA1AF8l,calotropis_554_aug_00337.jpg,27,1622.2777777777778,8248.300551486609,43680.5,0.0,1466.5067011117935
1yid8OKqhlH5Al8Ad_0f2TXOdlkNxysRZ,calotropis_324_aug_00332.jpg,5,8770.7,17535.900243785603,43842.5,0.0,966.3746711015701
1QvH_BF1dOXKo5bgCQuLrW7nQfZL9eXdi,calotropis_298_aug_00333.jpg,3,15910.0,22500.137777355943,47730.0,0.0,952.3086557388306
1Fy0FWmf9xbRS3OS_1ORAppawSEeSZZXU,calotropis_499_aug_00336.jpg,12,3431.5833333333335,11379.917592395923,41174.5,0.0,1026.2152907848358
1zoWg0JZDNBZPY-j_2jsKjONoY_-ZOx1N,calotropis_660_aug_00330.jpg,16,3027.03125,11721.57605453074,48424.5,0.0,1231.5706284046173
1X1A_fycioDEFVrotXecSBldI4nSCGU2o,calotropis_489_aug_00325.jpg,39,1149.2692307692307,7078.245462779667,44782.5,0.0,1195.59501349926
1r61ZDVpia7s1xY6FIc5pGNASaBk917yB,calotropis_324_aug_00327.jpg,25,1494.7,7302.626953364112,37270.0,0.0,1106.8254617452621
1-5OoQlQcQTn5ZzirOAJDouXgxc0X5CdN,calotropis_210_aug_00328.jpg,20,1951.425,8459.568627115392,38825.5,0.0,1208.139170885086
1snrQ2J0_Rut79FruDauJoxHUIs1D9l4F,Buxus_sempervirens_317_aug_00450.jpg,29,1518.0689655172414,8023.41724506131,43974.0,0.0,1958.7535172700882
1Ixnt4IBkpiE2kabF-dxLbneD4N7o7PTK,Buxus_sempervirens_331_aug_00453.jpg,6,7533.833333333333,16845.04545523368,45200.5,0.0,1223.1513631343842
1GKtzo5w-K6oalJgd1r3zE2Y52XE4mmhC,Buxus_sempervirens_312_aug_00445.jpg,1,45757.5,0.0,45757.5,45757.5,886.7766922712326
1LiJXCt7Dxb0KaOF8xUsaAvVlZB9AfMgF,Buxus_sempervirens_242_aug_00449.jpg,70,605.8714285714286,5025.283342179192,42349.0,0.0,2854.036910176277
1PkccGg4p5E60GbxckWTjNfy1roLmGfGt,Buxus_sempervirens_312_aug_00452.jpg,18,2407.6944444444443,9917.47840534703,43298.5,0.0,1965.280428647995
1QEOMu-hwYeaZjTQCNvJWXXp6Ld8JEcrD,Buxus_sempervirens_390_aug_00446.jpg,8,5653.125,14954.117158307106,45218.0,0.0,1326.773726940155
1tfb4khc-syw8GzzPW05sI4AGALuM1CW3,Buxus_sempervirens_417_aug_00447.jpg,10,4327.35,12981.7166681645,43272.5,0.0,1115.9970355033875
1uXfnD9HdgAOz2DHwuRHwISCB_XW--6I7,Buxus_sempervirens_268_aug_00444.jpg,1,42639.5,0.0,42639.5,42639.5,841.8406196832657
1tuLnth8zQtKpGkChKlHwKvqGBLGlP7bX,Buxus_sempervirens_281_aug_00443.jpg,1,43301.5,0.0,43301.5,43301.5,944.3746713399887
17uEpgM4McBMdmdZ_UzNAnue-gdWIP1Mu,Buxus_sempervirens_277_aug_00441.jpg,4,9925.75,17191.903303226783,39703.0,0.0,968.4163012504578
1777WUNA7VBPU6uIWcJq2hn38NpZ5BXQV,Buxus_sempervirens_252_aug_00439.jpg,45,940.8555555555556,6154.0261867263425,41761.0,0.0,2383.5058237314224
1Ynu_ZBS424MwSIllAIwmCm-J8JPxn2US,Buxus_sempervirens_71_aug_00436.jpg,4,10247.125,17748.54113150923,40988.5,0.0,1114.139170408249
1baWrbTYUo6zQ2drPE8IUuU5XlF2Gkpqd,Buxus_sempervirens_216_aug_00440.jpg,10,4611.3,13830.233561296063,46102.0,0.0,1525.8275495767593
1rSdviu9SnZR2dmwiWHWmdM0sl-cOFuUB,Buxus_sempervirens_331_aug_00435.jpg,1,47841.0,0.0,47841.0,47841.0,985.3624786138535
1q1KgN3oun90J9DB9h28NzEoyYR9OzgqH,Buxus_sempervirens_58_aug_00437.jpg,1,38692.5,0.0,38692.5,38692.5,813.1787132024765
1ltiqPu1llg3qGqPTPaXJu9BjU9tlx5KA,Buxus_sempervirens_268_aug_00434.jpg,6,7461.083333333333,16683.265913325307,44766.0,0.0,1432.7564826011658
1xUI1nzR-Wxef1OfWizE8uFerrv2rBU9q,Buxus_sempervirens_277_aug_00432.jpg,3,13826.5,19549.381286032218,41473.5,0.5,934.8355671167374
1SI_8gk0udt9-fYgbeiBVFHPpXyp32IdT,Buxus_sempervirens_285_aug_00431.jpg,1,49520.0,0.0,49520.0,49520.0,1040.818322300911
1c3iczVg8x3RivEcs_1DNXbg1TkYGu1Cx,Buxus_sempervirens_277_aug_00433.jpg,10,4868.55,14598.483781629515,48664.0,0.0,1521.241763472557
1y7e33d1a14vsVQDRbO6YiFm4iW_fBdon,Buxus_sempervirens_268_aug_00428.jpg,3,16084.166666666666,22746.446639469257,48252.5,0.0,1165.8548998832703
1Se-OgVL956D1EtFpteV8U4HeaUFgnIKQ,Buxus_sempervirens_149_aug_00426.jpg,23,2022.2608695652175,9481.087469581753,46492.5,0.0,2002.5525069236755
1VQ3fZq4TxIUbYOSKIKkbcIPZayQcqJEb,Buxus_sempervirens_31_aug_00422.jpg,1,45249.0,0.0,45249.0,45249.0,845.4213538169861
1FMzbRub4sF56No5BPE84xWouJmiNQEQ3,Buxus_sempervirens_259_aug_00425.jpg,2,22727.5,22724.5,45452.0,3.0,991.5289993286133
14YMCjJJNhEJ0Om1LGFZD_IkM37-zgUBm,Buxus_sempervirens_71_aug_00424.jpg,4,11803.5,20443.684360946292,47213.0,0.0,1172.8670926094055
13sY-iDSOqdMuKMOaTuwxNW_RDsNbNgms,Buxus_sempervirens_285_aug_00423.jpg,1,46548.5,0.0,46548.5,46548.5,994.9188276529312
1y-8Tp1kl6Nr9_M1J1_dqEpsx__SraTK_,Buxus_sempervirens_133_aug_00421.jpg,3,13471.333333333334,19051.342303248755,40414.0,0.0,1104.0630509853363
1k0e6881ohWKHdknR6M546ZdgE3blDQWu,Buxus_sempervirens_31_aug_00420.jpg,5,9069.7,18139.15000103368,45348.0,0.0,1250.6488373279572
1vw7uQ5SysqImfSPo0cJeStgL_2uq6ilt,Buxus_sempervirens_390_aug_00417.jpg,47,775.2978723404256,5247.8589622690715,36368.0,0.0,2211.9393706321716
1p1ahub5rocw-ko0LGSlxJvDxkch_z1rl,Buxus_sempervirens_393_aug_00416.jpg,17,2634.1470588235293,10534.963256538154,44774.0,0.0,1401.1828877925873
1lX3kGDveS8kVdYvfahRrP1LkMaDRo-Sr,Buxus_sempervirens_58_aug_00418.jpg,62,662.7983870967741,5171.307658500737,41052.0,0.0,2381.235833644867
14cfTkpR_kI46srxR3dCCkqI3e1HMR29_,Buxus_sempervirens_268_aug_00413.jpg,4,12010.5,20802.796224306,48042.0,0.0,1074.641697049141
1D-8fI9ZJShGGbEnK7Di-YbrXW7B0eryP,Buxus_sempervirens_31_aug_00414.jpg,29,1572.4137931034484,8313.818027287116,45565.0,0.0,1751.1311538219452
1dmrUNraKBYWH6n51EdRBICikKlEGWZCP,Buxus_sempervirens_376_aug_00408.jpg,1,48735.0,0.0,48735.0,48735.0,981.0782079696655
1769XE303iaGs-Bge-3L9NKraJg7X0Spw,Buxus_sempervirens_417_aug_00406.jpg,50,773.95,5408.22470432766,38631.5,0.0,2356.608417034149
1vKZMt0QN1MqKGzeLnXUDHAd-mfBGXj6Z,Buxus_sempervirens_322_aug_00410.jpg,3,12849.333333333334,18170.64081759975,38546.5,0.0,931.6122589111328
1PgjJt-UMd4gjXmsD20jG6ElowR7PiDpm,Buxus_sempervirens_390_aug_00409.jpg,18,2695.277777777778,11112.187371208222,48512.0,0.0,1493.8864253759384
16a9NnsGUiUhqZ3Uj9h9fApqeHgy30Ooc,Buxus_sempervirens_133_aug_00411.jpg,24,1863.1041666666667,8932.318893325852,44701.0,0.0,1820.5453675985336
1Scaykm-DnUQdMWq4PTFpfr9-8MckSktG,Buxus_sempervirens_264_aug_00404.jpg,1,43104.0,0.0,43104.0,43104.0,939.2447283267975
1Sty7unZR8trA3xjP9TyNM2BzYuYQBwL-,Buxus_sempervirens_312_aug_00403.jpg,8,5383.6875,14241.630610066873,43063.5,0.0,1294.0458054542542
1t-I9hUSBGFRDmi9Xt_MHVU6xAAFg_py_,Buxus_sempervirens_309_aug_00405.jpg,1,38230.0,0.0,38230.0,38230.0,852.3330409526825
1o5kq_htRVguHULOYn3Hz9Yb2T8bPzeT_,Buxus_sempervirens_198_aug_00396.jpg,25,1695.3,8298.300153645925,42348.5,0.0,1645.1483980417252
1IsrmnhZjsF2u4mPTvaa3T4X5IgY_EE7e,Buxus_sempervirens_376_aug_00398.jpg,14,2737.1428571428573,9867.93820994569,38316.5,0.0,1689.9595800638199
1wJnemWAUTjRcsQ_oNJGhOZ3mlSDKIWio,Buxus_sempervirens_350_aug_00401.jpg,1,40822.0,0.0,40822.0,40822.0,939.2447284460068
1oQHiDPg95NCz4QQ2vGjsn_eZPKn8Cy15,Buxus_sempervirens_275_aug_00400.jpg,1,45837.0,0.0,45837.0,45837.0,985.0193327665329
1kpxwDsxlTdyQDfIOpgmpsd3wj9v-fuaI,Buxus_sempervirens_383_aug_00395.jpg,1,47313.5,0.0,47313.5,47313.5,1013.8893895149231
1cBKsT0oLG8CD7pQMFq0KV8jESTQj_bnb,Buxus_sempervirens_299_aug_00402.jpg,1,49588.0,0.0,49588.0,49588.0,998.2497808933258
1pAsArVDsF6Tdp9fToKk7SCFxHYK62jmG,Buxus_sempervirens_198_aug_00399.jpg,3,15230.333333333334,21536.469133129092,45687.5,0.0,1064.8771970272064
1tdD-sPDz8rApHBVDsQDz8Lxx2tCCH9c-,Buxus_sempervirens_383_aug_00394.jpg,2,24774.75,24774.75,49549.5,0.0,966.8944425582886
1cwO2DeqJC_XhvvEG7dmp5-gdEdCDYZzc,Buxus_sempervirens_376_aug_00393.jpg,1,45597.5,0.0,45597.5,45597.5,973.4629836082458
14e0iieuBGeGSk1-WuCQfo-gQoqpbLmmj,Buxus_sempervirens_198_aug_00397.jpg,6,6835.583333333333,15284.605393490609,41013.0,0.0,1294.7320973873138
1iyuwq_xcFsohAswrvEa-P7oSpBulo5ln,Buxus_sempervirens_222_aug_00391.jpg,4,11194.875,19390.092284382634,44779.5,0.0,1241.570629119873
15459_YhMt81k2VRTThDoPf2L2d_ZVSQS,Buxus_sempervirens_35_aug_00387.jpg,9,4400.333333333333,12444.431182036582,39598.5,0.0,1235.1757482290268
1GFkT0xdm6brZC2Zp4mPqvJ-LMLEuYJUa,Buxus_sempervirens_210_aug_00389.jpg,9,4632.888888888889,13102.551178169204,41692.5,0.0,1350.9747377634048
1NTGtiTSaZdy0lI9M4agt1nOMf2Bd5ZS1,Buxus_sempervirens_383_aug_00386.jpg,2,22814.75,22814.75,45629.5,0.0,1125.9970350265503
1e7B0BBx_KBRCnBe7v6yxZN0DQJde-m76,Buxus_sempervirens_71_aug_00384.jpg,34,1401.2794117647059,8045.124584264736,47617.0,0.0,1871.0550332069397
1uF0r-H8PL1gzJV26xVfS-eBeaxot4ruG,Buxus_sempervirens_393_aug_00385.jpg,55,763.4090909090909,5593.7682290944485,41869.0,0.0,2961.2156244516373
1tc5JZwiCvyE4CwZXAzUHzaDc9tKjwwpA,Buxus_sempervirens_35_aug_00381.jpg,3,14956.166666666666,21150.506638271236,44867.5,0.0,951.0020878314972
1DqtDCcCXkLbnrV75mrcZ5AfKqnJ9YNIh,Buxus_sempervirens_31_aug_00377.jpg,2,24417.75,24417.75,48835.5,0.0,1051.002087712288
1J3cuteMGMliiKkm_fmuDDLfF6t59QnmW,Buxus_sempervirens_309_aug_00375.jpg,1,41688.0,0.0,41688.0,41688.0,896.818322300911
11s7Dsge4QRa0_T40LNy-zNlAM4qYihbi,Buxus_sempervirens_268_aug_00380.jpg,5,9375.8,18750.8500036665,46877.5,0.0,1359.6610299348831
1evmUscF_2Tq6rioYNwSG2KbcRekznL8W,Buxus_sempervirens_319_aug_00382.jpg,3,13075.166666666666,18491.078030288616,39225.5,0.0,914.1736608743668
1azTHtQ7-RJwwZd_OiA-Wmn9eLtxyTF3h,Buxus_sempervirens_357_aug_00378.jpg,10,4064.45,12193.016670311741,40643.5,0.0,1106.2224305868149
1pT6hxtDlibT8BbW-0cbsC7TBKlpR4jLo,Buxus_sempervirens_357_aug_00376.jpg,3,15138.5,21409.0720139851,45415.5,0.0,1104.3401812314987
1zq6OViEcEV3FvYdcdmxMz9T8n_N4TlQb,Buxus_sempervirens_281_aug_00379.jpg,1,44877.5,0.0,44877.5,44877.5,908.89444231987
18idDNj_xUc9L4ju3ROoQW7fZ6KZ2-WZn,Buxus_sempervirens_171_aug_00373.jpg,21,2164.6190476190477,9677.11675491252,45442.0,0.0,1439.8031651973724
1GfnZjtjLfmzHuFK4QfTV3kpyLYG1DHIZ,Buxus_sempervirens_281_aug_00372.jpg,3,13395.5,18944.097774768794,40186.5,0.0,1056.4234414100647
1YAslJTfCTVzZaVE7WdKVGmlOynLYovTi,Buxus_sempervirens_242_aug_00367.jpg,51,811.4117647058823,5704.331047809098,41147.0,0.0,2547.277463555336
1GGcBm5sOBJUgNto7-WTGZk4TkiHzS8Or,Buxus_sempervirens_58_aug_00365.jpg,1,38450.5,0.0,38450.5,38450.5,809.3797236680984
12KWUbZin7S06X0sCkXkhWywOY75w7eEQ,Buxus_sempervirens_398_aug_00368.jpg,6,7627.75,17052.58998840059,45758.5,0.0,1171.109732747078
1VPulX5OPiUvlK2bpk6J7rWUVl7wcRNUN,Buxus_sempervirens_314_aug_00363.jpg,26,1609.7307692307693,8044.254096308517,41831.0,0.0,1634.6458724737167
1ipbQQgXtkABZb8WVSG2NdblYTO9ol2pG,Buxus_sempervirens_222_aug_00369.jpg,3,14841.666666666666,20989.286288220686,44525.0,0.0,1153.4945087432861
1jnlH19Vx33jzEzfRCRgB2lNrt4dAfGvN,Buxus_sempervirens_314_aug_00366.jpg,1,42318.5,0.0,42318.5,42318.5,892.433546423912
1nd7Joe67ksbUAx3tpFvQ8rW8synCr4Vq,Buxus_sempervirens_216_aug_00361.jpg,2,22873.75,22873.75,45747.5,0.0,1048.6000669002533
1RGZtwS1fYbFET-Xg-Y7JzxVYv2twOB1i,Buxus_sempervirens_234_aug_00358.jpg,54,683.4629629629629,4973.007009933776,36887.5,0.0,2545.30184841156
1Zhbt6bMDOBDCsxu5wsmia9aZpQfi00OH,Buxus_sempervirens_242_aug_00360.jpg,4,11825.625,20482.583331256705,47302.5,0.0,1188.9675979614258
1gpgtUJ1WbdFFpQ5sqXuNVYnbkW5YKRLE,Buxus_sempervirens_210_aug_00355.jpg,5,9076.9,18139.30316853434,45355.5,0.0,1504.3889516592026
1lH0AIzsB-vTKeb6xx7MPH8586APES7N7,Buxus_sempervirens_246_aug_00359.jpg,15,3226.1666666666665,12057.180112097338,48340.0,0.0,1345.3107432127
1DM4TUKLu-U003wxHnXLL7FZMWnFETwEf,Buxus_sempervirens_222_aug_00354.jpg,46,968.8586956521739,6493.712086270911,44530.0,0.0,1893.1727837324142
1Mcr5Peua1yth-ceByxupQ0QvJHdZ595B,Buxus_sempervirens_58_aug_00352.jpg,10,4457.15,13356.288268171662,44526.0,0.0,1243.8204102516174
1QgFRB5oKwiZ-Bg0wWq_h_d6i2yFyH1ch,Buxus_sempervirens_376_aug_00351.jpg,7,7038.571428571428,17238.66319276148,49264.5,0.0,1119.3868639469147
1jKPs3DYSazsg9CJvp04U38seY7qVPZta,Buxus_sempervirens_393_aug_00353.jpg,8,5984.875,15829.955499285998,47867.0,0.0,1328.6660821437836
1GELGRolIfwbHL_zM1fuqK3-WuGHIBzas,Buxus_sempervirens_35_aug_00350.jpg,25,1872.2,9171.35908576259,46802.5,0.0,1922.8956526517868
1DVDdV9pkv_K3FB0u1K6gRND72Bz4KUK5,Buxus_sempervirens_376_aug_00349.jpg,4,11092.5,19211.618899770005,44368.0,0.0,1178.004175066948
1TNyEf9-c02FXovRpUFTll0mwqqfWnF7T,Buxus_sempervirens_133_aug_00347.jpg,5,9169.2,18336.90001499708,45843.0,0.0,1426.6559767723083
1tKqcLD255_eiC8hpsp4gphuwKK9oweJz,Buxus_sempervirens_342_aug_00348.jpg,69,612.5217391304348,5028.800602122163,42081.0,0.0,3149.2227631807327
1G0L380NBnOHzpAKIsM41sIEN6oIYHgU1,Buxus_sempervirens_31_aug_00345.jpg,17,2868.0,11469.125062788458,48744.5,0.0,1487.7686748504639
1lUcmfaNZ-K2nTDRLF_T7E9-wktla0KyE,Buxus_sempervirens_184_aug_00344.jpg,14,3415.3571428571427,12311.471951901161,47805.0,0.0,1581.9696860313416
1BQyaDvqSSR7UaZ67bFExXHaGYzvNTIkL,Buxus_sempervirens_79_aug_00346.jpg,5,9185.7,18371.150001020622,45928.0,0.0,1142.68332695961
1PbO6p-caPBEEw0urEwY7cUVEDrQ0hB9d,Buxus_sempervirens_277_aug_00343.jpg,19,2317.0526315789475,9737.298625570938,43628.0,0.0,2012.327110528946
1MOQN7Cs3paFoF7ZUT35WG_eoxQdXon6T,Buxus_sempervirens_259_aug_00341.jpg,5,8771.9,17543.8,43859.5,0.0,1175.4183886051178
12_3VPOY5BHVBq94Y0PRhsEBCgS-qR0WN,Buxus_sempervirens_322_aug_00339.jpg,3,16286.166666666666,23026.107372333307,48850.0,4.0,1109.2863587141037
1cx1UKrMvlpPeyQ7JPXCtf1n3Ysz4q57M,Buxus_sempervirens_376_aug_00340.jpg,62,698.266129032258,5449.343749123451,43259.0,0.0,2177.1281884908676
1d1JE4bhd18j5abDQMZhF8I7uEW8prYzA,Buxus_sempervirens_322_aug_00342.jpg,16,2583.90625,10006.909488290376,41340.5,0.0,1664.8052524328232
1dQcm2vzpg6BdZIJJNtJq2R0Zwg1Fx4Py,Buxus_sempervirens_35_aug_00335.jpg,11,4084.6363636363635,12908.850198940172,44906.0,0.0,1214.121925354004
1euCaHY0GSaPWh6uLkXzbqGojaQsKBH8N,Buxus_sempervirens_252_aug_00331.jpg,3,15570.0,22019.30516614909,46710.0,0.0,1106.7005718946457
11lpSNmv6jdFzceCaG0mDDjXDDbdBGGIZ,Buxus_sempervirens_350_aug_00337.jpg,3,13441.333333333334,19006.44107635327,40320.5,0.0,1052.724956870079
1HbwOufHnmk9MyiaJCptNXvyrsvgfch9U,Buxus_sempervirens_312_aug_00336.jpg,1,45415.0,0.0,45415.0,45415.0,1048.9259678125381
11H5KVJpqeBYrfLZZ73DvHkAqrO5RTnp8,Buxus_sempervirens_383_aug_00330.jpg,51,845.1470588235294,5965.700865498453,43029.0,0.0,2268.123135447502
1Q7kQ6vxcXy2-1omZsTAk3flUHlZylBm0,Buxus_sempervirens_357_aug_00332.jpg,4,11100.625,19226.846495769267,44402.5,0.0,971.1198381185532
1Atqn4N1o9oxM8KlluM-2-vpCf6poG1Ok,Buxus_sempervirens_149_aug_00333.jpg,48,933.6875,6398.924026272731,44802.5,0.0,2167.405319571495
1t5MvTDXFjRfPJ-kLTLq_3_momr_Q5xEP,Boxwood_154_aug_00371.jpg,1,44575.0,0.0,44575.0,44575.0,840.710676908493
15Ks5JoreIePeXbJ6WpdJOqVoh3VE-_0a,Boxwood_122_aug_00370.jpg,3,14939.333333333334,21126.700709975725,44817.0,0.0,1030.6173115968704
1xZqhel5bKI9bMGsvb4e8rr5wSEJdFb9f,Boxwood_157_aug_00369.jpg,1,47687.5,0.0,47687.5,47687.5,944.0660153627396
1yokaoyVpTIofOBmW1WYnBvmjAxqHnrcw,Boxwood_159_aug_00367.jpg,1,38220.0,0.0,38220.0,38220.0,793.0782078504562
1rb_h_HS7J4fAEYKY18qhiuSrUzClRcch,Boxwood_247_aug_00362.jpg,1,47329.0,0.0,47329.0,47329.0,900.8528122901917
1l_-x-le1z_Rj7cW9cP4sBAu5Csgpx1wU,Boxwood_2278_aug_00364.jpg,12,3804.625,12617.91057406924,45653.5,0.0,984.3502858877182
1KEet4HFnL3MJ1cigdSCoRFjet0T9cW9t,Boxwood_270_aug_00368.jpg,1,44517.0,0.0,44517.0,44517.0,870.0832602977753
1eHvQANoBsKJnKsIsbrLCW0azhcDu-X8v,Boxwood_319_aug_00366.jpg,1,45100.5,0.0,45100.5,45100.5,849.6639943122864
19uvQDN76p7bMLCTtBW_vneiNS09fKG5H,Boxwood_340_aug_00365.jpg,1,45867.0,0.0,45867.0,45867.0,858.7939372062683
1-cAM3GmCvVOWuKL7TgnGNhvHIzT--K2l,Boxwood_104_aug_00360.jpg,7,6822.571428571428,16711.81873369129,47758.0,0.0,985.1370829343796
1PqIelkNcfwFuE9GTlwlm-FNsyAkGv5x2,Boxwood_182_aug_00363.jpg,1,42084.5,0.0,42084.5,42084.5,829.6984843015671
1G02Y59aZbzJtlW4yabUnM9G0pkyqJpdr,Boxwood_167_aug_00357.jpg,4,11109.0,19239.620409457148,44433.0,0.0,1139.5878732204437
1IXXksrBkvqYx6xmNVe5LOIguq_ECtCVC,Boxwood_1523_aug_00361.jpg,11,3667.181818181818,11593.80126555238,40330.0,0.0,1060.5340510606766
1Pb4Uk67y6hh_VhMhdh6xd7ZAoL-VAMlb,Boxwood_53_aug_00356.jpg,2,22401.5,22401.5,44803.0,0.0,870.9949476718903
1wMthWBK0HZehvdMRSb0S3gsYL0UJrFGO,Boxwood_2606_aug_00354.jpg,1,47515.5,0.0,47515.5,47515.5,927.9238798618317
1U7s04Bl8W5-kXj-fNNo-e6bpAgQ4NTwd,Boxwood_4_aug_00353.jpg,3,16279.5,23022.6896886528,48838.5,0.0,1016.9777027368546
1KaXGyyQSI7jQma7xrLZnXkLaUv1Nja0L,Boxwood_164_aug_00355.jpg,1,44145.0,0.0,44145.0,44145.0,869.0538226366043
1uREJs7LyXqDOEk68HlqpHFNmmssklCDQ,Boxwood_175_aug_00359.jpg,1,47067.0,0.0,47067.0,47067.0,882.5685415267944
1GdcMvIXx5mddhszeyqWj7l9zZjAfuXP5,Boxwood_184_aug_00358.jpg,1,42133.5,0.0,42133.5,42133.5,825.5807341337204
1yVi1xNx4poKHyok3xZa3Z-oNzqy5fDax,Boxwood_342_aug_00352.jpg,1,45076.0,0.0,45076.0,45076.0,847.5634891986847
12nRR1mn37a59LgGiOsPCnhbCEEeKizdM,Boxwood_220_aug_00350.jpg,1,46989.0,0.0,46989.0,46989.0,859.1959581375122
1nPgm1MHlSzajnmSu5CXkwZP9tw6TRscY,Boxwood_137_aug_00351.jpg,1,44911.5,0.0,44911.5,44911.5,883.2619735002518
1LtBEok8KecmyVhsUZEszKDvYoKgdBPs2,Boxwood_270_aug_00349.jpg,1,44878.0,0.0,44878.0,44878.0,857.5391039848328
1Hfyu-UBHt7XBmvimlN4muNl48MQ8c1HD,Boxwood_2794_aug_00348.jpg,12,4069.375,13490.409692513975,48812.0,0.0,1276.3990561962128
1MTJ_IP6f90JyVjIu5bHtKxMShD4479wT,Boxwood_162_aug_00343.jpg,1,41896.5,0.0,41896.5,41896.5,843.4385987520218
1Ga2_uh867HLtrP9XSZdlUzcK2mZmaLk-,Boxwood_2606_aug_00344.jpg,1,44033.5,0.0,44033.5,44033.5,841.0710676908493
1ZYkNgbhhYJbL2sx6RzAR9ht_ovJU8R-J,Boxwood_190_aug_00342.jpg,1,48828.0,0.0,48828.0,48828.0,885.798989534378
1HWYIrS6POzVkI4pG99e53eG1VaEV0vQh,Boxwood_2445_aug_00340.jpg,1,49728.0,0.0,49728.0,49728.0,892.8284270763397
14nOyfj4ek-cc4obMaV7tJrlmGwozJYpM,Boxwood_303_aug_00345.jpg,1,45475.0,0.0,45475.0,45475.0,859.4213538169861
1lHjCJmRLYGEhrg9lWbSzSxQfLnDfcrXt,Boxwood_148_aug_00347.jpg,2,23417.5,23417.5,46835.0,0.0,927.882249712944
1k21xohOB_Lnl3sf8WpheN71xrAEzUQ59,Boxwood_284_aug_00341.jpg,1,49711.0,0.0,49711.0,49711.0,906.1421353816986
1hPbVxAyonQjJbJjuxIkyYTfFRhBrP6Ai,Boxwood_162_aug_00336.jpg,1,44763.0,0.0,44763.0,44763.0,856.1909058094025
1roZB0FPvNwyJ0qvruSInsAFJNMCnN6Dv,Boxwood_146_aug_00339.jpg,1,41215.5,0.0,41215.5,41215.5,810.4091612100601
1uZ0qZsQrpnxip4tS7Bh5UxuTDckh2kEp,Boxwood_2795_aug_00338.jpg,2,19988.0,19988.0,39976.0,0.0,953.528999209404
1x4-hPIvpaodl-5vKn2KK0nRDv6Uqf5g1,Boxwood_173_aug_00335.jpg,1,41767.5,0.0,41767.5,41767.5,833.806129693985
1lSu7bNmqr17cFg0DbL1zxQG88cS5YoSz,Boxwood_205_aug_00337.jpg,1,41864.0,0.0,41864.0,41864.0,821.3137083053589
1C-4C5LtOBcLFiImSHtVxs_dJHJ40RahP,Boxwood_173_aug_00328.jpg,1,44635.0,0.0,44635.0,44635.0,876.8771975040436
1KKbxuYuXaNNIM4EZ0-urdr1zJgtmkMkn,Boxwood_4_aug_00331.jpg,1,49704.5,0.0,49704.5,49704.5,908.8700572252274
1BAIiNs0N9U3jdl67oz13a8z_WbXbNRJ6,Boxwood_2797_aug_00332.jpg,6,6816.583333333333,15241.44929793059,40897.5,0.0,1086.9432126283646
1VrFlr2tz_C8KUNjZzcZC85Nk9ho9Cu9N,Boxwood_271_aug_00334.jpg,1,48456.5,0.0,48456.5,48456.5,880.3259009122849
1kSHOFg_noeAThS_c0Qbe_CQEU1b8_WLJ,Boxwood_53_aug_00333.jpg,1,49635.5,0.0,49635.5,49635.5,928.3259009122849
1249O60S00rQ7kPtvBxBIR1zM1F068TBn,Boxwood_60_aug_00325.jpg,3,16014.166666666666,22646.037480220588,48040.5,0.5,970.4924213886261
1j785qCqR8L8vL_3i7NxhvIvTJSVh5f6c,Boxwood_281_aug_00326.jpg,2,22701.75,22701.75,45403.5,0.0,854.835567355156
1v-lk6Ul5JStqU49Zne13AlnQAyAHAM_I,Boxwood_347_aug_00327.jpg,1,45475.5,0.0,45475.5,45475.5,887.1787132024765
1nRTXcWjAapyhKEMSI3yxqe2J87ROMpof,Boxwood_214_aug_00323.jpg,1,46013.5,0.0,46013.5,46013.5,880.0071401596069
1E9iQ5xyEOFY58XonpTpwWacPPz12vqit,Boxwood_168_aug_00320.jpg,11,4230.818181818182,13375.859638088732,46529.0,0.0,1243.4701240062714
1hKZ3AkZarw3mEI9z3SSfz7mxNqLW94Ud,Boxwood_4_aug_00324.jpg,1,47864.5,0.0,47864.5,47864.5,874.8700572252274
1Vri6LBhre-HdCykoRY2qgzDNzZZBN_VC,Boxwood_2327_aug_00318.jpg,1,43292.0,0.0,43292.0,43292.0,844.2253956794739
1BR8qY838B3GEidbS7OYnN71Nj4PncZSL,Boxwood_203_aug_00321.jpg,1,48991.5,0.0,48991.5,48991.5,888.183765411377
1kKRHsyOC_xRQA7Ko0Pw1Piy00Le9bYIW,Boxwood_183_aug_00319.jpg,1,44531.0,0.0,44531.0,44531.0,856.5685415267944
1P2LLaR5C1astjDabQBC2EIfsgVS6curL,Boxwood_2739_aug_00315.jpg,5,9799.2,19594.900103343218,48989.0,0.0,972.5096664428711
1WO87wD14QhS-0Oykmfgtitz5oj0y9GVM,Boxwood_2810_aug_00313.jpg,5,8623.5,17245.25005327554,43114.0,0.0,990.0904004573822
1MkIFFN96gcJf7-W-ovIQT-VYG4Bs7s_V,Boxwood_4_aug_00314.jpg,1,46678.5,0.0,46678.5,46678.5,865.4974738359451
1e9sWdEduVylya_8aFvs9v3I6CZkXQFgt,Boxwood_284_aug_00312.jpg,1,42979.0,0.0,42979.0,42979.0,870.0832602977753
1ciG8KG2kc7Z8_G9y5998mklDzXb6tQNB,Boxwood_332_aug_00311.jpg,2,23697.5,23697.5,47395.0,0.0,899.9411249160767
1WeMPw2iCDVCqFnrehKs-vhwitVdpyDn2,Boxwood_281_aug_00310.jpg,1,49700.0,0.0,49700.0,49700.0,912.6274166107178
18L-RJ6Dq-oWBgXU5NMmLG-MkaU6OkpPc,Boxwood_364_aug_00305.jpg,1,40787.5,0.0,40787.5,40787.5,810.1248904466629
1M_VcCk5nCKMbbldyEKidnX-rIcUq5qOG,Boxwood_270_aug_00309.jpg,1,45737.5,0.0,45737.5,45737.5,872.3502861261368
1kVbO4KuotsrvrEScdY92H3zSx7ljV3r6,Boxwood_2561_aug_00307.jpg,16,2886.625,11178.817768580227,46182.0,0.0,1095.3624784946442
1-0PIo-9rRbkM-m1SEfOneCLDRlE3aRuL,Boxwood_2782_aug_00308.jpg,1,44560.0,0.0,44560.0,44560.0,867.9655101299286
16FCsozz98J3BN6mHDh7x2eq-SdKqlFjr,Boxwood_164_aug_00300.jpg,1,38616.0,0.0,38616.0,38616.0,790.5929266214371
1Dov1dAoZto4c8mZGcFWT0Xbgu7bbDSUf,Boxwood_182_aug_00306.jpg,2,23036.5,23036.5,46073.0,0.0,970.5340515375137
1eamnsmVKZV9jhF9GSiYu-merzMHOAuHB,Boxwood_332_aug_00302.jpg,1,42363.5,0.0,42363.5,42363.5,827.1543279886246
1Hx2AW0tW0gokTJAk8kHZZaaZgo67ZnUV,Boxwood_1523_aug_00304.jpg,3,14532.333333333334,20551.822892926608,43597.0,0.0,968.2497806549072
1buccAFYgz-SUCyyOfAiCkocUqTnFe2ZZ,Boxwood_351_aug_00296.jpg,1,45661.5,0.0,45661.5,45661.5,850.2081507444382
1NyoesiQ_U5gxJg9sYmSnpDeYdVMYJUgM,Boxwood_183_aug_00301.jpg,1,49138.0,0.0,49138.0,49138.0,906.2253956794739
1lvHwKACl5ochHdMDuHqOvNHyDRwCFeV1,Boxwood_319_aug_00297.jpg,1,46592.0,0.0,46592.0,46592.0,876.3086558580399
1G9YtUmXEntNQ70557fXVFpYTrvLZbzD3,Boxwood_50_aug_00298.jpg,2,23726.75,23726.75,47453.5,0.0,910.8944424390793
1GqgCkB-da32qbThAkGJIgWg92suAT3XE,Boxwood_159_aug_00299.jpg,1,49728.0,0.0,49728.0,49728.0,892.8284270763397
1ow9oDWLqI4izRoIQ05ZS2N_DvCPRtdhg,Boxwood_255_aug_00295.jpg,1,44697.5,0.0,44697.5,44697.5,832.8944424390793
126_f5hf2JvdDru5cGHhthn4ChY6IJrWl,Boxwood_187_aug_00291.jpg,1,46136.5,0.0,46136.5,46136.5,874.2081506252289
1RadFYcIqWAs1Z0tMpD6BhGpzScmnxQRT,Boxwood_2761_aug_00292.jpg,5,9213.8,18426.35000915808,46066.5,0.0,998.7350616455078
1f-_u0ZVWSm8nd6dqt7Cup2yJ-AM-S-a9,Boxwood_147_aug_00294.jpg,2,23485.75,23485.75,46971.5,0.0,889.8406194448471
1--2BUbAwwE-3zGHLQIPaaIrO43nh4tVi,Boxwood_167_aug_00285.jpg,4,10401.25,18015.493462225786,41605.0,0.0,921.6223639249802
1aIRjd81EEiCq4lbuj_yRzZsV_xvWm-fT,Boxwood_933_aug_00289.jpg,18,2579.222222222222,10621.67669101235,46373.5,0.0,1309.6711342334747
1YR-yQ-_j09xeC6_DKwVSxz73f6HQCwJa,Boxwood_2344_aug_00286.jpg,1,47251.0,0.0,47251.0,47251.0,864.710676908493
1yHikw3Ry4LixvJHvp0gLzPqoBTCdh7In,Boxwood_323_aug_00283.jpg,1,49726.0,0.0,49726.0,49726.0,894.4852812290192
1GECfm_5D-qG490OzRhB5X0jWhe8YQsNg,Boxwood_255_aug_00278.jpg,1,45520.0,0.0,45520.0,45520.0,855.798989534378
1QHTgNSTr1ZOW05M9QqhOJtzecVLUlq6s,Boxwood_2561_aug_00287.jpg,2,20245.5,20245.5,40491.0,0.0,950.9015824794769
1AEKMLnh0E5QP9jB-VmTF6M-Dvux-66QA,Boxwood_10_aug_00282.jpg,2,23038.25,23038.25,46076.5,0.0,929.605119228363
1npBjAAyXKgshTjYLqO5CsbDz138soONs,Boxwood_102_aug_00280.jpg,2,22546.5,22546.5,45093.0,0.0,916.0487704277039
1zWoCnzJ0UZE10eF8wiQFuKd4LdkJakI5,Boxwood_2797_aug_00284.jpg,1,44266.0,0.0,44266.0,44266.0,910.735062122345
1hqxxj-yGv2TMtUJn7DS8TekKAzO7eSDl,Boxwood_133_aug_00277.jpg,1,45147.0,0.0,45147.0,45147.0,924.2741661071777
1zKvSpd0kTpWu1MSIOBQoJnoq7fwnqS6w,Boxwood_2984_aug_00279.jpg,4,11522.0,19956.689404808603,46088.0,0.0,960.5340515375137
1ssvdWTeu49aiUHDX7iMEbLVQszENrryJ,Boxwood_101_aug_00275.jpg,17,2184.764705882353,8718.079213905481,37057.0,0.0,953.587874174118
1bc-ykmlRgvOeKqLGXApPGXzi5EPUnpc_,Boxwood_347_aug_00276.jpg,1,48192.0,0.0,48192.0,48192.0,877.9411249160767
1XB0_Y6tZ12n0jSlObypmqnp5MYQ5JMfi,Boxwood_195_aug_00274.jpg,1,47086.0,0.0,47086.0,47086.0,958.0487703084946
1F97KEiqqnM5pDSnuL6mwIfR47ADBDTSg,Boxwood_53_aug_00269.jpg,1,48311.5,0.0,48311.5,48311.5,906.5269113779068
1PtgZp27wifKqWH-5IluNqzmgLekQMom8,Boxwood_2278_aug_00272.jpg,18,2581.1666666666665,10639.027655027712,46447.0,0.0,1259.3523738384247
1SnHpmjxU_K7YZg6ngnaXaVwV2E1i2dPP,Boxwood_2584_aug_00268.jpg,16,3051.59375,11816.189941160643,48815.5,0.0,1266.0559103488922
19AZPNP5KMw9GatOYSfRpqA_z4tcJ7HAE,Boxwood_2782_aug_00266.jpg,3,13527.0,19130.066858220856,40581.0,0.0,1005.6711345911026
1FVpLjfiKjyhu1jMZd2uhHhJBH-zrHT9s,Boxwood_2795_aug_00267.jpg,1,48442.0,0.0,48442.0,48442.0,914.3675311803818
1CFLSwH9tZMthmebf3T6KVSW8COc5DQpe,Boxwood_318_aug_00264.jpg,1,41069.0,0.0,41069.0,41069.0,864.6518018245697
1wGMfaeYED629Gb4Ks_-gaZ5dqLCfUslm,Boxwood_2327_aug_00265.jpg,1,48816.5,0.0,48816.5,48816.5,888.1837655305862
1e7U-2bswJqOwrPWHt-FIu-7ZVdMMK-7s,Boxwood_102_aug_00263.jpg,1,46414.5,0.0,46414.5,46414.5,941.2619732618332
1Lic3CKRAWmUeH-TDbmnxYbcCMNBognrQ,Boxwood_60_aug_00257.jpg,1,40957.0,0.0,40957.0,40957.0,800.9949476718903
1dKJLNcq1R9_qlAhGXFgkPFdROGFNsjLA,Boxwood_2775_aug_00258.jpg,3,13260.333333333334,18752.94324158803,39781.0,0.0,836.8183224201202
1Wft_ZtJZ09hnkr9tth5ZhavyC8loezzQ,Boxwood_160_aug_00261.jpg,1,46037.5,0.0,46037.5,46037.5,874.4091612100601
1V3rlenldfNy4GcXyUiKEIc3Y0jecago4,Boxwood_147_aug_00254.jpg,2,22070.0,22070.0,44140.0,0.0,874.9949474334717
1kGnWOtaQiPYj9AUmZtaZsuqQ1z8oPi7U,Boxwood_340_aug_00255.jpg,1,44853.0,0.0,44853.0,44853.0,856.534051656723
1WcStMG9wq2fkWyR9R8LogHEm6FoOrY9F,Boston_fern_623_aug_00391.jpg,7,6390.928571428572,15654.513982574235,44736.5,0.0,1286.0458053350449
1nMeU2oD8gE6SCMz7qSnk1VB2cW-PBQDv,Boston_fern_20_aug_00389.jpg,194,159.3556701030928,2158.3317297064277,30140.5,0.0,6793.204975247383
1TVKcQpdQBpgRNINWzqJBWGgtNfWOxSCI,Boston_fern_399_aug_00388.jpg,50,913.8,6390.028999934194,45644.0,0.0,2309.3708275556564
160vfU15SBFAgVLZ-Ob6JQO5NDzUNPIkK,Boston_fern_603_aug_00390.jpg,7,6559.642857142857,16067.573771673286,45917.0,0.0,1100.340181350708
11egEd66AtIjuFBrNiEc6zKnHFRlTBEen,Boston_fern_169_aug_00387.jpg,104,362.05288461538464,3575.278018989377,36642.0,0.0,4247.7782336473465
1MwZPolEWdHOsSmTyOVSZscid0jdv_K5H,Boston_fern_340_aug_00385.jpg,44,890.5340909090909,5836.649075997102,39164.0,0.0,2111.3636889457703
1nlOP7G4xG3-f-sKF4vnq1ZQUEfzka7mq,Boston_fern_69_aug_00386.jpg,47,786.8936170212766,5254.417160965488,36423.5,0.0,3132.012524843216
1WivCeDKVLYwu9CerjA7vhkeH2BISVIkH,Boston_fern_40_aug_00383.jpg,146,146.08904109589042,1280.1061715986036,15401.0,0.0,6611.744950532913
1N_kVMwi3cHpuXXs6jvin7wR1bsaHyHhc,Boston_fern_284_aug_00384.jpg,59,677.4322033898305,5033.5870582885245,39001.0,0.0,2899.5932589769363
1Gzzt8UK9c89Tzc5VLBdsF3oHD3uZyQRX,Boston_fern_316_aug_00381.jpg,172,180.5610465116279,2298.9624000650506,30239.0,0.0,6445.457720160484
1qFDdtJb0c3xV230PHNkif4zFLwmV8nNf,Boston_fern_117_aug_00382.jpg,54,720.2685185185185,5213.786252804659,38677.0,0.0,3525.372038245201
1PBqNUbTT_VJ6vlXMbw6Ol5KLyyZrSAYu,Boston_fern_589_aug_00379.jpg,385,61.65064935064935,1066.0623465142282,20911.0,0.0,10163.454210042953
1A4U3VgAd9xtpHzzGB_4dpOx86imbNC8n,Boston_fern_28_aug_00380.jpg,160,214.8375,2662.244290860392,33784.0,0.0,5573.956071138382
1Ys6UIa29U7A6T0u9hkt1vRYRpmislCBv,Boston_fern_537_aug_00378.jpg,10,4915.05,14743.483408696195,49145.5,0.0,1203.2863584756851
11Xx5vz1DB6xroLs7Z_gyOeDdOvdIpEey,Boston_fern_81_aug_00377.jpg,25,1683.7,8156.1942240238495,41638.5,0.0,1844.001209616661
1M-oqNQIfnEXW7v6qyp_DKa8hcr9UwIly,Boston_fern_187_aug_00375.jpg,92,439.67934782608694,4135.14483513072,39885.5,0.0,3839.2542880773544
1c4j7XkAKaPMKNms8fsUezjcHeSyd57Oh,Boston_fern_393_aug_00374.jpg,31,1227.6451612903227,6723.085326661662,38051.5,0.0,2032.9200377464294
15aKaL0gJHR6NxpU1m47Z3ziU3PjK8gc2,Boston_fern_399_aug_00371.jpg,36,1018.8194444444445,6024.543658551126,36660.5,0.0,1799.3393037319183
1SsydZ1WxMCRReKc64qjL-1sUB_spHlOs,Boston_fern_259_aug_00373.jpg,278,104.87589928057554,1601.6198280577662,26732.5,0.0,9040.690586924553
1kto7cO26D8APdiI44A005UXfHzsOs77I,Boston_fern_595_aug_00369.jpg,49,823.9387755102041,5702.714381115197,40333.5,0.0,2771.3018493652344
1Uksj5c8DrvQvy45IWBnf4VWRKy82YEuc,Boston_fern_127_aug_00368.jpg,75,520.4666666666667,4450.8086016912575,38807.5,0.0,3442.252202153206
1kldS6Pscy4_-inWEv5BvqKoM8Mjq1lxr,Boston_fern_589_aug_00367.jpg,40,1072.6375,6692.0550141450385,42864.5,0.0,2327.897740125656
1FvvmLDhKRy_s1zuz8ZxUEpQnLvIFlKdX,Boston_fern_47_aug_00372.jpg,149,145.54362416107384,1337.7459354056166,16322.0,0.0,6647.651587843895
1hQAqIkYyF9SxQvonePS50rGqBI3P7G3D,Boston_fern_73_aug_00366.jpg,425,47.42,807.6108851639473,16610.5,0.0,9251.959700226784
1jQoZM85UXZHmV9W0Kv1ZwnKlika0vwMV,Boston_fern_350_aug_00364.jpg,25,1488.66,7287.199686738383,37188.5,0.0,1891.5403144359589
1g05Kl8k1sEeRXvPAHc7T-DRNZ_XfMCxM,Boston_fern_297_aug_00360.jpg,67,613.4253731343283,4968.478951494688,40977.5,0.0,2735.627749681473
1Hun7ao8TTcb8MDBF_ZhFwZrW91hlH_67,Boston_fern_195_aug_00359.jpg,76,526.5986842105264,4526.086291549344,39723.5,0.0,3364.72023665905
1y3UTJ2vszez5dhO3KXzk-MewKBgOw2ie,Boston_fern_603_aug_00361.jpg,9,5162.722222222223,14600.085509854445,46458.0,0.0,1113.1442230939865
10fvxCsZ13qZ05XXnJzcjZv1p0wBoxxtR,Boston_fern_73_aug_00363.jpg,113,324.2212389380531,3405.266984281728,36362.0,0.0,4212.221884965897
1DCIV0D4TZHtYwobydqm5FFaFfeQwBiVH,Boston_fern_435_aug_00354.jpg,30,1404.55,7550.36771328611,42064.5,0.0,2198.9860532283783
1syrcyDEaJpctiC2klYEI7KiMy1EcNnKR,Boston_fern_47_aug_00362.jpg,359,66.84958217270194,1107.4822544620267,20980.0,0.0,8998.188061356544
17Z-dOe8sKXzTwAFGWyErIB4jKej8xGyI,Boston_fern_447_aug_00356.jpg,50,779.46,5436.949413816538,38838.0,0.0,2600.8165669441223
1ROp34hoPF0F7RUcrEOVg15rGwCh2gr14,Boston_fern_479_aug_00355.jpg,21,2137.0,9468.603250945174,44481.0,0.0,2138.5869970321655
1K17aL7YHEyAaCTcHbVv35KTtJ1wC3X-q,Boston_fern_585_aug_00351.jpg,24,1896.4166666666667,9093.748017945565,45508.5,0.0,1977.983965396881
1_xyZSGU5u9e0JaQFkef2un9TWYBmta_q,Boston_fern_403_aug_00349.jpg,48,880.9166666666666,6033.936587589859,42247.5,0.0,2577.679484963417
1tAnRUF8PLGom4iWmGjihgKwbjp3ggayJ,Boston_fern_488_aug_00350.jpg,31,1424.8064516129032,7756.445020087218,43908.0,0.0,1827.3565489053726
1v2tzM-wvwdnW8_2_kFAkNkYKVc5vfBd7,Boston_fern_469_aug_00345.jpg,263,97.39543726235742,1527.1951300676594,24816.0,0.0,7636.488366007805
17KCQLPCcw3pPIR4mvHMvEzrSaCHRnltt,Boston_fern_300_aug_00343.jpg,215,160.27209302325582,2257.879525214752,33182.0,0.0,6787.839529871941
15S7gY0LvjbmXrCsiVGPW1W0yqtCP-AfG,Boston_fern_227_aug_00347.jpg,191,159.11256544502618,2158.9992056019273,29918.5,0.0,5218.1499408483505
1DdH_cUeXeYBEcaoP4vUePzAlTFNNUUK2,Boston_fern_307_aug_00346.jpg,89,468.46067415730334,4387.4093352934115,41626.0,0.0,3518.0755766630173
11YsSaLFcMWUrMscmS4vGyJvvezrkBaQP,Boston_fern_595_aug_00339.jpg,3,16451.833333333332,23265.698722702393,49354.5,0.0,1106.8599519729614
1hrNSoQdNSxBx0KSaJguDndFskS_yz2GF,Boston_fern_117_aug_00342.jpg,50,851.5,5930.380149703727,42364.0,0.0,3391.8501801490784
1Uwhkx-qZCKJd9f37Tm65EDJXAmqS-M0X,Boston_fern_313_aug_00341.jpg,50,862.83,6035.310251022726,43110.0,0.0,2510.892686486244
1kXKjHdDnwXpKBDIdYgpGmxss9ZxgUvrM,Boston_fern_263_aug_00340.jpg,160,201.475,2454.3584521978446,31140.0,0.0,5707.460684418678
1y4yCm72xzDXDimQJjX5x4GiBE98T4xJB,Boston_fern_607_aug_00338.jpg,7,6224.214285714285,15223.094227092559,43513.0,0.0,1675.8447943925858
1nidPfIdbPtgbgDro6patd3ktgctKXakO,Boston_fern_488_aug_00336.jpg,102,371.73039215686276,3689.502738076284,37449.5,0.0,3762.082715153694
17z2fVNdZzXQeT1tFYxCTyaK0mxDahgFc,Boston_fern_112_aug_00337.jpg,40,861.8875,5378.482840782683,34450.5,0.0,2570.85819709301
18I-Mv_ucOcl3Y0c8obION66XMIJZAfqD,Boston_fern_227_aug_00334.jpg,107,399.52803738317755,4066.106976926706,42262.0,0.0,3587.607539653778
1nq7jvtc4tlDPUSfFKeKlq7q3QL5YHcXW,Boston_fern_167_aug_00335.jpg,66,637.4090909090909,5120.98379879229,41924.0,0.0,3312.796357035637
1B8LhGcFQ1Wj1fKQKl9NbuHHsNnsN5FOA,Boston_fern_432_aug_00333.jpg,45,979.6666666666666,6487.447178119363,44012.5,0.0,2728.0470159053802
1PcJeT-dotr5aDhxsnnIxobqq4VVfrhVq,Boston_fern_399_aug_00332.jpg,35,1213.4142857142858,7071.330466332459,42446.0,0.0,2360.2997601032257
12vghuT-CRohMfYMlIVyYZRspuRbxe57M,Boston_fern_92_aug_00331.jpg,492,48.65447154471545,848.4941853911592,18764.0,0.0,10811.79438829422
1HnTt8pO7pcd65TZSHuxdGg9VsKEQzVVQ,Boston_fern_563_aug_00330.jpg,23,1825.2173913043478,8559.429433983887,41972.5,0.0,1541.0235077142715
1974pZ2qQQLVRF44FvYsdkoZ-AXjgFirE,Boston_fern_551_aug_00327.jpg,6,8155.583333333333,18231.743344180104,48923.0,0.0,1133.7472546100616
1cBJ3TZ-Eh__gz011UZkO1kt1tKzj0BTL,Boston_fern_388_aug_00329.jpg,22,2038.0,9337.979994964844,44830.0,0.0,1943.92508995533
14Lc-ph_U0ImKYGJz2CDJ22QwzU7JMsrW,Boston_fern_432_aug_00328.jpg,57,738.561403508772,5520.473796623988,42050.0,0.0,2807.8115136623383
1EdgdzCrjrYHkTGu5CWfJzydoF-QJNMWQ,Boston_fern_347_aug_00315.jpg,136,250.2058823529412,2877.8612012468334,33687.5,0.0,4408.412791490555
1c2bdOb6ctTSeX7YpWarTZnhsYTWeuCZq,Boston_fern_379_aug_00326.jpg,44,823.7272727272727,5398.7961531153005,36226.0,0.0,2361.762744784355
149enmtar0v064wuxLrSKZIyZWNXCyK2t,Boston_fern_483_aug_00322.jpg,29,1336.0172413793102,6976.524530564256,38250.0,0.0,2104.334250688553
1FQMolb7bEYjPq6vnzH3jiCHXob3DVAt7,Boston_fern_442_aug_00323.jpg,27,1643.962962962963,8370.04870436505,44323.0,0.0,1974.6214861869812
1TkHxZjEtMXVgAJf7SBcninhG3RAMreBf,Boston_fern_69_aug_00320.jpg,101,410.14356435643566,4016.8424864652643,40574.5,0.0,4402.925422906876
1XhAQBLdOR_5zRxXWmJotYTZBWKLHg-eL,Boston_fern_210_aug_00318.jpg,176,210.60227272727272,2750.529484831358,36596.5,0.0,5265.574259161949
1oW3KakDfOfcsC79N7Yux8vGG6NdKrbwY,Boston_fern_526_aug_00313.jpg,14,2766.8214285714284,9961.912453739462,38685.0,0.0,2181.5646988153458
1AqP-2PXsLNwElPmrxKxWKoMBUFsWR8DO,Boston_fern_432_aug_00317.jpg,50,822.43,5750.153571870929,41073.5,0.0,2571.3190937042236
13xQamkxpbJWZfcQWw4MIEPSS_vB5_t64,Boston_fern_140_aug_00314.jpg,339,85.56194690265487,1362.0402617502384,24989.5,0.0,8762.950471639633
1wlLdUNA5GF9W4hKEPjWc9WYfknMsi6On,Boston_fern_92_aug_00311.jpg,131,255.9885496183206,2866.5429091274545,32938.5,0.0,3932.4746327400208
16tCadQRg0TTkjgRWMzWBG27h9AKm32UK,Boston_fern_328_aug_00310.jpg,48,798.5,5471.250083771228,38307.5,0.0,2601.846004486084
18jP8WgWqYQOLgI6To7dkMU2VXiTFJreR,Boston_fern_210_aug_00308.jpg,82,519.939024390244,4610.808417021585,42016.5,0.0,3530.9384915828705
1E-RPGx54iQGv5fL6iHXlKAFeL-CefZaq,Boston_fern_307_aug_00307.jpg,49,870.1122448979592,6026.005143750138,42619.5,0.0,2702.5495421886444
1w7Ah7zOyLmhngcL4E9451B0hvsBu0bnd,Boston_fern_235_aug_00309.jpg,115,337.5869565217391,3570.610348666427,38461.0,0.0,3579.656308054924
1eHedc8wCyPCdcu0ZWsD5GLhxq4BWTcqR,Boston_fern_432_aug_00306.jpg,40,913.9,5696.89909753543,36491.0,0.0,2443.218589425087
1_pEFFZP7XYa54RMxhSg2nxcPckf3BxhA,Boston_fern_483_aug_00304.jpg,23,1824.608695652174,8524.517556100884,41808.0,0.0,2048.954526782036
1gevvGlSuJ87gRKO3Q-uZysD2p1OZpztP,Boston_fern_469_aug_00300.jpg,17,2428.0,9690.637083713087,41190.5,0.0,2150.9789123535156
1SGLDQuk5sK2oxO-HJ_93Q9Vye_9PYoou,Boston_fern_234_aug_00303.jpg,65,648.1,5168.240577872632,41994.0,0.0,3087.853144645691
1rge3hYdN1I8cOPuYpZTfXikXhGwDILlX,Boston_fern_557_aug_00301.jpg,37,1160.837837837838,6961.360725417057,42929.0,0.0,2731.527243375778
1PHjLWBkcOZJmRaDxbmjUWSE7jdGDy8Io,Boston_fern_530_aug_00299.jpg,6,8020.5,17933.265193488885,48120.5,0.0,1068.901582479477
1_3GHBht7mCD1nuPA4B3NhaH8PzTf-Nui,Boston_fern_432_aug_00298.jpg,59,755.3559322033898,5741.132286634258,44478.5,0.0,3089.2328679561615
1Nf6X6-CzP3Mz5yvlG1LiIFhgBMo8NEeN,Boston_fern_235_aug_00297.jpg,186,140.18279569892474,1816.525764662452,24837.5,0.0,6107.818110466003
18CfYfIf8DiuCHR7IGQbUUNli6tOTHFuR,Boston_fern_363_aug_00295.jpg,48,797.6145833333334,5465.471714774092,38267.0,0.0,2361.9221247434616
1ioqJEZnSQh045zllfRSBYW7dyrzR_4WX,Boston_fern_210_aug_00293.jpg,62,642.9677419354839,4947.202473466751,39281.5,0.0,3260.899827361107
1W6b1QdZkicOeigq14B-HWXYCgSXaHGm3,Boston_fern_388_aug_00291.jpg,46,813.3152173913044,5447.760773891511,37358.0,0.0,2345.2358326911926
11er5ojLPFmoSpLnf4_68oH3gwsyAWwNC,Boston_fern_215_aug_00288.jpg,36,1179.1944444444443,6920.135878239854,42119.0,0.0,2216.091610431671
1nYIDukO-JbIx62Lchn_8x46T1obL43Bb,Boston_fern_447_aug_00289.jpg,46,959.1847826086956,6414.809574216843,43991.0,0.0,2494.6672917604446
1ezO6L9z3YaNwVA-hqdvH1NslpHiY-uTn,Boston_fern_363_aug_00290.jpg,37,1091.945945945946,6549.092612807687,40386.5,0.0,2114.5768922567368
1bNA7e1eaPT4TnTZyb-CflbQuwDT5rDit,Boston_fern_353_aug_00286.jpg,68,636.3014705882352,5185.406698936949,43080.5,0.0,3111.759780049324
1GFaBlxpWpCdNLucST3YQekW7_YL_rFQs,Boston_fern_526_aug_00268.jpg,14,3226.214285714286,11629.23040954849,45156.0,0.0,1393.6854145526886
1Gg76UwD8w41wpaEc--_GAptmhqCutYIY,Boston_fern_235_aug_00285.jpg,25,1416.42,6915.1420458006505,35293.5,0.0,1938.226605772972
1u_7UuraikpJK54TOo1ajqF1qgN9RZ-GU,Boston_fern_195_aug_00284.jpg,197,171.93147208121826,2368.8468626109825,33335.5,0.0,5588.625117182732
1q2qys5smfd_N1YAOy5a2FDrYEnVTbVk6,Boston_fern_328_aug_00280.jpg,20,2078.9,9057.356263833282,41559.0,0.0,2694.223639726639
1r0slzfs9EUV1yNUGfu9eW8oQcmCvTpT-,Boston_fern_210_aug_00279.jpg,14,3159.4285714285716,11348.117183129578,44075.5,0.0,1699.2833931446075
12JGdBTVfNneUD9iL39H2qnw6CZBXY7ON,Boston_fern_20_aug_00281.jpg,548,36.85766423357664,720.7958679180139,16815.5,0.0,10510.892807722092
1hvwdmZVpg3ENYgSKEYQUSznCTnntw254,Boston_fern_277_aug_00282.jpg,128,313.8203125,3450.1327673357227,39185.5,0.0,4730.211781263351
1Z5_LHfKVzg6t_-vyowCY_OP6xMsSllst,Boston_fern_508_aug_00276.jpg,105,316.5761904761905,3220.0241545832814,33154.5,0.0,4371.577224612236
1ipLaw8LS-Mho40Pb7QLpkpeCJ-QFf5zT,Boston_fern_167_aug_00277.jpg,26,1681.25,8400.350292890722,43683.0,0.0,2220.8195321559906
1-i1Cw9LKdfnckGAvGJVc49-_ioQf8NKe,Boston_fern_549_aug_00278.jpg,162,195.8827160493827,2462.125111241297,31436.5,0.0,6140.705412387848
1QFDqGqnwV6yVC6qYomKGW55SK8g0g-bn,Boston_fern_615_aug_00273.jpg,8,5631.4375,14899.383148803301,45051.5,0.0,1317.016367673874
1mMCJNg1VNhUACa6gIO3I5wfrQcEvoMhS,Boston_fern_563_aug_00272.jpg,11,4088.818181818182,12926.025820506344,44964.5,0.0,1252.5828218460083
1X1VpW6FbDPQGzTNQgIKoiQLDZUmSg0DY,Boston_fern_522_aug_00275.jpg,77,470.5974025974026,4097.1247156167865,36188.5,0.0,3424.7029914855957
174j3sRt-9AXIdnyAVtG3w6DtY6Q8BeCV,Boston_fern_234_aug_00269.jpg,103,407.0145631067961,4073.4006078366315,41546.0,0.0,3603.205518603325
1EigDL2Vena1H830CXmPMCU4r7S3MRbtz,Boston_fern_403_aug_00267.jpg,36,1181.2222222222222,6983.726202596971,42497.5,0.0,1987.4398083686829
1hE7MYR3Gh7MZT0GcGcsIJRmZQpYTYcVX,bitter_185_aug_00385.jpg,28,1359.1607142857142,7045.859651816766,37970.5,0.0,2391.6723437309265
1tEcIZjXgg-IjptFanc2uLvNTWJjngNfO,bitter_297_aug_00386.jpg,37,1136.1351351351352,6770.997180591374,41762.0,0.0,3083.8115150928497
1pz9u6w0YGWw7tI_8wELdAZOc7TSvrmUS,bitter_310_aug_00387.jpg,38,1135.171052631579,6889.854344266987,43044.5,0.0,2582.525156855583
1uzgHEK3EHVqHtU8_f2vhepJP9oE6H6WW,bitter_220_aug_00384.jpg,30,1404.1666666666667,7546.910106497597,42045.5,0.0,2179.0621724128723
1Sccj9DA_YFeIbmejhandnP-t8uvY51T6,bitter_547_aug_00379.jpg,8,5705.9375,15095.546732475235,45645.0,0.0,1386.3056910037994
1WuDXjzsH-C7q0EVmqDlCS_cin3Jgsqe1,bitter_384_aug_00383.jpg,9,4817.055555555556,13603.661374882467,43294.0,0.0,1595.9280548095703
1HQJP3_HShpduPZvLIRHpRMoa01LtnOyd,bitter_659_aug_00382.jpg,10,4873.8,14617.73349599725,48727.0,0.0,1330.2396754026413
1wZpLl7Ho54x-z46bTvEpF1aFEa_nVsHB,bitter_513_aug_00380.jpg,3,14308.666666666666,20233.38917619971,42923.0,0.0,989.3036034107208
1lAaEuA4DdIwWMFoL5tfqrn_78JyYMu_k,bitter_280_aug_00378.jpg,9,5071.333333333333,14324.806576161664,45588.0,0.0,1188.2152910232544
1XqmJRyTL1RAkMvL_xGJ4h-d5MeZw7JeH,bitter_220_aug_00381.jpg,44,1012.7045454545455,6615.133657790589,44391.0,0.0,2587.429703593254
1IukvD4MnIC4mqVoR_oBP-s4sO3I04wHb,bitter_680_aug_00376.jpg,8,5522.0,14592.83777234572,44131.0,0.0,1192.607206940651
1WmhiwSeUsalPdgK-7j6OiolQ8yZBhCSw,bitter_537_aug_00377.jpg,20,2030.5,8835.031909959353,40541.5,0.0,1930.101715683937
13l1Cv4-pCdTE_qKDGJN2i-XZDpMphpTa,bitter_710_aug_00374.jpg,33,1250.5757575757575,7057.270827461532,41172.5,0.0,2659.6794840097427
1XQGK091TEUo9kqR-qliyc5kX8Y5k0VTv,bitter_100_aug_00370.jpg,33,1127.7878787878788,6369.657551127922,37160.0,0.0,2305.9494754076004
1rEq_U0OXPUvC2to1NZ9bzWog4ZTngnAd,bitter_155_aug_00375.jpg,24,1649.5416666666667,7909.047342965137,39580.0,0.0,2038.0428406000137
1IySCW_gRZEmOJ_feBSU4cSmZZeXwgnFS,bitter_31_aug_00371.jpg,46,875.5217391304348,5853.20632863855,40140.0,0.0,3643.2816373109818
1mN-CrgE4SGLfyzILuqHxsbqpnchpaXsc,bitter_418_aug_00372.jpg,26,1594.3653846153845,7928.242001950627,41235.5,0.0,2768.2997601032257
1cQ22k__OW0RUGoWHzhUXRUEhVVOT-cWE,bitter_334_aug_00367.jpg,34,1316.3970588235295,7558.034784623552,44734.0,0.0,2519.1281867027283
1gM4A0dIGaeAzNv8ByHCqH4Mcxa8T2PqS,bitter_392_aug_00369.jpg,43,944.1162790697674,6090.883158399106,40417.5,0.0,2530.022631049156
1zn5cS-kAxhr7_u7EOL_C0_04nk8wCl7y,bitter_392_aug_00373.jpg,12,3635.625,12039.464708347363,43566.0,0.0,1756.4965971708298
1mZKvc3ml1ZkOq3YbJT88cWnPtcSF-neV,bitter_82_aug_00368.jpg,45,929.5333333333333,6149.70103645517,41722.0,0.0,2549.6550991535187
1uNt4tXenF3U1vz0YxTVXdNQERInYFoVB,bitter_573_aug_00365.jpg,11,4302.409090909091,13583.754218681732,47258.0,0.0,1603.300637125969
1zbNzfhMtsIioASudH7hlUeXP4wnbYzi9,bitter_530_aug_00362.jpg,15,2401.5333333333333,8953.936691881523,35904.0,0.0,1708.2194657325745
1VsBwOCgyLvqTqcKqFONi8CP2lUnd1mcT,bitter_717_aug_00366.jpg,30,1494.3666666666666,8024.3010608747445,44706.5,0.0,2403.4641931056976
1ISF79HGyldTK_FP8Dp_ObQBk31xohksk,bitter_162_aug_00363.jpg,11,3893.909090909091,12291.804911880743,42764.0,0.0,1981.3666524887085
1EwCIoQ5pcU5z055tGykRhK8gAqUVJHxX,bitter_107_aug_00359.jpg,77,593.4350649350649,5159.226585140683,45570.5,0.0,1723.8691794872284
1XiXHyAGr164bPe0g-EW31ZJUNEr2gIEP,bitter_573_aug_00364.jpg,23,2023.608695652174,9473.661820102272,46459.0,0.0,2234.9545282125473
1IAuSqjIPqBd4GkakvZWhSo1WFYzm9Dpx,bitter_162_aug_00360.jpg,17,2710.4411764705883,10841.389708891993,46076.0,0.0,1441.9625449180603
10zLYwwQ8hshFhIPYUoNgjI182f6NDsvi,bitter_369_aug_00361.jpg,28,1532.0892857142858,7951.060162974643,42847.0,0.0,2246.19211602211
11ZPYhKI1cNs0zp35aVyG424uJ0AX757P,bitter_169_aug_00358.jpg,10,4639.6,13913.46680522148,46380.0,0.0,1115.9898949861526
1sh9NO69EXya_cesMzoHp7Ywhq47QqeJL,bitter_474_aug_00353.jpg,30,1201.5166666666667,6451.986751488946,35946.5,0.0,2096.8540213108063
1G2oYUPQtc1vlF7Rv9AQ8Y_FbYVgACkbO,bitter_418_aug_00357.jpg,29,1490.2758620689656,7869.9274375419745,43134.0,0.0,2211.9839646816254
1yzein8jCKhCxxGatriMm8fYCdAqgzLgE,bitter_449_aug_00352.jpg,34,1278.5294117647059,7322.6640874322675,43344.0,0.0,2403.7484644651413
1m9VtjEcmiO8x6CU-264lOTugTUTWvdsC,bitter_507_aug_00356.jpg,7,6332.071428571428,15508.506929213701,44320.0,0.0,1203.9137744903564
1q17iIPB381wgSHkDO66YHCZcz16yNZKU,bitter_182_aug_00349.jpg,48,833.28125,5640.960378216352,39503.5,0.0,2637.7799898386
1kllxtVC_JpSZV2_HQ282njghu-Ekvm6S,bitter_239_aug_00351.jpg,40,1044.0125,6504.246541190898,41663.0,0.0,2470.3830211162567
1-J7oBXG3_Pwk9gPxeUfDDX-c7nPPHVJB,bitter_537_aug_00354.jpg,27,1623.5185185185185,8249.923768987293,43690.0,0.0,2062.1605904102325
1nYPoofZRdL5zYck0G8FLw-k6y68J_jhl,bitter_162_aug_00350.jpg,3,15375.166666666666,21722.20603565751,46095.0,0.0,1588.3889509439468
1aLoNQYaXkVLB8THtSenQ9mlhWU2vT63B,bitter_169_aug_00348.jpg,49,742.5918367346939,5087.530373647955,35989.0,0.0,2908.8998279571533
1B7txORJBAebZJjvyhykjYtyB4ytGvMeg,bitter_297_aug_00347.jpg,34,1288.5588235294117,7393.5044999416505,43761.0,0.0,2024.3271099328995
1WuWZwWbJzS99N7dVxeVqSM8yE9O0Z0Eq,bitter_703_aug_00346.jpg,14,2749.035714285714,9881.44197195698,38377.0,0.0,1824.3199707269669
18raXci86HwBGwYitHW_akWMgchm3Cufe,bitter_317_aug_00343.jpg,47,877.9148936170212,5885.162308467985,40792.5,0.0,2799.1008372306824
17p8AE8zFkAkmA5rXGNgqY4f4UVQZfCo0,bitter_1_aug_00342.jpg,37,920.1081081081081,5513.233023071944,33999.5,0.0,2883.502858400345
1oNHvlG0qDvt-g1GdEB5ggcquNU6gq6Y8,bitter_460_aug_00344.jpg,23,1893.9782608695652,8823.768715038032,43281.0,0.0,2398.0255955457687
1gf0qCW8qXJ0eqIMIOxMQGIy0Kglf27bm,bitter_373_aug_00339.jpg,18,2272.8333333333335,9347.61319060171,40814.0,0.0,1693.4011433124542
16berrl_2TWe0aAJEkCnUJKs8YE9gBdHE,bitter_324_aug_00338.jpg,50,820.62,5686.918728591081,40628.5,0.0,2710.081506371498
1k4vfm5rtkoWjr6rI6QaCUHyzGAyoOcPy,bitter_169_aug_00340.jpg,17,2579.323529411765,10316.419129006379,43845.0,0.0,1368.9919825792313
1m68jZFMRrydFubJSvMVUe81h0aDbv8wN,bitter_717_aug_00333.jpg,5,9326.3,18652.6,46631.5,0.0,1436.6488364934921
1hOdka10DmEoF65iNH-kUyvNd4PqHvKCh,bitter_162_aug_00341.jpg,20,2159.875,9412.726943977234,43189.0,0.0,2109.540313601494
1Idbo-TJwQYiDhRUDv7UdSlf75IBRsOnX,bitter_686_aug_00336.jpg,50,896.07,6244.572139074061,44608.0,0.0,2275.221552848816
180iEmFipjJp1QIImfQXLkUf0n11uCowm,bitter_392_aug_00337.jpg,62,723.6532258064516,5617.242979454559,44595.5,0.0,2671.6723442077637
1Sipeb2P8nlGx7n1LqJkGmF7d-EXByXEM,bitter_199_aug_00335.jpg,35,1048.1857142857143,6104.4608935781125,36643.0,0.0,2621.1769582033157
1_ZbDO5Y8M39KsUllh3xRg2RuASfOPmLh,bitter_615_aug_00334.jpg,31,1271.1774193548388,6955.406635162164,39367.5,0.0,2149.3981783390045
1nxTvMf4Jj3zL4qAwI67nVVSvR-SZQwR8,bitter_677_aug_00332.jpg,16,2650.75,10248.113654168264,42341.5,0.0,1539.2590081691742
1sMHgZb3gAnXw9XQuXWy-Uti8bbepJ025,bitter_199_aug_00330.jpg,31,1404.967741935484,7677.43769203557,43456.0,0.0,2224.9789127111435
1q_GiiZw8LxCQl7F01VJ6fzy_9T22RCCA,bitter_297_aug_00329.jpg,11,3988.2727272727275,12610.760851106552,43867.0,0.0,1376.2295713424683
135lqch8TsG39tSR3TqjhWUKPLNf_miOK,bitter_384_aug_00331.jpg,60,723.9916666666667,5507.976937657227,43031.0,0.0,3073.4023529291153
1vRK9BfqZavtaSBydqX5P_mTPcqHhcNTZ,bitter_155_aug_00328.jpg,44,1014.9090909090909,6653.831504097272,44647.0,0.0,1343.2346227169037
1vWZuy44Dft_lIAFwSzFgjBPWj9Z3E20N,bitter_677_aug_00326.jpg,7,6656.571428571428,16302.345877266893,46589.0,0.0,1152.6416969299316
1t0LMOnS5BkiFnfmwziJyTaOl3CgVDswT,bitter_146_aug_00327.jpg,31,1364.6612903225807,7462.87814018665,42240.5,0.0,2161.22155213356
1q8WPNPGScx6HeUpNjn_8LrN1ywkXuHE5,bitter_280_aug_00325.jpg,11,4182.272727272727,13216.495688693587,45976.5,0.0,1623.4011433124542
1reEDaYwd0vB4txNWCsNk5jIxBzbG1Hx5,bitter_730_aug_00324.jpg,15,2900.4333333333334,10829.580796544662,43421.0,0.0,1516.981877565384
1den_eU6HTrVcK6b7BW_e-vvwCqlPlx7M,bitter_31_aug_00323.jpg,58,775.2672413793103,5848.040346115008,44927.0,0.0,1941.9768244028091
1hpWDRR4fXkMZjKXkVWLeO6XIieGuTgx6,bitter_594_aug_00322.jpg,33,1374.590909090909,7730.2022391656865,45103.0,0.0,2565.7312190532684
103bRkA5V-FUFyDVobvd1xiz2otazgNCm,bitter_635_aug_00318.jpg,15,3001.9666666666667,11216.436515915184,44970.0,0.0,1517.4427741765976
1AZet5UE-gEpMFN67HzZl9E8-MV4K4Vwp,bitter_706_aug_00321.jpg,51,714.5,4971.33411691075,35866.0,0.0,2594.4662820100784
1l7lfi38kAZDa4SHvoKlbyS8Gwgd8d8Em,bitter_384_aug_00319.jpg,4,12226.625,21177.135705091823,48906.5,0.0,1323.5117539167404
1ZvPUwLhELlfqkFRFiLIrU9WKnO2izz-J,bitter_155_aug_00320.jpg,21,1984.2619047619048,8859.58309727926,41605.5,0.0,2188.192115664482
1xSwAaQApMLSLfvfM4ySny6HovFeJ-XgC,bitter_384_aug_00313.jpg,35,1137.5428571428572,6618.896656404546,39732.0,0.0,2257.4398086071014
1mLAkP0y0HRwac9i3VtNL8d8T7sc1_Rxs,bitter_659_aug_00316.jpg,43,1047.7558139534883,6762.855507890564,44876.0,0.0,2647.814478635788
1_kOS_eks8oCqhjeXvUwU9WUK0tqeOlhW,bitter_239_aug_00315.jpg,23,2010.6304347826087,9383.526039794875,46023.0,0.0,1701.7859196662903
1vaNHDeBw9XlaWI61Ey1giMqch_IWXaZ3,bitter_449_aug_00314.jpg,24,1726.8958333333333,8275.438051068111,41414.5,0.0,2061.2560431957245
1pxpQXz6uklolL2Z_p3YuNuLURXpOIQuC,bitter_492_aug_00309.jpg,26,1720.7692307692307,8573.353778098619,44587.5,0.0,2426.2337452173233
15REs-KBa303L-G3FW62tbf0teMPcTHhS,bitter_369_aug_00311.jpg,14,3251.75,11692.465015296328,45409.5,0.0,2029.1240125894547
19odMfgWq2R8H4rrW0lnf8nOVI0gShN59,bitter_271_aug_00310.jpg,28,1643.1607142857142,8521.949339011053,45924.5,0.0,1925.9768244028091
19LFl3YCpd3IyL4sjRRdD8A3gI5IE421a,bitter_710_aug_00302.jpg,33,1339.4848484848485,7561.27754706239,44112.5,0.0,2344.836777806282
1THualT4o0dkiMxdHto00yP862d3Cq5A7,bitter_717_aug_00307.jpg,49,843.0102040816327,5816.1606467035635,41138.5,0.0,2865.4612287282944
1lL424Mbrb1MoK09v5lFUL8cDVzTAsEnb,bitter_297_aug_00306.jpg,27,1571.2777777777778,8003.83857368327,42383.0,0.0,2417.304813504219
1RdDl51Ho3GH9i6FPEGOlPUXUE1x0TJr5,bitter_334_aug_00303.jpg,43,1008.7790697674419,6522.439282167517,43279.0,0.0,2796.632800579071
1FfSsea7-kiS4nOubn0bTceP2BtBwMFPV,bitter_615_aug_00305.jpg,29,1429.3275862068965,7553.845697067227,41400.5,0.0,2249.966719865799
1T8FGR7dkulxKYf0_JyilynKmOny5L97m,bitter_406_aug_00301.jpg,5,8543.3,17061.857078290155,42667.0,0.0,1733.952439904213
1wSL3ZTyjY_gqcMTYVrm7-QAOQSdWuqyM,bitter_107_aug_00304.jpg,56,648.6071428571429,4759.026440162238,35942.0,0.0,3612.335461497307
1-deKAFXJfArw7SKHu3_vdCgMd0yhzclo,bitter_573_aug_00300.jpg,25,1773.5,8672.626807375029,44260.5,0.0,2116.711886048317
1zFCGpMZUJLq7dXgUNxtxC6yRlLwi_3Nh,bitter_583_aug_00299.jpg,11,4132.636363636364,13026.334030603526,45325.5,0.0,1887.8519335985184
122AO8G3n-54OPoolkD-vaKjbcsCXMbed,bitter_449_aug_00292.jpg,22,1923.25,8808.638445698942,42289.5,0.0,1980.403230547905
1oVwXM7Ac2porVgORW-TVkK6iWGzYYzGZ,bitter_706_aug_00298.jpg,34,1259.5588235294117,7228.826180814015,42786.0,0.0,2255.523069381714
1Wb99BSRHAymRDqrXrDS2QU1cxWzks5m9,bitter_58_aug_00297.jpg,6,7061.666666666667,15760.86800609521,42304.0,0.0,1516.3717061281204
1EQoF5Yj_-TbfPu798RcmbT_K8nwyqtFO,bitter_762_aug_00294.jpg,14,3396.0,12220.4685788113,47457.5,0.0,1684.513841509819
1BIR_M95XKwGmq1vegp11VOyXVDGdNmlm,bitter_357_aug_00296.jpg,5,8619.1,17220.45548874942,43060.0,0.0,1473.5950133800507
1Lp89ufDGTkeaAzSzXbpQLWXuckyXCE7J,bitter_271_aug_00293.jpg,35,1233.0,7176.445953852884,43078.5,0.0,1902.5626113414764
1sDbCoEq7v-wrO711xdiNNVoeV6bPIs86,bitter_166_aug_00291.jpg,4,10919.25,18905.479590914903,43664.5,0.0,1120.0731551647186
1lQJO31SRrKdgI1pqK95nDJ4l8qOUMpcd,bitter_680_aug_00285.jpg,5,9584.3,19163.100473566377,47910.5,0.0,1193.3696187734604
1lYBbNO_kGIOyEdkzd3nFyxYo3JPJ1Wbz,bitter_126_aug_00290.jpg,4,10221.375,17700.476891086157,40879.5,0.0,1225.5117534399033
1s13eIRGpBESZg2-f8rrVOOBehK-LR_L5,bitter_155_aug_00286.jpg,17,2418.323529411765,9671.669178800124,41105.0,0.0,2083.942334651947
15sbOSSuzsFQ-GCTN0CRYDzq6UP39Tbhn,bitter_367_aug_00289.jpg,51,704.0784313725491,4960.48999237341,35780.0,0.0,2795.0764523744583
1F9O2Nfx9J50D15r2-VwXnhgKGUGWqp1u,bitter_695_aug_00288.jpg,33,1418.3636363636363,8011.281241183856,46737.0,0.0,2121.4154233932495
141t_aLNDGI9q_xWTetGHMOwr7NGcKX9G,bitter_73_aug_00283.jpg,39,909.8205128205128,5607.2937099670135,35475.5,0.0,1549.3666538000107
18FB7oPFWLeuVO8VKxiDgvwsQy3BjWSJJ,bitter_185_aug_00282.jpg,17,2624.9117647058824,10488.64812580346,44579.5,0.0,1709.1240134239197
1L9vYAEmjArGen1pHv9_ehRIv3X2QYCSM,bitter_66_aug_00284.jpg,46,896.6304347826087,5998.4616075206995,41135.5,0.0,2807.5617339611053
1is7yKGb1cyWPKnQGEVYOO2FUor45utij,bitter_392_aug_00279.jpg,34,1062.485294117647,6089.5897059283425,36044.5,0.0,2152.1677302122116
1cbv2qEIDBSL4PNOPj44exufups46cm6S,beach_morning_glory_703_aug_00371.jpg,11,4235.590909090909,13380.044667710094,46547.0,0.0,1441.9869301319122
1VkWU4RK_4CqO-GEvlZMjT0_nScoAHh8f,beach_morning_glory_367_aug_00370.jpg,4,11999.25,20782.444636339103,47995.5,0.0,1164.5828213691711
10luGm6ddKoz0YbAlqSDsang-2TIGQHRt,beach_morning_glory_582_aug_00372.jpg,48,878.9166666666666,6013.808794950354,42107.5,0.0,2845.58611869812
1U6BabCEbzF0H8zDbXU6iY7oVmYKh3Cis,beach_morning_glory_729_aug_00373.jpg,10,4394.5,13174.168000295123,43917.0,0.0,1118.014279961586
1CpxH5iZpJChG8e0yp5tM1vi0gagcwO0T,beach_morning_glory_713_aug_00368.jpg,4,9447.375,16361.890154315148,37787.0,0.0,1037.570629119873
1qcAal79dHf3YhUN3k5ZteAFwwl6i-fuT,beach_morning_glory_682_aug_00369.jpg,40,1074.3125,6674.233165397636,42754.5,0.0,2315.069313764572
1pzbjsFUMgP1aFW6t70Y72ZhHvbOh1F4i,beach_morning_glory_477_aug_00364.jpg,18,2428.0,9993.318637414144,43631.5,0.0,1973.9839648008347
1VjLQVBUw5EZxGBwT3hl5h_88AVJQVzyS,beach_morning_glory_457_aug_00366.jpg,87,472.3103448275862,4365.308706705118,40954.5,0.0,3459.7324279546738
1H7QnnG5qLvZZXuVgEYJ6H_OyHl9iPbtw,beach_morning_glory_711_aug_00365.jpg,3,13058.833333333334,18467.272106501154,39175.5,0.0,1299.938159942627
1d-qdBIDj5HyfYfQAOQsBxqjmM29CBBx8,beach_morning_glory_585_aug_00363.jpg,64,650.8046875,5155.775805935687,41573.5,0.0,2640.4662804603577
1SkBdiV8hLHdbY3MrF0Xnsh3KIevsYL0c,beach_morning_glory_630_aug_00362.jpg,54,678.5,4931.314358825196,36579.0,0.0,3253.1395030021667
1g8wZc7gAjpNliTjwQlShTusXq-6tjfXU,beach_morning_glory_692_aug_00361.jpg,19,2275.7631578947367,9641.578819948229,43181.5,0.0,1819.515929222107
1JozSVvsnMIZOKDzU_rjHuiWXZjzCjh_5,beach_morning_glory_559_aug_00359.jpg,19,1966.8947368421052,8336.225899774883,37334.5,0.0,1733.2732883691788
1jD1b93QuhPDliTztTEHnVYy2ADs6xkiO,beach_morning_glory_681_aug_00354.jpg,8,5641.625,14916.888781574897,45108.0,0.0,1204.1219254732132
1Q_TXXq4Z-OaqMDhnaPTWUbEzt_LsQYF_,beach_morning_glory_409_aug_00360.jpg,34,1164.514705882353,6680.576882105685,39541.5,0.0,2203.3291980028152
1BT2WeTK6t9tIlI6IIIUvLPWyRabwBtet,beach_morning_glory_371_aug_00357.jpg,24,1507.5,7212.411137523059,36097.0,0.0,1870.042838692665
1nHLv_yTQ-Dna_V3b9xHfNs-_fsC39hqy,beach_morning_glory_569_aug_00355.jpg,27,1550.8703703703704,7897.62338324426,41821.0,0.0,1646.0356998443604
1vRcHS33A0ihaLHjumjuMbg-XtSQmHC8q,beach_morning_glory_536_aug_00353.jpg,16,2873.375,11122.595285751659,45951.0,0.0,1522.45496571064
1g3PiruANdLtDNXW_Oyl7SG7IT19UNn7X,beach_morning_glory_568_aug_00356.jpg,13,3310.0384615384614,11461.979924384017,43015.5,0.0,1748.8052520751953
13tyWb5S2w8E8YzCkpZFwWukCB-PHETQR,beach_morning_glory_623_aug_00352.jpg,38,1101.5,6679.536823092799,41731.5,0.0,2305.2043071985245
14JXzkfQ38kJVdQpmR-17bYXc_jA38M-w,beach_morning_glory_666_aug_00348.jpg,21,1841.4761904761904,8230.860263545028,38651.0,0.0,1836.1362051963806
1HeGHopB725G2XSgQGTFoayhblB4dEbTr,beach_morning_glory_699_aug_00351.jpg,38,995.0,6042.404283587435,37749.5,0.0,2055.3220595121384
1eA4mkzzLdFW6t4QklO3iIxoF0NsYVuFx,beach_morning_glory_673_aug_00349.jpg,19,2220.7105263157896,9318.5541166052,41755.5,0.0,2255.113907933235
1AEP0h1VsM7qEMFiyT-5IWBkXlwRFnqtn,beach_morning_glory_548_aug_00346.jpg,13,3464.653846153846,11996.861739293156,45023.0,0.0,1505.2417637109756
1GF78iFtSalS8U2wrHfDq0TErNmMeI-GR,beach_morning_glory_597_aug_00343.jpg,69,556.7173913043479,4565.667308781944,38206.0,0.0,3418.519225716591
1aanXsV8EZ8OylPmXH5FM1YKeOLNiuv6h,beach_morning_glory_269_aug_00344.jpg,19,2461.9736842105262,10444.680482469841,46775.0,0.0,1732.663116812706
18bEKxcp1SlqE-xaPPFSvMniJ7aGB-wt3,beach_morning_glory_741_aug_00345.jpg,3,16131.666666666666,22811.85403956071,48392.5,0.0,1000.617311835289
1WeTxww7pZHfE81-In8j8QchdlB45O_JT,beach_morning_glory_395_aug_00338.jpg,36,1267.2777777777778,7478.981713074726,45513.5,0.0,2464.282515645027
1gTseXpazPSii8zs7krT9CbmcqROxpbYQ,beach_morning_glory_639_aug_00342.jpg,23,1553.7826086956522,7263.16350232023,35621.0,0.0,1767.4742985963821
1w524LsoBRB0Yegu_Ocq-2W7dNbfgNzQ7,beach_morning_glory_675_aug_00340.jpg,106,324.27358490566036,3240.662377066212,33527.5,0.0,4948.319425821304
1U9KxXxsdWmTl-QqacnVqtgmSfhaYzvis,beach_morning_glory_571_aug_00341.jpg,28,1384.3392857142858,7111.799686905624,38338.0,0.0,3201.3922461271286
1TrMfZydE3C8F5mLFM5eDvPC2Oxkmkqyx,beach_morning_glory_662_aug_00339.jpg,109,331.20642201834863,3324.248027826627,34873.5,0.0,4360.675642490387
1rFf6S3e6SYTKVOlD53us38DUCRtvNYeT,beach_morning_glory_728_aug_00337.jpg,58,752.9827586206897,5664.367246341543,43518.0,0.0,3333.6592737436295
1XylTSrprQYWHjf_W7wdTP39_t1HeSl9p,beach_morning_glory_689_aug_00336.jpg,2,21365.5,21364.5,42730.0,1.0,1031.6122592687607
1Z-iPRLgEXc7cUwA18kVa-BjoTMaRH5X9,beach_morning_glory_671_aug_00325.jpg,16,2469.625,9542.243469010577,39426.5,0.0,1441.1412583589554
1bauPzmQjdTo8pP7NjwIJLSY8c_N5phz0,beach_morning_glory_639_aug_00332.jpg,30,1394.1166666666666,7494.180411807699,41751.5,0.0,2331.363689184189
1-G2FfrkthT7O_EAvQ7ewotdd87QhHAwz,beach_morning_glory_720_aug_00335.jpg,18,2486.8888888888887,10172.700725137345,44429.5,0.0,1864.6803621053696
1YBdRkfRtaHYkxsify0_lZvYa4l_pZ2hZ,beach_morning_glory_281_aug_00331.jpg,9,4436.611111111111,12536.43533593576,39895.0,0.0,1796.261095046997
1pgwsBXtrWrX9z1a5rM7EoP2dadqydg3i,beach_morning_glory_651_aug_00334.jpg,24,1759.0625,8386.46883789658,41979.0,0.0,2178.1677298545837
1n-HKoYAOb9DTHV6ri6z-lawgCH2pykhL,beach_morning_glory_506_aug_00330.jpg,71,560.8450704225352,4619.454137918771,39208.0,0.0,3440.9973672628403
1hOpckDy6zsCmtYq0GAqNQ36woLtd5sQW,beach_morning_glory_53_aug_00329.jpg,3,16487.666666666668,23316.37470867964,49462.0,0.0,1024.2497806549072
1e2gGf4T0n32YcfszSfH8LAQthdv6fkKh,beach_morning_glory_568_aug_00328.jpg,29,1574.9827586206898,8322.498301221854,45613.5,0.0,2421.3291976451874
1gk22JSVKLUDqWneVIp8xTKprnlnEGa_T,beach_morning_glory_617_aug_00326.jpg,67,528.3955223880597,4283.843683597984,35330.5,0.0,2938.990226626396
19biVs15hPRtLDRGSqbOm83XN-Wv5CxxB,beach_morning_glory_704_aug_00319.jpg,7,6336.357142857143,15513.902501844424,44337.5,0.0,1570.9574922323227
1bpu0WYNAU8d2aD2NSdCQkM-ktbU2Vqp7,beach_morning_glory_53_aug_00322.jpg,63,634.8412698412699,4975.44885733414,39811.5,0.0,3679.4725437164307
15hw-JqfFppg_-5Cs_JerIJhe30LpFxQa,beach_morning_glory_675_aug_00318.jpg,36,1172.0,6925.532858560416,42144.0,0.0,2202.518015742302
1D1-l7LDx54JS3sxw9SzvqXyuR98PwwKo,beach_morning_glory_367_aug_00324.jpg,3,13638.5,19270.076093951127,40890.5,1.5,1341.7026596069336
1xcu32Vc7hww2pUysHEZ0HQKanKXgQgAx,beach_morning_glory_477_aug_00321.jpg,4,10699.125,18524.211921074402,42784.0,0.0,1141.653889656067
1WJhnWnruwNub2iq93ON7DXV08AJ93bSV,beach_morning_glory_729_aug_00311.jpg,35,1171.6142857142856,6824.424193487173,40964.5,0.0,2107.197168469429
1z9WjnfHAiUQdmETpIjjMlRwJ_aF0Sgzi,beach_morning_glory_695_aug_00317.jpg,5,8648.9,17288.80120598302,43226.5,0.0,1604.5798559188843
1sqHGYb7G4buXYf62P9JqijdmdlKqJfnx,beach_morning_glory_536_aug_00314.jpg,74,516.4527027027027,4371.834124169106,37869.0,0.0,3494.602486371994
1YukDWQWwmAZCHBasBj3j13oP26zElSNz,beach_morning_glory_654_aug_00316.jpg,19,2119.5789473684213,8972.698918126378,40187.5,0.0,1736.170695066452
1QjCeMEO5ZxYdcy5om7kBY7xVYP6vtw2s,beach_morning_glory_646_aug_00315.jpg,49,916.6326530612245,6320.396249667526,44705.5,0.0,2716.4490345716476
13kejlVw-z9Jjmy2uFWKnt_NDlMZKcMLh,beach_morning_glory_471_aug_00309.jpg,44,1054.1022727272727,6898.106759845205,46288.0,0.0,2321.103802204132
1vW9HfIVKYpaM1ewZqLgYbM4daMWpFwha,beach_morning_glory_704_aug_00310.jpg,6,7018.833333333333,15693.917645239368,42111.5,0.0,1292.6904665231705
1q3ayELywBzxIqGMmj-g6HxKurdnY6A6P,beach_morning_glory_646_aug_00313.jpg,80,443.325,3924.5586910345733,35325.5,0.0,3317.139501810074
1I8M7cTr_9qel2TVsmWUBjlFGXPZLCmNs,beach_morning_glory_692_aug_00302.jpg,52,794.7403846153846,5660.042160153513,41215.5,0.0,2530.0642602443695
1xffCab1O31pa6JmJMDjVHxstO5Cq9_P4,beach_morning_glory_687_aug_00312.jpg,3,16288.833333333334,23035.535462748754,48866.0,0.0,1372.0802952051163
12Ls0P8KMMlnKzt2g_yvdIv_8tFdYIdqy,beach_morning_glory_604_aug_00307.jpg,86,480.27906976744185,4378.664346236622,40849.0,0.0,3732.2420941591263
1AUK6Tf2ao5UlBiKK7nguX4XWczVMOLdM,beach_morning_glory_525_aug_00308.jpg,28,1585.5,8232.437808320034,44362.5,0.0,1933.5575587749481
1BuOIq61CcvLj-UP_FZ2RNMhX-NH1q-3W,beach_morning_glory_281_aug_00305.jpg,18,2380.8333333333335,9811.94051766633,42836.5,0.0,1864.243850827217
1rwyH4oA6YwUlVUhjdlVJl2sVl6Qe8eyQ,beach_morning_glory_363_aug_00306.jpg,19,2203.8684210526317,9347.74725161391,41863.0,0.0,1775.2316588163376
1n6g3-rAon9VysJHNJdnvjPkBjzbJvuBO,beach_morning_glory_452_aug_00301.jpg,39,1023.0384615384615,6284.1385742451275,39761.0,0.0,2229.103802919388
1eZDtn7Pc1CF61K_vTrXM8nQ9BXRnWpVQ,beach_morning_glory_715_aug_00303.jpg,7,5421.571428571428,13280.083604052057,37951.0,0.0,1590.9057570695877
1D1ZyevmlQiicP1f-gb2oLtAsCDNtFN9A,beach_morning_glory_696_aug_00304.jpg,4,12090.875,20939.700449669162,48359.5,0.0,1148.6589418649673
1i5iwsKGRj1j1RDqMVyj4tAk3jB7cx_p_,beach_morning_glory_251_aug_00296.jpg,20,2198.775,9580.45281350913,43959.0,0.0,1710.4965962171555
1TcO7RCTNXAtjkFgGM0W3HFxEbSbLswD9,beach_morning_glory_634_aug_00300.jpg,61,701.7377049180328,5406.863256590052,42583.0,0.0,2846.2967941761017
1R7mjp1t-w7tCoRNG2W2FgLvc-cwvDO26,beach_morning_glory_471_aug_00299.jpg,31,1501.467741935484,8218.218455334743,46514.5,0.0,1934.2854799032211
1ZQ_HVuGz8nYPWlw3qJQp7KTH3LEXWZwi,beach_morning_glory_576_aug_00298.jpg,45,911.0,6038.217293944372,40964.0,0.0,2381.537348985672
1M7rFLXaGyhBptCOoguKhR75VurvyqR-t,beach_morning_glory_718_aug_00292.jpg,13,3139.230769230769,10766.476563880671,40434.0,0.0,1714.6803611516953
1knBrfciTWQlI8MhNlCT0Ppl1X0K2EKzo,beach_morning_glory_689_aug_00295.jpg,19,2279.5789473684213,9669.548868624363,43304.0,0.0,1652.6803622245789
1_t_2M5TAZOvaGy1UBwbI3rIJrQQVlceJ,beach_morning_glory_482_aug_00294.jpg,19,1996.6052631578948,8446.73349597805,37833.0,0.0,1855.1139068603516
1xtWXWWrAZZlVTGnlLfa5mao3Lh1ftHrM,beach_morning_glory_682_aug_00291.jpg,14,3193.75,11512.178628599615,44701.5,0.0,1596.6387314796448
1aMlzpmTKH6_MF2JxaUC7pQanJHto074P,beach_morning_glory_269_aug_00293.jpg,7,5572.5,13643.658325390592,38992.5,0.0,1176.3056907653809
13l-vAggsZq2CrzzmzgYxf2vadI51mSmB,beach_morning_glory_566_aug_00297.jpg,14,3116.714285714286,11236.502454873018,43630.5,0.0,1474.9402474164963
1yDQsBRZXI5DjtXhmobnhXG0f1ZPX4Anh,beach_morning_glory_675_aug_00290.jpg,10,4330.55,12875.947032063312,42958.0,0.0,2567.848969221115
1_yYNo2u5YlmOck7mU_hHGyyvujaPItU_,beach_morning_glory_58_aug_00288.jpg,13,3461.8076923076924,11977.18876341841,44952.0,0.0,1574.7564817667007
13hPAHUdDgY3HpsQdl15lgOI18gN70oEq,beach_morning_glory_328_aug_00285.jpg,4,11415.125,19768.40114417135,45655.0,0.0,1114.8843376636505
1YWAYV6xsiAO8tsLyDbFDTIN_fKLFeavB,beach_morning_glory_214_aug_00287.jpg,11,3987.2272727272725,12602.712214158211,43840.5,0.0,1273.6782746315002
14Quc1IwjEJDRR6M9N4FMlrDLWTUwvS_J,beach_morning_glory_447_aug_00283.jpg,17,2787.970588235294,11151.132360689006,47392.5,0.0,1518.5554716587067
1U3XuIVB67D8K-BXjTUNythRLcusj3yS3,beach_morning_glory_477_aug_00282.jpg,4,11902.5,20602.168493267887,47586.5,0.0,1278.8670916557312
1TkvdxuXlYvVU4A8KvVHsCnsqdakO1dg-,beach_morning_glory_177_aug_00281.jpg,44,1046.090909090909,6821.674393958574,45778.5,0.0,2352.660152196884
1taqK643hQ6Ojk8wIho6gII0PoruZ-SIg,beach_morning_glory_722_aug_00280.jpg,10,3834.55,11503.316670530287,38344.5,0.0,1165.050858259201
1nr2LglBuV0pj8etvgUg1qRIwehP8PutO,beach_morning_glory_695_aug_00277.jpg,26,1442.326923076923,7210.034644564033,37492.5,0.0,1547.408283829689
1TLEa4y3red9LTZe5AyvmYTb-DW1GGMyY,beach_morning_glory_722_aug_00279.jpg,12,3679.125,12171.533697397177,44047.5,0.0,1419.6193994283676
1GO8gt3n5TorThdcrizusGHS_7anvbdse,beach_morning_glory_569_aug_00275.jpg,63,567.8253968253969,4361.760501891746,34911.5,0.0,4389.060414433479
1QL2QAcw7ZovU7bAo1zUNcsd9BvThAxNT,beach_morning_glory_731_aug_00278.jpg,11,4302.454545454545,13596.387137856855,47298.0,0.0,1175.4701236486435
1OdtknTQFbpa0GNFgQY8EeN9jjcN98-SF,beach_morning_glory_703_aug_00273.jpg,3,12849.666666666666,18171.112222120275,38547.5,0.0,1113.3523733615875
15US7fBirzSMW9ixTcyOgOzA9mT_mmkOM,beach_morning_glory_658_aug_00276.jpg,1,47518.0,0.0,47518.0,47518.0,1446.724956035614
14BmoyEbbJwSsUvCbLgYXYQ9jPaxs_Hae,beach_morning_glory_335_aug_00271.jpg,25,1760.58,8618.82028317101,43984.0,0.0,2048.912896513939
1RSxROu2glYMOgrXs1Vdl5gyOyU1HNyT-,beach_morning_glory_214_aug_00272.jpg,15,3040.133333333333,11364.716521566015,45563.0,0.0,1348.7493418455124
1LQC5xYhNCISVJwFN5ny2f7yHVYZPiQmZ,beach_morning_glory_720_aug_00268.jpg,42,997.7857142857143,6298.9488825922535,41329.5,0.0,2822.5566815137863
1HKa9OBrFYJW32pLoAEQ0ioJrzNb0oAWW,beach_morning_glory_686_aug_00269.jpg,3,14921.166666666666,21101.716266429346,44763.5,0.0,1190.1635557413101
1yT8YZnOiGuKjDThrhNnnmiI5w_R1GG-P,beach_morning_glory_731_aug_00267.jpg,7,6803.785714285715,16665.803319237577,47626.5,0.0,1180.6000666618347
1-vII-9KKTZpavlwFNRzpiKpLR96xzBju,beach_morning_glory_506_aug_00265.jpg,11,3326.3636363636365,10503.396591516368,36541.0,0.0,1441.8864243030548
10W5BRNmfcBkalWaSiUpwoLQELPze1YkF,beach_morning_glory_417_aug_00266.jpg,22,2135.409090909091,9764.520860139488,46882.0,0.0,2252.7190265655518
1O3g8VD1OZ6lM8zu94w04ggraS1iqzrPV,beach_morning_glory_548_aug_00263.jpg,21,2048.8571428571427,9157.178246161466,43001.0,0.0,1422.9747372865677
1VHnyK7Xgc3UdlfRXHQCbSN_z9WfrlIhi,beach_morning_glory_706_aug_00259.jpg,5,9421.8,18843.6,47109.0,0.0,1493.3178833723068
1wIbreCXXK-LSLQ3g-4ls1xWmeVOTCna8,beach_morning_glory_371_aug_00264.jpg,20,1936.775,8433.948748176917,38699.5,0.0,1518.3788459300995
1g_exRCCUj939zwmciPKWI1qAb_wPpKFn,beach_morning_glory_580_aug_00262.jpg,36,1121.125,6580.317484715519,40050.0,0.0,2463.755603790283
18c1p7bsFu08bxyznZrGsda_YQf5ROQto,baby_bamboo _783.jpg,161,262.92857142857144,3252.0729461008887,41397.5,0.0,4727.920370340347
1w0Rc4cap2WVKMAOp4Gh4sBpKOd3iyeaA,baby_bamboo _775.jpg,136,310.6507352941176,3548.2837915176005,41537.0,0.0,5020.336670637131
1VfJ4zmHP3KQ4ySTNAUeyU9cGHkJBquvY,baby_bamboo _77.jpg,170,245.81176470588235,3108.877700351679,40658.5,0.0,5288.47583937645
1-CUOkpwGOiqTh7b_Ltip7XnuxU2TYBJa,baby_bamboo _769.jpg,147,284.0748299319728,3325.0892880210067,40458.5,0.0,5253.113362312317
1oeOUM3oMNfzxXWcefNadr9uVOCzZHm_L,baby_bamboo _763.jpg,155,268.6516129032258,3180.8724763631276,39720.0,0.0,5320.628082752228
1C-9nwZ_-JcMh4Xwts4wErxW-uPP_x51R,baby_bamboo _758.jpg,155,267.3838709677419,3236.81354900621,40433.5,0.0,5404.752972483635
1zQJxCokua-f-kBjP0ff07feMW1kqfIhj,baby_bamboo _754.jpg,141,292.2517730496454,3292.410562835368,39213.5,0.0,5647.002752661705
1Um_ysB4HCzZDHHHQP2xKha0nwaCHKE5I,baby_bamboo _761.jpg,127,339.15354330708664,3655.1322048711,41352.5,0.0,4606.322391152382
1XTIqCFKK7lckmumk-9mrxqY_aDw_wNst,baby_bamboo _741.jpg,59,773.3220338983051,5873.428282198112,45504.0,0.0,3234.002420425415
1V6pT9eEmdzg376HiZ011HGhtSvQoIHzT,baby_bamboo _747.jpg,44,1056.034090909091,6910.546902608794,46371.5,0.0,2794.2307810783386
1RmiQ8fPWQ1cyW6owDDHOFFheSlDDF2_P,baby_bamboo _751.jpg,180,225.3972222222222,2898.086938298561,38995.0,0.0,5891.110398769379
1QsIL2juJJb_Z0w5O0F_cJdgmOU7DxSWr,baby_bamboo _738.jpg,129,323.58527131782944,3629.4523788373613,41386.0,0.0,5482.978367805481
1aQT2cdL_WMhH6xsrx6wEpvzEVGqQT7zY,baby_bamboo _734.jpg,117,363.37606837606836,3872.800196056153,42074.5,0.0,4962.721446752548
1WyA_WSvJznK2Y3bIhmfVOrJQUFC_CzKB,baby_bamboo _730.jpg,134,313.46268656716416,3579.103918136027,41589.5,0.0,5146.544821023941
155ELuq4xjxFm80YuBQNNtxfa3X181Lp9,baby_bamboo _726.jpg,146,276.7568493150685,3088.500783527559,37386.0,0.0,6068.07085454464
1WPsnLdA0_n7LXGdAtY_v5ykX_kVWdtP5,baby_bamboo _728.jpg,126,329.9920634920635,3655.051439817884,41194.5,0.0,5421.70628964901
1ycbU1kZW-XF_AaDyTCj-mbu3PsgRfmmG,baby_bamboo _725.jpg,153,265.4575163398693,3059.346646762652,37922.0,0.0,5910.063717246056
1P7dGuFf4JSiI0WtmHUZItis61XHonMAr,baby_bamboo _723.jpg,87,515.1206896551724,4715.932938116626,44248.0,0.0,3497.2643936872482
1182JY6TFM1k6cYJhpQR5eOeww9mig3UO,baby_bamboo _720.jpg,147,282.0748299319728,3353.7750312725025,40805.0,0.0,5446.818986296654
1K5VNnDK_-sIxvsf8nZxmBnPb6iJh0CwQ,baby_bamboo _717.jpg,82,545.1951219512196,4859.446196211935,44279.0,0.0,3492.879618048668
1zWETlM-GD6TeKjAheMB5-WX4d2aaxS2T,baby_bamboo _712.jpg,166,243.51807228915663,2823.896665813298,36384.0,0.0,5994.833267211914
1t11i1Ypqj4sffrCYk7RKPfm-9_0svq-g,baby_bamboo _709.jpg,174,234.1264367816092,3025.5789032069515,40028.5,0.0,5684.07381939888
1bKDezaT-RwEuhgPzWkfLoXsMG0fJ88Le,baby_bamboo _704.jpg,121,351.44214876033055,3797.7242311015957,41952.5,0.0,4739.341725111008
1-K4knQlv5OG0dgO7EpTliDhyFzEZFqpL,baby_bamboo _698.jpg,175,223.0742857142857,2859.474884394272,37940.5,0.0,6816.435421586037
158xew5OEcejuVsXYEV--nBAHDOgElNfk,baby_bamboo _690.jpg,173,229.58381502890174,2935.0595630972803,38721.0,0.0,6374.823162078857
1YSv3Vc0GI5szk9JUXaoYaIhll0HQthoX,baby_bamboo _700.jpg,146,284.31164383561645,3376.463298781005,40941.0,0.0,5381.380388140678
1zuQBchh2uFO91e9UM_qZZCJbUYlCHZt4,baby_bamboo _674.jpg,157,258.03184713375794,3147.276480926549,39566.0,0.0,5895.980455160141
17J3s0fBagGhADZOmn7ALPbO1a3TrV-gx,baby_bamboo _67.jpg,196,211.33163265306123,2858.7823460810514,40127.0,0.0,5344.475840091705
1DN7-Fr2vlPBCh1XYgsuwHwxEf3IqUQnK,baby_bamboo _668.jpg,157,262.7770700636943,3210.9182548726176,40366.0,0.0,5493.363145232201
1AiBu4b47einxFrIC3XjO7RokFrcQ4INJ,baby_bamboo _650.jpg,178,225.8511235955056,2926.4390547281287,39157.0,0.0,6052.105344295502
1ifR33fG-rsvwCpDmDqh9JIRsjjqFY3W-,baby_bamboo _626.jpg,154,266.9577922077922,3047.37678439599,37894.0,0.0,5552.718481183052
187paeSh6r-jco_cuIWVz3qxMsBdfQLMU,baby_bamboo _612.jpg,168,246.6875,2989.956959241648,38849.5,0.0,5250.811847090721
1LX68OCkE3wVJRsGH2K9tnwuCjdlfiawC,baby_bamboo _601.jpg,207,197.33091787439614,2705.400502628732,39014.5,0.0,5364.292074799538
1weJEqMrVW6vpDYUf5p2r0XpL1O1SUlUG,baby_bamboo _593.jpg,194,213.27835051546393,2828.3933897826787,39496.0,0.0,5006.6625719070435
1daQNIeUFrgS37VrWc7pdAZwN_Y1HxPtS,baby_bamboo _586.jpg,180,230.9,2983.1778355192528,40138.0,0.0,4900.579311966896
1TL3741Hm2AAmxFgtX-dQSs-2DNA6PweQ,baby_bamboo _59.jpg,187,224.2058823529412,2963.560172289105,40637.5,0.0,5129.581399559975
1dN1_l2gNJ8n250qlJfS5hM7zRV4jUxQq,baby_bamboo _583.jpg,181,230.28729281767957,2992.957644943236,40382.0,0.0,4807.525489449501
1Sd0i4K7cPb5WyeXYI1eB_MqYfBOXleDH,baby_bamboo _578.jpg,157,268.30573248407643,3267.43347714177,41077.0,0.0,4602.329530119896
1N6WjLD2gQst8st-E99zFZunz3S8D5udc,baby_bamboo _569.jpg,148,294.9966216216216,3525.426130317642,43038.0,0.0,3946.567994594574
1VeZZDEksd35tuBlMan6mKZvyJl1QtZru,baby_bamboo _573.jpg,159,268.6352201257862,3317.6506173055614,41970.0,0.0,4240.457385778427
1ALrwVRtcavwfYWpvXyYafs_wLhbAaXEk,baby_bamboo _567.jpg,134,330.7276119402985,3767.322011273478,43777.0,0.0,3642.1172049045563
1Sg8SJn3MmpocK1GJAxgWyYmyyO3J3uR4,baby_bamboo _563.jpg,115,393.4304347826087,4165.209596942875,44865.5,0.0,3230.647082090378
1dG-jLSIEKfc5U0z0bM7-YklM5YlwGMyv,baby_bamboo _553.jpg,101,455.2821782178218,4513.684661103432,45592.0,0.0,2787.662239909172
14Cx137EaQuVXsCRqO9Q0EWqfltP2JHrW,baby_bamboo _560.jpg,106,429.79716981132077,4359.430940110849,45100.5,0.0,3032.3384261131287
1KDN7hqQ7gVZemTdf0ezM0KFgePhf1Bba,baby_bamboo _557.jpg,109,418.57798165137615,4307.767558753506,45186.0,0.0,3015.1840983629227
1uwc0Y04Yzqpp3IXqKgQkNbuQeRexpaCV,baby_bamboo _551.jpg,99,460.04545454545456,4521.347874414137,45219.0,0.0,3018.1130303144455
1bK7DexXsl_nWBSue70InITTVZNNUhyhc,baby_bamboo _517.jpg,87,528.5229885057471,4875.876089806804,45745.5,0.0,2859.544488430023
1HsKXSDS7m9ES61Fo2uukVox5Yxs6XKad,baby_bamboo _549.jpg,105,434.84285714285716,4400.427317082418,45310.5,0.0,2951.485614180565
1XRLkxdB7ZFrR1XYCepl4LU7kixDQQ13a,baby_bamboo _527.jpg,83,562.7409638554217,5064.094257888551,46420.0,0.0,2387.932229757309
1YHAZRqvOc64p95jRnD1qtN7Yuq9fijyQ,baby_bamboo _537.jpg,93,491.3817204301075,4681.43196110336,45394.0,0.0,2983.5444898605347
1sS6JJZl8kM1b2nFfgqZAhQ5ZE6vo-7Js,baby_bamboo _475.jpg,92,500.2717391304348,4748.5481507812765,45798.5,0.0,2780.3901623487473
1CPurvww_Be0LAPwnmZR9zfIMO2asOyCL,baby_bamboo _503.jpg,95,486.9526315789474,4698.2865494122225,46038.5,0.0,2596.1820105314255
1V6o54xnc5UAVNEBprbMu4EZmvvHb5HEB,baby_bamboo _431.jpg,74,632.2094594594595,5379.3678331035735,46593.5,0.0,2412.500771522522
1srtrrrE3JGrkMQ9669QPJIjKGUu1Rrjk,baby_bamboo _418.jpg,61,773.7049180327868,5967.408039342424,46997.0,0.0,2236.777902841568
1byRjRfCoKrKE-CM2YVVGDCcnoSrI-oOy,baby_bamboo _387.jpg,60,785.3583333333333,5996.815174248513,46847.5,0.0,2295.8733550310135
1tBYmf1dwTRhg-nMHQzrW3YfNps0Iuf1e,baby_bamboo _377.jpg,60,787.8666666666667,6029.996216048195,47105.0,0.0,2280.115995168686
1LzIamA1xXDpsiX5rNPLYK_FgWeNlRBBM,baby_bamboo _366.jpg,56,844.3035714285714,6257.477802082775,47251.0,0.0,2241.8317254781723
1zbtY2IUvZaDbKf3KRB0S6-BGLvAdR73k,baby_bamboo _357.jpg,46,1033.7608695652175,6922.6806167175955,47472.5,0.0,2100.4936311244965
1-oVACEa4NiEl_PHIfgsiwgBe5y-QSj_L,baby_bamboo _349.jpg,39,1223.6923076923076,7524.615436647112,47608.5,0.0,1989.8418301343918
1SvDuFRTtICDNWiIAMuCoAjzD_DB4_kXh,baby_bamboo _341.jpg,37,1285.9324324324325,7701.431572926013,47494.5,0.0,2127.07941865921
1j4_MglMfcumogYOoJp883Hlord4koPOT,baby_bamboo _317.jpg,51,919.8333333333334,6492.6084697777715,46829.5,0.0,2402.9860516786575
1LudBw_wSRjLCI9RGB4QWNLCZsX_x7-9Q,baby_bamboo _299.jpg,51,918.4509803921569,6486.014956975268,46781.5,0.0,2422.199256181717
11atT_aEMb5oyAlVR0OBR9-Pglkn-t2ND,baby_bamboo _306.jpg,55,849.4090909090909,6223.6267357772185,46583.5,0.0,2598.3241460323334
1W026E-c1y5EYmyvMWGnrBGYy6uQ4aSbV,baby_bamboo _292.jpg,61,755.811475409836,5847.64845911104,46051.5,0.0,2906.941457748413
1MZrOVOh-WcWhxgGvBnmISlYjpM3ohVLD,baby_bamboo _284.jpg,63,734.063492063492,5771.068934500991,46175.5,0.0,2850.8165675401688
1f3Fq0mP3Ax815mIDkDmb0Dcu-9M9p9BX,baby_bamboo _269.jpg,55,840.3272727272728,6163.34952191227,46131.5,0.0,2806.0714007616043
1euEgCCEKfI7cJAKB8wwJZl3Sj48bO64S,baby_bamboo _28.jpg,274,146.19890510948906,2333.291651755538,38691.5,0.0,5266.233200550079
1xa7Iyy0nQXcC6zFw0rJl0MwkqeqR6qvQ,baby_bamboo _249.jpg,68,681.7573529411765,5570.163369193471,46275.5,0.0,2695.0592081546783
10U_aW-vNhjGooDgLSye_Rvd9xG29Wisx,baby_bamboo _224.jpg,61,759.4344262295082,5871.774789978297,46242.0,0.0,2765.000333070755
1d8Zd9Laa_RysudKoRKdcKKd0g3mb71iY,baby_bamboo _228.jpg,57,818.8157894736842,6118.503610799353,46605.5,0.0,2496.1231359243393
1Sa_PHzejs2A60k1cPylPM87eOj-HdbH2,baby_bamboo _215.jpg,77,595.3246753246754,5178.33645551677,45739.0,0.0,3019.1496081352234
1VYPbhA3DC9fTiIkT6CqVYqOUe9MbRo8I,baby_bamboo _203.jpg,55,844.8,6188.003651200662,46317.0,0.0,2771.0663474798203
1Ue6C9yTNdHC8U-O6f_j1dMh8D7lc85sR,baby_bamboo _200.jpg,64,716.4453125,5650.908458572438,45569.0,0.0,3084.245060443878
103_MlNlpJBxsRjeZBOwjAxEg8q23IC-b,baby_bamboo _198.jpg,62,746.3548387096774,5800.934995817692,46053.0,0.0,2824.0957837104797
1OPBoprDev7JdvxqbbwVRfIqYT1f74Pkt,baby_bamboo _189.jpg,69,661.8333333333334,5427.933127242489,45421.5,0.0,3201.298883318901
100B3garN3pGe_k7TleoeCr3VLyKqMCup,baby_bamboo _150.jpg,147,298.5,3561.127547780987,43327.0,0.0,3996.959911942482
1esWrZ7doaYpkGwHW0w9fiw_P8foOhjUP,baby_bamboo _165.jpg,107,417.32710280373834,4239.1242963076475,44060.5,0.0,3645.4136686325073
1I_keybuh7g0NzNnG-fhNVxkwqmYYQlXA,baby_bamboo _179.jpg,88,514.375,4774.688088485943,45049.5,0.0,3386.217710494995
1svztQ3f96_dbkfPZr2m6LtU0yZWnIwjJ,baby_bamboo _135.jpg,165,258.6181818181818,3252.699319535359,41912.0,0.0,4705.040208220482
1Ub5dL39PTfAZIL0NvPP8vg8kpRIBnCWh,baby_bamboo _140.jpg,149,287.4496644295302,3471.132200619524,42515.5,0.0,4644.010770559311
1MyPuR4vsG1b2UbBgk0OLP-_atP8hp0eD,baby_bamboo _126.jpg,172,248.10174418604652,3189.3022661061746,41952.0,0.0,4737.424983382225
1RZf7VyQZcH40tCOXTaD-Gc4TXjaVZK5e,baby_bamboo _102.jpg,162,262.1358024691358,3261.501331009229,41645.0,0.0,4984.260550379753
1E2msb9AdKzBuMNhTcmAU-7DYiS03W7jw,baby_bamboo _950_aug_00378.jpg,1,44578.0,0.0,44578.0,44578.0,901.8822498321533
1_SdLkYDX-yhuYzEma_vprPpY1Fr0pFRE,baby_bamboo _912_aug_00377.jpg,24,1707.7708333333333,8185.698264833569,40965.0,0.0,2061.790095090866
1yvPoAVBzXTvhvPjVJdfkJdG_Ozg3K_Xj,baby_bamboo _873_aug_00376.jpg,107,343.1542056074766,3296.1114078769433,34245.5,0.0,3387.769884943962
1xKHLyA_3StM9e2eAz6pz9nXNnrfOd6kc,baby_bamboo _957_aug_00375.jpg,4,11613.75,20115.02771716957,46454.0,0.0,1102.523946762085
1kSuUakIO9Ctyqa4e5B_2-aDXURfQ34Js,baby_bamboo _349_aug_00374.jpg,189,169.42592592592592,2212.5994204941912,30490.0,0.0,3004.2551662921906
1eoGlAyGBHY46JSfzEhBTgO_fubPXgc_A,baby_bamboo _720_aug_00373.jpg,205,167.4512195121951,2256.9131411928015,32389.5,0.0,6359.741988182068
1OSYnvWb21lbS_22qxrzR_CcV8r0vaXS-,baby_bamboo _612_aug_00371.jpg,227,157.0022026431718,2241.1111203953956,33841.0,0.0,5305.15499317646
1uX0kMBP7qRC0ZdKhyJf5-wBz6BDjKAnq,baby_bamboo _902_aug_00370.jpg,421,80.45249406175772,1588.4646253266726,32632.0,0.0,5879.4190537929535
1_7UDL4N9vPTLFsJ3L_cPJlNIDl1PaV23,baby_bamboo _917_aug_00364.jpg,230,142.6195652173913,1961.4870406668913,29777.0,0.0,5790.4829839468
1WNSE3aFmzdMP-KzKo4CTnHWRAdaOtya7,baby_bamboo _957_aug_00367.jpg,52,783.6153846153846,5562.8865091433845,40510.5,0.0,3343.624784231186
1O3SXoYaMkmfm9T712VnwErJ4_a7G0VHW,baby_bamboo _341_aug_00366.jpg,3,15821.666666666666,22375.21557934632,47465.0,0.0,971.0193327665329
1fHgct2PdZS6bGIa0DAbRcN9jsAUNkn-t,baby_bamboo _668_aug_00363.jpg,517,63.55899419729207,1405.9619086895736,32000.0,0.0,4516.883792638779
1ODpdTTRR3lf_HsBag_RhRoAkE1jE0qNq,baby_bamboo _902_aug_00365.jpg,364,86.4739010989011,1606.6350188505382,30695.5,0.0,3457.122258067131
1LE_ULXBVyxT08f2jd7v9PTqgD8S9NNaD,baby_bamboo _957_aug_00358.jpg,16,2538.46875,9817.248754533952,40560.5,0.0,1516.4377218484879
1MkmzPAGzagNOEqmNH3lxyH4o15NXfq-I,baby_bamboo _938_aug_00361.jpg,50,860.59,6005.851120107791,42901.5,0.0,2821.333374619484
10Z1khMAbtBPZUrPlv1B5XdrxC9eM-kt7,baby_bamboo _906_aug_00357.jpg,203,170.48029556650246,2356.731285452053,33662.5,0.0,6399.942999720573
12ZFhKEK2BJ5qvTyY1iuijvyNP6BcdEHK,baby_bamboo _863_aug_00356.jpg,3,14897.666666666666,21065.653883883017,44689.0,0.0,1052.724957227707
1Z7TiiCfFxdRIBZWRHtRnJegOche4bOKg,Azadirachta_indica_119_aug_00039.jpg,3,14804.833333333334,20937.196088673278,44414.5,0.0,938.4924213886261
1U-2EivS2okaZCxdyWM0Y6-9sIvazrLec,Azadirachta_indica_452_aug_00022.jpg,2,24642.25,24642.25,49284.5,0.0,1156.0315252542496
1HXckcZvxurA-xsOoh6xVOVRM-41TVRmP,Azadirachta_indica_83.jpg,3,16465.166666666668,23284.201354614295,49394.0,0.0,1102.7178171873093
1F0j0qIkDqb_aybKy3-JOkXrndx3Zt7Dn,Azadirachta_indica_70.jpg,2,24713.0,24713.0,49426.0,0.0,1083.3036034107208
1hYb6NlTXS9ljXhp5WGxCF4wtOWGkszqu,Azadirachta_indica_596.jpg,11,4405.090909090909,13916.526056876965,48413.0,0.0,1487.4600192308426
1IDIQ4MYXNJpwRgX3WcQCSEXdnaNs5M8r,Azadirachta_indica_581.jpg,8,6095.875,16112.865218417082,48726.5,0.0,1349.6366441249847
1XPp5JhpVrFZzvdZWTrxjpAv_6vnzvnXh,Azadirachta_indica_446_aug_00077.jpg,4,10203.75,17671.10410210692,40811.0,0.0,986.4751764535904
1gI56SalS3TUmUFaTlxqdeT7qecE7U_fB,Azadirachta_indica_287_aug_00076.jpg,2,24744.5,24742.0,49486.5,2.5,1002.5096662044525
1fe1eZ6zSdUuZyks3MmCnBoXHU7CnkRZC,Azadirachta_indica_381_aug_00075.jpg,1,42605.5,0.0,42605.5,42605.5,838.6690467596054
1YCJFC9JvZaQ4o_d2taulY8MUxhX8bk6k,Azadirachta_indica_10_aug_00074.jpg,1,44295.5,0.0,44295.5,44295.5,849.0954529047012
1i3uc39_Fmv8cQcHZxbJKew1s5H1S3h5G,Azadirachta_indica_381_aug_00073.jpg,4,10597.5,18355.408433211178,42390.0,0.0,926.6416970491409
1yClRR0SO7O95trTmh2gFSqbatzI0w6Ty,Azadirachta_indica_197_aug_00072.jpg,2,23964.75,23964.75,47929.5,0.0,1116.1147857904434
1eDioCFmO01QmC_3BCLm4ABWcz5L89DMe,Azadirachta_indica_119_aug_00071.jpg,9,5144.333333333333,14550.371938735983,46299.0,0.0,1112.0975403785706
1Xq5hx0XPgkOir8Y8UXh5PV689v8ctBeG,Azadirachta_indica_395_aug_00070.jpg,3,12892.666666666666,18232.984055155524,38678.0,0.0,989.269113779068
14nmyzxD8bIL4rA4DNIoX_x1eCEK-IhNj,Azadirachta_indica_230_aug_00069.jpg,3,16510.666666666668,23349.60872382138,49532.0,0.0,1027.5634890794754
14dFTdFPR6VTs5LNaxwcAlb_QVOem_3ny,Azadirachta_indica_452_aug_00068.jpg,3,14136.166666666666,19991.55861996647,42408.5,0.0,1017.605119228363
1uwwoCf25P6vYTUYrbX4ATtglZwSTeXNB,Azadirachta_indica_458_aug_00067.jpg,4,12239.0,21198.56983383549,48956.0,0.0,1324.783832192421
1AwchYy2URpKM5KRr0jTDHu9HmbDv3mzv,Azadirachta_indica_551.jpg,11,4419.363636363636,13969.08914042799,48593.5,0.0,1502.0041745901108
1HrilIn2OThM6NmopwSS7RrHuMjBDx17s,Azadirachta_indica_410_aug_00066.jpg,45,914.5444444444445,6062.858986230306,41131.0,0.0,2371.49571955204
1LZZIDDxH8BAcIC0ZXGxAjzhfjiAaRStS,Azadirachta_indica_197_aug_00065.jpg,7,6481.0,15869.631996813465,45353.5,0.0,1247.5289984941483
1EY70_-vIMIhMKBRuq8YkCGWJQ7Fk31Ge,Azadirachta_indica_270_aug_00064.jpg,3,16495.5,23327.45271491653,49485.5,0.0,1051.4629834890366
1x35e72i-KvKs2L1v02UX3OqNpAM-fYN6,Azadirachta_indica_131_aug_00063.jpg,3,16403.666666666668,23198.28787264746,49211.0,0.0,1218.4995614290237
1qrCfcA_KpflqTshTseVQBHq6y010Owp2,Azadirachta_indica_10_aug_00062.jpg,5,9274.6,18549.2,46373.0,0.0,1139.1858533620834
1yWgPQ_jsklhBgeI53lXYi4kXMF_wsTql,Azadirachta_indica_483_aug_00061.jpg,5,9139.9,18279.8,45699.5,0.0,1236.5655767917633
1tdIbb7EmVrKHY0UALcv8hH62spdQUiKO,Azadirachta_indica_564.jpg,9,5430.166666666667,15351.760820107178,48851.5,0.0,1324.7665868997574
1nU2iIkZxO9WRCv-CK6iBCdd6TdUH_UK3,Azadirachta_indica_551_aug_00060.jpg,31,1489.741935483871,8151.711798135059,46138.5,0.0,1829.6753100156784
17ZjBoJQGtO43nIPJiDB_1XNBagbticZR,Azadirachta_indica_119_aug_00059.jpg,3,15014.666666666666,21225.81372736718,45032.5,2.0,1247.7199046611786
10R3QYQWaiW2ZfjrkYcvS2QLWvsJfhVkt,Azadirachta_indica_144_aug_00058.jpg,1,48649.0,0.0,48649.0,48649.0,1031.9066346883774
1tXH8yf4cU4Ja0O8ke3yYS1LeGxa9wVP8,Azadirachta_indica_491_aug_00057.jpg,3,14284.666666666666,20201.569333978874,42854.0,0.0,937.3624784946442
1czqu_u-dxJ1hJjKksyAXpHpGd2T4eU96,Azadirachta_indica_424_aug_00056.jpg,7,6941.357142857143,17002.78312242332,48589.5,0.0,1026.7766922712326
1MlbStZM1Beq43mhcBhSTILw-lLBHq2rO,Azadirachta_indica_13_aug_00055.jpg,3,13867.0,19610.89946942771,41601.0,0.0,1178.0386657714844
1JvbG7tGV5nZ0bYpTPUvVoD3mLItr9w1T,Azadirachta_indica_270_aug_00054.jpg,8,5260.75,13915.234641392146,42077.0,0.0,1393.8031647205353
1LDmCPH9G3whBzbmWb8c7v2X86Oj30cbq,Azadirachta_indica_446_aug_00053.jpg,5,9873.1,19742.70007471116,49358.5,0.0,1111.889389872551
1e_txBXkm3wgqPfOQ0dgBgTv_tebATUip,Azadirachta_indica_293_aug_00052.jpg,3,16169.5,22863.590721202712,48503.5,0.5,1062.1736603975296
1yUl-CxPk2dHvV6ETA49odBoQsKsz5Ahc,Azadirachta_indica_210_aug_00051.jpg,3,16230.666666666666,22953.628926356916,48692.0,0.0,1073.1614680290222
132FW7UIkCkhbDU55YtczZNG3T3KJ0PtL,Azadirachta_indica_412_aug_00050.jpg,1,46875.0,0.0,46875.0,46875.0,869.3969686031342
1ASz3-lnFjjRKwJY05gHPULrEDaJo3GTQ,Azadirachta_indica_187_aug_00049.jpg,9,5431.722222222223,15362.70014083735,48884.0,0.0,1318.7077115774155
1rgjMyBmdSD43nZf54OwMdLYZiMu4lQE1,Azadirachta_indica_424_aug_00048.jpg,1,43506.0,0.0,43506.0,43506.0,868.7939372062683
1QEfgFiuefhU5_7t0gX9v8jjNNEmfa_em,Azadirachta_indica_483_aug_00047.jpg,1,44834.0,0.0,44834.0,44834.0,942.1076451539993
1x27MD9S-oF0l8S0mAaQjs4iCb54oeJC_,Azadirachta_indica_22_aug_00046.jpg,1,40066.0,0.0,40066.0,40066.0,1003.3868635892868
1yZ3L_uyw83sqi3Z73jTDlulISCfTNI9O,Azadirachta_indica_22_aug_00045.jpg,1,39663.0,0.0,39663.0,39663.0,970.2985510826111
1MZDskS6QpOLkpxJGSWJvlKIAuQaGOW4y,Azadirachta_indica_270_aug_00044.jpg,5,9062.8,18125.6,45314.0,0.0,1391.2001334428787
1_ykr7WMpi34f5621ntGPPvZQx3LlQ7Kf,Azadirachta_indica_144_aug_00043.jpg,2,24704.25,24704.25,49408.5,0.0,1063.7472546100616
1xHwmN2_XREMAG_ac9noMBj9aMSYpdB5M,Azadirachta_indica_344_aug_00042.jpg,7,7036.571428571428,17232.33540351347,49247.0,0.0,1167.7300094366074
1S9bAlWhg4U6xRJ7i4Y8WwZ9n5UnbEtTo,Azadirachta_indica_83_aug_00041.jpg,1,46261.5,0.0,46261.5,46261.5,974.693431854248
1LT2HdVDj9Jk1jXvs1YLRGcfHzCzAmVxb,Azadirachta_indica_395_aug_00040.jpg,7,6773.785714285715,16586.399286026797,47402.0,0.0,1294.3990559577942
1_wmkEBP47Y62AFiPV5MVpbdtVQasuKJz,Azadirachta_indica_144_aug_00038.jpg,2,19674.75,19674.75,39349.5,0.0,856.0315254926682
14pVLLlf5mYJ3JZHJLTeWBGTmE3GHyI6q,Azadirachta_indica_536.jpg,12,4049.3333333333335,13424.843154473807,48574.5,0.0,1529.8031642436981
13WZC5z4U85okPVDegRlhze9H0bvl9Poy,Azadirachta_indica_551_aug_00037.jpg,9,5020.055555555556,14192.498134664987,45162.5,0.0,1311.418389081955
1LT1FxKGdKHmFrXpeLkPJa-pGt-VO4fAU,Azadirachta_indica_549.jpg,7,7003.642857142857,17145.349966670026,49001.0,0.0,1246.5411911010742
1FiBXHuFXUJmc2r_2ONJI5r-0srRIClJF,Azadirachta_indica_551_aug_00036.jpg,11,4116.545454545455,13013.86522216444,45270.0,0.0,1462.4894564151764
13RwN1jZKE2Kkn_WG2d4o9d5UDfnEOlO2,Azadirachta_indica_581_aug_00035.jpg,15,3083.0,11527.646623082557,46215.5,0.0,1635.425528883934
1ViumMsum4jSwiLFmd6-BMqyXEAxW-pRq,Azadirachta_indica_119_aug_00034.jpg,2,21197.5,21197.0,42394.5,0.5,1094.2985513210297
1g2E7JT3ydC6b7Wvm4XfpcMIgcOK_WFyE,Azadirachta_indica_83_aug_00033.jpg,19,2137.342105263158,9066.324690640738,40602.5,0.0,2032.1088557243347
1sDrXzzEvszd5is7wMdA0mC96vxj8dxps,Azadirachta_indica_446_aug_00032.jpg,6,8140.25,18199.916313337817,48836.5,0.0,1394.5067014694214
18PEyzBI1h3QUkLV12XDWmcHEN_PecV-Z,Azadirachta_indica_410_aug_00031.jpg,3,15895.833333333334,22480.103085222323,47687.5,0.0,933.5218588113785
1U-Yrqpc5vbpeG7BX-Ah4LPAMZpe1Cjcg,Azadirachta_indica_412_aug_00030.jpg,14,3438.1428571428573,12389.883572652228,48110.5,0.0,1735.1067675352097
1UikKKZEuI0C1qljYbPWnWAPzmGSZkOdD,Azadirachta_indica_356_aug_00029.jpg,4,11326.5,19617.496125907608,45305.0,0.0,1234.264060974121
1y735Q9Jc1zjtl_qz1tGkRbct8lJZQn1e,Azadirachta_indica_412_aug_00028.jpg,1,47060.5,0.0,47060.5,47060.5,907.2964633703232
1V-jfspLDKMbqu8MWgaC9-3Nx7hBvSkOU,Azadirachta_indica_564_aug_00027.jpg,2,22286.75,22286.75,44573.5,0.0,1026.3990564346313
1csbpL7McflLrQlleRZCx2ll2HD1HXBFp,Azadirachta_indica_144_aug_00026.jpg,1,44335.5,0.0,44335.5,44335.5,1115.87928545475
15eCnIFmvpFFStlFD1pqfRuwEQ8Iw4k_v,Azadirachta_indica_144_aug_00025.jpg,4,11922.25,20649.94274053805,47689.0,0.0,1149.5289993286133
1yXiMwtjzgKAKTrYwyctM35KvzFC647Gc,Azadirachta_indica_22_aug_00024.jpg,3,15687.5,22182.293302692276,47058.0,1.0,1137.913775086403
1L_YlJgxJ7qYyoVCaOskLPuhErq4f4naJ,Azadirachta_indica_410_aug_00023.jpg,6,7526.083333333333,16828.83393766154,45156.5,0.0,1078.4579315185547
1V-5oDvm2seRCgsrDOxHShYitxosa0Mug,Azadirachta_indica_270_aug_00021.jpg,3,15446.5,21838.28596753875,46330.5,1.5,1153.7472542524338
1fLqbr-mH_GQLCprNQ7Vrh90SF0XJrgWI,Azadirachta_indica_452_aug_00020.jpg,3,16358.0,23133.705453299088,49074.0,0.0,1273.9554053544998
157yl_r5ClH9nmxghnXotpU9ToubJ0Rzf,Azadirachta_indica_509_aug_00019.jpg,2,24700.5,24694.5,49395.0,6.0,1056.1909054517746
1CbNBWSO4CTLfb8TzhQsOJlbbYKKm7-L6,Azadirachta_indica_509_aug_00018.jpg,25,1783.04,8724.871860285399,44526.0,0.0,1552.73923766613
1UbpITQ2HzWSp5dBZglB6-zHUduOmlwy-,Azadirachta_indica_83_aug_00017.jpg,3,15348.0,21702.52138961431,46040.0,0.0,999.528999209404
1rJC7pGvb-9q6Ag4jZyYHxMGI42paWuJL,Azadirachta_indica_187_aug_00016.jpg,7,6303.214285714285,15439.65873942154,44122.5,0.0,1136.1391705274582
137afH_OpX6llA2e2Mh6f7rWARMAxHvJl,Azadirachta_indica_483_aug_00015.jpg,3,15719.666666666666,22230.965795984266,47159.0,0.0,941.3380935192108
1_S587zrY4x2KM5Pie7mO_A9YpLyRRqYA,Azadirachta_indica_230_aug_00014.jpg,1,49550.0,0.0,49550.0,49550.0,1029.0782079696655
1uHnsLR4Y6pBVfx22eKP4_5SoPHvGUPIZ,Azadirachta_indica_458_aug_00013.jpg,2,24222.5,24222.5,48445.0,0.0,1042.8771975040436
1XW6ju1sdSt0aSTcfPZ1ywyQW7-yxiZlO,Azadirachta_indica_564_aug_00012.jpg,2,24402.5,24371.5,48774.0,31.0,1004.3086558580399
112fgvjjzvwjW8g7Jg_XEK9Pmx06izJWC,Azadirachta_indica_293_aug_00011.jpg,3,15927.666666666666,22524.41511387637,47782.0,0.0,1121.7300095558167
1uIyGoEBs21Mgip9RAn6TF1uYnuMiCxB_,Azadirachta_indica_270_aug_00010.jpg,3,14737.333333333334,20841.383120822113,44211.5,0.0,1227.1757484674454
1F2w3MyC8w2nJX5dWLbW75b26SsaqTG9y,Azadirachta_indica_474_aug_00009.jpg,4,9412.0,16296.577834778687,37638.5,0.0,990.2152909040451
1VyS8ZqNTR5Q1dwkoJCy0sl5GKeBuV-9S,Azadirachta_indica_13_aug_00008.jpg,8,5451.375,14422.793572046818,43610.5,0.0,1326.0041751861572
1qCimbkMkrulYCRw7_nJVc1BVtT5sJFSG,Azadirachta_indica_344_aug_00007.jpg,2,23236.5,23236.5,46473.0,0.0,1086.0142804384232
19leCHFbPjRoUWDAMg_r3ZbwVg3dRbhCd,Azadirachta_indica_113_aug_00006.jpg,11,4408.318181818182,13937.00584818693,48481.0,0.0,1587.9280557632446
1v2RHugaueMLWKHOGU7FGxvKmHezSjKO-,Azadirachta_indica_13_aug_00005.jpg,5,9470.6,18941.2,47353.0,0.0,1228.1808007955551
1dcm_XNDs5dg1SLSJzvEUOlBPF4eR5pqy,Azadirachta_indica_242_aug_00004.jpg,5,9356.6,18712.95000100198,46782.5,0.0,1008.5340514183044
1QYVAHHdJ7f_z9ngiwDthGSpnruDeB0rf,Azadirachta_indica_119_aug_00003.jpg,68,630.6470588235294,5150.955420412759,42793.0,0.0,2691.184098482132
1SiEXFkoGHtNxTeYonvicorTGplkAEKTw,Azadirachta_indica_549_aug_00002.jpg,15,2934.1,10969.979413836656,43980.0,0.0,1562.8397426605225
1SdSQHNs_Q1uj4ubRvuTCKZJ43VLsC6TE,Azadirachta_indica_70_aug_00001.jpg,4,12250.75,21218.344084482655,49002.0,0.0,1319.2934983968735
1FgrL9MDdJ4m1rawKpYKolfe3iqmPWTNA,Azadirachta_indica_13_aug_00000.jpg,1,45627.0,0.0,45627.0,45627.0,911.3036036491394
1Ze0t6syl8EhF13LYIYGckuOBVZZZGqFe,Azadirachta_indica_528.jpg,11,4422.272727272727,13981.924500718835,48637.0,0.0,1509.6610293388367
19mFh6ydx4V-Hfg_I3n20RgeVv948tF5r,Azadirachta_indica_526.jpg,18,2701.75,11134.265333058327,48609.5,0.0,1480.5067015886307
1WHFzOQ8hBcpHshwds8Ohh7Pz1FhAm4D6,Azadirachta_indica_509.jpg,9,5409.0,15297.724908916649,48677.5,0.0,1431.7199041843414
11sTA94BGgl4mFl7D-4CY-VJjThzxTsTc,Azadirachta_indica_491.jpg,6,8170.083333333333,18268.414502944386,49019.5,0.0,1262.0559103488922
1fzOtzdfixwZFYAGiqAE8x7FIgCzb88Gs,Azadirachta_indica_483.jpg,9,5449.5,15413.513616304363,49045.5,0.0,1242.8843371868134
1lydOa79TG6VgQImSaReSaVBEYRQ9gHR7,Azadirachta_indica_475.jpg,4,12287.125,21281.63610479408,49148.0,0.0,1254.0559103488922
1ypQSoJmYdmNtaLR8Ac9WYRGslELUHG9F,Azadirachta_indica_458.jpg,1,49427.5,0.0,49427.5,49427.5,1070.2914109230042
1pwVHal_aq6eAVqPxvHmESu9CvDtq0Xq9,Azadirachta_indica_474.jpg,4,12298.25,21301.193844183945,49193.0,0.0,1225.5289988517761
1ly7zqKo5CcK6XZsFKbJy5oZ2i9lPIKYM,Azadirachta_indica_452.jpg,3,16435.833333333332,23243.778408903796,49307.5,0.0,1141.8893899917603
1KabX7-PC9DhyGXIcF1wIG2C2q-9-YRSe,Azadirachta_indica_446.jpg,5,9873.1,19742.70007471116,49358.5,0.0,1111.889389872551
1Ast3SR3cJ0nQr9fLnXvRNKF6j25a9TtB,Azadirachta_indica_424.jpg,6,8242.583333333334,18430.97664354014,49455.5,0.0,1025.6639943122864
1nf182-h87u5zSOslwi5QLoniMDPUOuin,Azadirachta_indica_412.jpg,3,16493.666666666668,23325.567093261037,49481.0,0.0,1023.1614681482315
1NGWtayk7cgA2xwQGw9Gec89-1MCpfytN,Azadirachta_indica_410.jpg,2,24745.75,24745.75,49491.5,0.0,1028.2914109230042
1ar41Gkom_BjopvA0yReoVjzSpnWf4EPU,Azadirachta_indica_395.jpg,2,24744.0,24744.0,49488.0,0.0,1028.676186800003
1Rne7tRjdkEclPQPQFRl4kdKlGGx_WpyW,arabian_jasmine_992.jpg,40,1193.475,7425.9777899529845,47568.5,0.0,1557.1168732643127
14cf77KhkR2rBkbCEWSI11ttLsnLyZSCR,arabian_jasmine_979.jpg,30,1595.7166666666667,8570.191008843125,47747.5,0.0,1553.2173782587051
1z7-8WEPoRn27S5nW5IfO4bpF_BelLx6F,arabian_jasmine_948.jpg,43,1115.6860465116279,7221.292137824455,47915.0,0.0,1511.0752427577972
1K29_79RcGETupkmV2WqxJSm0ZfxIdN4W,arabian_jasmine_937.jpg,39,1233.5641025641025,7597.14395237252,48065.5,0.0,1433.0924880504608
1ijaISZKZiIakY2IzakO7qmgY0XRdj9yY,arabian_jasmine_925.jpg,35,1375.4142857142858,8012.857977281366,48098.0,0.0,1470.4478260278702
19yaEqyb88YxogJZZzoVV6LLs64nnSukW,arabian_jasmine_912.jpg,33,1461.6515151515152,8260.572021873444,48190.5,0.0,1427.4772641658783
1DXq5e9mZ3I0EeWSj_v4K0zhA_LpDt3m8,arabian_jasmine_10_aug_00054.jpg,70,482.7142857142857,3906.5671435339204,32930.5,0.0,2632.708921790123
1-weRld8Bq349LCfOd-h3kNaiAKenH4Ur,arabian_jasmine_530_aug_00053.jpg,128,342.48046875,3854.1464975047206,43776.5,0.0,2656.2307801246643
1CWtS9463uJpWFRvzBUp2mrzY4A6qjmo5,arabian_jasmine_534_aug_00052.jpg,21,1956.5238095238096,8739.108934194539,41039.0,0.0,1560.5138407945633
1p_jWz_6IcawBVsNSIh8yxo52rlSM_PFl,arabian_jasmine_948_aug_00051.jpg,31,1344.0806451612902,7357.816468150061,41644.5,0.0,1336.506700873375
1UPpzu2DHWF52_JC1LRNYaF75QEBmPYw7,arabian_jasmine_101_aug_00050.jpg,160,215.184375,2664.8839935010983,33816.5,0.0,2724.43179166317
1A6m9_lsOZKTcg4scDvYyxlRCzMBgs4QI,arabian_jasmine_689_aug_00049.jpg,33,1338.8636363636363,7571.9887116653035,44172.5,0.0,1230.96759724617
1s2Lzk9LGjwsouI7wi4Rd6zWGKieaeqx9,arabian_jasmine_240_aug_00048.jpg,151,217.03973509933775,2622.944322503038,32341.0,0.0,2433.135328769684
1xDk936So0e35Q4lewl8t8XHJAywXFKws,arabian_jasmine_530_aug_00047.jpg,29,1275.603448275862,6742.7728351576425,36955.0,0.0,1501.148398756981
1XvgofLXY6yowBGKCGC6DFd9LF5D8xYMS,arabian_jasmine_555_aug_00046.jpg,123,338.8617886178862,3664.692659115586,40810.0,0.0,3448.4187215566635
1GGsXYho8b0u-HyG2dHu5LR1CSOF-M4ZQ,arabian_jasmine_366_aug_00045.jpg,135,260.4148148148148,2971.8287732570157,34661.0,0.0,2423.96375644207
1t-e8IdgHnIFilP_1UiKf1Kk7u3hiHLHO,arabian_jasmine_834_aug_00044.jpg,3,15759.833333333334,22285.648754049966,47276.5,0.0,1014.6345566511154
1cKTNGNDAoBoa6FkjrBrXNAW2Vc21WfS1,arabian_jasmine_908_aug_00043.jpg,20,2040.775,8893.00851438224,40804.5,0.0,1145.9970351457596
12oxHjh7ckcdnmJD-Lf9dx0ec0a_iM2HG,arabian_jasmine_825_aug_00042.jpg,4,11478.375,19879.974004557323,45911.5,0.0,938.5756814479828
1_5soPVYTiy6hEAHegR06L_mRv-r27WBL,arabian_jasmine_899.jpg,34,1419.7794117647059,8149.136326658088,48233.0,0.0,1386.3645660877228
1RO7UaRx3zElzXVmr2KJxF1nYgJPAdJpU,arabian_jasmine_727_aug_00041.jpg,5,9253.1,18504.450017225587,46262.0,0.0,1012.4924212694168
14A6LGm0a4QJIccVd4lUkmzV5AdkZPUwl,arabian_jasmine_782_aug_00040.jpg,4,10031.375,17371.964505975568,40120.5,0.0,1070.9675978422165
1gaEAXQ6Et3pkMMhRJsbB32yXNDhxHywj,arabian_jasmine_644_aug_00039.jpg,36,1335.0416666666667,7892.550961873094,48028.0,0.0,1494.531086564064
1y54MatfOoryAxQ4-A5BLHYL0Xb6ACkCD,arabian_jasmine_908.jpg,33,1462.3636363636363,8264.865766635045,48215.5,0.0,1391.4356334209442
1o96fPSNFVi0BGD_3iZS8Q7_hVidZesDT,arabian_jasmine_489_aug_00038.jpg,56,648.4732142857143,4749.228295790013,35869.5,0.0,2366.3931251764297
12N5SLzBPtLKCJE9zn9DqoVaauZ5aKRRj,arabian_jasmine_937_aug_00037.jpg,26,1770.2692307692307,8848.046299162894,46010.5,0.0,1198.8670921325684
1eOEvC2Lck2PoPKuX90_VyGcnMDSnqu-q,arabian_jasmine_512_aug_00036.jpg,18,2447.6666666666665,10090.290519988896,44051.0,0.0,1267.518893957138
1NcZShYr6q-zDl7BhgRyfD0Cb8ikU4Qj7,arabian_jasmine_807_aug_00035.jpg,4,11345.5,19650.693763198287,45381.5,0.0,1138.0386657714844
1M2vlRdlrFi21IVrjuPui5jhVtx11N0im,arabian_jasmine_912_aug_00034.jpg,92,480.8152173913044,4567.29459196234,44050.0,0.0,2890.105890274048
1JZxzkX2GBave_XYSCTRtDYPaWaCaqB7t,arabian_jasmine_572_aug_00033.jpg,23,1769.9130434782608,8300.029069687404,40700.5,0.0,1592.964632987976
1StbC2lxbpkoNbY3QFDC6AwW-XJl2q8CC,arabian_jasmine_451_aug_00032.jpg,76,535.1052631578947,4625.257778958315,40591.0,0.0,1772.2438509464264
1HS8waQpxzWtFZLAjd4x8QgE21wweartq,arabian_jasmine_948_aug_00031.jpg,26,1555.25,7773.050340822549,40420.5,0.0,1233.0508575439453
1LG9vBiBi7O2Ibh6UQFGtPiLaDm9X3K6n,arabian_jasmine_852_aug_00030.jpg,59,685.7203389830509,5194.926863868466,40249.0,0.0,2804.9658427238464
1uvYXseguyO1d04pRjVOkE1nWpV0kVAX9,arabian_jasmine_400_aug_00029.jpg,71,602.0915492957746,5007.38048545602,42496.5,0.0,2110.1677306890488
17JXej9cy3KeJu5YetJ2CG8a7e_BRPRuG,arabian_jasmine_400_aug_00028.jpg,138,277.17028985507244,3211.898483975433,37871.0,0.0,2455.6033650636673
1MfRG3pQnWDYdg1Sy778nvsI05jmjcrmJ,arabian_jasmine_925_aug_00027.jpg,35,1375.4142857142858,8012.857977281366,48098.0,0.0,1470.4478260278702
1mn7iAoGF9etHTpnD5LNkuqSPv5QB3Xa0,arabian_jasmine_240_aug_00026.jpg,112,371.45535714285717,3893.228448533595,41389.0,0.0,2057.983965277672
1FjwP8KPHdBD6wJ4Qt--2EaFVAFMwS8oK,arabian_jasmine_877_aug_00025.jpg,2,23397.25,23397.25,46794.5,0.0,878.0660153627396
1igzBFQ7O66gPbko_yr6vquU1LnLir3wx,arabian_jasmine_295_aug_00024.jpg,171,227.92397660818713,2915.2273671889775,38236.5,0.0,2683.443983435631
1toe5vO_N6nwtFdnWy_wIBmRR8E0JnVf4,arabian_jasmine_295_aug_00023.jpg,113,362.82300884955754,3800.547195651338,40583.0,0.0,2514.44903588295
19S3XApsOA70QDXHFNiILJfTpvby3G5jm,arabian_jasmine_992_aug_00022.jpg,35,1345.4285714285713,7824.401955369091,46969.0,0.0,1439.5188941955566
1mcWhIhQBlxjn7wovn5sXiKaMh_WwA5cT,arabian_jasmine_549_aug_00021.jpg,30,1547.0666666666666,8323.875172992177,46372.5,0.0,1610.052945613861
1ANhEXVuH9si6akv5mrHJM7sKeTH38DvM,arabian_jasmine_226_aug_00020.jpg,112,318.90625,3284.567269777418,34921.0,0.0,2460.206396341324
1GFzTLse_sVB8y-x6UVpELkYCvU20G1Jj,arabian_jasmine_549_aug_00019.jpg,177,227.48022598870057,2972.7975127594673,39665.5,0.0,3717.281639099121
15fYudSql7PyQ2i0NDLejFFs_WfdcVD2g,arabian_jasmine_644_aug_00018.jpg,9,4548.833333333333,12851.550838106834,40898.5,0.0,1081.7127647399902
1tb1ax9-SUiIgLaUbdtRBp59yuIPie8vp,arabian_jasmine_712_aug_00017.jpg,17,2662.235294117647,10647.816201287538,45253.5,0.0,1736.0184557437897
1D2Rqx1yBCOFxXmqHV29dhcfIJoMFhpHI,arabian_jasmine_341_aug_00016.jpg,151,233.99006622516555,2789.777853477876,34396.5,0.0,2654.573926925659
1XbUCEmS_BOSuzKdj-9Bwp2_csFzKXEjj,arabian_jasmine_101_aug_00015.jpg,208,174.11057692307693,2446.7714642666706,35375.0,0.0,3081.208484172821
1a02pPom8-M9qEQdOmiepJy1wUsG0uQp8,arabian_jasmine_877_aug_00014.jpg,24,1958.9166666666667,9386.815786945835,46976.5,0.0,1272.1808007955551
1IwUFzq31EJYuYqrAlm_SrYs2Uv4BeHry,arabian_jasmine_668_aug_00013.jpg,12,3790.4166666666665,12570.183850474194,45481.0,0.0,1111.75439453125
1uKSNWs4a04AxVmY-Z9l9zqP7rhpRcOL7,arabian_jasmine_10_aug_00012.jpg,199,198.22361809045225,2677.6546042935497,37869.5,0.0,3527.7252898216248
17QWdo556UppLP4JMl-hyD_bmO1Mr4jEY,arabian_jasmine_912_aug_00011.jpg,11,3946.181818181818,12471.333887018165,43384.0,0.0,1079.7300095558167
1LDjxhyLYsIf6IuVdC0uqlwlRFw6iV-jR,arabian_jasmine_937_aug_00010.jpg,1,46258.5,0.0,46258.5,46258.5,888.8355672359467
1Ux3JnE1xpLYYjENM1kpgDUA0xuC1LoV-,arabian_jasmine_439_aug_00009.jpg,140,262.49285714285713,3049.967755090509,36219.5,0.0,3275.1638879776
1hHzoaDv8iKejm06gcNKtnKrv9CiLHo0K,arabian_jasmine_727_aug_00008.jpg,7,7033.857142857143,17228.95267879517,49236.0,0.0,992.166520357132
1ng56O1_cr3KYJbcV4L57BfBWeuAautax,arabian_jasmine_434_aug_00007.jpg,107,338.196261682243,3467.9263914922494,36042.5,0.0,2375.1353282928467
1luXarhi1MYDE9a2OhfAaq1-bUArjR9Jp,arabian_jasmine_489_aug_00006.jpg,83,426.0,3851.2447471446994,35300.5,0.0,1908.6357672214508
12q3pLaqcuVqzZMYUrqFF2ilqXA_ScHNl,arabian_jasmine_891_aug_00005.jpg,15,3104.0,11612.501005382088,46554.0,0.0,1204.6660816669464
1u0mg3Xhvbbnnsz7s7PpJxpIAatLvmXV_,arabian_jasmine_635_aug_00004.jpg,7,6366.571428571428,15593.830814113115,44563.5,0.0,1257.7787796258926
1_xqO1fAdFOjocIvHO-p6N1rl06eQrYCF,arabian_jasmine_337_aug_00003.jpg,153,274.1503267973856,3351.4304316494727,41593.0,0.0,2924.6155569553375
1wiftG5oEvZ_dXBX1_fkqOfhIXm3uWuQd,arabian_jasmine_891_aug_00002.jpg,7,6360.214285714285,15570.707027843624,44500.5,0.0,1009.3452336788177
1IfpQfzGG2Udnmf6q9a_S3Ul69uKoOAPc,arabian_jasmine_461_aug_00001.jpg,119,347.28991596638656,3759.9784889514067,41191.0,0.0,2214.9860532283783
1KMHvCEj3Vcl-zfMuIOvC_M8ySptDIDij,arabian_jasmine_891_aug_00000.jpg,1,46274.5,0.0,46274.5,46274.5,859.722869515419
1UtEIzQfCMm7PDEhZQmfamY6gQSY7iCOj,arabian_jasmine_891.jpg,30,1612.35,8674.9718656124,48328.5,0.0,1387.7371495962143
1fA1M57r6JzKsh8dFtL3PwWpz3hDTJ-HS,arabian_jasmine_885.jpg,27,1794.4444444444443,9139.907095254117,48399.0,0.0,1352.6660814285278
1QpZa2DLO78idoKbfqXXFJX3mGAimdDvr,arabian_jasmine_877.jpg,31,1563.016129032258,8553.14180483469,48410.5,0.0,1335.4528785943985
1yPldNGTt2uynrbENiM6a2IcAMSxXVI3U,arabian_jasmine_863.jpg,30,1617.9333333333334,8705.224792936455,48497.0,0.0,1277.068102478981
1cbTBYjWMrfIFCimFpVinf3YmNBXiXfLd,arabian_jasmine_852.jpg,33,1470.2878787878788,8311.370933145623,48486.5,0.0,1330.4823158979416
1wIcgZ14E5bfri_ZDS6JLoeJ5kqV9qJCj,arabian_jasmine_843.jpg,29,1678.5,8877.251772619878,48652.5,0.0,1275.8549000024796
1mni2xQWC5ZgJxDGliQJ56TBpWISR6X7w,arabian_jasmine_834.jpg,27,1806.037037037037,9204.311475573228,48739.0,0.0,1255.2691136598587
1JOwzg6La2eLIp06hiruM8ppKV5kuaAYe,arabian_jasmine_825.jpg,20,2437.425,10620.474687219728,48731.0,0.0,1324.7665870189667
1VetTQc9hKwl8U6DSfRKeYp4hu5Kiqc1z,arabian_jasmine_812.jpg,20,2436.625,10615.61113628768,48709.0,0.0,1279.452878832817
1ZvFyKUdEgqifszrTrIYTq-WHYTMXpNxw,arabian_jasmine_807.jpg,22,2218.8636363636365,10160.47364252749,48780.0,0.0,1264.0975406169891
1xBdXH3usFlEzK0XYKmJoSPKEd10Ikhs0,arabian_jasmine_801.jpg,13,3758.0384615384614,13011.732252473503,48832.0,0.0,1244.6833270788193
1DyOJtEGtHb2xAgQjhQ5u8aRS45EV1XyI,arabian_jasmine_782.jpg,17,2873.823529411765,11493.544158430825,48848.0,0.0,1216.0975400209427
1R4uN7PGhG6ZVtB6D5WZn1jm_IbCZJAzh,arabian_jasmine_848.jpg,29,1675.5,8860.337991723916,48560.0,0.0,1315.5950140953064
1-KpnijUcAopOZglQlFv39c8duvTIw24d,arabian_jasmine_771.jpg,15,3255.133333333333,12176.78750939216,48816.5,0.0,1228.842707157135
15TJAjoP5ou9ElXZYN7QPO8EV3iCc9gp_,arabian_jasmine_752.jpg,22,2219.3636363636365,10167.565116117814,48813.0,0.0,1209.4701240062714
1MUSovFE2BFJ6cs_-8EVna4v5C6LMupFT,arabian_jasmine_744.jpg,19,2572.157894736842,10910.50261885867,48861.5,0.0,1182.3574260473251
1TYYESEtlPevEC5UDJrp06KAFKp6k_xUi,arabian_jasmine_727.jpg,17,2874.1470588235293,11494.713284509517,48853.0,0.0,1177.2274833917618
11YrwDdJIeRsuFagSJVS3aXG6TWg7D-xE,arabian_jasmine_712.jpg,15,3250.7,12160.734008548443,48752.0,0.0,1206.055910229683
1Ds0cnWzfe-4dBW9JvcsRLN3xEpkRPMAz,arabian_jasmine_705.jpg,21,2319.690476190476,10371.288015795144,48701.5,0.0,1218.1980459690094
1Ltly1ObM7__tJnjT3S4AjMP0tiq9esCF,arabian_jasmine_679.jpg,34,1423.3823529411766,8171.400023196781,48364.5,0.0,1339.6955196857452
1dEZRyy9xgMI7GpSlFi4mnXZ-ioCzU7FG,arabian_jasmine_689.jpg,36,1346.7777777777778,7964.010747527177,48462.5,0.0,1303.8965295553207
1RpKVKdzlk_CX11y-Df5RpxyCOrHOGcUg,arabian_jasmine_702.jpg,19,2562.1315789473683,10867.375342645995,48668.5,0.0,1249.9970351457596
1JFXwXVBuFcLncsMNUtzPIxLNKcIuK80H,arabian_jasmine_794.jpg,12,4072.9583333333335,13503.047539441997,48857.5,0.0,1209.2274836301804
1CM-s_FVoDWsk5Mf0N7Vgw_n-k8legXEc,arabian_jasmine_668.jpg,41,1176.7560975609756,7432.343657648618,48183.0,0.0,1439.7199041843414
11hzCWMSCeSq26-zLdRDp6oQ1dDv_icQB,arabian_jasmine_644.jpg,36,1335.0416666666667,7892.550961873094,48028.0,0.0,1494.531086564064
1_fzEq7j5PUzF0BjkiYsi8kB4a5cFzeBr,arabian_jasmine_652.jpg,49,979.7244897959183,6777.847436168187,47938.0,0.0,1555.6437842845917
1XYqnEwvza1WunbutVIw93oxpf6EiVHBf,arabian_jasmine_635.jpg,43,1117.0348837209303,7233.427484076119,47995.0,0.0,1474.0458053350449
190YRd2HpQMgH68-WIUjZS8dmih3G-zwo,arabian_jasmine_623.jpg,54,885.7962962962963,6443.9559706051205,47798.5,0.0,1573.2001334428787
1rZZmwHhx_BIqC4L4gQIooAJJzaFWgQiB,arabian_jasmine_611.jpg,46,1035.6739130434783,6940.804447031206,47596.0,0.0,1644.312831401825
1uOGzpUh9f1q0ZLM9UU-CAK-BPJmZHUDJ,arabian_jasmine_600.jpg,47,1007.4255319148937,6829.153927206194,47325.0,0.0,1814.5626111030579
1AZB_oN-QEYZ7u69KKHZO_p8Nd8nGZQMr,arabian_jasmine_582.jpg,59,796.0508474576271,6057.815884091405,46931.0,0.0,1896.1017154455185
1rfFtiAdy_nMyHOxyXFoNLfebavF35is1,arabian_jasmine_572.jpg,55,850.5818181818182,6243.670617486914,46732.0,0.0,1870.9890183210373
1k1CMdppKS3oqMzIoG69hY77RBa0_Ec-i,arabian_jasmine_558.jpg,66,705.2424242424242,5678.156524523436,46484.0,0.0,1960.2438502311707
1CRaXjYVHSc4lijhjfZCz625bRbWD9KhV,arabian_jasmine_555.jpg,69,670.9347826086956,5523.151082143369,46216.0,0.0,2100.653012037277
1S3EoEnyK_bih76ZdxE2Qt_HuQg9RptSO,arabian_jasmine_549.jpg,65,711.6615384615385,5685.417621564632,46195.0,0.0,2011.2976739406586
16AkQFQQ5SWDnEIrh8z6NWw34f55vwQWz,arabian_jasmine_534.jpg,85,534.5411764705882,4888.077484590781,45334.5,0.0,2358.1159961223602
1Y-fbEtRP0MrzjlZQS2oXa74QG1nTEFTP,arabian_jasmine_530.jpg,88,516.2045454545455,4801.275657097172,45299.5,0.0,2256.8611629009247
1QQ-DZP0bQ6HaorXtdssKBBOS1aF3ZBo_,Antigonon_leptopus_607_aug_00046.jpg,2,23329.5,23329.5,46659.0,0.0,892.3086559772491
150JNiJsKII77odqB12MmMlNIxUYh-LA3,Antigonon_leptopus_582_aug_00019.jpg,1,41304.5,0.0,41304.5,41304.5,901.2030979394913
19gKaz4L_tps1qN2gufMuhu4kj-X8C2F1,Antigonon_leptopus_71.jpg,1,49632.0,0.0,49632.0,49632.0,956.2253956794739
1oJyN4rsrY0crxBtEUwppRvvvVboM79RQ,Antigonon_leptopus_630.jpg,1,49463.5,0.0,49463.5,49463.5,1034.6934314966202
152TYCFVLVe83PuqrHSmUk2cZKGnBbwDX,Antigonon_leptopus_649.jpg,3,16474.5,23298.461333315554,49423.5,0.0,1056.4924210309982
14xyTBhnBtLELC5nUR0bYmEnRvkeQy61y,Antigonon_leptopus_607.jpg,1,49469.5,0.0,49469.5,49469.5,1035.03657746315
12yzU_Gli0VNZWB500GqOUj72e_5UQlIW,Antigonon_leptopus_600.jpg,5,9891.1,19782.2,49455.5,0.0,1036.693431854248
1YweWz73KMJigrNn7YDvyXJqw30YfwA2F,Antigonon_leptopus_344_aug_00060.jpg,2,23039.75,23018.25,46058.0,21.5,989.0609629154205
1p-rjppDeaUvazUrY6H9ipoqpG4MH9G6f,Antigonon_leptopus_101_aug_00059.jpg,1,49608.5,0.0,49608.5,49608.5,967.2964633703232
1AIy-DUWPXH5QtqrVb6p7L3E5M19nq1ol,Antigonon_leptopus_582_aug_00058.jpg,1,45644.5,0.0,45644.5,45644.5,988.8599523305893
1rw_XumXidUnLrzqIp7vmvq20rNqmYCws,Antigonon_leptopus_237_aug_00057.jpg,2,20636.25,20630.25,41266.5,6.0,918.0903998613358
1ErhmmYIouLDhp4b7rw081hem59bT8uLX,Antigonon_leptopus_553_aug_00056.jpg,1,40794.0,0.0,40794.0,40794.0,870.1909058094025
1wOLOBq0FaN5pxl4Oc2uA5TsFyKH2u4zT,Antigonon_leptopus_357_aug_00055.jpg,2,24247.0,24247.0,48494.0,0.0,965.1959582567215
1dJDlP6byZQx_ZargOmlc-27GhX2VLkHl,Antigonon_leptopus_190_aug_00054.jpg,1,42271.5,0.0,42271.5,42271.5,852.6934319734573
1tkHn7WoaoXKnaD39H2B2Y9Md6fhIxKQU,Antigonon_leptopus_423_aug_00053.jpg,1,45680.0,0.0,45680.0,45680.0,862.7695519924164
1vObeaFLS78cnUiDclw3x1V7hYlqSCVz3,Antigonon_leptopus_351_aug_00052.jpg,2,23641.75,23641.25,47283.0,0.5,1018.5756815671921
1xkYV41Lz6LJrxdMPdWwMBCperxFCR21j,Antigonon_leptopus_613_aug_00051.jpg,3,14569.333333333334,20603.088143663208,43706.5,0.0,949.8477598428726
1gqDr7RIfNjIe7kmTp3yyeL24CrRXRemj,Antigonon_leptopus_190_aug_00050.jpg,1,43858.5,0.0,43858.5,43858.5,911.2375880479813
1_LtcJ7_EJt7fdIkfgPz_gliAs33BzbPk,Antigonon_leptopus_101_aug_00049.jpg,2,24743.0,24741.0,49484.0,2.0,1036.107645392418
1TIJSo_O50nc3vjibmNp8dg0E7pAMxJvP,Antigonon_leptopus_630_aug_00048.jpg,1,49592.5,0.0,49592.5,49592.5,970.8111819028854
1pmAAYcISLCiQ6eCjfRqAihGBtPFMdqwJ,Antigonon_leptopus_344_aug_00047.jpg,3,15539.666666666666,21972.518382187227,46613.5,0.0,1003.9898952245712
1iKZWu7lVrjs4SLsOJkAwvRh4TAY9rwjJ,Antigonon_leptopus_582_aug_00045.jpg,1,45357.5,0.0,45357.5,45357.5,925.7472547292709
1dJeXh4ACNsXCpM51U5HClebRUO17rVI0,Antigonon_leptopus_488_aug_00044.jpg,1,42657.5,0.0,42657.5,42657.5,822.5512965917587
1anRf_fYb3ZzGvW-N3ig2ENd7MxOyvC-n,Antigonon_leptopus_488_aug_00043.jpg,4,12381.75,21445.531412452805,49526.5,0.0,995.8233745098114
1AR954mgCAk0DpnxnlE6wFypLpyf92k7b,Antigonon_leptopus_173_aug_00042.jpg,1,47154.0,0.0,47154.0,47154.0,907.5391039848328
1ojJM27c3Sfcb7T5AyYTbmEztohJnl2JS,Antigonon_leptopus_553_aug_00041.jpg,1,49199.5,0.0,49199.5,49199.5,900.0416301488876
1mkB2Id760PL-PD0Lh4mKqdhC0MqpnnEv,Antigonon_leptopus_237_aug_00040.jpg,2,20417.5,20417.5,40835.0,0.0,842.8771975040436
1_-XzbA08JcG-KL_o2ZlhVQqiKGoh2EWA,Antigonon_leptopus_594.jpg,2,24721.5,24721.5,49443.0,0.0,1048.2497804164886
1kLcagDU0Dg03nXu-zCGuHqh-QKH_qQS7,Antigonon_leptopus_214_aug_00039.jpg,1,40052.0,0.0,40052.0,40052.0,813.0782078504562
12xigTFn3vjkIsQ-ms1QCNILPWNyE0dfK,Antigonon_leptopus_190_aug_00038.jpg,2,19639.5,19637.5,39277.0,2.0,871.3036035299301
1UcdFQ1QTBmGyM55maCNLyR_Hr8NwO_SD,Antigonon_leptopus_166_aug_00037.jpg,2,20317.75,20317.75,40635.5,0.0,885.605119228363
17xqS9CiC7TKoONtowfp5_etl-TZcuZhn,Antigonon_leptopus_179_aug_00036.jpg,1,47445.0,0.0,47445.0,47445.0,872.9705624580383
1xhw3eJd4-Ngc7PW6MGYpR6WXGNpoIAoD,Antigonon_leptopus_594_aug_00035.jpg,1,40155.5,0.0,40155.5,40155.5,935.2030984163284
1fT_xvoA0Xo4hdseB6aDts2aR-g39LIuf,Antigonon_leptopus_600_aug_00034.jpg,1,46034.0,0.0,46034.0,46034.0,935.8233745098114
15wib0a9w9bJswQOSvTXEjs8QrOg2dgq0,Antigonon_leptopus_194_aug_00033.jpg,1,42609.5,0.0,42609.5,42609.5,927.095452785492
1GIQlLnSRwWDwrY4buA17qqehtBwOr3_b,Antigonon_leptopus_326_aug_00032.jpg,5,9577.5,19136.00124111618,47849.5,0.0,1190.0559095144272
14aINhFwPKzMwj9Ql0Jfyq3Lq5J3N6kr4,Antigonon_leptopus_460_aug_00031.jpg,5,9208.3,18416.6,46041.5,0.0,942.7766922712326
1_y-Ky4LydIFvq8URT8EQQlZJAxYY49KY,Antigonon_leptopus_500_aug_00030.jpg,3,15373.166666666666,21740.940796621988,46119.5,0.0,970.8355671167374
1oBpCUf5EcSv34WMLIguTWOrLvGQ00zWa,Antigonon_leptopus_71_aug_00029.jpg,1,48347.5,0.0,48347.5,48347.5,1008.0071401596069
1bkdPzu3dUiF3S11I3b8BoLBKRiQ9EPKt,Antigonon_leptopus_553_aug_00028.jpg,2,24386.5,24386.5,48773.0,0.0,955.4802287817001
1Nw_h8bumRavzIY18PQABiQf_xCRU-gbj,Antigonon_leptopus_71_aug_00027.jpg,1,47946.5,0.0,47946.5,47946.5,927.7817445993423
1HIfB40KN6Wknz2bekWazuWpzKEINp5qN,Antigonon_leptopus_344_aug_00026.jpg,3,16491.333333333332,23322.2672616155,49474.0,0.0,1013.9655095338821
1zS5nEoW6nwMsYswulHDNIkrzuvqI0doV,Antigonon_leptopus_613_aug_00025.jpg,1,49499.5,0.0,49499.5,49499.5,996.9533174037933
155PfqsTPJp0P-M0y_kRqwEba1xEfx_08,Antigonon_leptopus_630_aug_00024.jpg,1,47990.0,0.0,47990.0,47990.0,959.8233746290207
1VhuTqu8sk4hMZ377ZI2-luFk6qW4DmCq,Antigonon_leptopus_337_aug_00023.jpg,1,49586.0,0.0,49586.0,49586.0,959.740114569664
1WNVjV17n_pGqeNndxZiFjF8-PfJBDNlb,Antigonon_leptopus_194_aug_00022.jpg,1,47807.5,0.0,47807.5,47807.5,911.1787132024765
1ELfRvTCuHqu-bocXQYbidO9EW_lMjpdt,Antigonon_leptopus_344_aug_00021.jpg,1,47814.0,0.0,47814.0,47814.0,976.1076455116272
1iTeNKtnlsuHCaljD6ZXP7FB8QiNgyGJJ,Antigonon_leptopus_214_aug_00020.jpg,1,39759.0,0.0,39759.0,39759.0,885.4213535785675
1WmzUCP0kyZQEvYOtayNMfovDh2jUvjB7,Antigonon_leptopus_500_aug_00018.jpg,4,11942.75,20684.29508558365,47769.0,0.0,934.3086558580399
1nTXBuPPGTlZBz89YYev6KDRxdXbbwjeo,Antigonon_leptopus_591.jpg,1,49525.0,0.0,49525.0,49525.0,989.8233743906021
1k8e_tIlh2oDCz8wEaStZC24nwnOWyoxx,Antigonon_leptopus_594_aug_00017.jpg,2,20319.75,20319.75,40639.5,0.0,953.4873689413071
1SDW6YesYMF_sEnehZbd4CpINTgp7tkM7,Antigonon_leptopus_302_aug_00016.jpg,6,7277.0,16265.605901205567,43648.0,0.0,1051.303603053093
1WAmTtuMjGDoVHeNwHmUIF6K4dJIwJWt-,Antigonon_leptopus_411_aug_00015.jpg,4,11976.125,20735.752103477582,47891.5,0.0,1017.4629839658737
1bNrbdV40k4MyF-OCRhyvUEWSBYZOg562,Antigonon_leptopus_649_aug_00014.jpg,1,45233.5,0.0,45233.5,45233.5,879.9827550649643
1lODasoFE-qU5ZKSAV-40TB448NentuJ_,Antigonon_leptopus_302_aug_00013.jpg,1,47644.5,0.0,47644.5,47644.5,992.5512964725494
1zxr0nPSqqDVVgnfqFhqhIr-VL_m2WflQ,Antigonon_leptopus_173_aug_00012.jpg,5,9332.5,18665.0,46662.5,0.0,1069.5462440252304
18sJcK3sE2Mr8AX7MBtnxRAfy0rNsCEuL,Antigonon_leptopus_351_aug_00011.jpg,1,45024.0,0.0,45024.0,45024.0,860.9116872549057
1xi_8seVe5fVhA6Yr16EUo5l2FgG7x-gN,Antigonon_leptopus_500_aug_00010.jpg,1,45769.0,0.0,45769.0,45769.0,856.1421353816986
12xBsrzZ4S_PC3xUScwSbgAfF2dg6Ar05,Antigonon_leptopus_411_aug_00009.jpg,1,44523.5,0.0,44523.5,44523.5,954.8944422006607
1Vv2vRSqqWv-8_-iAdBkMQlhkgT72thqV,Antigonon_leptopus_15_aug_00008.jpg,1,49557.0,0.0,49557.0,49557.0,994.5096663236618
10V--Mrp-qMLVBb-zZgCpYhYtL9ZbaJjk,Antigonon_leptopus_326_aug_00007.jpg,2,22945.5,22945.5,45891.0,0.0,918.3086558580399
1G6E8ZkOeQW7GVFtLnsUTjGKLyC3F_a-1,Antigonon_leptopus_166_aug_00006.jpg,1,49622.0,0.0,49622.0,49622.0,948.2253956794739
1_dMue-l_e6dAYK2ovpfm5QDYjDvVldhc,Antigonon_leptopus_411_aug_00005.jpg,3,15506.166666666666,21929.03120041761,46518.5,0.0,925.095452785492
1eQmyKYQS8bg9SaxSmz7RQzRU0wwOZqeM,Antigonon_leptopus_326_aug_00004.jpg,1,41284.0,0.0,41284.0,41284.0,826.9949476718903
1SI2FVwlNRdTu27P1oR3Nei8HFf3ebkKk,Antigonon_leptopus_630_aug_00003.jpg,4,12236.0,21192.796335075745,48943.0,0.0,986.7939372062683
1hsCvrcwWHZSnzV2JDAR8FkkSKZoGd-Uu,Antigonon_leptopus_351_aug_00002.jpg,1,46736.0,0.0,46736.0,46736.0,880.5096664428711
1GdyvGxrRCF1Qk8o3eYWeYFqxoOMnXb9y,Antigonon_leptopus_488_aug_00001.jpg,1,49686.5,0.0,49686.5,49686.5,924.5269113779068
18GbfiL3ePEsKLmRc9IWn371wO3u8m2mE,Antigonon_leptopus_582_aug_00000.jpg,1,47111.5,0.0,47111.5,47111.5,891.6984843015671
1mRQe_xbvG171K5y6vaBm9bDdFxiBlgNu,Antigonon_leptopus_565.jpg,2,24777.75,24777.75,49555.5,0.0,978.8944422006607
1p4PJM_X14Nppn4gnAsTtWIImwjYG6ahq,Antigonon_leptopus_582.jpg,3,16510.666666666668,23349.60872382138,49532.0,0.0,990.5096663236618
1ZEblsPLeSub7N5lcMDBM67hjlWPEp21A,Antigonon_leptopus_553.jpg,2,24785.25,24785.25,49570.5,0.0,968.4680360555649
1PdimnDCyddCOY2e9nj3VV284vOel9HHx,Antigonon_leptopus_516.jpg,2,24733.25,24733.25,49466.5,0.0,1041.0365777015686
14zFDO0egTIUo7I1Yp6M9QHVosh2b7Z_k,Antigonon_leptopus_613.jpg,1,49442.5,0.0,49442.5,49442.5,1048.3502856492996
1L5vtIeROaUkbwtzvBtKbCZtNNS2eIhqj,Antigonon_leptopus_500.jpg,4,12371.75,21428.499578540257,49487.0,0.0,1018.7939369678497
1sfQmXuZn-CKs9MmdTGUiyhhJ1wVc6N6E,Antigonon_leptopus_488.jpg,4,12381.75,21445.531412452805,49526.5,0.0,995.8233745098114
1VDTQ76QnZTx_I9yxOy8szYts1kb1PKL7,Antigonon_leptopus_460.jpg,4,12383.75,21449.284188231086,49535.0,0.0,984.166520357132
11fJmnikPsPeOaSkgskvklY7U-B1-dnV8,Antigonon_leptopus_423.jpg,5,9905.8,19810.35002366187,49526.5,0.0,981.3380935192108
18lttXvBvESrakht0Tuv7u4C2jec-0zDI,Antigonon_leptopus_393.jpg,3,16501.0,23334.1702338009,49500.5,0.5,1011.4802287817001
1UhE8uVjuFHAJX4CYRYOqm4AmRhp9iukj,Antigonon_leptopus_411.jpg,2,24774.75,24774.75,49549.5,0.0,975.9238798618317
1812qaqdlAemEl29AJmiA4Zu_e7CWRP7v,Antigonon_leptopus_357.jpg,1,49567.5,0.0,49567.5,49567.5,978.124890089035
1evVOtCB8Q3wr1q6Too3hkaLU5yrJPOHc,Antigonon_leptopus_344.jpg,1,49568.0,0.0,49568.0,49568.0,977.1959580183029
1GImPur61OY3d79goXGRlFfad0MTBhPDw,Antigonon_leptopus_337.jpg,2,24766.0,24766.0,49532.0,0.0,1004.9949476718903
1zciOswoszd_r8JEINoZO5tveYF5ET1I6,Antigonon_leptopus_302.jpg,1,49648.5,0.0,49648.5,49648.5,953.2964632511139
1PbiOJFNpUZitL1_6q6R8-zMHTyBl7Giv,Antigonon_leptopus_326.jpg,2,24803.0,24803.0,49606.0,0.0,966.0243852138519
1tr4GNc6fUM8uahg8Q2WW7hp5c5UuwfKi,Antigonon_leptopus_433.jpg,3,16520.666666666668,23363.750859445114,49562.0,0.0,960.3675310611725
1_xTHvweC87JXrHZueAK5hz4-FWXNqgyj,Antigonon_leptopus_280.jpg,2,24839.25,24839.25,49678.5,0.0,913.982754945755
1XdX79w1_dzbnk0WRDsdrNikhakW4VQqH,Antigonon_leptopus_255.jpg,1,49683.0,0.0,49683.0,49683.0,919.2548331022263
1KiXN6OgeBZpwvgxMDYEnQAQ5glJovJx3,Antigonon_leptopus_237.jpg,1,49689.0,0.0,49689.0,49689.0,923.7401143312454
1USgnHUnDDzkCd9pPnlE9S_aB_iY6tqq2,Antigonon_leptopus_351.jpg,1,49539.5,0.0,49539.5,49539.5,993.9238798618317
1qtV_u2cpxU1ndd0A3tV2xf3iNi8FiEv9,Antigonon_leptopus_214.jpg,1,49669.0,0.0,49669.0,49669.0,930.911687374115
1Go6IVHcBCamAGJCwFx1Wo_PKM0y3h4zD,Antigonon_leptopus_194.jpg,1,49671.5,0.0,49671.5,49671.5,931.4974737167358
1LdAsPEpeIr4ipKXDWIncnIWUV1HjkQ1j,Antigonon_leptopus_190.jpg,1,49674.5,0.0,49674.5,49674.5,927.8406196832657
1P8VQn6tADde2ymTgakRKa5RWfxbLHmmC,Antigonon_leptopus_186.jpg,1,49671.5,0.0,49671.5,49671.5,925.1543278694153
1X6BgRnEi5tIdopl1H2Q2wDi9YfRwi0tW,Antigonon_leptopus_173.jpg,2,24805.75,24805.75,49611.5,0.0,965.6396092176437
1fe_Zu-RFvaM3_P7SDIqB3I8YtDF0e-iF,Antigonon_leptopus_15.jpg,1,49681.0,0.0,49681.0,49681.0,916.4264060258865
1yLRcRUt4b9nwJxaXsYMuPm6cZXKxk1xM,Antigonon_leptopus_166.jpg,1,49639.5,0.0,49639.5,49639.5,934.3259007930756
1ISLDc7mdbLd5PpLGb0iqownKY2n8RPzr,Antigonon_leptopus_126.jpg,1,49607.0,0.0,49607.0,49607.0,973.1959580183029
12z754lQvygbdZUGsm7hGV9djBWb6ARez,Antigonon_leptopus_101.jpg,1,49617.0,0.0,49617.0,49617.0,961.0538227558136
1yN7Yvn3BRtd6gOpRYwy4KY2AmmkRoZ2a,Antigonon_leptopus_179.jpg,1,49679.0,0.0,49679.0,49679.0,921.2548332214355
1NOx1fysPxM4ZsEJb1uXJcCtyEt8xalC9,Antigonon_leptopus_500_aug_00461.jpg,1,46365.5,0.0,46365.5,46365.5,874.2081507444382
1lzl_vaegySwKEZaImBGlWuTMV9r3HFFb,agrostistachys_indica_96.jpg,62,693.1854838709677,5405.374521680064,42910.5,0.0,3326.1617999076843
1fcx6u7QlvneFWRFoQHPbAWlRQ6wN451z,agrostistachys_indica_92.jpg,68,626.2794117647059,5118.744190101101,42525.0,0.0,3453.458263397217
1IY-Y1oUwuAz6L5zdmOGriN2HSJkZCxGD,agrostistachys_indica_87.jpg,74,579.5202702702703,4945.922822945689,42837.5,0.0,3371.759778738022
1dFOGW2hDmIwmIOHRJxB8Y0wHAds2YEIP,agrostistachys_indica_78.jpg,46,953.9239130434783,6393.4519839742825,43842.5,0.0,2920.7160608768463
1wV3C8MDLf7sryaKaDipyRn-StV20ecOL,agrostistachys_indica_73.jpg,55,794.6272727272727,5835.960203162163,43680.0,0.0,2931.8876346349716
1XBiAefC0XfgoFn_wx4ktp9lKc4uSRgiO,agrostistachys_indica_556.jpg,53,881.1320754716982,6343.18801992665,46622.5,0.0,2145.4986840486526
1aYX7OO57jxJLdpbf7q-_qduW2X68eq6y,agrostistachys_indica_243_aug_00048.jpg,69,631.8695652173913,5203.436367796901,43540.5,0.0,3134.0957852602005
1tVfiHyMJC-M6HRxe6XQKA7epSWNfl7sk,agrostistachys_indica_307_aug_00047.jpg,230,130.56304347826088,1821.6754022123478,27671.5,0.0,6614.546032071114
1Q4Pm7WQ5VIHWpXbrKulAC8zFpdnl7zjJ,agrostistachys_indica_543_aug_00046.jpg,7,6655.142857142857,16294.35643474295,46568.0,0.0,1311.75439453125
1oV5YzArAla1T0JfBx0IR0H_UVkA5yVsI,agrostistachys_indica_25_aug_00045.jpg,22,1886.8863636363637,8609.634513322611,41341.0,0.0,2766.157623767853
1In68GnbIBnbns8ponHNqCsueGDrUSwx1,agrostistachys_indica_153_aug_00044.jpg,15,2696.1,10077.0599171253,40401.0,0.0,2401.398178577423
1HuaKhhmO7ruY8VP8hazHcCV9cd-efbva,agrostistachys_indica_325_aug_00043.jpg,18,2550.8055555555557,10514.330375913534,45902.5,0.0,1314.2224304676056
1OzwmA-JchEEzr6Xx4e0B5Vh2e_JhUxOb,agrostistachys_indica_277_aug_00042.jpg,72,588.8263888888889,4949.613925853013,42295.0,0.0,2994.43179166317
1WteOTa9dFN9uJ0naaML4FzvKTBpALKwS,agrostistachys_indica_42_aug_00041.jpg,50,818.95,5727.507832600493,40911.5,0.0,2857.6521347761154
18R3BdwaQnLMnxHFMNVgQP-QGZkcg3Pg2,agrostistachys_indica_425_aug_00040.jpg,138,244.981884057971,2783.738009553204,32819.5,0.0,4525.86149585247
1HKmA16Z1K7WjNoD0V_sfdr_ey6S7SZ6K,agrostistachys_indica_243_aug_00039.jpg,34,1361.4264705882354,7812.183464770939,46239.0,0.0,2093.1139080524445
18kzZzlMPUHcD0JQpD4v0hbjuMfQh7sOi,agrostistachys_indica_421_aug_00038.jpg,142,246.10211267605635,2835.0633867387387,33908.0,0.0,5007.993525266647
1tgac98quZWSHgkDpZPu7Lp-rHZQu9tGp,agrostistachys_indica_485_aug_00037.jpg,19,2162.5526315789475,9173.519592160701,41082.5,0.0,1199.5361396074295
1_FK7FM1iNRJK70_j5CW_3mFQL6hnzWdP,agrostistachys_indica_335_aug_00036.jpg,37,1141.2432432432433,6841.210132423054,42188.5,0.0,2177.925090432167
1_zDlvXUNEN6_LRoiz_bYMnxtuSJuUVyB,agrostistachys_indica_543.jpg,48,970.875,6638.998563177657,46485.5,0.0,2154.5281213521957
1UMNZU5clZJcSf6jDVJBcj1TBZ1JRXAdE,agrostistachys_indica_429_aug_00035.jpg,215,149.77906976744185,2071.408787831632,30447.0,0.0,5439.096118211746
1U-tOSboeh4JnbBryA9PAtpABf0fPAdgw,agrostistachys_indica_172_aug_00034.jpg,48,914.4270833333334,6263.745352713621,43856.5,0.0,2475.2703236341476
1YMkTtL9fnHL1XedD212luRddi6yVzNqd,agrostistachys_indica_302_aug_00033.jpg,49,931.0102040816327,6445.032050940552,45583.5,0.0,2402.6185219287872
1dMKaiSSmJJGbd3Mw33uc7fZr0vLj2vdq,agrostistachys_indica_157_aug_00032.jpg,314,86.30573248407643,1348.4044601143644,23896.5,0.0,7570.699483036995
1tlWaZ73pzt3czQ5VfYHMij5eA8jnPkLo,agrostistachys_indica_340_aug_00031.jpg,12,3423.1666666666665,11347.48069384664,41058.5,0.0,1620.3128304481506
19TROoE1_lnYVGdnBYd0cOkpHEd9Y85P9,agrostistachys_indica_302_aug_00030.jpg,44,767.3636363636364,4913.02508339224,32982.0,0.0,3631.5415227413177
1MShabOA9inKYDB7M-WShu5B7MSLOQT5g,agrostistachys_indica_13_aug_00029.jpg,15,2479.6,9230.721091731315,37017.5,0.0,1822.2783410549164
1JfDbC907ROcMJOGwH-eIPqtCm_pxKCMY,agrostistachys_indica_142_aug_00028.jpg,237,116.28902953586498,1667.1037481117535,25716.5,0.0,6628.570418715477
1GGO8fj1E50Wdxc3MlSINmuma0YQ8Ms_S,agrostistachys_indica_266_aug_00027.jpg,27,1431.9444444444443,7297.884763730608,38644.0,0.0,1430.1290658712387
1EBOappte6W-284GhId6MeDaPKxlWWXrV,agrostistachys_indica_92_aug_00026.jpg,104,301.2307692307692,2981.614891331055,30558.0,0.0,4715.4422290325165
1yD5ZxXDqoOACd_i70lsBuOBz4N85LXdb,agrostistachys_indica_421_aug_00025.jpg,182,178.96978021978023,2317.506086723151,31353.0,0.0,5178.551961541176
1FcFLCdwgmSFhI2ZY-EoTFDLpE6-SVJx6,agrostistachys_indica_340_aug_00024.jpg,247,108.38663967611336,1352.1591652620145,20867.5,0.0,6154.6637815237045
1SNiK3kLefc_CYJ9UT6xAy8cjy392hXX7,agrostistachys_indica_73_aug_00023.jpg,48,886.7916666666666,6074.942857955995,42534.5,0.0,2734.8754423856735
1j1zjCLvUEWs_sD0Gdl3AlBeDeIOTwlZQ,agrostistachys_indica_157_aug_00022.jpg,52,813.5769230769231,5806.740908190417,42282.0,0.0,2714.306901693344
1HVoJPJk8xB91lJXErY3654O8ZiG_cAHQ,agrostistachys_indica_429_aug_00021.jpg,51,713.9901960784314,5043.794559042373,36379.0,0.0,2001.363688826561
192qvndHUPtdUseTuQqGmqffWLU1NwtrZ,agrostistachys_indica_210_aug_00020.jpg,33,1220.5151515151515,6899.857149910016,40252.0,0.0,1980.0428406000137
18a-ShYaufTgEtZS_Lr2Uh_G60t9mf2iV,agrostistachys_indica_543_aug_00019.jpg,70,573.2142857142857,4746.853991684108,40003.5,0.0,3010.865338087082
1cANS8dob1Kvu3PBdOfKhEJF3z99DiI22,agrostistachys_indica_54.jpg,54,813.7129629629629,5909.50207183771,43835.5,0.0,2875.887634396553
1ouco5wcwIN8P344r34pA4NFhsPplHWJP,agrostistachys_indica_485_aug_00018.jpg,95,400.1,3787.3705033272995,37116.5,0.0,3486.234955906868
1dQHmhTqPvu9Ve6eBM3leSwVjp1mBp3Tz,agrostistachys_indica_13_aug_00017.jpg,47,843.531914893617,5703.27492743578,39525.0,0.0,3489.634888291359
1Wbj_JKOmONlzhwDrGHRk-FqJT4acLaJO,agrostistachys_indica_316_aug_00016.jpg,18,2436.9166666666665,10040.63199130026,43835.5,0.0,1682.496596455574
1qTqdKNUg-E_bd6RbZCNsMhW3QFUQC41U,agrostistachys_indica_413_aug_00015.jpg,66,541.0454545454545,4357.087295714803,35669.0,0.0,2504.9343173503876
1zZYFU4n7UR5ceHfEwbnjzKBxStR7o0cp,agrostistachys_indica_42_aug_00014.jpg,21,2027.5,9027.827857980752,42401.0,0.0,2404.3931254148483
1nGrLfWHH_zCApfAj4bnYidvwz1jVI5bR,agrostistachys_indica_172_aug_00013.jpg,386,53.6619170984456,812.4376741821624,15773.0,0.0,6923.731883883476
1Q-Wm2UI-762jUm3mnsEtmmE-5IGtPTYv,agrostistachys_indica_429_aug_00012.jpg,5,7828.0,15654.500043118593,39137.0,0.0,885.3036032915115
1zo6gQ1ZybEqCjf7U4WqnECZOst1tqGvU,agrostistachys_indica_161_aug_00011.jpg,69,577.8478260869565,4760.629499770957,39835.0,0.0,2927.1668528318405
1S9sdEuOPSLwExXXbq0w3v4LNryOS8_pe,agrostistachys_indica_184_aug_00010.jpg,73,602.2123287671233,5103.813365445494,43909.5,0.0,2960.4561752080917
1dQtGc-C5KEyV_Sfw318dw7ByWkGZ0uDJ,agrostistachys_indica_405_aug_00009.jpg,31,1277.1935483870968,6992.921357179724,39579.0,0.0,1559.8519347906113
152zw8ETD2KyFaC-c3P9kAssPJRUUkaFW,agrostistachys_indica_282_aug_00008.jpg,65,591.8076923076923,4727.587992666277,38412.5,0.0,2896.0297696590424
1a4Hfx-nYwUi8Mcl4flO6dmRMVw-wGl1d,agrostistachys_indica_241_aug_00007.jpg,99,287.1363636363636,2195.5326610525276,21812.5,0.0,4779.12643134594
1qfA_wVJcOkkOEvbgSywwftn_ugAG1JUX,agrostistachys_indica_335_aug_00006.jpg,7,6527.642857142857,15981.638000964655,45674.5,0.0,1882.8986163139343
1lAgRRIK2o8r5deWb-uf2K23f56oEEztS,agrostistachys_indica_405_aug_00005.jpg,26,1521.3461538461538,7604.830837861235,39545.5,0.0,1576.9991228580475
1QuBgTPV9TY6nAp-cTwZU1UB4zTBPGc-M,agrostistachys_indica_474_aug_00004.jpg,37,1056.7702702702702,6339.371636943073,39093.0,0.0,1694.3788460493088
1B7MERVnlWhLAut5yHrdjTNA_Py1xLYxA,agrostistachys_indica_243_aug_00003.jpg,279,87.84229390681004,1371.4220657030594,22949.0,0.0,6864.175535798073
1BvgvouJDUKS9f2nJTjl3nELEzMDWXngz,agrostistachys_indica_1_aug_00002.jpg,24,1454.5625,6799.97470478215,34058.0,0.0,2911.6622393131256
19wKh7PgO_6OxZ-CvsK_K36VtWGpPePOl,agrostistachys_indica_335_aug_00001.jpg,31,1147.2903225806451,6105.901678115163,34587.0,0.0,3069.017575740814
1Ir5AjiYUAwh17w1jk9Pj5a4q_5lpk8OG,agrostistachys_indica_484_aug_00000.jpg,119,297.43277310924367,3197.3604028793366,35029.0,0.0,3500.9212465286255
1qrDJPTU_yo7eOcptiNmmhFbqh1Ss2gRO,agrostistachys_indica_527.jpg,40,1175.425,7334.122353381827,46977.0,0.0,1928.1605900526047
1vGCrba6sNfmS7nrvDv_jJeNyd4dGwJcS,agrostistachys_indica_521.jpg,38,1238.1052631578948,7521.813014718816,46991.5,0.0,1936.503736615181
1r3ewnV6ZcbWMaRoS3IeoILZm4f_6uXSQ,agrostistachys_indica_511.jpg,54,845.1666666666666,6148.510892439278,45607.0,0.0,2497.713974714279
15K5ku8N0dJZLa26aBzQewBlHH2xxuxTm,agrostistachys_indica_506.jpg,35,1347.9,7856.538991548014,47159.0,0.0,1808.72199177742
1DuKbAqthOLXoTal_S7mT2SWjhgtxxGXd,agrostistachys_indica_505.jpg,33,1426.8030303030303,8068.388641594367,47068.5,0.0,1910.6042411327362
1LBD9HKIEdJy5Krk9ed9PG_hcfYAor-x3,agrostistachys_indica_499.jpg,28,1682.1785714285713,8739.124232044778,47092.0,0.0,1891.8763191699982
1qq6BRuN8gPOd9r2wtK0bAgBDrecaYOH-,agrostistachys_indica_497.jpg,28,1682.2857142857142,8739.969637112765,47096.5,0.0,1864.9057576656342
1RTMktZl3AIKZ-Figg9tTQMsFlu7MGEEj,agrostistachys_indica_487.jpg,41,1138.4146341463415,7198.069008423699,46663.0,0.0,1976.1605899333954
1reAC5wmH3E9lqjKs21rfBYRj743um6da,agrostistachys_indica_484.jpg,40,1164.85,7272.164089182807,46579.5,0.0,2010.3859860897064
111Onyl_0iLbHmzJ_zTmuW6Vq_itAdsuA,agrostistachys_indica_485.jpg,39,1196.0128205128206,7370.12269884223,46628.5,0.0,1979.8590741157532
1Tj8584BW5VPaxYO0z38Hux1UlqbRPqQZ,agrostistachys_indica_48.jpg,46,966.7065217391304,6469.593787711942,44366.0,0.0,2671.9809995889664
1u_yFEJZzQKju5INx7d5TLY-eVbGd_Fey,agrostistachys_indica_480.jpg,38,1226.578947368421,7457.618416165829,46589.5,0.0,2000.0428403615952
1d68LCtCmSUo0S4QAQWuT5bBqaZujey9h,agrostistachys_indica_474.jpg,37,1267.2702702702702,7600.288386771196,46869.0,0.0,1828.964632153511
1-V2owKkbDeX9_9WPckrUOEtIfMg7iItY,agrostistachys_indica_458.jpg,37,1248.5135135135135,7485.164627887228,46159.5,0.0,2058.4448611736298
1CBXGU7pPHv4ciF4VUIrvdVLbx4dJc50k,agrostistachys_indica_454.jpg,49,933.969387755102,6460.121656787235,45691.0,0.0,2223.1382927894592
1BUgc2XncfXDAWzGSO3lqeTYnhOz9E9O-,agrostistachys_indica_451.jpg,48,945.34375,6469.9409693953885,45301.0,0.0,2420.3342510461807
1BRLuH-MuMNANm3T3-kHI11JnqzIKxbkj,agrostistachys_indica_446.jpg,37,1241.5405405405406,7431.505681509126,45830.5,0.0,2159.29767370224
14FC6zursgUFgOoN_f__HcxtbJXhOuKWf,agrostistachys_indica_442.jpg,36,1282.4166666666667,7582.48484309948,46141.0,0.0,1973.1900285482407
1OijZkSzANRmXtSlITAV9XBgb8vl2hEyA,agrostistachys_indica_429.jpg,41,1128.5365853658536,7133.934682455367,46247.5,0.0,2028.6458710432053
1gje1sy_A9YsoTTx59TkWY0_ehgUom2M1,agrostistachys_indica_425.jpg,38,1218.8026315789473,7408.755443232329,46284.5,0.0,2034.2022205591202
1_sIm69hmaQi2c3_fKTcU4ec7ddh_FMEE,agrostistachys_indica_421.jpg,35,1322.6142857142856,7706.269572873501,46257.5,0.0,2047.0306477546692
1OdM1ggokEm16lL94oYKQNo4AgPQrxgVW,agrostistachys_indica_42.jpg,47,939.2127659574468,6367.470852788698,44125.5,0.0,2824.6155561208725
1z1WXyhoHtFGAZWZg0V-VZj21by4ql9QT,agrostistachys_indica_413.jpg,34,1370.4411764705883,7866.5800409490175,46560.5,0.0,1990.9890177249908
15hT7YdXfABtjBIKDFHYL8K-zI84vC3vo,agrostistachys_indica_405.jpg,34,1367.1029411764705,7849.666062379578,46460.0,0.0,2019.574804186821
1ocudJFJFTEk8DOvFTQm81tMy8moJwCxG,agrostistachys_indica_377.jpg,27,1717.111111111111,8753.81803085282,46353.0,0.0,2137.90070438385
1GCc1XxhgOmizEiRGlpXX6sht7eCHlTTP,agrostistachys_indica_375.jpg,40,1157.9875,7230.1084167938825,46310.0,0.0,2136.829636454582
1CY-0PZhC_RlixcfP3NFzm8NjwtYG_pjF,agrostistachys_indica_365.jpg,31,1505.032258064516,8236.190586061444,46616.5,0.0,1942.9057568311691
134wuZte-vgvQo288Z_7T_a_Umc8ue76Q,agrostistachys_indica_357.jpg,36,1295.4722222222222,7652.456516396517,46568.0,0.0,1935.2489020824432
1tFGL4Jk4m5Wlmunt00QxRhzlSPm6YYq8,agrostistachys_indica_347.jpg,34,1370.3529411764705,7851.898076570041,46476.0,0.0,1979.1900280714035
1WSCupsDf6atLOCmCywSuYEMBalFFXWxa,agrostistachys_indica_340.jpg,39,1183.076923076923,7289.731721469996,46120.0,0.0,2234.126100063324
1mrgXTUzTLToIU1zvLJDyzxH1_RuDJBFN,agrostistachys_indica_338.jpg,41,1127.621951219512,7126.569072227215,46200.0,0.0,2133.9423348903656
1a-EftzpbYYtP0Y-AKKYmUHLaVSYoA5T6,agrostistachys_indica_335.jpg,43,1067.2906976744187,6914.056881516358,45875.5,0.0,2266.9372819662094
1h5lpVsUWF8q9Jra4h32zFf4TjpQuYmIa,agrostistachys_indica_316.jpg,41,1132.0365853658536,7157.177428041476,46398.0,0.0,2041.5159286260605
10ZLyZ35JhrQz7xlBSG6c93VtvYXzFP0Y,agrostistachys_indica_325.jpg,37,1243.918918918919,7459.513751736421,46001.0,0.0,2247.179922223091
1yU2mpoCZdfZmbUm6bRRBUjUNmOgRNFcm,agrostistachys_indica_312.jpg,46,1004.7065217391304,6735.900731040781,46190.5,0.0,2101.398178577423
1kUe1Yymcd8BZf7ao9UOJErMqyYjypzV9,agrostistachys_indica_307.jpg,50,922.26,6451.8916499271745,46085.5,0.0,2162.4692459106445
1DSV-OS0hTA74-Zxjlk2B1XR3rcJsaWtu,agrostistachys_indica_302.jpg,50,912.36,6381.377440678462,45582.0,0.0,2400.375881433487
1BDNyZRBtZwSa_FwKK2rdH1-Gq-uYQSPk,agrostistachys_indica_305.jpg,40,1154.3875,7204.023842172772,46143.5,0.0,2114.4276161193848
1b54-zxVgolJRxKoXcWVTe8y-tp2-zuaJ,agrostistachys_indica_291.jpg,42,1091.202380952381,6983.512641230946,45807.5,0.0,2327.221553206444
1s62B5_sccPEcdMxLhlUk5F80mjsHjK7K,agrostistachys_indica_282.jpg,46,989.5217391304348,6633.8144127320065,45490.5,0.0,2441.062172651291
1ayH1X-KdaDEHASMa03gPsagiOfD94Sgp,agrostistachys_indica_273.jpg,60,744.8916666666667,5715.112912337243,44643.5,0.0,2824.892686486244
14i8IRpFqak6ZYIc5TG88RxC58JyIDFFS,agrostistachys_indica_277.jpg,45,1012.5111111111111,6711.641112846718,45532.5,0.0,2403.8905987739563
1tjS7K6lIOm42xWmCG7HI-2x-rY-Sa9NS,agrostistachys_indica_266.jpg,61,741.4426229508197,5731.508004077657,45137.5,0.0,2500.174870491028
1qfNJd6dbi8gla_RjBjNP88LlKlyythWs,Agave_Angustifolia_Leaf_199_aug_00032.jpg,1,44932.0,0.0,44932.0,44932.0,836.2497808933258
1qFGSXmPOcRfIxf_tc2icgcq_RjslR7iL,Agave_Angustifolia_Leaf_357_aug_00031.jpg,1,49729.0,0.0,49729.0,49729.0,892.0
1yGC2E3Vcv-oH17OgzuhgLS63u2nxWH_N,Agave_Angustifolia_Leaf_711_aug_00029.jpg,1,45459.0,0.0,45459.0,45459.0,846.1076455116272
1Uol28lsKMABVSl1vx-yjW1iSk7RVRj8L,Agave_Angustifolia_Leaf_475_aug_00030.jpg,1,43266.0,0.0,43266.0,43266.0,838.6274166107178
1izQPLeB92MpAVBxMIEFBSn1wijEeZfuj,Agave_Angustifolia_Leaf_105_aug_00024.jpg,1,39387.5,0.0,39387.5,39387.5,790.811182141304
1Fc0jQn18fuOPiFkkcnI_yiBqutTzfqam,Agave_Angustifolia_Leaf_703_aug_00028.jpg,1,49258.5,0.0,49258.5,49258.5,892.3847759962082
1f0fEH7gEL7EKB9BWWFkPi9Tw8crLgPQH,Agave_Angustifolia_Leaf_59_aug_00023.jpg,1,46346.0,0.0,46346.0,46346.0,855.3380935192108
1BrZIhSe-V1sAgmDvbIwymfQT16Azewuj,Agave_Angustifolia_Leaf_479_aug_00025.jpg,1,45374.0,0.0,45374.0,45374.0,859.5634891986847
1ZgwiUCIgomQzkT0X7xOUVTk5u375xoZv,Agave_Angustifolia_Leaf_2_aug_00021.jpg,1,45144.5,0.0,45144.5,45144.5,857.1543279886246
1RR7yHotnpdKzVsJXcIit5adkh_Lfi1Nl,Agave_Angustifolia_Leaf_190_aug_00026.jpg,1,47593.5,0.0,47593.5,47593.5,879.2132030725479
1oHk-DWxDHvO-XmjYNFAL6DuIDl1G6pyF,Agave_Angustifolia_Leaf_714_aug_00027.jpg,1,47610.5,0.0,47610.5,47610.5,874.2426406145096
1wZwF5alSoRfCfKoqSMh6YNJtzJ8jAXzg,Agave_Angustifolia_Leaf_465_aug_00022.jpg,1,41829.0,0.0,41829.0,41829.0,843.5979790687561
1nVKFHc7ipks_DSWGIeCToTS2rcoDtXn5,Agave_Angustifolia_Leaf_545_aug_00015.jpg,1,47573.0,0.0,47573.0,47573.0,881.9411249160767
1i-FVEdlFVb3sloAV_3OvUsIcFbwsPoem,Agave_Angustifolia_Leaf_475_aug_00013.jpg,1,42849.5,0.0,42849.5,42849.5,863.9827550649643
1P7hKKbqltHuCnAPztpi_mP0UKkrlXagC,Agave_Angustifolia_Leaf_105_aug_00018.jpg,2,24635.75,24634.75,49270.5,1.0,902.8700572252274
1rC3-Rk5kTUUc5bfhi0qrF98CjdZ4MkmN,Agave_Angustifolia_Leaf_749_aug_00012.jpg,1,49714.0,0.0,49714.0,49714.0,906.4852812290192
1xvsBOXt4ju7NpnRx_HVo336X9IzEMNfx,Agave_Angustifolia_Leaf_718_aug_00011.jpg,1,44710.0,0.0,44710.0,44710.0,858.4264061450958
1nyeWk2Y87LXufrEBf-7E4yN2W1hp9iyf,Agave_Angustifolia_Leaf_140_aug_00014.jpg,1,47524.0,0.0,47524.0,47524.0,872.0
1pVQEYhfTGGgGPOWUpce7XeOUG_ZsQKxt,Agave_Angustifolia_Leaf_358_aug_00016.jpg,1,48564.0,0.0,48564.0,48564.0,925.5391039848328
1KXibgnQdtjnGTuSWFuNYA9s80nQs87GC,Agave_Angustifolia_Leaf_195_aug_00020.jpg,1,49729.0,0.0,49729.0,49729.0,892.0
17ibWi50haAaiEuzZLnCiCiRcueotpLLQ,Agave_Angustifolia_Leaf_115_aug_00017.jpg,1,47955.0,0.0,47955.0,47955.0,882.4264061450958
1HO1pDucwgw28vNIgJUViAbJayppyV6Uw,Agave_Angustifolia_Leaf_140_aug_00019.jpg,1,41428.5,0.0,41428.5,41428.5,814.9777027368546
1AQapt1fKQHzVY216sNnv3cFfArjZf26C,Agave_Angustifolia_Leaf_709_aug_00010.jpg,1,44279.5,0.0,44279.5,44279.5,850.8944424390793
1reo16At6hWljmhdCT2Ym_OHdlmOhglyT,Agave_Angustifolia_Leaf_204_aug_00005.jpg,1,49724.0,0.0,49724.0,49724.0,896.4852812290192
1h_Bvk5KEiW3Rvvkl_b_Ek7JelUvNmm-j,Agave_Angustifolia_Leaf_690_aug_00000.jpg,1,47838.5,0.0,47838.5,47838.5,878.4680362939835
1Tfda-e9X0VhtF18z96jC72b-Cq83PFGn,Agave_Angustifolia_Leaf_105_aug_00002.jpg,1,44966.5,0.0,44966.5,44966.5,842.8944424390793
1Cyg3i0vR5lH33pqPOaOhcptMkWBysebZ,Agave_Angustifolia_Leaf_718_aug_00003.jpg,1,43791.5,0.0,43791.5,43791.5,843.4974738359451
1McU17rw5vjvjYrU9QMhfNuy78hZQOFnv,Agave_Angustifolia_Leaf_902.jpg,2,24769.0,24768.0,49537.0,1.0,1000.083260178566
1IMG2kbH8dMsfTUeznmk--Dwle87dtIjC,Agave_Angustifolia_Leaf_907.jpg,1,49723.0,0.0,49723.0,49723.0,897.6568541526794
150ao4u3lJVFo3svJm-RPBBckRhhZUW3J,Agave_Angustifolia_Leaf_900.jpg,1,49553.0,0.0,49553.0,49553.0,991.2548331022263
1xD9mX0Ti2ddn5keYAouWQ_f1rJn0lYMt,Agave_Angustifolia_Leaf_899.jpg,1,49559.0,0.0,49559.0,49559.0,988.083260178566
1ECOohKCvaCzEqCyJp7epsYtnhhJV8rZn,Agave_Angustifolia_Leaf_896.jpg,1,49413.5,0.0,49413.5,49413.5,1062.4680362939835
1kI_kJV2q7vQ2zmS1ZMszQbXfn3V6nQAV,Agave_Angustifolia_Leaf_878.jpg,1,49726.0,0.0,49726.0,49726.0,894.4852812290192
14hOBHxSbZixgaCU932DDS8qvEKOSmSbx,Agave_Angustifolia_Leaf_86.jpg,1,49703.0,0.0,49703.0,49703.0,912.6274166107178
1k_MixAB_NFAjWrZwl1olynWSsMMZyK2U,Agave_Angustifolia_Leaf_834.jpg,1,49724.0,0.0,49724.0,49724.0,896.4852812290192
1WkkPCImDDXLo1OAAgfxfbWGj7A6ksHen,Agave_Angustifolia_Leaf_82.jpg,1,49698.0,0.0,49698.0,49698.0,910.9705624580383
1k3UtgZ_dIuCxbHYSmkybokbO4sq58Wj-,Agave_Angustifolia_Leaf_148_aug_00009.jpg,1,41036.0,0.0,41036.0,41036.0,808.5685415267944
1ssidaHLLW4Ms35l6ipLucaK3faLsRHe6,Agave_Angustifolia_Leaf_718_aug_00008.jpg,1,46845.0,0.0,46845.0,46845.0,860.0243852138519
1_mqVPM5GS6diH_MKalkKYfk9Wzg7UwXT,Agave_Angustifolia_Leaf_164_aug_00007.jpg,1,46820.5,0.0,46820.5,46820.5,863.1543279886246
13r7RHHf-_OKdiqTcPXTBWRMdih7uoFDG,Agave_Angustifolia_Leaf_199_aug_00006.jpg,1,40663.0,0.0,40663.0,40663.0,811.82337474823
1bIyKxxfa-mafQNSfL07GyZHmXXp7sshn,Agave_Angustifolia_Leaf_801.jpg,1,49718.0,0.0,49718.0,49718.0,901.3137083053589
1c2Y31G1udKgdaxjMFgzmdtXB6G25_Wln,Agave_Angustifolia_Leaf_224_aug_00004.jpg,1,43721.0,0.0,43721.0,43721.0,839.6568541526794
1LTjKPNPme8jvgQ2Rz3iCUBSYN8izwvZB,Agave_Angustifolia_Leaf_779.jpg,1,49719.5,0.0,49719.5,49719.5,901.0710676908493
1HUPj1eQrDs859bBOKnx-fc56USWxR7A_,Agave_Angustifolia_Leaf_76.jpg,1,49726.0,0.0,49726.0,49726.0,893.6568541526794
1Z6_STok04El3e16v77LyQfQnVmRMK0rX,Agave_Angustifolia_Leaf_153_aug_00001.jpg,1,40161.0,0.0,40161.0,40161.0,810.911687374115
1TStcUV7xtFcoShWMPZFF-8h_KWVQRc75,Agave_Angustifolia_Leaf_749.jpg,2,24817.25,24816.75,49634.0,0.5,957.3553384542465
1Jzvl-RMizLNPOuyS_hnoL7rkUcq8YWnc,Agave_Angustifolia_Leaf_748.jpg,1,49615.5,0.0,49615.5,49615.5,977.4974738359451
1wx0U-_FDL26h4IVYrJ7W8riSALQqwEkS,Agave_Angustifolia_Leaf_744.jpg,1,49614.5,0.0,49614.5,49614.5,980.6690466403961
1lxPlFPomXWve-hRNc7rQY0k-F-a6Ijch,Agave_Angustifolia_Leaf_742.jpg,1,49526.0,0.0,49526.0,49526.0,1055.5391039848328
1BnSFvjy-oUYiEeAlyzwb7m595IPwjJxm,Agave_Angustifolia_Leaf_741.jpg,1,49553.5,0.0,49553.5,49553.5,1026.4680361747742
1uWNdf6djnyPQXNgGS6e5Bt371jBsd6sk,Agave_Angustifolia_Leaf_738.jpg,1,49683.0,0.0,49683.0,49683.0,927.798989534378
1pQTDBrHZoRCVTGWjmclhGzLFglYU_2RW,Agave_Angustifolia_Leaf_737.jpg,1,49677.0,0.0,49677.0,49677.0,933.798989534378
1GhqeQGLrPd_BHWJ9wFcKH-IZQYB9mc4K,Agave_Angustifolia_Leaf_733.jpg,1,49676.5,0.0,49676.5,49676.5,939.5563489198685
1mFH8XQolboHxZJL9m2DO-ptS9EY5tgvS,Agave_Angustifolia_Leaf_732.jpg,1,49648.0,0.0,49648.0,49648.0,964.6274166107178
1UschmitWPNGw7bbY7b8c7hIyTLsVfCh0,Agave_Angustifolia_Leaf_731.jpg,1,49725.0,0.0,49725.0,49725.0,895.6568541526794
1HdKn3jTnuRZW0QTShm1Nkw2PZse_9n8s,Agave_Angustifolia_Leaf_730.jpg,1,49723.0,0.0,49723.0,49723.0,895.6568541526794
1yiUSF5qume1DSk9rjH33tonXoZky1M_5,Agave_Angustifolia_Leaf_728.jpg,1,49722.0,0.0,49722.0,49722.0,898.1421353816986
1HHew9QAhfBO2p8v29rdAbFWdb8GdiE5h,Agave_Angustifolia_Leaf_727.jpg,1,49720.0,0.0,49720.0,49720.0,898.9705624580383
10I0J9HQrPIB_IBhwcaQIe25UieX3kf9w,Agave_Angustifolia_Leaf_725.jpg,1,49720.5,0.0,49720.5,49720.5,897.5563489198685
1BccyG7dQjHQdhdKMvxc3dMv7HSttSEEf,Agave_Angustifolia_Leaf_726.jpg,1,49722.5,0.0,49722.5,49722.5,895.899494767189
1ZN1V89GF5iNTEfc1GvG0lNzfaNqxhQ-D,Agave_Angustifolia_Leaf_724.jpg,1,49723.0,0.0,49723.0,49723.0,896.9705624580383
1UegtK9_bfJ2-PEUX2EL9zEJmWNI5uBRN,Agave_Angustifolia_Leaf_723.jpg,1,49728.0,0.0,49728.0,49728.0,892.8284270763397
1jPU9t-MC62ssLxHc6iaY70pPoqv1tTDK,Agave_Angustifolia_Leaf_721.jpg,1,49718.5,0.0,49718.5,49718.5,900.3847759962082
13s48Po8df9H4VylhYHDUy35A3fLtAW7H,Agave_Angustifolia_Leaf_720.jpg,1,49717.0,0.0,49717.0,49717.0,901.798989534378
1UdkMU4H8rmqFW_fmnvyZJQsbHPCrsFfQ,Agave_Angustifolia_Leaf_718.jpg,1,49724.0,0.0,49724.0,49724.0,896.1421353816986
1hOTVatRtK53gT5URSdM2QTap3s-n1v_Q,Agave_Angustifolia_Leaf_719.jpg,1,49716.5,0.0,49716.5,49716.5,901.5563489198685
1kuA0Vtd-0m2kHYP2_xFgogg13v0q-p-u,Agave_Angustifolia_Leaf_717.jpg,1,49719.0,0.0,49719.0,49719.0,900.1421353816986
1rxC9byzbV4fKBN-TbFDgB99tFW305hLV,Agave_Angustifolia_Leaf_716.jpg,1,49724.0,0.0,49724.0,49724.0,896.4852812290192
1ZLIaHtcwYhAwc_lZbGShWIOREQ4V5f6U,Agave_Angustifolia_Leaf_714.jpg,1,49728.0,0.0,49728.0,49728.0,892.8284270763397
14OADe4r1ZbZrk9emwuiPaKLU0DzAkowp,Agave_Angustifolia_Leaf_713.jpg,1,49723.5,0.0,49723.5,49723.5,895.899494767189
13dcDcIql5N84Zi6nxwNUE1fw_uGHxJqB,Agave_Angustifolia_Leaf_710.jpg,1,49727.0,0.0,49727.0,49727.0,893.6568541526794
1IsDMJhUgW3A0gPLWj_9i_CbQFcqo9pHP,Agave_Angustifolia_Leaf_711.jpg,1,49728.0,0.0,49728.0,49728.0,892.8284270763397
1MFCFyKWl0oBj4LwF2WTVxMG43xApxZRg,Agave_Angustifolia_Leaf_71.jpg,1,49728.0,0.0,49728.0,49728.0,892.8284270763397
15M9GtlejSYz07Ub-P1K0nD8fzSSbEyAx,Agave_Angustifolia_Leaf_709.jpg,1,49725.0,0.0,49725.0,49725.0,895.3137083053589
1zz5WqOMikmEE6nFFbvnw9TgSoldx7UVS,Agave_Angustifolia_Leaf_704.jpg,1,49726.0,0.0,49726.0,49726.0,894.4852812290192
1wuKhvOrJ8h_Z7X0tJdLDvRJea5PQs2Ql,Agave_Angustifolia_Leaf_707.jpg,1,49724.0,0.0,49724.0,49724.0,895.3137083053589
1sbJcubqAit1JLOyuEdmTVEya0dLJOx8N,Agave_Angustifolia_Leaf_703.jpg,1,49706.0,0.0,49706.0,49706.0,905.798989534378
1qotNreuAI8F44eiocxubsf-IIMV4PYxs,Agave_Angustifolia_Leaf_7.jpg,1,49716.0,0.0,49716.0,49716.0,903.3137083053589
1x_id08P_RKBfsnMbKrJr4ai7oSIOCZpa,Agave_Angustifolia_Leaf_656.jpg,1,49728.0,0.0,49728.0,49728.0,892.8284270763397
1cY7a02cC_CtqDFg6JHj0z1lm4C22ndGO,Agave_Angustifolia_Leaf_690.jpg,1,49728.0,0.0,49728.0,49728.0,892.8284270763397
1mElJe2BEPVgQlU6lmWdUJAZQs1v4P8p9,Agave_Angustifolia_Leaf_64.jpg,1,49718.5,0.0,49718.5,49718.5,896.7279218435287
1J5YgisHVnLMScEYUvM9dgGjWjkuQYaVO,Agave_Angustifolia_Leaf_59.jpg,1,49727.0,0.0,49727.0,49727.0,893.6568541526794
1IW7Ct9H_D_sU2Hz6gFyEBiaSNX-x9hZO,Agave_Angustifolia_Leaf_612.jpg,1,49725.0,0.0,49725.0,49725.0,894.4852812290192
1kegxSywvE0TAbprkfqPW9Nczh-E1sQeI,Agave_Angustifolia_Leaf_57.jpg,1,49728.0,0.0,49728.0,49728.0,892.8284270763397
1TVPgh-SGcbHKVCwwCY_2r5fsZaSclSuO,Agave_Angustifolia_Leaf_545.jpg,1,49727.0,0.0,49727.0,49727.0,893.6568541526794
1JhwGb0G0Sf7ZH6SquBEcygPkmO-TdnWr,Agave_Angustifolia_Leaf_512.jpg,1,49725.0,0.0,49725.0,49725.0,894.4852812290192
17lKU3iXpyD_GK2BDkqbtMeib0OVo2tc0,Agave_Angustifolia_Leaf_51.jpg,1,49704.5,0.0,49704.5,49704.5,908.3847759962082
13O7ttWV1t42Lu7rHqhciFV2YmnNvdENm,Agave_Angustifolia_Leaf_479.jpg,1,49717.5,0.0,49717.5,49717.5,901.5563489198685
1DijUFJks7jbMm12zs07cqX_iIX8U-JEz,Agave_Angustifolia_Leaf_5.jpg,1,49726.0,0.0,49726.0,49726.0,894.8284270763397
1VvPzMGM3AerVy7SUkpYl8jv3bcNrOKxl,Agave_Angustifolia_Leaf_477.jpg,1,49707.5,0.0,49707.5,49707.5,906.8700572252274
1TR7OXvPMNKHfi5oz_WK4W4DTIJR718jh,Agave_Angustifolia_Leaf_475.jpg,1,49711.5,0.0,49711.5,49711.5,906.8700572252274
1prR1Lw3E7hNZysToNS4ZAz90gjr6aabt,Agave_Angustifolia_Leaf_474.jpg,1,49715.5,0.0,49715.5,49715.5,901.2132030725479
17G2y6cfIGfwLbvmrdowZRx-OZNQlOgO_,Agave_Angustifolia_Leaf_472.jpg,1,49715.5,0.0,49715.5,49715.5,902.8700572252274
1xZeJuPbetplQFgrUt8Ftywf3NMFG4G33,Agave_Angustifolia_Leaf_47.jpg,1,49728.0,0.0,49728.0,49728.0,892.8284270763397
1PbRDNADhM7fRtCkWQMVTeb6SQp3tX7qR,Agave_Angustifolia_Leaf_469.jpg,1,49718.0,0.0,49718.0,49718.0,900.6274166107178
1SHkdSarPX0kjZT7GoK4aqpIW6Nc12NaG,Agave_Angustifolia_Leaf_465.jpg,1,49725.0,0.0,49725.0,49725.0,895.3137083053589
1YHshQHMAK1rVyfub4EedtjzTZi_PU4Vs,Agave_Angustifolia_Leaf_463.jpg,1,49717.5,0.0,49717.5,49717.5,900.7279218435287
1WBDcSjtPs8PRiYELdxekxA3M0Lf51hCs,Agave_Angustifolia_Leaf_458.jpg,1,49715.5,0.0,49715.5,49715.5,901.5563489198685
11nRaSwr3LJh1hA7Uv7lE_9ywUaszxrr3,Agave_Angustifolia_Leaf_457.jpg,1,49712.5,0.0,49712.5,49712.5,904.7279218435287
1gpmVAxErNxF3ufVjEyFR4jnpEJeFOiv4,Agave_Angustifolia_Leaf_44.jpg,1,49728.0,0.0,49728.0,49728.0,892.8284270763397
